match_id,date,team1,team2,winner,h2h_winrate,h2h_matches,team1_elo,team1_last5_wr,team1_avg_acs,team1_avg_rating,team1_avg_kast,team1_avg_adr,team1_avg_fk,team1_avg_fd,team2_elo,team2_last5_wr,team2_avg_acs,team2_avg_rating,team2_avg_kast,team2_avg_adr,team2_avg_fk,team2_avg_fd,elo_diff,last5_wr_diff,avg_acs_diff,avg_rating_diff,avg_kast_diff,avg_adr_diff,avg_fk_diff,avg_fd_diff
167348,2023-02-14 01:10:00,KOI,NRG,0,0.5,0,1500.0,0.5,,,,,,,1500.0,0.5,,,,,,,0.0,0.0,,,,,,
167349,2023-02-14 04:05:00,DetonatioN FocusMe,Giants Gaming,0,0.5,0,1500.0,0.5,,,,,,,1500.0,0.5,,,,,,,0.0,0.0,,,,,,
167351,2023-02-15 01:10:00,FunPlus Phoenix,Karmine Corp,0,0.5,0,1500.0,0.5,,,,,,,1500.0,0.5,,,,,,,0.0,0.0,,,,,,
167352,2023-02-15 04:45:00,BBL Esports,KIWOOM DRX,0,0.5,0,1500.0,0.5,,,,,,,1500.0,0.5,,,,,,,0.0,0.0,,,,,,
167353,2023-02-15 08:05:00,Cloud9,Paper Rex,1,0.5,0,1500.0,0.5,,,,,,,1500.0,0.5,,,,,,,0.0,0.0,,,,,,
167354,2023-02-16 01:00:00,Team Heretics,Evil Geniuses,0,0.5,0,1500.0,0.5,,,,,,,1500.0,0.5,,,,,,,0.0,0.0,,,,,,
167355,2023-02-16 03:35:00,MIBR,TALON,0,0.5,0,1500.0,0.5,,,,,,,1500.0,0.5,,,,,,,0.0,0.0,,,,,,
167350,2023-02-16 06:20:00,Gen.G,LOUD,0,0.5,0,1500.0,0.5,,,,,,,1500.0,0.5,,,,,,,0.0,0.0,,,,,,
167356,2023-02-18 01:05:00,NRG,Giants Gaming,1,0.5,0,1516.0,1.0,196.2,1.1,76.9,126.6,3.0,1.6,1516.0,1.0,217.8,1.27,84.2,148.8,2.2,1.5,0.0,0.0,-21.600000000000023,-0.16999999999999993,-7.299999999999997,-22.200000000000017,0.7999999999999998,0.10000000000000009
167357,2023-02-18 04:35:00,LOUD,Karmine Corp,1,0.5,0,1516.0,1.0,208.5,1.06,72.7,139.9,2.4,2.4,1516.0,1.0,211.33,1.09,74.47,131.87,2.73,1.2,0.0,0.0,-2.8300000000000125,-0.030000000000000027,-1.769999999999996,8.030000000000001,-0.33000000000000007,1.2
167358,2023-02-19 01:05:00,KIWOOM DRX,Cloud9,1,0.5,0,1516.0,1.0,220.27,1.18,81.47,142.73,2.27,1.73,1516.0,1.0,231.4,1.25,86.5,148.8,2.2,1.6,0.0,0.0,-11.129999999999995,-0.07000000000000006,-5.030000000000001,-6.070000000000022,0.06999999999999984,0.1299999999999999
167359,2023-02-19 04:00:00,Evil Geniuses,TALON,0,0.5,0,1516.0,1.0,221.5,1.13,80.1,140.4,2.3,1.9,1516.0,1.0,214.0,1.01,71.4,137.1,2.2,2.3,0.0,0.0,7.5,0.11999999999999988,8.699999999999989,3.3000000000000114,0.09999999999999964,-0.3999999999999999
167360,2023-02-20 01:05:00,NRG,LOUD,0,0.5,0,1532.0,1.0,206.0,1.115,79.11500000000001,133.1,2.635,1.7000000000000002,1532.0,1.0,207.1,1.06,73.6,138.75,2.5,2.1,0.0,0.0,-1.0999999999999943,0.05499999999999994,5.515000000000015,-5.650000000000006,0.1349999999999998,-0.3999999999999999
167361,2023-02-20 05:00:00,KIWOOM DRX,TALON,1,0.5,0,1532.0,1.0,214.7,1.125,77.13499999999999,140.43,2.17,1.53,1532.0,1.0,212.75,1.04,74.2,138.05,2.4000000000000004,2.2,0.0,0.0,1.9499999999999886,0.08499999999999996,2.934999999999988,2.3799999999999955,-0.23000000000000043,-0.6700000000000002
167362,2023-02-23 01:00:00,Team Liquid,Team Secret,0,0.5,0,1500.0,0.5,,,,,,,1500.0,0.5,,,,,,,0.0,0.0,,,,,,
167363,2023-02-23 03:30:00,Natus Vincere,KRÜ Esports,1,0.5,0,1500.0,0.5,,,,,,,1500.0,0.5,,,,,,,0.0,0.0,,,,,,
167364,2023-02-23 06:00:00,ZETA DIVISION,LEVIATÁN,0,0.5,0,1500.0,0.5,,,,,,,1500.0,0.5,,,,,,,0.0,0.0,,,,,,
167365,2023-02-24 01:05:00,Team Vitality,Global Esports,1,0.5,0,1500.0,0.5,,,,,,,1500.0,0.5,,,,,,,0.0,0.0,,,,,,
167366,2023-02-24 04:10:00,FUT Esports,Rex Regum Qeon,1,0.5,0,1500.0,0.5,,,,,,,1500.0,0.5,,,,,,,0.0,0.0,,,,,,
167367,2023-02-24 06:30:00,100 Thieves,EDward Gaming,1,0.5,0,1500.0,0.5,,,,,,,1500.0,0.5,,,,,,,0.0,0.0,,,,,,
167368,2023-02-25 01:05:00,Sentinels,FNATIC,0,0.5,0,1500.0,0.5,,,,,,,1500.0,0.5,,,,,,,0.0,0.0,,,,,,
167369,2023-02-25 03:50:00,T1,FURIA,0,0.5,0,1500.0,0.5,,,,,,,1500.0,0.5,,,,,,,0.0,0.0,,,,,,
167370,2023-02-26 01:00:00,Team Secret,Natus Vincere,0,0.5,0,1516.0,1.0,214.8,1.14,79.5,136.0,2.3,1.8,1516.0,1.0,226.1,1.28,83.5,151.3,2.2,1.9,0.0,0.0,-11.299999999999983,-0.14000000000000012,-4.0,-15.300000000000011,0.09999999999999964,-0.09999999999999987
167371,2023-02-26 03:30:00,LEVIATÁN,Team Vitality,1,0.5,0,1516.0,1.0,212.4,1.2,80.4,135.7,2.9,1.1,1516.0,1.0,217.2,1.16,77.73,139.2,1.87,2.0,0.0,0.0,-4.799999999999983,0.040000000000000036,2.6700000000000017,-3.5,1.0299999999999998,-0.8999999999999999
167372,2023-02-27 01:00:00,FUT Esports,100 Thieves,0,0.5,0,1516.0,1.0,214.4,1.12,78.3,139.3,2.3,1.7,1516.0,1.0,203.33,1.05,68.93,137.13,1.87,2.87,0.0,0.0,11.069999999999993,0.07000000000000006,9.36999999999999,2.170000000000016,0.4299999999999997,-1.1700000000000002
167373,2023-02-27 04:35:00,FNATIC,FURIA,1,0.5,0,1516.0,1.0,214.9,1.21,79.9,132.7,2.4,1.5,1516.0,1.0,223.6,1.22,78.0,143.0,2.6,1.4,0.0,0.0,-8.699999999999989,-0.010000000000000009,1.9000000000000057,-10.300000000000011,-0.20000000000000018,0.10000000000000009
167374,2023-02-28 01:00:00,Natus Vincere,LEVIATÁN,1,0.5,0,1532.0,1.0,234.39999999999998,1.29,82.95,155.55,2.45,1.5,1532.0,1.0,218.25,1.18,77.05000000000001,140.7,2.75,1.55,0.0,0.0,16.149999999999977,0.1100000000000001,5.8999999999999915,14.850000000000023,-0.2999999999999998,-0.050000000000000044
167375,2023-02-28 03:25:00,100 Thieves,FNATIC,0,0.5,0,1532.0,1.0,209.8,1.0750000000000002,73.465,139.5,2.17,2.435,1532.0,1.0,213.45,1.1749999999999998,77.2,136.39999999999998,2.5999999999999996,2.15,0.0,0.0,-3.6499999999999773,-0.09999999999999964,-3.7349999999999994,3.1000000000000227,-0.4299999999999997,0.28500000000000014
167391,2023-03-03 01:00:00,LOUD,KIWOOM DRX,1,0.5,0,1548.0,1.0,210.84333333333333,1.0766666666666669,74.13333333333333,140.74333333333334,2.466666666666667,2.3333333333333335,1548.0,1.0,213.79999999999998,1.1166666666666667,76.84666666666665,138.75333333333333,2.09,1.82,0.0,0.0,-2.9566666666666492,-0.039999999999999813,-2.713333333333324,1.990000000000009,0.3766666666666669,0.5133333333333334
167392,2023-03-04 01:00:00,Natus Vincere,FNATIC,0,0.5,0,1548.0,1.0,227.5333333333333,1.2666666666666666,82.5,147.9,2.3000000000000003,1.5666666666666667,1548.0,1.0,222.76666666666665,1.2233333333333334,80.53333333333335,143.06666666666663,2.5666666666666664,1.8333333333333333,0.0,0.0,4.7666666666666515,0.043333333333333224,1.9666666666666544,4.833333333333371,-0.26666666666666616,-0.2666666666666666
180279,2023-03-05 01:00:00,Team tarik,Team FRTTT,0,0.5,0,1500.0,0.5,,,,,,,1500.0,0.5,,,,,,,0.0,0.0,,,,,,
167393,2023-03-05 02:30:00,LOUD,FNATIC,0,0.5,0,1564.0,1.0,209.4425,1.0750000000000002,74.22,138.8975,2.41,2.19,1564.0,1.0,219.1075,1.2025,79.56750000000001,141.28249999999997,2.4074999999999998,1.975,0.0,0.0,-9.664999999999992,-0.12749999999999972,-5.347500000000011,-2.3849999999999625,0.002500000000000391,0.21499999999999986
184456,2023-03-25 17:00:00,ZETA DIVISION,KIWOOM DRX,0,0.5,0,1484.0,0.0,159.2,0.74,63.7,106.2,1.2,3.0,1532.0,0.75,209.2,1.0725,74.87499999999999,135.655,2.0075,1.925,-48.0,-0.75,-50.0,-0.3325,-11.174999999999983,-29.455,-0.8074999999999999,1.075
184457,2023-03-25 20:00:00,T1,Global Esports,1,0.5,0,1484.0,0.0,178.2,0.8,67.0,115.4,1.4,2.6,1484.0,0.0,180.73,0.84,67.13,114.87,2.0,1.87,0.0,0.0,-2.530000000000001,-0.039999999999999925,-0.12999999999999545,0.5300000000000011,-0.6000000000000001,0.73
184458,2023-03-26 17:00:00,Paper Rex,DetonatioN FocusMe,1,0.5,0,1484.0,0.0,176.2,0.78,68.9,123.1,1.6,2.2,1484.0,0.0,167.0,0.73,60.6,108.8,1.5,2.2,0.0,0.0,9.199999999999989,0.050000000000000044,8.300000000000004,14.299999999999997,0.10000000000000009,0.0
184459,2023-03-26 20:00:00,Team Secret,TALON,1,0.5,0,1500.0,0.5,187.2,0.9099999999999999,66.7,119.5,1.7,2.25,1516.0,0.6666666666666666,204.23333333333335,1.0,72.29,134.54333333333332,2.4000000000000004,2.11,-16.0,-0.16666666666666663,-17.03333333333336,-0.09000000000000008,-5.590000000000003,-15.043333333333322,-0.7000000000000004,0.14000000000000012
184460,2023-03-27 17:00:00,Rex Regum Qeon,Gen.G,0,0.5,0,1484.0,0.0,189.3,0.88,69.7,125.5,1.7,2.3,1484.0,0.0,200.7,1.0,73.3,125.1,2.4,2.4,0.0,0.0,-11.399999999999977,-0.12,-3.5999999999999943,0.4000000000000057,-0.7,-0.10000000000000009
173215,2023-03-28 00:30:00,KOI,Natus Vincere,1,0.5,0,1484.0,0.0,170.5,0.88,68.1,112.6,1.6,3.0,1532.0,0.75,213.76749999999998,1.1624999999999999,78.525,140.4425,2.325,1.6575,-48.0,-0.75,-43.267499999999984,-0.28249999999999986,-10.425000000000011,-27.8425,-0.7250000000000001,1.3425
173214,2023-03-28 03:30:00,FNATIC,Giants Gaming,1,0.5,0,1580.0,1.0,217.102,1.168,78.382,140.53799999999995,2.3579999999999997,2.028,1500.0,0.5,200.235,1.065,76.63499999999999,135.835,1.965,1.85,80.0,0.5,16.86699999999999,0.10299999999999998,1.747000000000014,4.702999999999946,0.39299999999999957,0.17799999999999994
173216,2023-03-29 00:00:00,Team Heretics,FUT Esports,0,0.5,0,1484.0,0.0,193.5,0.94,72.8,125.3,1.9,2.3,1500.0,0.5,209.4,1.03,73.485,135.385,2.15,2.085,-16.0,-0.5,-15.900000000000006,-0.09000000000000008,-0.6850000000000023,-10.084999999999994,-0.25,0.21499999999999986
173217,2023-03-29 02:30:00,Team Liquid,Team Vitality,0,0.5,0,1484.0,0.0,198.8,0.88,67.1,123.8,1.8,2.3,1500.0,0.5,206.2,1.01,72.36500000000001,134.25,1.935,2.3,-16.0,-0.5,-7.399999999999977,-0.13,-5.265000000000015,-10.450000000000003,-0.135,0.0
173218,2023-03-30 00:00:00,Natus Vincere,Giants Gaming,1,0.5,0,1513.8034754597227,0.6,208.554,1.1139999999999999,77.14000000000001,138.294,2.38,1.966,1487.6203782449006,0.3333333333333333,193.09,0.9833333333333333,72.99,130.35666666666668,1.8766666666666667,2.0,26.183097214822055,0.26666666666666666,15.463999999999999,0.1306666666666666,4.15000000000002,7.937333333333328,0.5033333333333332,-0.03400000000000003
173219,2023-03-30 04:30:00,Karmine Corp,BBL Esports,1,0.5,0,1500.0,0.5,203.715,1.025,72.33500000000001,129.985,2.265,1.9,1484.0,0.0,175.93,0.85,66.53,115.93,1.73,2.27,16.0,0.5,27.784999999999997,0.17499999999999993,5.805000000000007,14.055000000000007,0.5350000000000001,-0.3700000000000001
173220,2023-03-31 00:00:00,Team Liquid,FUT Esports,1,0.5,0,1468.736306793522,0.0,197.66500000000002,0.98,70.615,125.535,2.1,1.8499999999999999,1515.263693206478,0.6666666666666666,217.5666666666667,1.1133333333333333,75.69,140.19,2.2666666666666666,1.8566666666666667,-46.52738641295582,-0.6666666666666666,-19.90166666666667,-0.1333333333333333,-5.075000000000003,-14.655000000000001,-0.16666666666666652,-0.006666666666666821
173221,2023-03-31 03:15:00,KOI,Team Vitality,0,0.5,0,1502.1965245402773,0.5,190.4,1.01,70.6,126.7,2.4000000000000004,2.8,1515.263693206478,0.6666666666666666,196.64333333333332,0.9733333333333333,69.42,128.03333333333333,1.7566666666666666,2.3333333333333335,-13.067168666200587,-0.16666666666666663,-6.243333333333311,0.036666666666666736,1.1799999999999926,-1.3333333333333286,0.6433333333333338,0.46666666666666634
173222,2023-04-01 00:00:00,FNATIC,BBL Esports,1,0.5,0,1592.3796217550994,1.0,216.70166666666668,1.17,78.985,140.04833333333332,2.348333333333333,1.9733333333333334,1468.736306793522,0.0,177.565,0.845,66.715,118.265,1.965,3.085,123.64331496157729,1.0,39.136666666666684,0.32499999999999996,12.269999999999996,21.783333333333317,0.3833333333333331,-1.1116666666666666
173223,2023-04-01 03:45:00,Team Heretics,Karmine Corp,1,0.5,0,1468.736306793522,0.0,183.15,0.835,66.7,120.35,1.65,2.4,1515.263693206478,0.6666666666666666,208.07666666666668,1.07,74.15666666666668,135.59,2.776666666666667,1.9666666666666668,-46.52738641295582,-0.6666666666666666,-24.926666666666677,-0.2350000000000001,-7.456666666666678,-15.240000000000009,-1.126666666666667,0.4333333333333331
184461,2023-04-01 17:00:00,ZETA DIVISION,Rex Regum Qeon,1,0.5,0,1470.1965245402773,0.0,165.6,0.75,66.55000000000001,108.7,1.5,2.4,1468.0,0.0,190.15,0.89,69.55000000000001,121.25,1.9,2.15,2.1965245402773235,0.0,-24.55000000000001,-0.14,-3.0,-12.549999999999997,-0.3999999999999999,0.25
184462,2023-04-01 20:30:00,TALON,T1,0,0.5,0,1499.263693206478,0.5,202.2425,0.9775,71.5675,132.94,2.2500000000000004,2.05,1500.0,0.5,191.6,0.9400000000000001,70.9,123.3,1.6,2.335,-0.7363067935220897,0.0,10.642500000000013,0.03749999999999998,0.6674999999999898,9.64,0.6500000000000004,-0.28500000000000014
183774,2023-04-02 03:00:00,Sentinels,100 Thieves,1,0.5,0,1484.0,0.0,160.7,0.76,65.6,108.5,1.5,2.4,1516.0,0.6666666666666666,195.66666666666666,0.9466666666666668,69.67666666666666,130.23333333333332,1.8466666666666667,2.4566666666666666,-32.0,-0.6666666666666666,-34.96666666666667,-0.18666666666666676,-4.076666666666668,-21.73333333333332,-0.3466666666666667,-0.05666666666666664
183775,2023-04-02 07:15:00,KRÜ Esports,FURIA,0,0.5,0,1484.0,0.0,153.6,0.73,63.0,103.7,1.9,2.2,1500.0,0.5,205.14999999999998,1.05,72.75,130.45,2.7,2.0999999999999996,-16.0,-0.5,-51.54999999999998,-0.32000000000000006,-9.75,-26.749999999999986,-0.8000000000000003,0.10000000000000053
184463,2023-04-02 17:00:00,Team Secret,Paper Rex,1,0.5,0,1516.736306793522,0.6666666666666666,197.64333333333332,0.98,69.71,126.91000000000001,1.7566666666666666,2.1,1500.0,0.5,193.14999999999998,0.88,68.45,130.95,1.7000000000000002,2.3,16.73630679352209,0.16666666666666663,4.493333333333339,0.09999999999999998,1.259999999999991,-4.039999999999978,0.05666666666666642,-0.19999999999999973
184465,2023-04-02 20:30:00,Gen.G,DetonatioN FocusMe,1,0.5,0,1500.0,0.5,212.25,1.08,74.4,135.8,2.2,2.25,1468.0,0.0,190.25,0.895,68.7,127.55000000000001,1.95,2.0,32.0,0.5,22.0,0.18500000000000005,5.700000000000003,8.25,0.2500000000000002,0.25
183776,2023-04-03 03:00:00,LOUD,MIBR,1,0.5,0,1548.0,0.8,206.186,1.052,73.43199999999999,136.71,2.3760000000000003,2.184,1484.0,0.0,208.2,1.02,70.9,135.0,2.3,2.2,64.0,0.8,-2.0139999999999816,0.03200000000000003,2.5319999999999823,1.710000000000008,0.07600000000000051,-0.016000000000000014
183777,2023-04-03 06:45:00,Evil Geniuses,Cloud9,0,0.5,0,1500.0,0.5,207.6,1.0499999999999998,75.65,133.25,2.2,2.25,1500.0,0.5,210.365,1.105,77.015,135.535,1.7650000000000001,1.835,0.0,0.0,-2.765000000000015,-0.05500000000000016,-1.3649999999999949,-2.2849999999999966,0.43500000000000005,0.41500000000000004
184466,2023-04-03 17:00:00,Global Esports,KIWOOM DRX,0,0.5,0,1468.0,0.0,183.565,0.875,70.66499999999999,117.67,2.035,1.835,1545.8034754597227,0.8,210.71999999999997,1.0939999999999999,75.11999999999998,134.644,1.966,1.9,-77.80347545972268,-0.8,-27.154999999999973,-0.21899999999999986,-4.454999999999984,-16.974000000000004,0.06900000000000017,-0.06499999999999995
183778,2023-04-04 03:00:00,LEVIATÁN,NRG,1,0.5,0,1516.0,0.6666666666666666,200.33333333333334,1.0266666666666666,72.53333333333335,130.6,2.433333333333333,1.7333333333333334,1516.0,0.6666666666666666,204.71,1.0533333333333335,76.56666666666668,133.0,2.69,1.9333333333333336,0.0,0.0,-4.376666666666665,-0.02666666666666684,-4.033333333333331,-2.4000000000000057,-0.2566666666666668,-0.20000000000000018
183944,2023-04-06 02:00:00,Team Vitality,FUT Esports,0,0.5,0,1530.6622114302995,0.75,199.65749999999997,0.995,71.165,130.0,2.0925,2.225,1497.133745263401,0.5,209.375,1.0574999999999999,73.435,135.575,2.15,1.96,33.528466166898625,0.25,-9.71750000000003,-0.06249999999999989,-2.269999999999996,-5.574999999999989,-0.05750000000000011,0.2650000000000001
183945,2023-04-07 00:00:00,Natus Vincere,BBL Esports,1,0.5,0,1528.5999767470867,0.6,207.47333333333333,1.095,76.59500000000001,137.345,2.4283333333333332,2.0833333333333335,1458.2015009869465,0.0,184.4433333333333,0.8766666666666666,68.63333333333334,122.53333333333335,2.066666666666667,2.7466666666666666,70.39847576014017,0.6,23.03000000000003,0.21833333333333338,7.961666666666673,14.811666666666653,0.36166666666666636,-0.6633333333333331
183946,2023-04-07 03:00:00,FNATIC,Team Heretics,1,0.5,0,1602.914427561675,1.0,215.5914285714286,1.1557142857142857,78.4342857142857,139.65142857142854,2.3085714285714287,2.0157142857142856,1486.866254736599,0.3333333333333333,194.9,0.9366666666666665,71.89999999999999,127.13333333333333,1.6666666666666667,2.1333333333333333,116.04817282507588,0.6666666666666667,20.691428571428588,0.21904761904761916,6.534285714285716,12.518095238095214,0.641904761904762,-0.11761904761904773
183947,2023-04-08 00:00:00,Team Liquid,Karmine Corp,1,0.5,0,1486.866254736599,0.3333333333333333,206.66666666666666,1.0366666666666666,73.7,131.46666666666667,2.1566666666666667,1.8333333333333333,1497.133745263401,0.5,197.9325,0.9975,71.1675,129.1425,2.4825,1.9000000000000001,-10.267490526801794,-0.16666666666666669,8.734166666666653,0.03916666666666657,2.532499999999999,2.324166666666656,-0.3258333333333332,-0.06666666666666687
183948,2023-04-08 02:30:00,KOI,Giants Gaming,0,0.5,0,1486.7980063164557,0.3333333333333333,193.0,0.9833333333333334,71.16666666666667,128.5666666666667,2.233333333333334,2.9,1472.8238769575366,0.25,194.33499999999998,0.9824999999999999,72.50999999999999,130.35000000000002,2.075,2.1675,13.974129358919072,0.08333333333333331,-1.3349999999999795,0.0008333333333334636,-1.3433333333333195,-1.7833333333333314,0.15833333333333366,0.7324999999999999
184467,2023-04-08 17:00:00,Rex Regum Qeon,DetonatioN FocusMe,1,0.5,0,1452.1011523456068,0.0,190.76666666666665,0.9133333333333334,69.96666666666668,121.56666666666666,1.843333333333333,2.2566666666666664,1453.4695015289756,0.0,197.27666666666667,0.9666666666666668,72.8,132.16666666666666,1.9233333333333331,2.0233333333333334,-1.368349183368764,0.0,-6.510000000000019,-0.053333333333333344,-2.8333333333333144,-10.599999999999994,-0.08000000000000007,0.23333333333333295
184468,2023-04-08 19:10:00,T1,Paper Rex,0,0.5,0,1515.9660918698307,0.6666666666666666,199.33333333333334,1.0133333333333334,73.23333333333333,126.76666666666665,1.7,2.2566666666666664,1484.7701398146428,0.3333333333333333,192.72333333333333,0.9133333333333334,68.16666666666667,130.12333333333333,1.8,2.4433333333333334,31.195952055187945,0.3333333333333333,6.610000000000014,0.09999999999999998,5.066666666666663,-3.3566666666666833,-0.10000000000000009,-0.18666666666666698
183779,2023-04-09 03:00:00,Cloud9,LOUD,0,0.5,0,1516.0,0.6666666666666666,212.84333333333333,1.09,76.51,138.15666666666667,2.0100000000000002,1.9233333333333331,1561.0855809179218,0.8,207.66666666666666,1.0633333333333335,74.18166666666666,136.84666666666666,2.391666666666667,2.1416666666666666,-45.08558091792179,-0.13333333333333341,5.1766666666666765,0.026666666666666616,2.3283333333333474,1.3100000000000023,-0.3816666666666668,-0.2183333333333335
183780,2023-04-09 06:35:00,LEVIATÁN,FURIA,0,0.5,0,1532.0,0.75,200.95,1.06,73.95,130.27499999999998,2.45,1.675,1515.263693206478,0.6666666666666666,207.86666666666665,1.0866666666666667,74.10000000000001,133.79999999999998,2.466666666666667,2.1333333333333333,16.73630679352209,0.08333333333333337,-6.916666666666657,-0.026666666666666616,-0.15000000000000568,-3.5250000000000057,-0.016666666666666607,-0.45833333333333326
184469,2023-04-09 17:00:00,ZETA DIVISION,Global Esports,1,0.5,0,1486.0953721946705,0.3333333333333333,179.89,0.85,70.7,118.66666666666667,1.843333333333333,2.1999999999999997,1455.5242673879038,0.0,188.74333333333334,0.9366666666666666,72.21,119.64666666666666,2.39,2.0233333333333334,30.571104806766698,0.3333333333333333,-8.853333333333353,-0.08666666666666667,-1.509999999999991,-0.9799999999999898,-0.5466666666666671,0.1766666666666663
184470,2023-04-09 20:45:00,TALON,KIWOOM DRX,0,0.0,1,1483.2976013366472,0.4,199.894,0.9460000000000001,69.774,131.772,2.22,2.02,1558.2792080718189,0.8,208.33333333333334,1.0733333333333333,74.11666666666666,133.63666666666668,2.0383333333333336,2.1,-74.98160673517168,-0.4,-8.439333333333337,-0.1273333333333332,-4.342666666666659,-1.8646666666666931,0.18166666666666664,-0.08000000000000007
183781,2023-04-10 03:00:00,NRG,Sentinels,1,0.5,0,1500.0,0.5,198.83249999999998,1.0025,74.95,130.75,2.4175,2.1,1501.4695015289756,0.5,187.64999999999998,0.93,70.035,125.715,1.75,2.735,-1.4695015289755702,0.0,11.182500000000005,0.0724999999999999,4.915000000000006,5.034999999999997,0.6675,-0.6349999999999998
183782,2023-04-10 05:35:00,MIBR,KRÜ Esports,1,0.5,0,1470.9144190820782,0.0,196.165,0.97,68.05000000000001,128.6,2.1149999999999998,2.335,1468.736306793522,0.0,172.05,0.8049999999999999,65.8,113.80000000000001,2.05,2.1,2.1781122885561217,0.0,24.11499999999998,0.16500000000000004,2.250000000000014,14.799999999999983,0.06499999999999995,0.23499999999999988
184471,2023-04-10 17:00:00,Team Secret,Gen.G,0,0.5,0,1531.9661669788793,0.75,197.79999999999998,0.995,71.215,127.36500000000001,2.0,2.075,1514.5304984710244,0.6666666666666666,206.32333333333335,1.03,73.77666666666667,133.9766666666667,2.1566666666666667,2.1233333333333335,17.43566850785487,0.08333333333333337,-8.523333333333369,-0.03500000000000003,-2.5616666666666674,-6.611666666666679,-0.15666666666666673,-0.04833333333333334
183783,2023-04-11 03:00:00,Evil Geniuses,100 Thieves,0,0.5,0,1484.0,0.3333333333333333,208.66666666666666,1.0433333333333332,74.23333333333333,136.16666666666666,2.1666666666666665,2.3333333333333335,1498.5304984710244,0.5,193.1,0.9425000000000001,69.375,127.975,2.1525,2.3425000000000002,-14.53049847102443,-0.16666666666666669,15.566666666666663,0.10083333333333311,4.858333333333334,8.191666666666663,0.01416666666666666,-0.009166666666666767
183949,2023-04-13 02:00:00,Natus Vincere,Team Heretics,1,0.5,0,1541.4016579817417,0.6,207.29142857142855,1.0985714285714285,76.56714285714285,136.81,2.41,2.085714285714286,1476.0202139940807,0.25,184.8,0.8775,67.625,121.19999999999999,1.45,2.2750000000000004,65.38144398766099,0.35,22.491428571428543,0.22107142857142859,8.942142857142855,15.610000000000014,0.9600000000000002,-0.1892857142857145
183950,2023-04-14 00:40:00,KOI,FUT Esports,0,0.5,0,1470.1548206695538,0.25,185.125,0.9125000000000001,68.15,123.65,2.0250000000000004,2.775,1514.673012874484,0.6,210.11999999999998,1.0819999999999999,74.688,135.56,2.12,1.968,-44.518192204930074,-0.35,-24.994999999999976,-0.16949999999999976,-6.537999999999997,-11.909999999999997,-0.09499999999999975,0.8069999999999999
183951,2023-04-14 03:00:00,Team Liquid,FNATIC,0,0.5,0,1503.3389525496177,0.5,211.875,1.1175,75.7,133.725,2.1175,1.7,1613.7604683041934,1.0,217.50500000000002,1.17375,79.80499999999999,141.05749999999998,2.3575,1.86375,-110.4215157545757,-0.5,-5.630000000000024,-0.05625000000000013,-4.10499999999999,-7.332499999999982,-0.23999999999999977,-0.16375000000000006
183952,2023-04-15 01:00:00,Giants Gaming,BBL Esports,1,0.5,0,1489.4670626044385,0.4,201.84799999999998,1.0459999999999998,74.948,133.92000000000002,2.14,2.0140000000000002,1445.3998197522915,0.0,184.33249999999998,0.8775,67.675,122.17500000000001,2.075,2.635,44.06724285214705,0.4,17.515500000000003,0.16849999999999987,7.272999999999996,11.745000000000005,0.06499999999999995,-0.6209999999999996
183953,2023-04-15 03:15:00,Team Vitality,Karmine Corp,1,0.5,0,1513.1229438192165,0.6,196.10599999999997,0.962,69.912,128.2,2.074,2.18,1480.6610474503823,0.4,184.966,0.922,67.994,120.394,2.246,1.9200000000000004,32.46189636883423,0.19999999999999996,11.139999999999958,0.039999999999999925,1.9180000000000064,7.805999999999983,-0.17200000000000015,0.2599999999999998
184472,2023-04-15 17:00:00,Paper Rex,KIWOOM DRX,0,0.5,0,1502.2029181675955,0.5,201.0675,1.0025,71.2,133.9425,1.9500000000000002,2.1075,1570.878806484495,0.8,211.84285714285716,1.1057142857142856,75.28571428571426,135.85999999999999,2.075714285714286,2.0285714285714285,-68.67588831689955,-0.30000000000000004,-10.77535714285716,-0.1032142857142857,-4.0857142857142605,-1.9174999999999898,-0.1257142857142859,0.07892857142857146
184473,2023-04-15 19:40:00,Team Secret,Rex Regum Qeon,0,0.5,0,1515.1638981419742,0.6,197.9,0.992,71.452,127.792,2.02,2.14,1468.1641668284299,0.25,203.1,1.0150000000000001,72.97500000000001,130.575,1.9324999999999999,2.0675,46.999731313544316,0.35,-5.199999999999989,-0.02300000000000013,-1.5230000000000103,-2.782999999999987,0.08750000000000013,0.07250000000000023
183785,2023-04-16 03:00:00,Cloud9,100 Thieves,1,0.5,0,1502.064691329156,0.5,207.29999999999998,1.05,74.2,134.45000000000002,2.04,1.9249999999999998,1513.861734152009,0.6,199.24,1.004,71.06,131.74,2.142,2.2540000000000004,-11.797042822852973,-0.09999999999999998,8.059999999999974,0.04600000000000004,3.1400000000000006,2.710000000000008,-0.10199999999999987,-0.3290000000000006
183786,2023-04-16 06:00:00,NRG,MIBR,0,0.5,0,1516.0676726427585,0.6,203.36599999999999,1.052,76.52000000000001,133.45999999999998,2.4939999999999998,1.8800000000000001,1486.814114618392,0.3333333333333333,200.66666666666666,0.9899999999999999,70.07666666666667,130.10999999999999,2.276666666666667,2.29,29.253558024366384,0.26666666666666666,2.6993333333333283,0.062000000000000166,6.443333333333342,3.3499999999999943,0.21733333333333293,-0.4099999999999999
184474,2023-04-16 17:00:00,T1,Gen.G,0,0.5,0,1498.533313516878,0.5,191.3,0.9425,69.9,122.1,1.5499999999999998,2.2925,1531.3327673079295,0.75,207.66750000000002,1.0375,73.6825,133.40750000000003,2.2175000000000002,2.1175,-32.79945379105152,-0.25,-16.367500000000007,-0.09500000000000008,-3.782499999999999,-11.307500000000033,-0.6675000000000004,0.17499999999999982
184475,2023-04-16 19:15:00,ZETA DIVISION,DetonatioN FocusMe,1,0.5,0,1500.6911429401214,0.5,187.64999999999998,0.9025,72.6075,123.08250000000001,1.9825,2.2,1437.4064870461525,0.0,190.2575,0.8975000000000001,71.525,127.225,1.8175,2.0675,63.284655893968875,0.5,-2.607500000000016,0.004999999999999893,1.082499999999996,-4.142499999999984,0.16500000000000004,0.13250000000000028
183787,2023-04-17 03:00:00,LEVIATÁN,Sentinels,1,0.5,0,1515.2298601853572,0.6,198.946,1.038,73.24000000000001,129.79399999999998,2.4,1.766,1485.4018288862171,0.3333333333333333,182.69999999999996,0.86,67.35666666666667,123.84333333333332,1.5,2.7566666666666664,29.828031299140093,0.26666666666666666,16.246000000000038,0.17800000000000005,5.88333333333334,5.950666666666663,0.8999999999999999,-0.9906666666666664
183788,2023-04-17 07:00:00,Evil Geniuses,KRÜ Esports,1,0.5,0,1468.6687643190155,0.25,200.5,0.98,72.05000000000001,131.1,2.1,2.275,1452.8366112572082,0.0,180.30000000000004,0.8633333333333333,66.71,118.66666666666667,2.1,2.266666666666667,15.832153061807276,0.25,20.19999999999996,0.1166666666666667,5.340000000000018,12.433333333333323,0.0,0.00833333333333286
184476,2023-04-17 17:00:00,TALON,Global Esports,0,0.5,0,1470.698002923971,0.2,194.07833333333335,0.9083333333333333,67.71166666666666,128.51000000000002,2.1166666666666667,2.0666666666666664,1440.928496642453,0.0,190.35750000000002,0.9475,73.09,121.0525,2.3425000000000002,2.1175,29.769506281518034,0.2,3.7208333333333314,-0.03916666666666668,-5.3783333333333445,7.457500000000024,-0.22583333333333355,-0.05083333333333373
183789,2023-04-18 03:00:00,LOUD,FURIA,1,0.5,0,1575.0208895887658,0.8,209.03857142857143,1.0685714285714287,74.14571428571428,138.48714285714286,2.325714285714286,2.14,1532.0338330211207,0.75,205.61749999999998,1.0775,75.0925,132.55,2.3825000000000003,2.15,42.98705656764514,0.050000000000000044,3.4210714285714516,-0.008928571428571175,-0.9467857142857241,5.937142857142845,-0.05678571428571422,-0.009999999999999787
184037,2023-04-20 02:00:00,Team Heretics,Team Liquid,0,0.5,0,1462.9960953044858,0.2,181.014,0.85,66.22,118.96,1.466,2.22,1492.2594840929078,0.4,200.3,1.028,71.96000000000001,127.17999999999999,1.9740000000000002,1.8399999999999999,-29.263388788421935,-0.2,-19.286,-0.17800000000000005,-5.740000000000009,-8.219999999999999,-0.5080000000000002,0.38000000000000034
184039,2023-04-21 00:00:00,FUT Esports,Giants Gaming,0,0.5,0,1528.6340210465662,0.6,209.26666666666665,1.0783333333333331,74.67333333333333,135.56666666666666,2.1666666666666665,1.9733333333333334,1503.4485038702273,0.4,205.5733333333333,1.0783333333333334,75.97333333333331,137.43333333333337,2.2,1.9116666666666668,25.185517176338863,0.19999999999999996,3.6933333333333564,-2.220446049250313e-16,-1.299999999999983,-1.8666666666667027,-0.03333333333333366,0.061666666666666536
184040,2023-04-22 00:00:00,Karmine Corp,Natus Vincere,0,0.5,0,1466.1516380777387,0.2,179.905,0.8850000000000001,66.32833333333333,116.61166666666668,2.0716666666666668,1.9666666666666668,1554.4257766713365,0.6,210.45499999999998,1.1225,77.52125000000001,138.8175,2.35875,2.01625,-88.27413859359785,-0.39999999999999997,-30.549999999999983,-0.23749999999999993,-11.192916666666676,-22.205833333333317,-0.28708333333333336,-0.04958333333333309
184041,2023-04-22 03:00:00,BBL Esports,Team Vitality,1,0.5,0,1431.4183784865027,0.0,182.06599999999997,0.8539999999999999,66.3,120.9,1.9400000000000002,2.6079999999999997,1527.6323531918601,0.6,199.47166666666666,1.0183333333333333,71.87666666666668,130.46666666666667,2.095,2.0166666666666666,-96.21397470535749,-0.6,-17.40566666666669,-0.16433333333333344,-5.576666666666682,-9.566666666666663,-0.15500000000000003,0.591333333333333
183791,2023-04-22 03:00:00,LOUD,Sentinels,1,0.5,0,1589.0513025735556,0.8,210.02125,1.07625,75.3775,138.22625000000002,2.3475,2.0475,1470.772095598636,0.25,185.04249999999996,0.8825000000000001,67.7,124.565,1.625,2.685,118.27920697491959,0.55,24.978750000000048,0.19374999999999987,7.677499999999995,13.661250000000024,0.7225000000000001,-0.6375000000000002
183792,2023-04-22 07:00:00,LEVIATÁN,MIBR,1,0.5,0,1529.8595934729383,0.6,199.78833333333333,1.0416666666666667,73.47833333333334,130.19499999999996,2.4116666666666666,1.805,1504.158116201021,0.5,203.1175,1.0125,71.09,132.615,2.34,2.4675000000000002,25.701477271917383,0.09999999999999998,-3.32916666666668,0.029166666666666785,2.3883333333333354,-2.4200000000000443,0.07166666666666677,-0.6625000000000003
184477,2023-04-22 16:00:00,Paper Rex,Global Esports,1,0.5,0,1489.3250037109815,0.4,198.01399999999998,0.984,70.74000000000001,130.914,1.9600000000000002,2.106,1458.296087907399,0.2,196.806,0.982,73.172,125.482,2.354,2.0940000000000003,31.02891580358255,0.2,1.20799999999997,0.0020000000000000018,-2.431999999999988,5.431999999999988,-0.3939999999999999,0.011999999999999567
184478,2023-04-22 19:30:00,Gen.G,KIWOOM DRX,0,0.5,0,1545.8267679044304,0.8,210.91400000000004,1.08,75.346,135.24600000000004,2.214,1.9740000000000002,1583.756720941109,0.8,211.13750000000002,1.1075,75.44999999999999,135.7275,2.0787500000000003,2.025,-37.929953036678626,0.0,-0.22349999999997294,-0.027499999999999858,-0.103999999999985,-0.4814999999999543,0.13524999999999965,-0.05099999999999971
183793,2023-04-23 03:00:00,KRÜ Esports,100 Thieves,0,0.5,0,1437.5652046122402,0.0,182.45750000000004,0.88,67.865,119.5175,2.1574999999999998,2.25,1497.318668939944,0.4,198.20000000000002,0.9883333333333334,70.48333333333333,130.96666666666667,2.0349999999999997,2.395,-59.753464327703796,-0.4,-15.742499999999978,-0.10833333333333339,-2.6183333333333394,-11.44916666666667,0.12250000000000005,-0.14500000000000002
183794,2023-04-23 06:20:00,Evil Geniuses,FURIA,0,0.5,0,1483.9401709639835,0.4,202.0,1.004,73.20000000000002,132.16,2.12,2.286,1518.003420036331,0.6,199.754,1.028,72.274,129.42000000000002,2.1860000000000004,2.2199999999999998,-34.06324907234739,-0.19999999999999996,2.2460000000000093,-0.02400000000000002,0.9260000000000161,2.7399999999999807,-0.06600000000000028,0.06600000000000028
184479,2023-04-23 16:00:00,T1,Rex Regum Qeon,1,0.5,0,1484.0393129203771,0.4,188.32,0.9120000000000001,67.72,121.78,1.52,2.274,1486.3154776976328,0.4,203.78,1.044,73.42,132.38,2.066,1.9939999999999998,-2.2761647772556444,0.0,-15.460000000000008,-0.1319999999999999,-5.700000000000003,-10.599999999999994,-0.5459999999999998,0.28000000000000025
184480,2023-04-23 18:20:00,Team Secret,DetonatioN FocusMe,1,0.5,0,1497.0125872727713,0.4,192.85,0.9700000000000001,70.09333333333333,124.67666666666668,1.9666666666666666,2.216666666666667,1424.2890444219606,0.0,184.30599999999998,0.874,71.34,122.25999999999999,1.754,2.154,72.72354285081065,0.4,8.544000000000011,0.09600000000000009,-1.2466666666666697,2.4166666666666856,0.21266666666666656,0.06266666666666687
183795,2023-04-24 03:00:00,NRG,Cloud9,0,0.5,0,1498.7236710601296,0.4,202.6933333333333,1.03,75.91166666666668,132.46166666666667,2.578333333333333,1.9883333333333333,1518.6077565412209,0.6,207.16,1.064,74.88,135.84,2.252,1.8399999999999999,-19.884085481091233,-0.19999999999999996,-4.466666666666697,-0.03400000000000003,1.0316666666666805,-3.3783333333333303,0.32633333333333336,0.14833333333333343
183796,2023-04-24 07:05:00,MIBR,Sentinels,0,0.5,0,1489.3395586977626,0.4,192.69400000000002,0.938,69.072,127.252,2.132,2.374,1460.01794553714,0.2,187.20799999999997,0.908,67.786,125.43800000000002,1.714,2.588,29.321613160622746,0.2,5.486000000000047,0.029999999999999916,1.2860000000000014,1.8139999999999787,0.41800000000000015,-0.21399999999999997
184481,2023-04-24 18:00:00,ZETA DIVISION,TALON,0,0.5,0,1513.8085855643133,0.6,194.85999999999999,0.97,74.646,127.16600000000001,2.086,2.06,1453.330411659025,0.0,193.73857142857145,0.9085714285714286,66.98142857142857,128.03714285714287,2.085714285714286,2.1,60.47817390528826,0.6,1.1214285714285381,0.06142857142857139,7.664571428571435,-0.871142857142857,0.0002857142857140005,-0.040000000000000036
183797,2023-04-25 03:00:00,LEVIATÁN,100 Thieves,0,0.5,0,1544.6781509761965,0.6,204.09,1.0885714285714285,75.2957142857143,132.23857142857142,2.3528571428571428,1.7328571428571429,1510.5937339712102,0.4,198.0957142857143,0.9914285714285714,70.27142857142857,131.31428571428572,2.04,2.3200000000000003,34.084417004986335,0.19999999999999996,5.994285714285695,0.09714285714285709,5.024285714285725,0.9242857142857019,0.3128571428571427,-0.5871428571428574
183798,2023-04-25 07:00:00,Evil Geniuses,LOUD,0,0.5,0,1469.5038346708875,0.2,201.745,1.0016666666666667,72.75500000000001,131.9,2.0883333333333334,2.3716666666666666,1599.8054526350518,0.8,208.4711111111111,1.0677777777777777,75.24666666666667,136.57111111111112,2.3311111111111114,2.05,-130.30161796416428,-0.6000000000000001,-6.726111111111095,-0.06611111111111101,-2.49166666666666,-4.6711111111111165,-0.24277777777777798,0.32166666666666677
183799,2023-04-26 03:00:00,Cloud9,FURIA,1,0.5,0,1533.6930590097497,0.6,208.71666666666667,1.08,75.76666666666667,136.86666666666667,2.21,1.8999999999999997,1532.439756329427,0.6,200.40666666666667,1.025,71.86166666666666,130.21666666666667,2.2883333333333336,2.1716666666666664,1.253302680322804,0.0,8.310000000000002,0.05500000000000016,3.905000000000001,6.650000000000006,-0.07833333333333359,-0.2716666666666667
183800,2023-04-26 05:30:00,NRG,KRÜ Esports,1,0.5,0,1483.6383685916007,0.2,199.7942857142857,1.0,75.22428571428573,130.9385714285714,2.524285714285714,1.99,1424.290139580974,0.0,187.67200000000003,0.9120000000000001,69.55799999999999,122.96,2.1,2.214,59.34822901062671,0.2,12.122285714285681,0.08799999999999986,5.666285714285735,7.9785714285714135,0.42428571428571393,-0.22399999999999998
184042,2023-04-27 02:00:00,Giants Gaming,Team Liquid,0,0.5,0,1520.6063125051048,0.6,208.76285714285714,1.0957142857142856,75.74857142857141,139.3857142857143,2.2,1.9242857142857144,1506.9150329823563,0.6,202.96666666666667,1.0433333333333332,72.2,128.91666666666666,2.0450000000000004,2.0166666666666666,13.691279522748573,0.0,5.796190476190475,0.05238095238095242,3.5485714285714067,10.469047619047643,0.1549999999999998,-0.09238095238095223
184043,2023-04-28 00:00:00,BBL Esports,Team Heretics,1,0.5,0,1451.739301969569,0.2,186.77166666666665,0.9033333333333333,68.03333333333333,123.81666666666666,2.0833333333333335,2.44,1448.3405464150374,0.2,182.44500000000002,0.8516666666666667,66.03333333333335,120.23333333333333,1.705,2.2500000000000004,3.39875555453159,0.0,4.326666666666625,0.05166666666666664,1.9999999999999858,3.5833333333333286,0.3783333333333334,0.1899999999999995
184044,2023-04-28 04:15:00,KOI,Karmine Corp,0,0.5,0,1456.1938124974715,0.2,188.1,0.9179999999999999,69.28,123.6,2.0200000000000005,2.7,1454.1315400995395,0.2,178.8757142857143,0.8785714285714287,66.85285714285715,116.26714285714287,2.032857142857143,2.0571428571428574,2.06227239793202,0.0,9.224285714285685,0.03942857142857126,2.4271428571428544,7.332857142857122,-0.012857142857142456,0.6428571428571428
184045,2023-04-29 00:00:00,FUT Esports,FNATIC,0,0.5,0,1511.4762124116887,0.6,205.91428571428568,1.0414285714285714,72.84857142857142,133.57142857142858,2.142857142857143,2.005714285714286,1624.8399367609034,1.0,218.77111111111114,1.1900000000000002,80.10444444444444,142.2733333333333,2.362222222222222,1.8122222222222222,-113.36372434921464,-0.4,-12.856825396825457,-0.1485714285714288,-7.255873015873021,-8.701904761904729,-0.2193650793650792,0.1934920634920636
184046,2023-04-29 02:20:00,Team Vitality,Natus Vincere,0,0.5,0,1507.3114297087939,0.6,196.14714285714285,0.9928571428571428,70.59428571428572,128.45714285714286,2.0100000000000002,2.1142857142857143,1566.4458746495357,0.8,209.20444444444445,1.1244444444444446,77.73,137.92666666666665,2.385555555555556,1.9922222222222221,-59.13444494074179,-0.20000000000000007,-13.057301587301595,-0.1315873015873018,-7.135714285714286,-9.469523809523793,-0.37555555555555564,0.12206349206349221
184482,2023-04-29 16:00:00,T1,DetonatioN FocusMe,1,0.5,0,1500.1441326824693,0.6,193.01666666666665,0.9566666666666667,69.58333333333333,124.7,1.5666666666666667,2.245,1411.5900191943922,0.0,184.87166666666667,0.8833333333333333,71.16666666666667,122.21666666666665,1.795,2.2116666666666664,88.55411348807706,0.6,8.144999999999982,0.07333333333333336,-1.5833333333333428,2.4833333333333485,-0.22833333333333328,0.03333333333333366
184483,2023-04-29 20:00:00,ZETA DIVISION,Team Secret,1,0.5,0,1495.0512560559173,0.6,196.63333333333333,0.9699999999999999,74.73833333333333,128.35500000000002,2.205,2.1166666666666667,1509.7116125003397,0.6,194.92857142857142,0.9885714285714285,70.70857142857143,126.48000000000002,2.0428571428571427,2.185714285714286,-14.660356444422405,0.0,1.7047619047619094,-0.018571428571428683,4.029761904761898,1.875,0.16214285714285737,-0.06904761904761925
183801,2023-04-30 03:00:00,NRG,100 Thieves,1,0.5,0,1496.9315577067152,0.4,202.58249999999998,1.03,75.84625000000001,131.89624999999998,2.49625,1.9537499999999999,1528.1583631812325,0.6,198.25875000000002,0.9962500000000001,70.94624999999999,131.15,2.09375,2.3550000000000004,-31.226805474517278,-0.19999999999999996,4.323749999999961,0.03374999999999995,4.90000000000002,0.746249999999975,0.40249999999999986,-0.40125000000000055
183802,2023-04-30 05:20:00,MIBR,FURIA,0,0.5,0,1471.9924452254743,0.4,192.94500000000002,0.9316666666666666,69.09333333333333,127.41000000000001,2.0433333333333334,2.3283333333333336,1516.497472800455,0.6,199.62000000000003,1.0071428571428571,71.86714285714287,130.0285714285714,2.2471428571428573,2.19,-44.50502757498066,-0.19999999999999996,-6.675000000000011,-0.07547619047619047,-2.7738095238095326,-2.6185714285714,-0.20380952380952388,0.13833333333333364
184484,2023-04-30 16:00:00,Global Esports,Gen.G,1,0.5,0,1443.7212353130285,0.2,197.8166666666667,0.9783333333333334,72.08833333333334,125.79,2.261666666666667,2.1,1531.5666003037395,0.8,206.95000000000005,1.0616666666666668,75.03333333333335,133.18333333333337,2.223333333333333,1.9333333333333336,-87.845364990711,-0.6000000000000001,-9.133333333333354,-0.08333333333333337,-2.9450000000000074,-7.393333333333359,0.038333333333333997,0.16666666666666652
184485,2023-04-30 18:20:00,Rex Regum Qeon,KIWOOM DRX,0,0.5,0,1470.2106579355407,0.4,199.36666666666667,1.0066666666666668,73.43333333333334,129.65,2.0716666666666668,1.9616666666666667,1598.0168885418,1.0,209.2555555555556,1.0988888888888888,74.92555555555555,134.5722222222222,2.0400000000000005,2.052222222222222,-127.8062306062593,-0.6,-9.888888888888914,-0.09222222222222198,-1.4922222222222103,-4.922222222222189,0.03166666666666629,-0.09055555555555528
183803,2023-05-01 03:00:00,Cloud9,Sentinels,1,0.5,0,1549.6353425387217,0.8,208.5142857142857,1.082857142857143,75.71428571428571,136.67142857142858,2.222857142857143,1.9142857142857141,1477.3650590094283,0.4,192.47333333333333,0.9416666666666668,69.73833333333333,128.44833333333335,1.7783333333333333,2.4233333333333333,72.27028352929347,0.4,16.040952380952376,0.1411904761904762,5.9759523809523785,8.223095238095226,0.44452380952380954,-0.5090476190476192
183804,2023-05-01 05:25:00,LEVIATÁN,Evil Geniuses,0,0.5,0,1527.1135217661742,0.6,202.395,1.075,74.89250000000001,131.40874999999997,2.38375,1.8250000000000002,1459.2380858012261,0.2,199.92428571428573,0.9857142857142857,72.17142857142859,131.04714285714286,1.9714285714285715,2.347142857142857,67.87543596494811,0.39999999999999997,2.47071428571428,0.0892857142857143,2.7210714285714204,0.3616071428571104,0.4123214285714285,-0.5221428571428568
184486,2023-05-01 18:00:00,TALON,Paper Rex,0,0.5,0,1472.087741167421,0.2,195.44625000000002,0.92625,68.15875,129.145,2.1125000000000003,2.175,1503.899856305352,0.6,200.44499999999996,0.9933333333333333,70.42833333333334,132.54,1.9883333333333333,2.055,-31.81211513793096,-0.39999999999999997,-4.998749999999944,-0.06708333333333327,-2.269583333333344,-3.394999999999982,0.12416666666666698,0.11999999999999966
183805,2023-05-02 03:00:00,LOUD,KRÜ Esports,1,0.5,0,1610.0712015047131,1.0,209.791,1.073,76.155,137.347,2.318,1.972,1410.9969504658595,0.0,182.61,0.8816666666666668,67.365,119.58333333333333,2.033333333333333,2.2283333333333335,199.07425103885362,1.0,27.180999999999983,0.19133333333333313,8.790000000000006,17.76366666666668,0.28466666666666685,-0.2563333333333335
184047,2023-05-04 02:00:00,Team Vitality,FNATIC,0,0.5,0,1494.0086762504027,0.4,194.16625,0.9799999999999999,69.8075,127.37499999999999,2.03375,2.15,1635.7970476313178,1.0,219.40400000000005,1.2,80.264,142.546,2.336,1.781,-141.78837138091512,-0.6,-25.237750000000062,-0.22000000000000008,-10.456499999999991,-15.171000000000006,-0.3022499999999999,0.369
184048,2023-05-05 00:00:00,FUT Esports,Karmine Corp,1,0.5,0,1500.5191015412743,0.4,200.06249999999997,0.9949999999999999,71.755,129.75,2.0625,2.0175,1470.2265101378216,0.2,182.24125,0.9,67.655,118.45875000000001,2.1125,2.0,30.29259140345266,0.2,17.821249999999964,0.09499999999999986,4.099999999999994,11.291249999999991,-0.04999999999999982,0.01750000000000007
184049,2023-05-05 02:15:00,KOI,BBL Esports,0,0.5,0,1440.0988424591894,0.2,188.10500000000002,0.9216666666666665,69.75500000000001,123.3,1.9500000000000002,2.6950000000000003,1467.5827884845876,0.4,191.22285714285712,0.9400000000000001,70.07571428571428,126.58571428571427,2.1471428571428572,2.3485714285714283,-27.483946025398154,-0.2,-3.1178571428571047,-0.018333333333333535,-0.3207142857142742,-3.2857142857142776,-0.19714285714285706,0.346428571428572
184050,2023-05-06 00:00:00,Natus Vincere,Team Liquid,1,0.5,0,1579.7486281079268,1.0,208.38400000000001,1.122,77.177,137.694,2.387,2.013,1523.5452135393346,0.8,203.7042857142857,1.0514285714285714,72.30428571428573,129.7,2.1428571428571432,2.0142857142857142,56.20341456859228,0.19999999999999996,4.6797142857143115,0.07057142857142873,4.872714285714281,7.994,0.24414285714285677,-0.0012857142857143344
184051,2023-05-06 03:15:00,Giants Gaming,Team Heretics,0,0.5,0,1503.9761319481265,0.6,205.80874999999997,1.0725,74.76374999999999,136.96250000000003,2.1750000000000003,2.025,1432.4970599000185,0.2,181.78142857142856,0.8514285714285714,66.21857142857144,119.50428571428571,1.7085714285714286,2.2814285714285716,71.47907204810804,0.39999999999999997,24.027321428571412,0.22107142857142859,8.54517857142855,17.45821428571432,0.46642857142857164,-0.25642857142857167
184488,2023-05-06 16:00:00,TALON,Gen.G,1,0.5,0,1457.5486628391145,0.2,194.2777777777778,0.9233333333333333,67.91111111111111,128.7877777777778,2.0633333333333335,2.2222222222222223,1511.6052279756166,0.6,204.12857142857146,1.0371428571428571,74.21428571428571,131.50000000000003,2.12,2.042857142857143,-54.05656513650206,-0.39999999999999997,-9.850793650793662,-0.1138095238095238,-6.303174603174597,-2.7122222222222376,-0.05666666666666664,0.17936507936507917
184489,2023-05-06 18:30:00,ZETA DIVISION,Paper Rex,0,0.5,0,1511.7259900143738,0.8,197.46714285714285,0.9785714285714285,74.31857142857143,128.50428571428571,2.232857142857143,2.1,1518.4389346336584,0.6,202.94285714285712,1.0171428571428571,71.55714285714286,133.73,2.0757142857142856,2.0,-6.712944619284599,0.20000000000000007,-5.475714285714275,-0.03857142857142859,2.761428571428567,-5.225714285714275,0.15714285714285747,0.10000000000000009
183807,2023-05-07 03:00:00,Evil Geniuses,Sentinels,1,0.5,0,1478.32469682586,0.4,198.6925,0.9874999999999999,71.68375000000002,130.7325,2.03375,2.32,1464.646043507617,0.2,189.06285714285713,0.9157142857142857,68.20428571428572,126.11285714285715,1.752857142857143,2.3628571428571425,13.67865331824305,0.2,9.62964285714287,0.07178571428571423,3.4794642857143003,4.619642857142836,0.28089285714285706,-0.042857142857142705
183808,2023-05-07 05:10:00,Cloud9,MIBR,1,0.5,0,1562.354358040533,0.8,210.71249999999998,1.10375,76.4375,137.725,2.195,1.8749999999999998,1458.0308406425704,0.4,190.3814285714286,0.9271428571428572,68.93714285714286,125.76571428571428,2.0085714285714285,2.367142857142857,104.32351739796263,0.4,20.33107142857139,0.17660714285714285,7.5003571428571405,11.959285714285713,0.1864285714285714,-0.4921428571428572
184490,2023-05-07 16:00:00,Rex Regum Qeon,Global Esports,1,0.5,0,1459.8444958525458,0.4,195.6,0.9842857142857143,71.57142857142857,127.11857142857141,1.9942857142857142,2.0142857142857142,1463.6826076411514,0.4,200.95714285714286,1.0042857142857142,72.99000000000001,128.12,2.3242857142857147,2.0142857142857147,-3.8381117886056018,0.0,-5.357142857142861,-0.019999999999999907,-1.4185714285714397,-1.0014285714285904,-0.3300000000000005,-4.440892098500626e-16
184491,2023-05-07 19:00:00,Team Secret,T1,0,0.5,0,1493.0368785418832,0.4,194.94625,0.98625,70.67875000000001,126.76125000000002,2.0462499999999997,2.22125,1512.152137522002,0.6,193.68142857142857,0.9671428571428572,70.09,125.66714285714286,1.7142857142857142,2.1814285714285715,-19.115258980118824,-0.19999999999999996,1.2648214285714232,0.019107142857142767,0.5887500000000045,1.0941071428571547,0.3319642857142855,0.03982142857142845
183809,2023-05-08 03:00:00,LOUD,100 Thieves,1,0.5,0,1617.7904698913815,1.0,208.954,1.0710000000000002,76.18500000000002,136.557,2.3310000000000004,1.9449999999999996,1510.7241753807828,0.6,196.71888888888893,0.9744444444444446,70.90777777777777,130.23333333333335,2.0166666666666666,2.337777777777778,107.06629451059871,0.4,12.235111111111081,0.09655555555555562,5.27722222222225,6.3236666666666395,0.3143333333333338,-0.39277777777777856
183810,2023-05-08 05:30:00,LEVIATÁN,KRÜ Esports,1,0.5,0,1508.0269107415404,0.4,202.10666666666668,1.0688888888888888,74.69666666666667,131.51888888888888,2.3555555555555556,1.8966666666666667,1403.2776820791912,0.0,183.19857142857146,0.8942857142857144,67.60857142857142,120.40428571428572,2.0471428571428567,2.2714285714285714,104.7492286623492,0.4,18.90809523809523,0.17460317460317443,7.088095238095249,11.114603174603161,0.3084126984126989,-0.37476190476190463
184492,2023-05-08 18:00:00,KIWOOM DRX,DetonatioN FocusMe,1,0.5,0,1608.3830506247948,1.0,209.45,1.105,75.26599999999999,134.368,2.076,2.007,1399.5820143548594,0.0,186.35714285714286,0.8899999999999999,71.10428571428572,122.75714285714285,1.8057142857142858,2.277142857142857,208.80103626993537,1.0,23.092857142857127,0.21500000000000008,4.161714285714268,11.610857142857142,0.27028571428571424,-0.270142857142857
183811,2023-05-09 03:00:00,NRG,FURIA,1,0.5,0,1514.365745507165,0.6,205.39555555555555,1.0522222222222224,76.46333333333334,133.95222222222222,2.463333333333333,1.892222222222222,1530.4590773833588,0.6,199.65500000000003,1.01875,72.62125,129.9125,2.2912500000000002,2.14125,-16.093331876193815,0.0,5.740555555555517,0.03347222222222235,3.842083333333335,4.039722222222224,0.1720833333333327,-0.24902777777777785
184038,2023-05-11 00:00:00,KOI,FNATIC,0,0.5,0,1425.3618914832552,0.0,186.8714285714286,0.9157142857142856,69.41857142857144,122.21,1.9100000000000001,2.5571428571428574,1645.6073196540344,1.0,218.76400000000004,1.1869999999999998,79.714,142.576,2.386,1.8110000000000004,-220.24542817077918,-1.0,-31.892571428571443,-0.27128571428571424,-10.295428571428559,-20.366,-0.476,0.746142857142857
184052,2023-05-11 03:10:00,Giants Gaming,Team Vitality,1,0.5,0,1484.7300681632942,0.6,205.0522222222222,1.0622222222222222,74.26777777777777,136.66666666666669,2.244444444444445,2.0666666666666664,1484.198404227686,0.2,192.85888888888888,0.9744444444444444,69.36222222222221,126.57777777777775,2.0077777777777777,2.233333333333333,0.5316639356080941,0.39999999999999997,12.193333333333328,0.08777777777777773,4.9055555555555515,10.088888888888931,0.23666666666666725,-0.16666666666666652
184053,2023-05-12 00:00:00,FUT Esports,Natus Vincere,0,0.5,0,1515.1276004023061,0.6,202.25555555555553,1.0177777777777777,72.68222222222222,131.0,2.0777777777777775,1.982222222222222,1593.1827082540512,1.0,205.974,1.097,75.96700000000001,135.67399999999998,2.447,2.0229999999999997,-78.0551078517451,-0.4,-3.718444444444458,-0.0792222222222223,-3.2847777777777907,-4.673999999999978,-0.36922222222222256,-0.04077777777777758
184054,2023-05-12 03:20:00,Karmine Corp,FNATIC,0,0.5,0,1455.6180112767897,0.2,181.73666666666668,0.8888888888888888,67.5488888888889,117.88555555555556,2.0666666666666664,2.022222222222222,1652.6354207203285,1.0,219.234,1.198,80.39399999999999,143.136,2.376,1.6510000000000002,-197.01740944353878,-0.8,-37.49733333333333,-0.3091111111111111,-12.845111111111095,-25.25044444444444,-0.30933333333333346,0.3712222222222219
184493,2023-05-12 16:00:00,Paper Rex,Gen.G,1,0.5,0,1534.1298305730713,0.8,203.6,1.03375,72.97500000000001,133.13875,2.15375,1.925,1493.135725819041,0.4,202.35000000000005,1.0225,73.4125,130.4625,2.055,2.1,40.99410475403033,0.4,1.2499999999999432,0.011249999999999982,-0.4374999999999858,2.676249999999982,0.0987499999999999,-0.17500000000000004
184494,2023-05-12 19:45:00,ZETA DIVISION,T1,0,0.5,0,1496.0350940749609,0.6,194.33375,0.9612499999999999,73.47875,126.36625000000001,2.12875,2.1750000000000003,1527.2727344518469,0.6,197.49625,1.0050000000000001,71.94125,128.27125,1.8125,2.07125,-31.23764037688602,0.0,-3.1624999999999943,-0.04375000000000018,1.5375000000000085,-1.9050000000000011,0.31625000000000014,0.10375000000000023
184055,2023-05-13 00:00:00,BBL Esports,Team Liquid,0,0.5,0,1482.3197394605218,0.6,192.945,0.9625,71.06625,127.17124999999999,2.0949999999999998,2.26375,1510.1111333932101,0.6,203.02874999999997,1.04,72.20375000000001,129.5125,2.125,2.1125,-27.79139393268838,0.0,-10.08374999999998,-0.07750000000000001,-1.137500000000017,-2.3412500000000023,-0.03000000000000025,0.1512500000000001
184056,2023-05-13 04:15:00,KOI,Team Heretics,1,0.5,0,1418.3337904169612,0.0,182.50000000000003,0.8962499999999999,68.06625000000001,119.22124999999998,1.82125,2.575,1451.7431236848508,0.2,184.79625000000001,0.8775,67.00375,122.14125,1.7950000000000002,2.3462500000000004,-33.40933326788968,-0.2,-2.2962499999999864,0.018749999999999933,1.0625000000000142,-2.920000000000016,0.026249999999999885,0.2287499999999998
184495,2023-05-13 16:00:00,Team Secret,KIWOOM DRX,1,0.5,0,1477.9162816120383,0.2,191.03,0.9566666666666666,69.50333333333334,124.67666666666668,1.9633333333333332,2.252222222222222,1615.7791321369916,1.0,208.70300000000003,1.103,74.63900000000001,133.36499999999998,2.0089999999999995,2.0540000000000003,-137.86285052495327,-0.8,-17.67300000000003,-0.14633333333333343,-5.1356666666666655,-8.688333333333304,-0.0456666666666663,0.19822222222222186
184496,2023-05-13 18:30:00,Global Esports,DetonatioN FocusMe,1,0.5,0,1447.5058632510033,0.4,200.525,0.9925,72.45375000000001,128.2675,2.27125,2.1125000000000003,1392.1859328426626,0.0,185.2375,0.8837499999999999,70.15375,121.975,1.855,2.1925,55.319930408340724,0.4,15.287499999999994,0.10875000000000012,2.3000000000000114,6.292500000000018,0.41625000000000023,-0.07999999999999963
183812,2023-05-14 03:00:00,FURIA,100 Thieves,0,0.5,0,1513.7184816535698,0.4,198.6188888888889,1.008888888888889,72.42666666666668,129.23333333333332,2.2733333333333334,2.1555555555555554,1499.5043943140997,0.4,194.81700000000004,0.9670000000000002,70.847,129.17000000000002,2.0549999999999997,2.3240000000000003,14.214087339470098,0.0,3.8018888888888682,0.04188888888888875,1.5796666666666823,0.06333333333330415,0.2183333333333337,-0.16844444444444484
183813,2023-05-14 06:30:00,Evil Geniuses,MIBR,1,0.5,0,1493.6950968259139,0.6,200.36,1.0122222222222221,72.47444444444446,131.7288888888889,2.052222222222222,2.2288888888888887,1446.6957548236976,0.2,186.52125,0.9,68.0575,123.77,1.9325,2.33375,46.99934200221628,0.39999999999999997,13.838750000000005,0.11222222222222211,4.416944444444454,7.958888888888893,0.11972222222222184,-0.10486111111111152
184497,2023-05-14 16:00:00,TALON,Rex Regum Qeon,0,0.5,0,1476.01816499569,0.4,196.67000000000002,0.943,68.67,130.579,2.107,2.16,1476.021240242694,0.6,197.925,0.99875,72.575,128.40375,2.0949999999999998,2.0,-0.003075247003835102,-0.19999999999999996,-1.2549999999999955,-0.05575000000000008,-3.905000000000001,2.1752500000000055,0.012000000000000455,0.16000000000000014
184498,2023-05-14 19:00:00,ZETA DIVISION,Gen.G,1,0.5,0,1481.4697768306585,0.4,193.81555555555556,0.9488888888888888,72.10666666666667,125.91777777777777,2.0555555555555554,2.236666666666667,1479.0148618966182,0.2,197.8555555555556,0.99,72.24444444444444,127.8777777777778,1.9711111111111113,2.111111111111111,2.454914934040289,0.2,-4.040000000000049,-0.04111111111111121,-0.1377777777777709,-1.9600000000000222,0.0844444444444441,0.12555555555555564
183814,2023-05-15 03:00:00,KRÜ Esports,Sentinels,0,0.5,0,1391.9605280625728,0.0,179.12375,0.8650000000000001,66.4575,117.77875,1.9162499999999998,2.2875,1449.275643507563,0.2,187.26749999999998,0.905,67.34125,125.06125000000002,1.72125,2.3425,-57.31511544499017,-0.2,-8.143749999999983,-0.039999999999999925,-0.8837500000000063,-7.282500000000013,0.19499999999999984,-0.054999999999999716
183815,2023-05-15 05:45:00,NRG,LOUD,1,0.0,1,1531.106341236954,0.6,204.516,1.05,76.43,132.93,2.45,1.9229999999999996,1629.0102509580645,1.0,209.19400000000002,1.0759999999999998,76.115,136.107,2.291,2.005,-97.9039097211105,-0.4,-4.678000000000026,-0.0259999999999998,0.31500000000001194,-3.1769999999999925,0.15900000000000025,-0.0820000000000003
184499,2023-05-15 16:00:00,T1,KIWOOM DRX,0,0.5,0,1541.8380516961493,0.8,199.64111111111112,1.017777777777778,72.52555555555556,129.46333333333334,1.9144444444444444,2.0044444444444443,1593.7437944237718,0.8,207.63000000000002,1.0939999999999999,74.289,132.24200000000002,2.0020000000000002,2.1710000000000003,-51.90574272762251,0.0,-7.9888888888889085,-0.07622222222222197,-1.7634444444444455,-2.7786666666666804,-0.08755555555555583,-0.166555555555556
184500,2023-05-15 19:00:00,Team Secret,Global Esports,1,0.5,0,1499.9516193252582,0.4,192.757,0.967,70.05300000000001,125.59900000000002,2.017,2.227,1460.9795990494226,0.6,200.4,1.0133333333333334,72.88111111111112,128.11555555555557,2.2522222222222226,2.077777777777778,38.972020275835575,-0.19999999999999996,-7.643000000000001,-0.04633333333333345,-2.828111111111113,-2.5165555555555557,-0.23522222222222267,0.14922222222222192
183816,2023-05-16 03:00:00,LEVIATÁN,Cloud9,0,0.5,0,1519.3440647581588,0.6,205.206,1.0979999999999999,75.557,133.277,2.36,1.807,1573.6894438594059,1.0,211.7111111111111,1.1244444444444446,77.25555555555555,138.11111111111111,2.1844444444444444,1.822222222222222,-54.34537910124709,-0.4,-6.50511111111112,-0.026444444444444715,-1.6985555555555436,-4.8341111111111275,0.17555555555555546,-0.015222222222222026
184501,2023-05-16 16:00:00,TALON,DetonatioN FocusMe,1,0.5,0,1460.0183066160482,0.4,195.18300000000005,0.937,68.503,130.00900000000001,2.034,2.1370000000000005,1378.7121970442433,0.0,182.92222222222225,0.8733333333333333,69.42555555555556,120.63333333333334,1.848888888888889,2.1822222222222223,81.30610957180488,0.4,12.260777777777804,0.06366666666666676,-0.9225555555555616,9.375666666666675,0.18511111111111078,-0.04522222222222183
184502,2023-05-16 18:30:00,Rex Regum Qeon,Paper Rex,0,0.5,0,1492.0210986223358,0.6,199.14111111111112,1.0066666666666668,72.84444444444445,129.15111111111113,2.092222222222222,1.941111111111111,1548.2506944954941,0.8,204.37777777777777,1.0566666666666666,73.64444444444445,133.33444444444444,2.158888888888889,1.8555555555555554,-56.22959587315836,-0.20000000000000007,-5.23666666666665,-0.04999999999999982,-0.7999999999999972,-4.183333333333309,-0.06666666666666687,0.0855555555555556
184057,2023-05-18 02:00:00,FNATIC,Natus Vincere,1,1.0,1,1660.4242511078492,1.0,216.15400000000005,1.189,80.154,140.526,2.356,1.6810000000000003,1605.6474167516108,1.0,203.724,1.0719999999999998,75.627,134.23399999999998,2.397,2.133,54.776834356238396,0.0,12.430000000000064,0.11700000000000021,4.527000000000001,6.29200000000003,-0.040999999999999925,-0.45199999999999974
184058,2023-05-18 23:35:00,Team Heretics,Team Vitality,0,0.5,0,1434.2092917487694,0.2,185.54444444444445,0.8822222222222221,67.27,122.40666666666668,1.8033333333333335,2.366666666666667,1468.222888237627,0.2,193.006,0.967,69.059,127.05299999999997,2.027,2.223,-34.01359648885773,0.0,-7.461555555555549,-0.08477777777777784,-1.7890000000000015,-4.646333333333288,-0.22366666666666668,0.14366666666666728
184059,2023-05-19 02:35:00,Karmine Corp,Giants Gaming,0,0.5,0,1447.829180889269,0.2,178.823,0.8710000000000001,66.624,116.25699999999999,2.01,2.05,1500.7055841533531,0.6,205.87999999999997,1.07,74.68099999999998,137.14700000000002,2.233,2.0799999999999996,-52.87640326408405,-0.39999999999999997,-27.05699999999996,-0.19899999999999995,-8.056999999999988,-20.89000000000003,-0.2230000000000003,-0.029999999999999805
184032,2023-05-19 03:00:00,Sentinels,FURIA,1,0.5,0,1462.65987036707,0.4,190.04888888888888,0.9244444444444445,68.63666666666667,127.17666666666668,1.8411111111111111,2.3155555555555556,1497.0642636985503,0.4,196.68400000000003,0.998,72.051,128.26299999999998,2.233,2.2,-34.40439333148038,0.0,-6.635111111111144,-0.07355555555555549,-3.4143333333333317,-1.0863333333333003,-0.39188888888888895,0.11555555555555541
184033,2023-05-19 06:45:00,NRG,Evil Geniuses,1,0.5,0,1551.499318064975,0.8,206.586,1.056,77.03999999999999,134.6,2.4,1.9129999999999998,1507.5438035610402,0.6,204.48399999999998,1.0539999999999998,73.63700000000001,134.64600000000002,2.077,2.116,43.95551450393464,0.20000000000000007,2.1020000000000323,0.002000000000000224,3.4029999999999774,-0.04600000000002069,0.32299999999999995,-0.2030000000000003
184513,2023-05-19 16:00:00,ZETA DIVISION,Team Secret,0,1.0,1,1497.3567257014047,0.4,195.627,0.962,72.303,126.93299999999999,2.037,2.1930000000000005,1514.1643809946493,0.6,192.15699999999998,0.966,70.06300000000002,125.499,2.057,2.227,-16.80765529324458,-0.19999999999999996,3.4700000000000273,-0.0040000000000000036,2.2399999999999807,1.4339999999999975,-0.020000000000000018,-0.033999999999999364
184514,2023-05-19 19:15:00,T1,Gen.G,1,0.0,1,1528.2107731345668,0.8,198.597,1.014,72.44300000000001,128.777,1.943,2.034,1463.127913025872,0.0,196.97000000000006,0.985,71.99999999999999,127.51700000000001,1.9540000000000002,2.087,65.08286010869483,0.8,1.6269999999999527,0.029000000000000026,0.44300000000002626,1.2599999999999767,-0.01100000000000012,-0.05300000000000038
184060,2023-05-20 00:00:00,KOI,Team Liquid,0,0.5,0,1435.8676223530426,0.2,184.97000000000003,0.9155555555555553,69.00666666666667,120.8711111111111,1.9000000000000001,2.496666666666667,1524.834015086546,0.6,202.9922222222222,1.0422222222222224,72.51444444444445,129.46666666666664,2.066666666666667,2.144444444444444,-88.96639273350343,-0.39999999999999997,-18.022222222222183,-0.12666666666666704,-3.5077777777777754,-8.595555555555535,-0.16666666666666674,0.3522222222222231
184034,2023-05-20 03:00:00,Cloud9,KRÜ Esports,1,0.5,0,1587.206959838808,1.0,210.76999999999998,1.121,77.15,137.59,2.206,1.77,1378.576301203066,0.0,180.61,0.8733333333333335,66.90666666666667,118.8477777777778,1.9366666666666665,2.3444444444444446,208.63065863574207,1.0,30.159999999999968,0.24766666666666648,10.24333333333334,18.74222222222221,0.2693333333333334,-0.5744444444444445
184061,2023-05-20 04:35:00,BBL Esports,FUT Esports,0,0.5,0,1467.5968577671858,0.6,192.99555555555557,0.9655555555555555,71.17,127.53,2.1288888888888886,2.19,1502.6628919047466,0.4,201.72999999999996,1.0119999999999998,72.494,130.26,2.09,2.004,-35.06603413756079,0.19999999999999996,-8.734444444444392,-0.04644444444444429,-1.323999999999998,-2.7299999999999898,0.03888888888888875,0.18599999999999994
184035,2023-05-20 06:40:00,LEVIATÁN,LOUD,0,0.5,0,1505.8265487787567,0.4,202.966,1.071,74.527,131.857,2.2,1.937,1608.6172741300436,0.8,205.49100000000004,1.047,75.16499999999999,133.494,2.201,1.9749999999999996,-102.79072535128694,-0.4,-2.525000000000034,0.02400000000000002,-0.637999999999991,-1.6370000000000005,-0.0009999999999998899,-0.03799999999999959
184515,2023-05-20 16:00:00,KIWOOM DRX,Team Secret,1,0.0,1,1607.3710729853542,0.8,205.37000000000003,1.084,73.632,131.012,2.039,2.151,1529.3909631051602,0.6,,,,,,,77.98010988019405,0.20000000000000007,,,,,,
184516,2023-05-20 19:15:00,Paper Rex,T1,1,1.0,1,1561.683599970857,1.0,205.46999999999997,1.061,74.06,133.93099999999998,2.193,1.8800000000000001,1541.2481685715447,0.8,202.144,1.044,73.156,131.21699999999998,2.0900000000000003,1.921,20.435431399312165,0.19999999999999996,3.325999999999965,0.016999999999999904,0.9039999999999964,2.7139999999999986,0.10299999999999976,-0.040999999999999925
184036,2023-05-21 03:00:00,MIBR,100 Thieves,1,0.5,0,1432.8470480885712,0.0,182.85222222222222,0.8688888888888889,66.98444444444445,121.83999999999999,1.828888888888889,2.318888888888889,1516.1586122691192,0.6,194.43100000000004,0.9709999999999999,71.474,128.44400000000002,2.128,2.224,-83.31156418054798,-0.6,-11.578777777777816,-0.10211111111111093,-4.489555555555555,-6.604000000000028,-0.2991111111111111,0.0948888888888888
184518,2023-05-21 16:00:00,Team Secret,Gen.G,0,0.0,1,1516.9229692854133,0.6,,,,,,,1450.090517588894,0.0,195.84700000000004,0.976,71.597,127.247,1.861,2.1340000000000003,66.83245169651923,0.6,,,,,,
184517,2023-05-21 19:45:00,T1,ZETA DIVISION,1,1.0,1,1526.1881712217275,0.6,200.074,1.0219999999999998,72.066,130.767,2.1,1.984,1482.130143590894,0.4,,,,,,,44.05802763083352,0.19999999999999996,,,,,,
184519,2023-05-22 16:00:00,KIWOOM DRX,Paper Rex,0,1.0,1,1619.839066805101,0.8,207.83,1.108,74.523,132.456,2.07,2.1,1576.743597320674,1.0,209.39000000000001,1.098,74.99999999999999,135.671,2.303,1.85,43.095469484426985,-0.19999999999999996,-1.5600000000000023,0.010000000000000009,-0.47699999999998965,-3.2150000000000034,-0.2330000000000001,0.25
184520,2023-05-22 18:30:00,T1,Gen.G,1,0.5,2,1540.1700301110216,0.6,198.654,1.0099999999999998,71.623,130.23,2.137,2.027,1469.1308582611282,0.2,194.687,0.9719999999999999,71.78,126.25,1.954,2.0840000000000005,71.03917184989336,0.39999999999999997,3.9669999999999845,0.03799999999999992,-0.15699999999999648,3.9799999999999898,0.18300000000000005,-0.057000000000000384
213193,2023-05-23 23:00:00,Giants Gaming,FUT Esports,0,1.0,1,1514.2891633934446,0.6,204.45999999999998,1.0530000000000002,73.55099999999999,135.887,2.193,2.23,1517.0535023265156,0.4,200.88,1.011,72.574,129.91,2.05,2.034,-2.7643389330710306,0.19999999999999996,3.579999999999984,0.04200000000000026,0.9769999999999897,5.977000000000004,0.14300000000000024,0.19600000000000017
213194,2023-05-24 01:15:00,Team Liquid,Team Vitality,1,0.0,1,1536.8242209335965,0.8,204.39999999999998,1.05,72.903,130.95299999999997,2.1270000000000002,2.097,1482.6614893092333,0.2,192.446,0.9629999999999999,68.966,127.32300000000001,2.07,2.303,54.16273162436323,0.6000000000000001,11.95399999999998,0.08700000000000019,3.937000000000012,3.629999999999967,0.057000000000000384,-0.20599999999999996
189050,2023-05-24 03:55:00,LEVIATÁN,FURIA,0,0.0,1,1494.4267928595323,0.2,195.786,1.0299999999999998,72.667,127.84699999999998,2.0799999999999996,1.9769999999999999,1479.485041264038,0.2,193.824,0.975,71.598,126.54299999999998,2.2199999999999998,2.307,14.941751595494225,0.0,1.961999999999989,0.05499999999999983,1.0690000000000026,1.304000000000002,-0.14000000000000012,-0.33000000000000007
189051,2023-05-24 07:45:00,NRG,Evil Geniuses,0,1.0,1,1565.4858229226415,1.0,206.336,1.053,76.34700000000001,134.76,2.383,1.943,1493.5572987033736,0.6,202.474,1.033,72.65700000000001,133.89600000000002,2.0570000000000004,2.136,71.92852421926796,0.4,3.862000000000023,0.020000000000000018,3.6899999999999977,0.8639999999999759,0.3259999999999996,-0.19300000000000006
213195,2023-05-24 23:00:00,FNATIC,FUT Esports,1,1.0,1,1673.9223798993428,1.0,217.081,1.189,80.11699999999999,141.303,2.363,1.671,1532.9262025003325,0.6,201.04000000000002,1.027,73.11699999999999,129.89299999999997,2.03,2.047,140.99617739901032,0.4,16.04099999999997,0.16200000000000014,7.0,11.410000000000025,0.3330000000000002,-0.3760000000000001
213196,2023-05-25 02:45:00,Natus Vincere,Team Liquid,0,1.0,1,1592.1492879601171,0.8,200.504,1.035,74.12700000000001,132.94400000000002,2.427,2.163,1550.3499463242472,0.8,204.2,1.062,73.28599999999999,131.15299999999996,2.174,2.087,41.79934163586995,0.0,-3.695999999999998,-0.027000000000000135,0.8410000000000224,1.7910000000000537,0.2530000000000001,0.07599999999999962
189052,2023-05-25 03:50:00,LOUD,FURIA,1,1.0,1,1620.017030049268,0.8,205.75699999999998,1.065,76.137,134.348,2.2169999999999996,1.939,1496.172710457894,0.4,195.86700000000002,0.9990000000000002,72.581,128.253,2.167,2.3,123.84431959137396,0.4,9.889999999999958,0.06599999999999973,3.5559999999999974,6.095000000000027,0.04999999999999982,-0.36099999999999977
189053,2023-05-25 06:10:00,Cloud9,Evil Geniuses,0,1.0,1,1594.6086201251032,1.0,207.663,1.094,75.747,135.84300000000002,2.199,1.857,1512.8232033784861,0.8,203.731,1.042,72.964,134.793,2.087,2.116,81.7854167466171,0.19999999999999996,3.9320000000000164,0.052000000000000046,2.7830000000000013,1.0500000000000114,0.11199999999999966,-0.2590000000000001
213200,2023-05-26 01:20:00,FUT Esports,Team Vitality,1,1.0,1,1523.0848811081637,0.6,193.877,0.97,70.987,125.646,1.9129999999999996,2.114,1469.1357639185826,0.2,192.399,0.978,69.15899999999999,127.146,2.09,2.27,53.9491171895811,0.39999999999999997,1.4780000000000086,-0.008000000000000007,1.828000000000003,-1.5,-0.17700000000000027,-0.15600000000000014
189057,2023-05-26 04:00:00,FURIA,NRG,0,0.0,1,1485.6460796421366,0.2,189.91699999999997,0.953,70.841,124.48299999999998,2.117,2.2800000000000002,1546.219918247529,0.8,205.00300000000001,1.0539999999999998,76.53999999999999,133.747,2.343,1.943,-60.57383860539244,-0.6000000000000001,-15.086000000000041,-0.10099999999999987,-5.698999999999998,-9.264000000000038,-0.22599999999999998,0.3370000000000002
213199,2023-05-26 04:45:00,Natus Vincere,Giants Gaming,1,1.0,1,1574.2335908713258,0.6,202.267,1.048,74.117,133.597,2.4370000000000003,2.19,1498.4164632196278,0.4,205.26299999999998,1.059,73.57399999999998,136.51000000000002,2.2800000000000002,2.1900000000000004,75.817127651698,0.19999999999999996,-2.995999999999981,-0.010999999999999899,0.5430000000000206,-2.913000000000011,0.15700000000000003,-4.440892098500626e-16
189056,2023-05-26 06:30:00,Cloud9,LEVIATÁN,1,1.0,1,1574.9103214111644,0.8,203.92000000000002,1.0590000000000002,74.494,133.76600000000002,2.176,1.8699999999999999,1477.7391236656763,0.2,197.569,1.0470000000000002,73.27700000000002,128.7,2.1729999999999996,1.9940000000000002,97.17119774548814,0.6000000000000001,6.3510000000000275,0.01200000000000001,1.2169999999999845,5.066000000000031,0.0030000000000005578,-0.12400000000000033
213197,2023-05-26 23:00:00,FNATIC,Team Liquid,1,1.0,1,1683.7637012915116,1.0,219.913,1.217,80.85999999999999,142.967,2.354,1.5799999999999998,1568.2656434130386,0.8,203.72699999999998,1.0539999999999998,72.713,131.076,2.154,2.197,115.49805787847299,0.19999999999999996,16.186000000000035,0.16300000000000026,8.146999999999991,11.89100000000002,0.20000000000000018,-0.6170000000000002
213201,2023-05-27 01:40:00,Natus Vincere,FUT Esports,0,1.0,1,1586.7964688566371,0.6,205.35699999999997,1.072,74.687,135.497,2.447,2.04,1536.620209467564,0.6,195.657,0.9879999999999999,71.74699999999999,126.513,1.9659999999999997,2.0740000000000003,50.17625938907304,0.0,9.69999999999996,0.08400000000000019,2.940000000000012,8.984000000000009,0.4810000000000003,-0.03400000000000025
189054,2023-05-27 04:00:00,LOUD,Evil Geniuses,1,1.0,1,1630.5436608650255,0.8,208.631,1.097,77.789,136.27200000000002,2.193,1.873,1532.521502092425,0.8,206.631,1.08,74.244,135.623,2.097,1.9759999999999998,98.0221587726005,0.0,2.0,0.016999999999999904,3.5450000000000017,0.6490000000000293,0.09600000000000009,-0.10299999999999976
189058,2023-05-27 07:20:00,Cloud9,NRG,0,1.0,1,1586.5485615988146,0.8,202.387,1.059,74.611,132.719,2.1390000000000002,1.8530000000000002,1559.4583142580855,0.8,206.613,1.076,77.08,134.577,2.453,1.863,27.090247340729093,0.0,-4.225999999999999,-0.017000000000000126,-2.468999999999994,-1.858000000000004,-0.3139999999999996,-0.009999999999999787
214088,2023-05-27 13:30:00,Team Bunny,Team SuperBusS,1,0.5,0,1500.0,0.5,,,,,,,1500.0,0.5,,,,,,,0.0,0.0,,,,,,
184521,2023-05-27 15:00:00,KIWOOM DRX,T1,1,1.0,1,1601.8645630344947,0.6,202.77000000000004,1.064,73.083,130.35599999999997,2.05,2.13,1552.9433956362288,0.6,203.824,1.0529999999999997,73.683,133.5,2.3169999999999997,1.9570000000000003,48.92116739826588,0.0,-1.0539999999999736,0.011000000000000343,-0.6000000000000085,-3.144000000000034,-0.2669999999999999,0.1729999999999996
213202,2023-05-27 23:00:00,Team Liquid,FUT Esports,1,1.0,1,1557.3968860743416,0.8,199.28,1.0210000000000001,70.996,128.633,2.167,2.227,1554.9149798780445,0.8,195.73700000000002,0.9799999999999999,71.147,126.40299999999999,1.9560000000000002,2.094,2.481906196297132,0.0,3.542999999999978,0.04100000000000026,-0.15100000000001046,2.230000000000018,0.21099999999999963,0.133
189059,2023-05-28 04:00:00,Evil Geniuses,NRG,0,0.5,2,1520.9195135122443,0.6,208.60399999999998,1.09,74.44699999999999,137.01299999999998,2.12,1.959,1576.7033441657877,0.8,204.43599999999998,1.052,75.893,133.2,2.4059999999999997,2.0029999999999997,-55.78383065354342,-0.20000000000000007,4.168000000000006,0.038000000000000034,-1.4460000000000122,3.812999999999988,-0.2859999999999996,-0.043999999999999595
184522,2023-05-28 15:00:00,Paper Rex,KIWOOM DRX,1,0.0,1,1594.7181010912805,1.0,210.94,1.125,76.35999999999999,135.941,2.333,1.77,1615.6264319055742,0.6,202.094,1.067,73.785,129.69199999999998,2.0420000000000003,2.0360000000000005,-20.908330814293777,0.4,8.846000000000004,0.05800000000000005,2.5749999999999886,6.249000000000024,0.2909999999999999,-0.26600000000000046
213198,2023-05-28 23:00:00,FNATIC,Team Liquid,0,1.0,1,1694.6324586302085,1.0,219.233,1.2130000000000003,80.47999999999999,142.47700000000003,2.3340000000000005,1.65,1573.2825920142654,0.8,198.817,1.0020000000000002,70.73300000000002,129.063,2.2139999999999995,2.3040000000000003,121.34986661594303,0.19999999999999996,20.415999999999997,0.21100000000000008,9.746999999999971,13.414000000000044,0.120000000000001,-0.6540000000000004
189055,2023-05-29 04:00:00,LOUD,NRG,1,0.5,2,1642.1456494452061,0.8,208.79699999999997,1.097,77.349,136.48600000000002,2.146,1.9,1590.1562535550781,0.8,205.548,1.074,76.71099999999998,134.328,2.351,1.9300000000000002,51.98939589012798,0.0,3.248999999999967,0.02299999999999991,0.6380000000000194,2.1580000000000155,-0.20500000000000007,-0.03000000000000025
219595,2023-06-01 17:00:00,Weibo Gaming,Totoro Gaming,0,0.5,0,1500.0,0.5,,,,,,,1500.0,0.5,,,,,,,0.0,0.0,,,,,,
219596,2023-06-01 17:00:00,Number One Player,Douyu Gaming,0,0.5,0,1500.0,0.5,,,,,,,1500.0,0.5,,,,,,,0.0,0.0,,,,,,
219594,2023-06-01 20:00:00,Gank Gaming,Royal Never Give Up,0,0.5,0,1500.0,0.5,,,,,,,1500.0,0.5,,,,,,,0.0,0.0,,,,,,
219598,2023-06-01 20:00:00,Four Angry Men,Night Wings Gaming,0,0.5,0,1500.0,0.5,,,,,,,1500.0,0.5,,,,,,,0.0,0.0,,,,,,
219597,2023-06-02 17:00:00,Invincible Gaming,Nova Esports,0,0.5,0,1500.0,0.5,,,,,,,1500.0,0.5,,,,,,,0.0,0.0,,,,,,
219599,2023-06-02 17:00:00,TYLOO,Monarch Effect,1,0.5,0,1500.0,0.5,,,,,,,1500.0,0.5,,,,,,,0.0,0.0,,,,,,
219601,2023-06-02 20:00:00,Shenzhen NTER,Kingzone,1,0.5,0,1500.0,0.5,,,,,,,1500.0,0.5,,,,,,,0.0,0.0,,,,,,
219600,2023-06-02 21:00:00,Dragon Ranger Gaming,Rare Atom,1,0.5,0,1500.0,0.5,,,,,,,1500.0,0.5,,,,,,,0.0,0.0,,,,,,
221177,2023-06-03 17:00:00,Dragon Ranger Gaming,Royal Never Give Up,1,0.5,0,1516.0,1.0,203.87,1.03,78.8,136.13,2.53,2.13,1516.0,1.0,205.8,1.07,78.53,138.13,2.13,2.27,0.0,0.0,-1.9300000000000068,-0.040000000000000036,0.269999999999996,-2.0,0.3999999999999999,-0.14000000000000012
221176,2023-06-03 17:00:00,Totoro Gaming,Shenzhen NTER,1,0.5,0,1516.0,1.0,225.9,1.1,76.4,144.8,2.8,2.4,1516.0,1.0,245.9,1.48,92.7,161.0,2.4,0.6,0.0,0.0,-20.0,-0.3799999999999999,-16.299999999999997,-16.19999999999999,0.3999999999999999,1.7999999999999998
221179,2023-06-03 20:00:00,Night Wings Gaming,Douyu Gaming,0,0.5,0,1516.0,1.0,201.6,1.01,70.73,130.07,2.8,2.53,1516.0,1.0,218.0,1.15,77.0,138.0,2.9,1.4,0.0,0.0,-16.400000000000006,-0.1399999999999999,-6.269999999999996,-7.930000000000007,-0.10000000000000009,1.13
221178,2023-06-03 20:00:00,Nova Esports,TYLOO,0,0.5,0,1516.0,1.0,220.4,1.17,76.4,139.0,2.0,1.5,1516.0,1.0,208.0,1.02,72.67,137.8,2.73,2.27,0.0,0.0,12.400000000000006,0.1499999999999999,3.730000000000004,1.1999999999999886,-0.73,-0.77
221181,2023-06-04 17:00:00,Number One Player,Kingzone,1,0.5,0,1484.0,0.0,189.1,0.87,65.3,125.8,1.4,2.9,1484.0,0.0,141.7,0.54,46.1,96.7,0.6,2.4,0.0,0.0,47.400000000000006,0.32999999999999996,19.199999999999996,29.099999999999994,0.7999999999999999,0.5
221180,2023-06-04 17:00:00,Gank Gaming,Invincible Gaming,1,0.5,0,1484.0,0.0,198.67,0.97,68.27,131.07,2.27,2.13,1484.0,0.0,189.0,0.81,64.7,121.2,1.5,2.0,0.0,0.0,9.669999999999987,0.15999999999999992,3.569999999999993,9.86999999999999,0.77,0.1299999999999999
221183,2023-06-04 19:00:00,Weibo Gaming,Four Angry Men,1,0.5,0,1484.0,0.0,199.0,0.94,66.8,130.4,2.4,2.8,1484.0,0.0,197.6,0.98,67.67,127.87,2.53,2.8,0.0,0.0,1.4000000000000057,-0.040000000000000036,-0.8700000000000045,2.530000000000001,-0.1299999999999999,0.0
221182,2023-06-04 20:00:00,Rare Atom,Monarch Effect,0,0.5,0,1484.0,0.0,195.4,1.01,72.93,128.4,2.13,2.53,1484.0,0.0,213.2,1.0,74.53,137.33,2.27,2.73,0.0,0.0,-17.799999999999983,0.010000000000000009,-1.5999999999999943,-8.930000000000007,-0.14000000000000012,-0.20000000000000018
221838,2023-06-05 17:00:00,Royal Never Give Up,Nova Esports,1,0.5,0,1500.0,0.5,195.3,0.9850000000000001,73.61500000000001,130.165,2.2649999999999997,2.185,1500.0,0.5,194.25,0.955,65.65,124.1,1.8,1.85,0.0,0.0,1.0500000000000114,0.030000000000000138,7.965000000000003,6.064999999999998,0.46499999999999964,0.33499999999999996
221837,2023-06-05 17:00:00,Weibo Gaming,Shenzhen NTER,1,0.5,0,1500.0,0.5,206.2,1.045,71.6,132.965,2.4,2.235,1500.0,0.5,224.15,1.19,82.45,144.6,2.4,1.95,0.0,0.0,-17.950000000000017,-0.14500000000000002,-10.850000000000009,-11.634999999999991,0.0,0.2849999999999999
221839,2023-06-05 19:35:00,Night Wings Gaming,Gank Gaming,1,0.5,0,1500.0,0.5,196.8,0.9650000000000001,67.265,127.535,2.4,2.315,1500.0,0.5,210.985,1.1099999999999999,72.735,138.435,2.2350000000000003,2.315,0.0,0.0,-14.185000000000002,-0.1449999999999998,-5.469999999999999,-10.900000000000006,0.1649999999999996,0.0
221840,2023-06-05 20:00:00,Number One Player,Monarch Effect,0,0.5,0,1500.0,0.5,202.2,0.9950000000000001,69.75,134.9,1.8,2.65,1500.0,0.5,209.33499999999998,1.0150000000000001,75.5,135.60000000000002,2.37,2.5,0.0,0.0,-7.134999999999991,-0.020000000000000018,-5.75,-0.700000000000017,-0.5700000000000001,0.1499999999999999
221841,2023-06-06 17:00:00,Totoro Gaming,Douyu Gaming,1,0.5,0,1532.0,1.0,226.60000000000002,1.13,77.80000000000001,148.8,3.05,2.4,1532.0,1.0,216.55,1.14,78.05,139.35,2.5,1.7,0.0,0.0,10.050000000000011,-0.010000000000000009,-0.2499999999999858,9.450000000000017,0.5499999999999998,0.7
221842,2023-06-06 17:00:00,Kingzone,Four Angry Men,0,0.5,0,1468.0,0.0,166.95,0.72,55.7,110.65,1.5,2.3,1468.0,0.0,187.265,0.905,62.3,122.135,2.0999999999999996,2.5999999999999996,0.0,0.0,-20.314999999999998,-0.18500000000000005,-6.599999999999994,-11.485,-0.5999999999999996,-0.2999999999999998
221844,2023-06-06 19:15:00,Invincible Gaming,Rare Atom,1,0.5,0,1468.0,0.0,182.4,0.785,64.75,120.1,2.0,2.1,1468.0,0.0,199.5,1.0,71.30000000000001,130.4,2.2,2.5,0.0,0.0,-17.099999999999994,-0.21499999999999997,-6.550000000000011,-10.300000000000011,-0.20000000000000018,-0.3999999999999999
221843,2023-06-06 19:20:00,Dragon Ranger Gaming,TYLOO,0,0.5,0,1532.0,1.0,205.935,1.0750000000000002,76.65,135.965,2.315,2.2649999999999997,1532.0,1.0,215.3,1.115,74.185,139.9,2.465,1.935,0.0,0.0,-9.365000000000009,-0.039999999999999813,2.4650000000000034,-3.9350000000000023,-0.1499999999999999,0.3299999999999996
222364,2023-06-07 14:00:00,Weibo Gaming,Night Wings Gaming,1,0.5,0,1516.0,0.6666666666666666,208.33333333333334,1.05,72.43333333333332,135.17666666666665,2.5,2.1566666666666667,1516.0,0.6666666666666666,194.0,0.9500000000000001,67.64333333333333,125.19,2.3000000000000003,2.51,0.0,0.0,14.333333333333343,0.09999999999999998,4.789999999999992,9.98666666666665,0.19999999999999973,-0.35333333333333306
222367,2023-06-07 14:00:00,Four Angry Men,Invincible Gaming,1,0.5,0,1484.0,0.3333333333333333,200.60999999999999,1.0233333333333334,69.7,128.85666666666668,2.033333333333333,2.233333333333333,1484.0,0.3333333333333333,196.9,0.93,69.33333333333333,128.4333333333333,2.1999999999999997,1.8333333333333333,0.0,0.0,3.7099999999999795,0.09333333333333338,0.36666666666667425,0.42333333333337464,-0.16666666666666652,0.3999999999999997
222365,2023-06-07 16:15:00,Douyu Gaming,Royal Never Give Up,0,0.5,0,1516.0,0.6666666666666666,200.9333333333333,1.0266666666666666,72.2,129.26666666666665,2.1333333333333333,2.0,1516.0,0.6666666666666666,197.20000000000002,1.0200000000000002,73.21000000000001,131.20000000000002,2.266666666666666,2.1466666666666665,0.0,0.0,3.7333333333332916,0.0066666666666663765,-1.0100000000000051,-1.9333333333333655,-0.13333333333333286,-0.1466666666666665
222368,2023-06-07 16:15:00,Nova Esports,Gank Gaming,0,0.5,0,1484.0,0.3333333333333333,191.05666666666664,0.9433333333333334,65.99000000000001,122.0,1.89,1.9900000000000002,1484.0,0.3333333333333333,206.72333333333336,1.0866666666666667,73.65666666666667,134.49,2.456666666666667,2.2433333333333336,0.0,0.0,-15.666666666666714,-0.1433333333333333,-7.666666666666657,-12.490000000000009,-0.5666666666666671,-0.2533333333333334
222366,2023-06-07 18:50:00,Dragon Ranger Gaming,Monarch Effect,0,0.5,0,1516.0,0.6666666666666666,195.65666666666667,0.9833333333333334,72.2,129.61,2.143333333333333,2.31,1516.0,0.6666666666666666,211.98,1.0466666666666669,76.26666666666667,137.02333333333334,2.356666666666667,2.643333333333333,0.0,0.0,-16.323333333333323,-0.06333333333333346,-4.066666666666663,-7.413333333333327,-0.21333333333333382,-0.33333333333333304
222369,2023-06-07 19:15:00,Shenzhen NTER,Number One Player,1,0.5,0,1484.0,0.3333333333333333,214.16666666666666,1.1166666666666665,78.16666666666667,138.96666666666667,2.2666666666666666,2.1999999999999997,1484.0,0.3333333333333333,202.5333333333333,0.9733333333333335,69.81,134.91,2.1766666666666667,2.5433333333333334,0.0,0.0,11.633333333333354,0.14333333333333298,8.35666666666667,4.056666666666672,0.08999999999999986,-0.3433333333333337
222530,2023-06-08 14:00:00,Night Wings Gaming,Shenzhen NTER,0,0.5,0,1500.0,0.5,188.875,0.9025000000000001,65.9825,122.7425,2.0500000000000003,2.5575,1500.0,0.5,201.625,1.1025,79.75,132.275,2.175,1.95,0.0,0.0,-12.75,-0.19999999999999996,-13.767499999999998,-9.532499999999999,-0.12499999999999956,0.6075000000000002
222531,2023-06-08 17:00:00,Gank Gaming,Four Angry Men,0,0.5,0,1500.0,0.5,205.6425,1.0574999999999999,73.9925,133.5675,2.41,2.1325000000000003,1500.0,0.5,206.64,1.0725,73.225,132.26000000000002,2.1075,2.0075,0.0,0.0,-0.9974999999999739,-0.015000000000000124,0.7675000000000125,1.3074999999999761,0.3025000000000002,0.12500000000000044
222532,2023-06-08 21:00:00,Dragon Ranger Gaming,Douyu Gaming,1,0.5,0,1500.0,0.5,196.21,0.9700000000000001,71.65,129.4575,2.1399999999999997,2.25,1500.0,0.5,199.89999999999998,1.02,71.525,128.04999999999998,2.225,2.125,0.0,0.0,-3.6899999999999693,-0.04999999999999993,0.125,1.4075000000000273,-0.08500000000000041,0.125
220297,2023-06-11 11:00:00,FUT Esports,Evil Geniuses,0,0.5,0,1539.0292739381207,0.6,192.777,0.9540000000000001,70.50000000000001,124.01000000000002,1.923,2.141,1507.4666041229539,0.4,205.69899999999998,1.068,73.602,135.218,2.08,1.9709999999999996,31.562669815166828,0.19999999999999996,-12.921999999999997,-0.11399999999999999,-3.1019999999999897,-11.20799999999997,-0.15700000000000003,0.17000000000000037
220296,2023-06-11 13:45:00,KIWOOM DRX,Attacking Soul Esports,1,0.5,0,1598.6647283491923,0.6,197.43599999999998,1.0270000000000001,72.51500000000001,127.07599999999998,1.9959999999999998,2.112,1500.0,0.5,,,,,,,98.66472834919227,0.09999999999999998,,,,,,
220292,2023-06-11 16:15:00,EDward Gaming,T1,0,0.5,0,1484.0,0.0,205.0,0.97,70.53,134.2,2.87,1.87,1539.1815267651493,0.6,205.5,1.074,75.34700000000001,134.094,2.397,1.973,-55.18152676514933,-0.6,-0.5,-0.10400000000000009,-4.817000000000007,0.10599999999999454,0.4730000000000003,-0.10299999999999998
220290,2023-06-12 11:00:00,NRG,Natus Vincere,1,0.5,0,1576.5327425102507,0.6,206.39499999999998,1.0859999999999999,76.181,134.79500000000002,2.351,1.9769999999999999,1568.5016984461568,0.4,204.26999999999998,1.0610000000000002,73.97,134.747,2.4,1.9629999999999996,8.031044064093976,0.19999999999999996,2.125,0.02499999999999969,2.2109999999999985,0.04800000000000182,-0.04899999999999993,0.014000000000000234
220298,2023-06-12 14:30:00,KIWOOM DRX,Evil Geniuses,0,0.5,0,1610.2393752667315,0.6,199.166,1.035,72.805,128.10600000000002,1.9460000000000002,2.1819999999999995,1524.916133439345,0.6,207.08200000000002,1.082,73.999,136.338,2.087,1.9309999999999998,85.32324182738648,0.0,-7.916000000000025,-0.04700000000000015,-1.1939999999999884,-8.231999999999971,-0.14100000000000001,0.25099999999999967
220293,2023-06-13 11:00:00,NRG,T1,1,0.5,0,1592.1629651199487,0.8,204.045,1.068,75.58099999999999,134.142,2.314,2.054,1552.6614777822733,0.6,203.28300000000002,1.048,74.28999999999999,132.997,2.4240000000000004,2.016,39.50148733767537,0.20000000000000007,0.761999999999972,0.020000000000000018,1.2909999999999968,1.1449999999999818,-0.11000000000000032,0.03799999999999981
220299,2023-06-13 14:45:00,Attacking Soul Esports,FUT Esports,0,0.5,0,1488.4253530824608,0.0,191.5,0.88,72.7,124.7,2.7,1.6,1521.5797446217296,0.4,192.507,0.9590000000000002,70.67,123.83,1.9629999999999999,2.1209999999999996,-33.15439153926877,-0.4,-1.007000000000005,-0.07900000000000018,2.030000000000001,0.8700000000000045,0.7370000000000003,-0.5209999999999995
220294,2023-06-13 17:45:00,Natus Vincere,EDward Gaming,0,0.5,0,1552.8714758364588,0.2,201.97699999999998,1.044,73.043,133.694,2.417,1.9459999999999997,1470.520048982876,0.0,211.635,1.025,76.16499999999999,138.33499999999998,2.7,1.97,82.35142685358278,0.2,-9.658000000000015,0.019000000000000128,-3.1219999999999857,-4.640999999999991,-0.28300000000000036,-0.024000000000000243
220300,2023-06-14 11:00:00,KIWOOM DRX,FUT Esports,1,0.5,0,1590.3872256617872,0.4,198.40599999999998,1.0179999999999998,72.392,128.253,1.9330000000000005,2.195,1536.0575461071564,0.6,198.18400000000003,1.0010000000000001,71.607,127.35,2.0200000000000005,2.091,54.32967955463073,-0.19999999999999996,0.22199999999995157,0.016999999999999682,0.7849999999999966,0.9029999999999916,-0.08699999999999997,0.10399999999999965
220295,2023-06-14 14:15:00,T1,EDward Gaming,0,1.0,1,1538.4727906201008,0.6,203.056,1.044,74.064,132.79700000000003,2.364,2.089,1490.2430114923325,0.3333333333333333,208.59,1.0033333333333332,74.54333333333334,136.48999999999998,2.6666666666666665,2.3800000000000003,48.229779127768325,0.26666666666666666,-5.533999999999992,0.04066666666666685,-0.4793333333333436,-3.692999999999955,-0.30266666666666664,-0.29100000000000037
220444,2023-06-16 11:00:00,LOUD,Evil Geniuses,0,1.0,1,1655.7691604900335,0.8,207.417,1.091,77.12299999999999,134.50600000000003,2.2,1.907,1544.7682830442893,0.6,209.602,1.111,74.99199999999999,137.795,2.2,1.871,111.00087744574421,0.20000000000000007,-2.1850000000000023,-0.020000000000000018,2.1310000000000002,-3.288999999999959,0.0,0.03600000000000003
220443,2023-06-16 13:30:00,Team Liquid,EDward Gaming,1,0.5,0,1594.654282237458,0.8,203.022,1.0390000000000001,72.14800000000001,131.688,2.309,2.294,1508.4499173793808,0.5,211.2175,1.0675,77.3075,137.3425,2.575,2.1100000000000003,86.20436485807704,0.30000000000000004,-8.19550000000001,-0.028499999999999748,-5.159499999999994,-5.654500000000013,-0.266,0.18399999999999972
220442,2023-06-17 11:00:00,FNATIC,NRG,1,0.5,0,1673.260768407016,0.8,217.275,1.2020000000000004,79.932,140.94,2.357,1.6580000000000001,1606.3516522821212,0.8,201.27499999999998,1.0500000000000003,74.58099999999999,132.655,2.3470000000000004,2.114,66.90911612489481,0.0,16.00000000000003,0.15200000000000014,5.351000000000013,8.284999999999997,0.009999999999999787,-0.45599999999999974
220441,2023-06-17 13:30:00,Paper Rex,KIWOOM DRX,1,0.5,2,1611.6798046476624,1.0,212.74899999999997,1.14,77.43599999999999,136.858,2.369,1.6810000000000003,1603.9054472323073,0.6,198.286,1.014,72.186,128.72,1.906,2.222,7.774357415355098,0.4,14.462999999999965,0.1259999999999999,5.249999999999986,8.138000000000005,0.4630000000000003,-0.5409999999999997
220450,2023-06-18 11:00:00,EDward Gaming,LOUD,1,0.5,0,1496.3402687312587,0.4,207.294,1.05,76.47200000000001,134.834,2.5940000000000003,2.0480000000000005,1634.8244841211358,0.8,203.46700000000004,1.0580000000000003,75.06299999999999,132.366,2.1100000000000003,1.9869999999999997,-138.48421538987714,-0.4,3.8269999999999698,-0.00800000000000023,1.4090000000000202,2.4679999999999893,0.484,0.06100000000000083
220449,2023-06-18 13:35:00,KIWOOM DRX,NRG,0,0.5,0,1588.263409879792,0.4,195.696,0.9890000000000001,71.686,127.54,1.9259999999999997,2.282,1593.3953958584102,0.6,196.415,1.0130000000000001,72.638,130.29199999999997,2.2640000000000002,2.134,-5.131985978618104,-0.19999999999999996,-0.7189999999999941,-0.02400000000000002,-0.9519999999999982,-2.751999999999967,-0.3380000000000005,0.14800000000000013
220446,2023-06-19 11:00:00,Team Liquid,Evil Geniuses,0,0.5,0,1606.76393088558,0.8,201.065,1.027,72.00800000000001,130.588,2.249,2.271,1565.712959413187,0.6,213.465,1.134,76.225,140.00199999999998,2.1729999999999996,1.818,41.05097147239303,0.20000000000000007,-12.400000000000006,-0.10699999999999998,-4.2169999999999845,-9.413999999999987,0.07600000000000051,0.45299999999999985
220445,2023-06-19 13:15:00,Paper Rex,FNATIC,0,0.5,0,1627.3218420001776,1.0,210.679,1.1229999999999998,77.336,135.468,2.409,1.7510000000000001,1686.217024830727,0.8,216.41500000000002,1.2029999999999998,79.542,139.56,2.3270000000000004,1.7280000000000002,-58.8951828305494,0.19999999999999996,-5.736000000000018,-0.08000000000000007,-2.206000000000003,-4.092000000000013,0.0819999999999994,0.02299999999999991
220451,2023-06-20 11:00:00,Team Liquid,NRG,0,0.5,0,1588.8822121712242,0.6,198.55199999999996,0.9970000000000002,71.525,129.16799999999998,2.136,2.281,1609.159076356946,0.6,196.12500000000003,1.017,72.54800000000002,129.482,2.184,2.234,-20.276864185721706,0.0,2.4269999999999357,-0.019999999999999685,-1.0230000000000103,-0.3140000000000214,-0.04800000000000004,0.04700000000000015
220452,2023-06-20 14:45:00,Paper Rex,EDward Gaming,1,0.5,0,1614.008382000479,0.8,210.03900000000004,1.1149999999999998,77.126,135.138,2.3790000000000004,1.7510000000000001,1518.4001332711957,0.6,208.94500000000002,1.0616666666666668,76.69333333333334,135.57833333333335,2.5116666666666667,2.056666666666667,95.60824872928333,0.20000000000000007,1.0940000000000225,0.05333333333333301,0.43266666666666254,-0.4403333333333421,-0.13266666666666627,-0.305666666666667
220447,2023-06-21 11:00:00,FNATIC,Evil Geniuses,1,0.5,0,1699.5304848304256,0.8,215.90500000000003,1.1919999999999997,79.042,139.24,2.297,1.7580000000000002,1583.594678127543,0.8,213.775,1.1320000000000001,76.25500000000001,140.612,2.163,1.828,115.9358067028827,0.0,2.130000000000024,0.05999999999999961,2.786999999999992,-1.3719999999999857,0.13400000000000034,-0.06999999999999984
220453,2023-06-21 14:25:00,NRG,Paper Rex,0,0.5,0,1624.2263509869772,0.8,194.748,1.014,72.435,128.975,2.174,2.257,1625.713330990625,0.8,209.49900000000002,1.1139999999999999,77.739,134.56400000000002,2.413,1.784,-1.4869800036478864,0.0,-14.751000000000033,-0.09999999999999987,-5.304000000000002,-5.589000000000027,-0.23899999999999988,0.4730000000000001
220454,2023-06-24 11:00:00,Evil Geniuses,Paper Rex,1,0.5,0,1572.7439991875046,0.8,207.08800000000002,1.0719999999999998,74.272,135.715,2.0930000000000004,1.971,1641.644853448933,0.8,207.186,1.0929999999999997,76.853,133.26400000000004,2.393,1.85,-68.90085426142832,0.0,-0.09799999999998477,-0.020999999999999908,-2.580999999999989,2.450999999999965,-0.2999999999999994,0.121
220448,2023-06-25 12:30:00,FNATIC,Evil Geniuses,1,1.0,1,1710.381163770464,0.8,215.16199999999998,1.18,78.452,138.53300000000002,2.34,1.768,1591.8760490668456,0.8,208.016,1.0909999999999997,74.75800000000001,136.43700000000004,2.1390000000000002,1.941,118.50511470361835,0.0,7.145999999999987,0.08900000000000019,3.6939999999999884,2.095999999999975,0.20099999999999962,-0.17300000000000004
235566,2023-07-03 17:00:00,Trace Esports,Four Angry Men,1,0.5,0,1500.0,0.5,,,,,,,1516.0,0.6,205.926,1.072,74.526,132.15400000000002,2.232,2.02,-16.0,-0.09999999999999998,,,,,,
235567,2023-07-03 19:30:00,Monarch Effect,Royal Never Give Up,1,0.5,0,1532.0,0.75,211.23499999999999,1.0525000000000002,76.3675,135.2675,2.285,2.5149999999999997,1532.0,0.75,197.425,1.0150000000000001,73.08250000000001,130.1,2.3249999999999997,2.235,0.0,0.0,13.809999999999974,0.03750000000000009,3.2849999999999966,5.167500000000018,-0.03999999999999959,0.2799999999999998
235568,2023-07-04 17:00:00,TYLOO,Shenzhen NTER,1,0.5,0,1548.0,1.0,219.1,1.1500000000000001,76.32333333333334,143.53333333333333,2.4433333333333334,1.89,1516.0,0.6,204.126,1.094,78.974,133.714,2.1799999999999997,2.066,32.0,0.4,14.97399999999999,0.05600000000000005,-2.650666666666666,9.819333333333333,0.26333333333333364,-0.17599999999999993
235569,2023-07-04 19:15:00,Weibo Gaming,Dragon Ranger Gaming,1,0.5,0,1532.0,0.75,213.775,1.1,75.25,138.3825,2.55,1.9425,1516.0,0.6,200.948,1.008,72.9,132.546,2.1519999999999997,2.2,16.0,0.15000000000000002,12.826999999999998,0.09200000000000008,2.3499999999999943,5.836500000000001,0.39800000000000013,-0.2575000000000003
235552,2023-07-05 17:00:00,Attacking Soul Esports,Trace Esports,0,0.5,0,1473.947551597034,0.0,194.485,0.915,68.95,128.385,2.25,1.835,1516.736306793522,1.0,229.0,,,,,,-42.78875519648818,-1.0,-34.514999999999986,,,,,
235553,2023-07-05 20:00:00,Bilibili Gaming,Monarch Effect,1,0.5,0,1500.0,0.5,,,,,,,1548.0,0.8,213.894,,,,,,-48.0,-0.30000000000000004,,,,,,
235554,2023-07-06 17:00:00,FunPlus Phoenix,TYLOO,0,0.5,0,1484.0,0.0,185.07,0.9,70.87,118.87,1.2,2.73,1562.5304984710244,1.0,221.475,,,,2.9575,,-78.53049847102443,-1.0,-36.405,,,,-1.7575,
235555,2023-07-06 19:15:00,EDward Gaming,Weibo Gaming,1,0.5,0,1506.6951842810497,0.6,208.2957142857143,1.05,76.34714285714287,134.9714285714286,2.457142857142857,2.115714285714286,1547.263693206478,0.8,213.54000000000002,,,,2.9059999999999997,,-40.568508925428205,-0.20000000000000007,-5.2442857142857235,,,,-0.44885714285714284,
235560,2023-07-07 17:00:00,Attacking Soul Esports,Monarch Effect,1,0.5,0,1459.9081442483503,0.0,198.85666666666668,,,,,,1529.8034754597227,0.8,208.61166666666668,,,,,,-69.89533121137242,-0.8,-9.754999999999995,,,,,
235561,2023-07-07 20:00:00,FunPlus Phoenix,Weibo Gaming,1,0.5,0,1471.5561089173336,0.0,190.485,,,,,,1529.4038889669096,0.8,209.54999999999998,,,,,,-57.84778004957593,-0.8,-19.06499999999997,,,,,
235556,2023-07-08 17:00:00,Trace Esports,Bilibili Gaming,0,0.5,0,1530.7757141422057,1.0,216.065,,,,,,1518.1965245402773,1.0,220.0,,,,,,12.57918960192842,0.0,-3.9350000000000023,,,,,
235557,2023-07-09 17:00:00,TYLOO,EDward Gaming,0,0.5,0,1574.9743895536908,1.0,218.58,,,,,,1524.554988520618,0.6,209.73375000000001,,,,,,50.419401033072745,0.4,8.846249999999998,,,,,
235562,2023-07-10 17:00:00,Trace Esports,FunPlus Phoenix,0,0.5,0,1514.1966740446549,0.6666666666666666,201.04333333333332,,,,,,1490.195750536817,0.3333333333333333,198.59,,,,,,24.000923507837797,0.3333333333333333,2.453333333333319,,,,,
235563,2023-07-10 20:00:00,TYLOO,Attacking Soul Esports,1,0.5,0,1556.6686534854357,0.8,208.80500000000004,,,,,,1479.0842117780683,0.25,208.3175,,,,,,77.58444170736743,0.55,0.4875000000000398,,,,,
235558,2023-07-13 17:00:00,Bilibili Gaming,EDward Gaming,0,0.5,0,1534.7755646378282,1.0,218.16500000000002,,,,,,1542.8607245888732,0.6,211.59333333333336,,,,,,-8.085159951044943,0.4,6.571666666666658,,,,,
235564,2023-07-14 17:00:00,TYLOO,FunPlus Phoenix,0,1.0,1,1569.1539849169446,0.8,206.33714285714288,,,,,,1507.2992790948829,0.5,199.56,,,,,,61.85470582206176,0.30000000000000004,6.777142857142877,,,,,
235565,2023-07-15 17:00:00,Bilibili Gaming,FunPlus Phoenix,1,0.5,0,1519.147832816734,0.6666666666666666,204.28666666666666,,,,,,1526.1180753019403,0.6,200.608,,,,,,-6.9702424852061995,0.06666666666666665,3.6786666666666576,,,,,
232729,2023-07-16 04:00:00,MIBR,KRÜ Esports,0,1.0,1,1452.61180561703,0.2,185.174,0.889,67.753,123.03599999999999,1.873,2.294,1371.1746409167706,0.0,183.682,0.8910000000000002,67.763,120.80300000000003,1.9899999999999998,2.323,81.43716470025947,0.2,1.4920000000000186,-0.002000000000000224,-0.010000000000005116,2.2329999999999615,-0.11699999999999977,-0.028999999999999915
235559,2023-07-16 17:00:00,EDward Gaming,Bilibili Gaming,1,1.0,1,1558.4884564099673,0.8,213.027,,,,,,1535.4687812879774,0.75,206.195,,,,,,23.01967512198985,0.050000000000000044,6.831999999999994,,,,,
232731,2023-07-17 04:00:00,FURIA,KRÜ Esports,0,1.0,1,1472.40768363158,0.2,188.39,0.942,69.944,123.883,2.0840000000000005,2.3299999999999996,1390.857755365564,0.2,189.20199999999997,0.9320000000000002,69.17299999999999,123.66300000000001,2.0100000000000002,2.303,81.5499282660162,0.0,-0.8119999999999834,0.009999999999999787,0.771000000000015,0.21999999999998465,0.07400000000000029,0.02699999999999969
232730,2023-07-17 07:45:00,Sentinels,100 Thieves,1,1.0,1,1480.2390928015825,0.6,190.59099999999998,0.93,69.06,127.412,1.904,2.331,1496.3938547406603,0.4,191.88400000000001,0.9560000000000001,70.894,126.76400000000001,2.088,2.2510000000000003,-16.154761939077844,0.19999999999999996,-1.2930000000000348,-0.026000000000000023,-1.8340000000000032,0.6479999999999961,-0.18400000000000016,0.07999999999999963
232732,2023-07-18 04:00:00,Cloud9,Sentinels,1,1.0,1,1569.3035316911123,0.6,202.993,1.067,74.964,133.519,2.1659999999999995,1.893,1496.9825114061136,0.6,195.074,0.9630000000000001,69.893,130.48200000000003,1.9869999999999997,2.298,72.32102028499867,0.0,7.918999999999983,0.10399999999999987,5.070999999999998,3.0369999999999777,0.17899999999999983,-0.405
232733,2023-07-18 07:00:00,LEVIATÁN,KRÜ Esports,0,1.0,1,1466.1008834780262,0.2,197.22199999999998,1.023,72.557,128.817,2.116,2.057,1410.5457872284578,0.4,190.49899999999997,0.951,69.866,124.2,2.0230000000000006,2.316,55.55509624956835,-0.2,6.723000000000013,0.07199999999999995,2.6910000000000025,4.617000000000004,0.09299999999999953,-0.2589999999999999
237266,2023-07-18 16:00:00,TALON,DetonatioN FocusMe,1,1.0,1,1472.3409081663906,0.6,195.76300000000003,0.9460000000000001,68.583,130.54900000000004,1.9540000000000002,2.157,1366.389595493901,0.0,183.56,0.8719999999999999,69.313,120.97999999999999,1.8940000000000001,2.144,105.95131267248962,0.6,12.203000000000031,0.07400000000000018,-0.730000000000004,9.569000000000045,0.06000000000000005,0.0129999999999999
232734,2023-07-19 04:00:00,Cloud9,KRÜ Esports,0,1.0,1,1582.0203089969689,0.6,202.386,1.0579999999999998,74.491,132.53199999999998,2.049,1.95,1429.0826101035525,0.6,192.209,0.9719999999999999,71.113,125.72999999999999,2.063,2.1759999999999997,152.93769889341638,0.0,10.176999999999992,0.08599999999999997,3.378,6.8019999999999925,-0.014000000000000234,-0.22599999999999976
232736,2023-07-19 07:05:00,Sentinels,LEVIATÁN,0,0.0,1,1484.265734100257,0.6,194.034,0.954,69.846,129.696,1.9940000000000002,2.184,1447.5640606029315,0.0,196.349,1.011,71.93700000000001,128.48999999999998,2.016,2.104,36.7016734973256,0.6,-2.3149999999999977,-0.05699999999999994,-2.091000000000008,1.2060000000000173,-0.021999999999999797,0.08000000000000007
237267,2023-07-19 16:00:00,Rex Regum Qeon,Global Esports,1,1.0,1,1478.588193146973,0.4,198.797,0.998,72.13000000000001,129.316,2.093,1.9969999999999999,1446.7668373800316,0.4,199.41000000000003,1.0020000000000002,71.91300000000001,128.014,2.2070000000000003,2.14,31.82135576694145,0.0,-0.613000000000028,-0.004000000000000226,0.21699999999999875,1.3019999999999925,-0.11400000000000032,-0.14300000000000024
237268,2023-07-19 19:15:00,Gen.G,TALON,1,0.0,1,1456.357492735921,0.2,194.22,0.9649999999999999,71.44700000000002,125.51700000000001,1.9170000000000003,2.1870000000000003,1483.607497559762,0.6,198.233,0.9680000000000002,69.11599999999999,131.276,1.954,2.134,-27.25000482384098,-0.39999999999999997,-4.013000000000005,-0.0030000000000003357,2.3310000000000315,-5.759,-0.0369999999999997,0.05300000000000038
235363,2023-07-19 23:00:00,Team Heretics,KOI,0,0.0,1,1419.7706906771632,0.2,185.3,0.884,67.273,122.196,1.903,2.3600000000000003,1423.8774165059922,0.2,184.87300000000002,0.9129999999999999,68.759,120.451,1.8770000000000002,2.5140000000000002,-4.106725828828985,0.0,0.4269999999999925,-0.028999999999999915,-1.4860000000000042,1.7450000000000045,0.0259999999999998,-0.15399999999999991
235364,2023-07-20 03:10:00,BBL Esports,Karmine Corp,0,0.0,1,1453.2062473454168,0.6,192.596,0.953,71.493,127.33699999999999,2.1059999999999994,2.1510000000000002,1434.2456016491776,0.2,175.45999999999998,0.85,65.967,114.52000000000001,2.037,2.1100000000000003,18.960645696239226,0.39999999999999997,17.136000000000024,0.10299999999999998,5.525999999999996,12.816999999999979,0.0689999999999995,0.040999999999999925
237269,2023-07-20 16:00:00,ZETA DIVISION,Rex Regum Qeon,1,1.0,1,1468.1482847016,0.2,,,,,,,1493.1268494774283,0.6,200.14700000000002,1.012,72.22,129.636,2.103,2.047,-24.978564775828318,-0.39999999999999997,,,,,,
237270,2023-07-20 20:10:00,Team Secret,Gen.G,1,0.0,2,1497.8826286131791,0.6,,,,,,,1473.609834937628,0.4,193.31,0.9640000000000001,71.34,125.46699999999998,1.9240000000000002,2.2300000000000004,24.272793675551156,0.19999999999999996,,,,,,
235365,2023-07-20 23:00:00,Natus Vincere,KOI,0,0.0,1,1533.1485133270023,0.2,199.767,1.02,72.233,132.587,2.537,2.053,1439.6883035997196,0.4,188.756,0.9410000000000001,69.74199999999999,122.74399999999999,1.9569999999999996,2.394,93.46020972728275,-0.2,11.010999999999996,0.07899999999999996,2.491000000000014,9.843000000000004,0.5800000000000003,-0.3410000000000002
235366,2023-07-21 01:20:00,Giants Gaming,Karmine Corp,1,1.0,1,1485.8535852343164,0.4,205.913,1.0630000000000002,73.654,137.09,2.2800000000000002,2.23,1451.1179058507255,0.4,175.683,0.861,66.30699999999999,114.77000000000001,2.17,2.0300000000000002,34.73567938359088,0.0,30.230000000000018,0.20200000000000018,7.347000000000008,22.319999999999993,0.11000000000000032,0.19999999999999973
237271,2023-07-21 16:00:00,ZETA DIVISION,Team Secret,1,0.5,2,1485.2966123243405,0.4,,,,,,,1512.7666402034254,0.6,,,,,,,-27.47002787908491,-0.19999999999999996,,,,,,
237272,2023-07-21 18:25:00,Rex Regum Qeon,Gen.G,0,0.0,1,1475.9785218546879,0.6,202.127,1.033,72.933,131.809,2.133,2.114,1458.7258233473817,0.4,188.82,0.923,69.55,123.16699999999999,1.864,2.33,17.25269850730615,0.19999999999999996,13.307000000000016,0.10999999999999988,3.3830000000000098,8.64200000000001,0.2689999999999999,-0.2160000000000002
235367,2023-07-21 22:40:00,KOI,Giants Gaming,0,0.0,1,1459.8914106110467,0.6,189.876,0.954,70.642,122.63400000000001,1.797,2.324,1500.2592565658179,0.6,207.006,1.076,74.337,137.91699999999997,2.233,2.163,-40.367845954771155,0.0,-17.129999999999995,-0.12200000000000011,-3.6950000000000074,-15.282999999999959,-0.43600000000000017,0.16100000000000003
235371,2023-07-22 01:35:00,Natus Vincere,Karmine Corp,1,1.0,1,1512.9454063156752,0.2,196.65699999999998,0.9780000000000001,70.683,131.067,2.4669999999999996,2.0330000000000004,1436.712234519224,0.2,172.743,0.834,65.447,112.52000000000001,1.9899999999999998,2.04,76.23317179645119,0.0,23.913999999999987,0.14400000000000013,5.236000000000004,18.546999999999997,0.47699999999999987,-0.006999999999999673
237273,2023-07-22 16:00:00,Team Secret,Gen.G,1,0.3333333333333333,3,1495.504228141519,0.4,,,,,,,1475.5196870680552,0.6,189.654,0.925,69.55,123.42699999999999,1.857,2.2969999999999997,19.984541073463788,-0.19999999999999996,,,,,,
235372,2023-07-22 23:00:00,KOI,Natus Vincere,0,1.0,1,1445.742098223724,0.6,186.596,0.943,69.622,120.054,1.777,2.284,1525.4900136372553,0.2,197.237,0.9800000000000001,70.923,131.38,2.4199999999999995,2.0130000000000003,-79.74791541353125,0.39999999999999997,-10.640999999999991,-0.037000000000000144,-1.301000000000002,-11.325999999999993,-0.6429999999999996,0.27099999999999946
232737,2023-07-23 04:00:00,Cloud9,LEVIATÁN,0,1.0,1,1559.3994771814525,0.4,199.656,1.032,73.451,131.025,2.002,1.9299999999999997,1465.247976209406,0.2,198.349,1.0270000000000001,72.58000000000001,129.66000000000003,1.999,2.0540000000000003,94.1515009720465,0.2,1.3070000000000164,0.004999999999999893,0.8709999999999809,1.3649999999999807,0.0029999999999996696,-0.12400000000000055
237274,2023-07-23 16:00:00,ZETA DIVISION,Team Secret,1,0.6666666666666666,3,1502.5590243862468,0.6,,,,,,,1510.584919654813,0.4,,,,,,,-8.025895268566046,0.19999999999999996,,,,,,
235368,2023-07-23 23:00:00,Giants Gaming,Natus Vincere,1,0.0,2,1514.4085689531405,0.6,204.62599999999998,1.063,74.05699999999999,136.627,2.263,2.193,1537.8806517491098,0.4,197.337,0.9879999999999999,71.10999999999999,131.903,2.3869999999999996,2.04,-23.4720827959693,0.19999999999999996,7.288999999999987,0.07500000000000007,2.9470000000000027,4.724000000000018,-0.12399999999999967,0.15300000000000002
232735,2023-07-24 04:00:00,KRÜ Esports,LEVIATÁN,1,0.5,2,1451.7034419190688,0.8,194.263,0.991,71.713,127.476,2.0300000000000002,2.1089999999999995,1485.4807059499349,0.4,196.66299999999998,1.0,71.82000000000002,129.286,2.059,2.1000000000000005,-33.777264030866036,0.4,-2.3999999999999773,-0.009000000000000008,-0.10700000000002774,-1.8100000000000023,-0.028999999999999915,0.008999999999999009
247100,2023-08-07 03:00:00,Team Liquid,Natus Vincere,0,0.5,2,1573.8149375411929,0.6,197.529,0.9960000000000001,71.502,128.248,2.1689999999999996,2.2009999999999996,1520.801363881492,0.4,193.757,0.968,69.943,129.75,2.36,2.0669999999999997,53.013573659700796,0.19999999999999996,3.7719999999999914,0.028000000000000136,1.5589999999999975,-1.5020000000000095,-0.19100000000000028,0.1339999999999999
247101,2023-08-07 06:20:00,KIWOOM DRX,LOUD,1,0.0,1,1572.4997293812564,0.4,193.606,0.9710000000000001,71.236,126.02000000000001,1.9759999999999998,2.202,1612.7646195811988,0.6,202.73000000000002,1.0480000000000003,74.28299999999999,132.08300000000003,2.1000000000000005,1.9900000000000002,-40.26489019994233,-0.19999999999999996,-9.124000000000024,-0.07700000000000018,-3.046999999999983,-6.063000000000017,-0.12400000000000078,0.21199999999999974
247087,2023-08-08 03:00:00,FUT Esports,T1,1,0.5,0,1522.5393245366363,0.4,194.331,0.9730000000000001,70.74999999999999,124.88299999999997,1.987,2.1340000000000003,1520.2658847330524,0.4,197.246,0.9900000000000002,71.774,129.08700000000002,2.244,2.189,2.2734398035838694,0.0,-2.9150000000000205,-0.017000000000000126,-1.0240000000000151,-4.20400000000005,-0.2570000000000001,-0.054999999999999716
247086,2023-08-08 05:10:00,Evil Geniuses,FunPlus Phoenix,1,0.5,0,1581.1311821341158,0.6,205.38900000000004,1.073,74.06400000000001,134.62300000000002,2.152,1.9209999999999998,1509.797126830697,0.6,199.43999999999997,,,,,,71.33405530341884,0.0,5.949000000000069,,,,,
247102,2023-08-08 07:15:00,Natus Vincere,KIWOOM DRX,0,0.5,0,1539.223957120703,0.6,194.90699999999998,0.985,70.433,130.93,2.41,2.147,1590.345738980072,0.4,195.166,0.974,70.993,127.06300000000002,1.9330000000000003,2.249,-51.121781859368866,0.19999999999999996,-0.25900000000001455,0.01100000000000001,-0.5599999999999881,3.8669999999999902,0.47699999999999987,-0.10200000000000031
247094,2023-08-09 03:00:00,NRG,Bilibili Gaming,0,0.5,0,1608.2948285286693,0.6,196.375,1.0260000000000002,72.768,130.415,2.1670000000000003,2.257,1520.5273280025972,0.6,198.74200000000002,,,,,,87.76750052607213,0.0,-2.3670000000000186,,,,,
247093,2023-08-09 05:35:00,FNATIC,ZETA DIVISION,1,0.5,0,1721.1260307031937,0.8,215.17199999999997,1.1860000000000002,78.41199999999999,138.406,2.27,1.841,1518.9285647923173,0.6,,,,,,,202.19746591087642,0.20000000000000007,,,,,,
247088,2023-08-09 07:40:00,Evil Geniuses,FUT Esports,1,1.0,1,1593.8915222823614,0.6,202.339,1.045,73.114,133.623,2.1719999999999997,1.991,1538.43463025884,0.4,198.02100000000002,0.998,72.07,127.53299999999997,1.9970000000000003,2.0539999999999994,55.456892023521505,0.19999999999999996,4.317999999999984,0.04699999999999993,1.0440000000000111,6.090000000000018,0.17499999999999938,-0.06299999999999928
247075,2023-08-10 03:00:00,Paper Rex,KRÜ Esports,1,0.5,0,1622.512803569592,0.6,205.74200000000002,1.071,75.367,133.152,2.303,1.966,1469.2540602686317,1.0,192.98000000000002,0.9930000000000001,71.65,126.628,2.0629999999999997,2.087,153.2587433009603,-0.4,12.762,0.07799999999999985,3.7169999999999987,6.523999999999987,0.2400000000000002,-0.12100000000000022
247076,2023-08-10 05:15:00,EDward Gaming,Giants Gaming,1,0.5,0,1573.4299096953475,0.8,214.86700000000002,,,,,,1531.4878568207582,0.6,204.14600000000002,1.054,73.64000000000001,135.64000000000001,2.26,2.246,41.94205287458931,0.20000000000000007,10.721000000000004,,,,,
247095,2023-08-10 09:00:00,FNATIC,Bilibili Gaming,1,0.5,0,1728.7404853961432,1.0,216.10199999999995,1.1860000000000002,78.502,138.806,2.25,1.8409999999999997,1540.4853341572698,0.6,201.51833333333335,,,,,,188.2551512388734,0.4,14.583666666666602,,,,,
247103,2023-08-11 03:00:00,Team Liquid,LOUD,0,0.5,0,1555.392344301982,0.4,196.079,0.986,70.862,127.71799999999999,2.2890000000000006,2.241,1594.9186099823833,0.4,200.19,1.0350000000000001,72.99699999999999,130.27,2.1470000000000007,2.05,-39.526265680401366,0.0,-4.11099999999999,-0.049000000000000155,-2.134999999999991,-2.552000000000021,0.1419999999999999,0.19100000000000028
247089,2023-08-11 05:25:00,FunPlus Phoenix,T1,0,0.5,0,1497.0367866824513,0.6,197.7485714285714,,,,,,1504.3705790108488,0.2,194.00600000000003,0.959,70.064,127.397,2.1109999999999998,2.272,-7.3337923283975215,0.39999999999999997,3.742571428571381,,,,,
247077,2023-08-11 07:45:00,Paper Rex,EDward Gaming,1,1.0,1,1631.879723404591,0.6,205.132,1.057,75.307,132.94200000000004,2.293,2.036,1587.5077350445333,1.0,213.73300000000003,,,,,,44.371988360057685,-0.4,-8.601000000000028,,,,,
247078,2023-08-12 03:00:00,KRÜ Esports,Giants Gaming,0,0.5,0,1459.8871404336328,0.8,195.01000000000002,1.0090000000000001,72.66,128.178,2.093,2.067,1517.4100314715724,0.6,202.529,1.0380000000000003,73.713,134.42300000000003,2.293,2.279,-57.522891037939644,0.20000000000000007,-7.518999999999977,-0.029000000000000137,-1.0529999999999973,-6.245000000000033,-0.20000000000000018,-0.21199999999999974
247096,2023-08-12 05:45:00,ZETA DIVISION,NRG,0,0.5,0,1511.3141100993678,0.6,,,,,,,1588.3368223739967,0.4,196.915,1.0110000000000001,72.40799999999999,130.17499999999998,2.167,2.2769999999999997,-77.02271227462893,0.19999999999999996,,,,,,
247104,2023-08-13 03:00:00,Natus Vincere,LOUD,0,0.5,0,1525.5613580189085,0.6,195.33700000000002,0.9879999999999999,71.436,131.777,2.387,2.2,1609.1061706927578,0.4,200.957,1.049,73.417,130.85,2.104,1.987,-83.54481267384926,0.19999999999999996,-5.619999999999976,-0.061000000000000054,-1.9809999999999945,0.9269999999999925,0.2829999999999999,0.21300000000000008
247090,2023-08-13 06:55:00,FUT Esports,T1,1,1.0,1,1524.9670441531314,0.4,198.121,0.9870000000000001,71.03999999999999,127.28299999999999,2.027,2.134,1520.0328955445777,0.4,194.88600000000002,0.9670000000000002,69.94399999999999,127.97700000000002,2.121,2.242,4.934148608553642,0.0,3.234999999999985,0.019999999999999907,1.0960000000000036,-0.694000000000031,-0.09399999999999986,-0.1080000000000001
247079,2023-08-14 03:00:00,EDward Gaming,Giants Gaming,1,1.0,1,1573.54010292588,0.8,211.783,,,,,,1530.7849465639545,0.8,204.446,1.0590000000000004,74.136,136.30300000000003,2.343,2.246,42.75515636192563,0.0,7.336999999999989,,,,,
247098,2023-08-14 05:15:00,Bilibili Gaming,NRG,1,1.0,1,1532.39542913139,0.4,196.9157142857143,,,,,,1600.8467828773046,0.6,199.62199999999999,1.0500000000000003,73.635,131.56200000000004,2.154,2.0970000000000004,-68.4513537459145,-0.19999999999999996,-2.706285714285684,,,,,
248270,2023-08-17 03:00:00,FNATIC,LOUD,0,1.0,1,1736.830390422023,1.0,217.052,1.188,78.002,140.536,2.2399999999999998,1.8309999999999995,1621.331267979225,0.4,200.3,1.043,73.33700000000002,130.65299999999996,2.1440000000000006,1.9669999999999999,115.4991224427979,0.6,16.75199999999998,0.14500000000000002,4.664999999999978,9.883000000000038,0.0959999999999992,-0.13600000000000034
248271,2023-08-17 05:25:00,Paper Rex,FUT Esports,1,0.5,0,1645.8473555232442,0.8,204.642,1.0630000000000002,75.277,132.94199999999998,2.3430000000000004,2.0260000000000002,1540.7398334873462,0.6,198.481,0.993,70.97,128.173,2.137,2.0740000000000003,105.107522035898,0.20000000000000007,6.161000000000001,0.07000000000000017,4.307000000000002,4.768999999999977,0.2060000000000004,-0.04800000000000004
248272,2023-08-18 03:00:00,KIWOOM DRX,Bilibili Gaming,1,0.5,0,1604.0083380818664,0.6,192.26600000000002,0.9560000000000001,70.333,125.17000000000003,2.0060000000000002,2.3089999999999997,1551.5075669344694,0.6,199.12625,,,,,,52.50077114739702,0.0,-6.860249999999979,,,,,
248273,2023-08-18 05:25:00,Evil Geniuses,EDward Gaming,1,0.5,0,1607.35910838807,0.6,203.63600000000002,1.0619999999999998,73.361,134.703,2.239,2.018,1587.5810343431644,0.8,211.88300000000004,,,,,,19.778074044905452,-0.20000000000000007,-8.247000000000014,,,,,
248278,2023-08-19 03:00:00,FNATIC,FUT Esports,1,1.0,1,1715.699103777995,0.8,213.41199999999998,1.166,76.872,138.496,2.26,1.811,1529.4377615356073,0.4,199.99400000000003,1.002,71.60999999999999,130.08,2.174,2.0970000000000004,186.26134224238785,0.4,13.41799999999995,0.16399999999999992,5.262000000000015,8.415999999999997,0.08599999999999985,-0.2860000000000005
248279,2023-08-19 05:10:00,Bilibili Gaming,EDward Gaming,0,0.0,1,1537.9070810025958,0.4,198.20111111111112,,,,,,1572.4908657384622,0.6,211.103,,,,,,-34.5837847358664,-0.19999999999999996,-12.901888888888891,,,,,
248274,2023-08-20 03:00:00,LOUD,Paper Rex,0,0.5,0,1642.4625546232528,0.6,201.71,1.0670000000000002,74.12700000000001,131.483,2.204,1.9369999999999998,1657.1494274749832,0.8,204.952,1.064,75.07699999999998,132.80199999999996,2.303,2.006,-14.686872851730413,-0.20000000000000007,-3.2419999999999902,0.0030000000000001137,-0.9499999999999744,-1.31899999999996,-0.09899999999999975,-0.06899999999999995
248275,2023-08-20 06:25:00,KIWOOM DRX,Evil Geniuses,0,0.0,1,1617.60882401374,0.6,196.096,0.992,71.773,127.63999999999999,2.1260000000000003,2.2689999999999992,1622.4492769927722,0.8,207.781,1.091,74.053,137.385,2.332,1.9129999999999998,-4.840452979032079,-0.20000000000000007,-11.685000000000002,-0.09899999999999998,-2.280000000000001,-9.745000000000005,-0.20599999999999952,0.35599999999999943
248281,2023-08-21 03:00:00,LOUD,EDward Gaming,1,0.0,1,1627.138507531839,0.6,202.26000000000002,1.0560000000000003,73.5,130.98600000000005,2.197,2.004,1586.9034629232085,0.6,210.336,,,,,,40.23504460863046,0.0,-8.075999999999993,,,,,
248280,2023-08-21 06:20:00,KIWOOM DRX,FNATIC,0,0.5,0,1601.8317206900392,0.6,194.632,0.969,70.711,127.074,2.114,2.223,1723.8585821820507,0.8,211.04199999999997,1.157,76.455,136.846,2.3429999999999995,1.7880000000000003,-122.02686149201145,-0.20000000000000007,-16.409999999999968,-0.18800000000000006,-5.744,-9.772000000000006,-0.22899999999999965,0.4349999999999996
248276,2023-08-25 03:00:00,Paper Rex,Evil Geniuses,1,0.0,1,1672.473474566397,0.8,200.97899999999998,1.0270000000000001,73.77,130.91199999999998,2.3000000000000003,2.0789999999999997,1638.2263803164728,0.8,208.171,1.101,74.73299999999999,137.275,2.302,1.893,34.2470942499242,0.0,-7.192000000000007,-0.07399999999999984,-0.9629999999999939,-6.363000000000028,-0.0019999999999997797,0.18599999999999972
248282,2023-08-25 06:45:00,FNATIC,LOUD,0,0.0,1,1734.4592474034994,0.8,208.945,1.143,75.74799999999999,135.62300000000002,2.3599999999999994,1.688,1641.2938540908324,0.8,201.27,1.039,72.18,130.25300000000001,2.257,2.034,93.16539331266699,0.0,7.674999999999983,0.10400000000000009,3.5679999999999836,5.3700000000000045,0.10299999999999931,-0.34599999999999986
248283,2023-08-26 03:00:00,Evil Geniuses,LOUD,1,0.0,1,1623.7984291102443,0.8,206.61100000000002,1.079,73.79299999999999,136.56500000000003,2.3289999999999997,1.953,1661.484318400253,0.8,200.29000000000002,1.037,72.64000000000001,129.699,2.2969999999999997,1.967,-37.68588929000862,0.0,6.320999999999998,0.04200000000000004,1.1529999999999774,6.866000000000014,0.03200000000000003,-0.014000000000000012
248277,2023-08-27 03:30:00,Paper Rex,Evil Geniuses,0,1.0,1,1686.9014257726255,1.0,200.96999999999997,1.0190000000000001,73.36099999999999,131.04799999999997,2.2840000000000003,2.1620000000000004,1641.5271540116667,0.8,204.349,1.057,73.185,134.98499999999999,2.3089999999999997,2.013,45.37427176095889,0.19999999999999996,-3.379000000000019,-0.03799999999999981,0.17599999999998772,-3.937000000000012,-0.024999999999999467,0.14900000000000047
295605,2024-02-17 06:00:00,NRG,FURIA,1,1.0,1,1581.7346450742252,0.4,197.827,1.0260000000000002,72.69000000000001,130.42700000000002,2.089,2.1470000000000002,1452.7196517686862,0.2,190.293,0.9500000000000002,70.73100000000001,124.75299999999997,2.1570000000000005,2.3129999999999997,129.01499330553906,0.2,7.533999999999992,0.07600000000000007,1.9590000000000032,5.674000000000049,-0.0680000000000005,-0.16599999999999948
295606,2024-02-17 09:00:00,Cloud9,MIBR,1,1.0,1,1539.1667474409237,0.4,197.442,1.013,72.763,129.57100000000003,1.9480000000000004,1.9899999999999998,1432.9286911682368,0.2,182.654,0.8750000000000002,67.323,121.96599999999998,1.8430000000000004,2.284,106.23805627268689,0.2,14.788000000000011,0.13799999999999968,5.440000000000012,7.605000000000047,0.10499999999999998,-0.29400000000000004
296735,2024-02-17 14:00:00,T1,BLEED,1,0.5,0,1504.260106210363,0.2,192.649,0.9460000000000001,69.08099999999999,126.367,2.034,2.385,1500.0,0.5,,,,,,,4.260106210362892,-0.3,,,,,,
296745,2024-02-17 21:45:00,Gen.G,Rex Regum Qeon,1,1.0,2,1460.4389955547613,0.4,189.054,0.924,69.25999999999999,123.11699999999999,1.8820000000000001,2.257,1459.1846581340144,0.4,202.18,1.0379999999999998,73.00599999999999,132.24200000000002,2.0999999999999996,2.087,1.2543374207468787,0.0,-13.126000000000005,-0.11399999999999977,-3.745999999999995,-9.125000000000028,-0.21799999999999953,0.16999999999999993
295610,2024-02-18 06:00:00,LOUD,Sentinels,1,1.0,1,1643.7555934988306,0.6,200.81100000000004,1.035,72.845,130.442,2.27,1.9470000000000003,1466.5818184937825,0.6,194.334,0.96,70.076,129.58599999999998,2.044,2.134,177.17377500504813,0.0,6.477000000000032,0.07499999999999996,2.7690000000000055,0.856000000000023,0.22599999999999998,-0.1869999999999996
295611,2024-02-18 08:35:00,LEVIATÁN,100 Thieves,1,0.0,1,1467.930087600372,0.4,195.71,0.994,71.498,129.006,1.984,2.0729999999999995,1479.6504361361292,0.2,194.197,0.9790000000000001,71.571,128.147,2.1750000000000003,2.2340000000000004,-11.720348535757239,0.2,1.5130000000000052,0.014999999999999902,-0.07299999999999329,0.8590000000000089,-0.19100000000000028,-0.16100000000000092
296730,2024-02-18 14:00:00,ZETA DIVISION,Global Esports,1,1.0,1,1498.80414959606,0.6,,,,,,,1432.2281810495763,0.4,201.497,1.0170000000000001,72.38000000000001,129.697,2.287,2.133,66.57596854648364,0.19999999999999996,,,,,,
296731,2024-02-18 16:30:00,Team Secret,TALON,0,1.0,1,1494.2153792487425,0.4,,,,,,,1466.3551553580548,0.6,198.513,0.9750000000000002,69.116,131.55599999999998,2.027,2.194,27.86022389068762,-0.19999999999999996,,,,,,
296736,2024-02-18 18:30:00,KIWOOM DRX,DetonatioN FocusMe,1,1.0,1,1591.2310554685905,0.6,194.147,0.977,70.224,126.67,2.07,2.2139999999999995,1355.1230061005297,0.0,185.05,0.8859999999999999,69.833,121.97,1.9140000000000001,2.164,236.10804936806085,0.6,9.09699999999998,0.09100000000000008,0.39100000000000534,4.700000000000003,0.1559999999999997,0.04999999999999938
295615,2024-02-19 06:00:00,KRÜ Esports,G2 Esports,0,0.5,0,1446.5122253412508,0.6,194.597,1.0030000000000001,72.483,128.185,2.12,2.0639999999999996,1500.0,0.5,,,,,,,-53.48777465874923,0.09999999999999998,,,,,,
296747,2024-02-19 14:00:00,Gen.G,Paper Rex,0,0.0,1,1476.3812314327963,0.6,191.24399999999997,0.9359999999999999,69.987,124.704,2.009,2.18,1668.8236625288835,0.8,199.62500000000003,1.0010000000000001,72.081,130.733,2.229,2.197,-192.44243109608715,-0.20000000000000007,-8.381000000000057,-0.06500000000000017,-2.0940000000000083,-6.029000000000011,-0.2200000000000002,-0.016999999999999904
296738,2024-02-19 17:15:00,BLEED,Global Esports,0,0.5,0,1484.19617530979,0.0,192.2,0.86,68.6,127.2,2.7,2.6,1419.2571351312438,0.2,199.327,1.0,71.35,128.82999999999998,2.2900000000000005,2.173,64.93904017854629,-0.2,-7.1270000000000095,-0.14,-2.75,-1.6299999999999812,0.4099999999999997,0.42700000000000005
296737,2024-02-19 21:00:00,T1,ZETA DIVISION,1,1.0,1,1520.0639309005728,0.4,196.00900000000001,0.9730000000000001,70.10100000000001,128.127,2.104,2.385,1511.7751955143924,0.6,,,,,,,8.288735386180406,-0.19999999999999996,,,,,,
295608,2024-02-20 06:00:00,FURIA,MIBR,0,1.0,1,1442.4021937138587,0.2,187.72599999999997,0.9390000000000001,70.58099999999999,122.833,2.0469999999999997,2.39,1421.6741481544973,0.2,183.23399999999998,0.8770000000000001,68.196,122.37299999999998,1.89,2.25,20.728045559361362,0.0,4.49199999999999,0.061999999999999944,2.384999999999991,0.46000000000002217,0.1569999999999998,0.14000000000000012
295613,2024-02-20 08:45:00,Sentinels,100 Thieves,1,1.0,2,1458.1002823921242,0.4,194.53699999999998,0.962,70.48299999999999,129.563,2.084,2.107,1463.1108987840234,0.2,196.05,0.9870000000000001,72.204,129.474,2.068,2.2470000000000003,-5.010616391899248,0.2,-1.5130000000000337,-0.025000000000000133,-1.7210000000000036,0.08899999999999864,0.016000000000000014,-0.14000000000000012
296733,2024-02-20 16:00:00,DetonatioN FocusMe,Team Secret,0,0.0,1,1348.5828799662181,0.0,181.65000000000003,0.8620000000000001,68.863,119.23000000000002,1.864,2.2139999999999995,1476.9351114502933,0.4,,,,,,,-128.35223148407522,-0.4,,,,,,
296732,2024-02-20 18:20:00,KIWOOM DRX,TALON,1,1.0,1,1597.771181602902,0.6,193.077,0.9690000000000001,70.034,125.93999999999998,2.14,2.1339999999999995,1483.635423156504,0.6,201.983,1.0219999999999998,71.21600000000001,133.116,2.057,2.134,114.13575844639809,0.0,-8.906000000000006,-0.052999999999999714,-1.1820000000000022,-7.17600000000003,0.08300000000000018,-4.440892098500626e-16
297401,2024-02-21 00:00:00,FUT Esports,Team Heretics,0,1.0,1,1521.2782831315517,0.4,195.22400000000002,0.9690000000000001,69.49300000000001,127.37,2.0509999999999997,2.2,1403.9598035834358,0.2,183.23,0.873,66.97299999999998,120.95900000000002,1.8930000000000002,2.37,117.31847954811587,0.2,11.994000000000028,0.09600000000000009,2.5200000000000244,6.410999999999987,0.15799999999999947,-0.16999999999999993
297402,2024-02-21 02:35:00,GIANTX,Karmine Corp,0,0.5,0,1500.0,0.5,,,,,,,1424.167627197644,0.2,174.133,0.8480000000000001,65.97400000000002,113.46,2.0300000000000002,2.063,75.83237280235608,0.3,,,,,,
296749,2024-02-21 14:00:00,Gen.G,Rex Regum Qeon,1,1.0,1,1468.4361574200725,0.4,194.94700000000003,0.9549999999999998,70.264,126.944,2.079,2.2,1443.2424222559794,0.2,198.10999999999999,1.003,71.79299999999999,129.242,2.053,2.224,25.19373516409314,0.2,-3.162999999999954,-0.04800000000000004,-1.5289999999999964,-2.2979999999999876,0.026000000000000245,-0.02400000000000002
296734,2024-02-21 17:30:00,TALON,Team Secret,0,0.5,2,1472.710311466369,0.6,203.00300000000001,1.034,72.41600000000001,133.426,2.077,2.164,1487.2792589729186,0.4,,,,,,,-14.568947506549648,0.19999999999999996,,,,,,
296739,2024-02-21 20:15:00,ZETA DIVISION,Global Esports,1,1.0,2,1496.1568334846534,0.4,,,,,,,1438.2133431282925,0.4,198.844,0.993,71.027,129.243,2.207,2.16,57.943490356360826,0.0,,,,,,
297406,2024-02-21 21:00:00,Natus Vincere,BBL Esports,1,1.0,1,1513.3362607324414,0.4,192.23700000000002,0.9639999999999999,70.499,129.107,2.337,2.29,1436.333943143869,0.4,193.71600000000004,0.9610000000000001,71.34700000000001,128.404,2.113,2.237,77.0023175885724,0.0,-1.4790000000000134,0.0029999999999997806,-0.8480000000000132,0.703000000000003,0.2240000000000002,0.052999999999999936
297407,2024-02-22 00:00:00,Team Liquid,Movistar KOI,1,0.5,0,1541.2047835916073,0.2,191.312,0.9519999999999997,69.652,124.595,2.172,2.2840000000000003,1500.0,0.5,,,,,,,41.20478359160734,-0.3,,,,,,
297412,2024-02-22 02:45:00,Team Vitality,Gentle Mates,1,0.5,0,1455.6004355591822,0.2,192.566,0.9800000000000001,69.506,127.35300000000002,2.137,2.2630000000000003,1500.0,0.5,,,,,,,-44.39956444081781,-0.3,,,,,,
297254,2024-02-22 14:00:00,Team Secret,Gen.G,0,0.5,4,1502.6087271119743,0.6,,,,,,,1483.277972315249,0.6,196.19400000000002,0.9660000000000002,70.851,127.737,2.132,2.226,19.330754796725387,0.0,,,,,,
298687,2024-02-22 17:00:00,Trace Esports,TYLOO,1,0.5,0,1497.093145486589,0.5,198.615,,,,,,1550.3351887098872,0.6,205.47000000000003,,,,,,-53.2420432232982,-0.09999999999999998,-6.855000000000018,,,,,
297253,2024-02-22 17:20:00,ZETA DIVISION,Team Secret,0,0.75,4,1509.5129044025653,0.4,,,,,,,1485.7194304105008,0.4,194.724,1.013,70.765,130.226,2.0479999999999996,2.1179999999999994,23.79347399206449,0.0,,,,,,
298688,2024-02-22 19:05:00,FunPlus Phoenix,Nova Esports,1,0.5,0,1481.3744701487224,0.4,196.55499999999998,,,,,,1468.0,0.25,195.4425,0.97,68.775,127.25,1.8675,2.06,13.374470148722367,0.15000000000000002,1.112499999999983,,,,,
297255,2024-02-22 19:30:00,Gen.G,ZETA DIVISION,1,0.0,1,1500.1672690167225,0.6,196.0,0.9650000000000001,70.424,127.71,2.198,2.1789999999999994,1492.4188841932732,0.4,190.892,0.9470000000000001,68.083,124.14799999999998,1.9470000000000003,2.102,7.748384823449214,0.19999999999999996,5.108000000000004,0.018000000000000016,2.341000000000008,3.562000000000012,0.25099999999999967,0.07699999999999951
297403,2024-02-23 00:00:00,Team Heretics,Karmine Corp,1,1.0,1,1425.1661306115552,0.4,186.32,0.9039999999999999,68.11299999999999,123.239,2.003,2.3400000000000003,1443.605418872471,0.4,181.39600000000002,0.8959999999999999,67.831,118.547,2.133,2.056,-18.439288260915873,0.0,4.923999999999978,0.008000000000000007,0.28199999999998226,4.692000000000007,-0.1299999999999999,0.28400000000000025
297404,2024-02-23 02:10:00,FUT Esports,GIANTX,1,0.5,0,1500.0719561034323,0.2,194.334,0.959,69.57300000000001,127.58,2.0810000000000004,2.23,1480.5622083251728,0.0,186.0,0.91,66.33,121.67,1.93,2.33,19.509747778259452,0.2,8.334000000000003,0.04899999999999993,3.243000000000009,5.909999999999997,0.15100000000000047,-0.10000000000000009
298692,2024-02-23 15:00:00,JDG Esports,Titan Esports Club,0,0.5,0,1500.0,0.5,,,,,,,1500.0,0.5,,,,,,,0.0,0.0,,,,,,
298693,2024-02-23 17:55:00,Dragon Ranger Gaming,All Gamers,1,0.5,0,1500.736306793522,0.4,199.40166666666667,,,,2.6266666666666665,,1500.0,0.5,,,,,,,0.7363067935220897,-0.09999999999999998,,,,,,
298697,2024-02-23 20:05:00,Bilibili Gaming,Wolves Esports,0,0.5,0,1523.4944838178494,0.4,197.881,,,,,,1500.0,0.5,,,,,,,23.494483817849414,-0.09999999999999998,,,,,,
297408,2024-02-23 21:00:00,Natus Vincere,Team Liquid,1,0.5,2,1525.8471157699746,0.4,195.317,0.9890000000000001,71.496,131.637,2.3099999999999996,2.3000000000000003,1555.3160799043649,0.2,192.192,0.958,70.259,126.045,2.1550000000000002,2.3240000000000003,-29.468964134390262,0.2,3.125,0.03100000000000014,1.2369999999999948,5.591999999999999,0.15499999999999936,-0.02400000000000002
297409,2024-02-23 23:10:00,BBL Esports,Movistar KOI,0,0.5,0,1423.8230881063357,0.2,194.68900000000002,0.966,71.597,128.69099999999997,2.093,2.04,1485.8887036872425,0.0,192.3,0.92,68.2,126.1,2.6,2.1,-62.06561558090675,0.2,2.38900000000001,0.04599999999999993,3.3969999999999914,2.5909999999999798,-0.5070000000000001,-0.06000000000000005
297414,2024-02-24 01:20:00,Team Vitality,FNATIC,0,0.0,1,1473.6340528633348,0.4,191.976,0.9880000000000001,69.436,127.48300000000002,2.067,2.2630000000000003,1714.2687830940788,0.6,208.93699999999998,1.137,75.45599999999999,136.253,2.283,1.693,-240.63473023074403,-0.19999999999999996,-16.960999999999984,-0.1489999999999999,-6.019999999999982,-8.769999999999968,-0.21599999999999975,0.5700000000000003
295607,2024-02-24 06:00:00,NRG,Cloud9,1,0.0,1,1592.0521031290527,0.4,199.04999999999998,1.0420000000000003,74.03,131.38,2.1390000000000002,2.0700000000000003,1550.4212904546632,0.4,195.252,0.994,72.24,128.268,1.9609999999999999,2.07,41.63081267438952,0.0,3.7979999999999734,0.048000000000000265,1.7900000000000063,3.1119999999999948,0.17800000000000038,4.440892098500626e-16
295612,2024-02-24 08:25:00,LOUD,LEVIATÁN,1,1.0,1,1652.237129600489,0.6,202.26100000000002,1.061,73.965,131.18200000000002,2.3299999999999996,1.967,1484.4696249524777,0.6,195.58300000000003,0.991,71.212,128.793,1.9839999999999995,2.026,167.76750464801125,0.0,6.677999999999997,0.06999999999999995,2.753,2.38900000000001,0.3460000000000001,-0.05899999999999972
297256,2024-02-24 16:00:00,T1,Paper Rex,0,0.0,1,1535.6822929303119,0.6,197.256,0.9810000000000002,70.68700000000001,129.001,2.117,2.2989999999999995,1676.7687365416073,0.8,203.27799999999996,1.027,72.79400000000001,134.023,2.299,2.187,-141.0864436112954,-0.20000000000000007,-6.021999999999963,-0.04599999999999971,-2.1069999999999993,-5.021999999999991,-0.18199999999999994,0.11199999999999966
298690,2024-02-24 17:00:00,TYLOO,Nova Esports,0,1.0,1,1531.902316293265,0.4,203.07333333333338,,,,,,1452.6156130595568,0.2,193.154,,,,,,79.28670323370807,0.2,9.919333333333384,,,,,
297257,2024-02-24 18:25:00,KIWOOM DRX,Gen.G,0,1.0,1,1608.6962932930371,0.6,195.027,0.9970000000000002,71.144,127.08,2.24,2.074,1515.8105018546116,0.8,198.10999999999999,0.983,70.571,129.59699999999998,2.105,2.1790000000000003,92.88579143842549,-0.20000000000000007,-3.0829999999999984,0.014000000000000234,0.5730000000000075,-2.5169999999999817,0.13500000000000023,-0.10500000000000043
298695,2024-02-24 19:25:00,JDG Esports,All Gamers,1,0.5,0,1484.0,0.0,197.5,,,,,,1484.0339081301693,0.0,192.0,,,,,,-0.03390813016926586,0.0,5.5,,,,,
295617,2024-02-25 06:00:00,G2 Esports,Evil Geniuses,0,0.5,0,1513.556074063738,1.0,203.27,1.05,71.87,132.4,1.93,2.6,1659.6049172554087,0.8,204.03900000000002,1.049,72.82000000000001,134.645,2.314,2.0780000000000003,-146.0488431916708,0.19999999999999996,-0.7690000000000055,0.001000000000000112,-0.9500000000000028,-2.2450000000000045,-0.3840000000000001,0.5219999999999998
298689,2024-02-25 15:00:00,Trace Esports,FunPlus Phoenix,0,0.0,1,1515.5260179032114,0.6,206.81199999999998,,,,,,1496.7588570891655,0.4,198.45999999999998,,,,,,18.767160814045837,0.19999999999999996,8.352000000000004,,,,,
297258,2024-02-25 16:00:00,Paper Rex,Gen.G,0,1.0,1,1686.6065172693075,0.8,203.06799999999998,1.032,72.994,133.54000000000002,2.252,2.264,1535.9889707186244,0.8,200.08999999999997,1.0070000000000001,71.471,131.527,2.1350000000000002,2.159,150.61754655068307,0.0,2.9780000000000086,0.02499999999999991,1.5229999999999961,2.0130000000000337,0.11699999999999955,0.10499999999999998
298694,2024-02-25 18:30:00,Titan Esports Club,Dragon Ranger Gaming,0,0.5,0,1516.0,1.0,207.9,,,,,,1516.7023986633528,0.4,202.21571428571428,,,,,,-0.7023986633528239,0.6,5.684285714285721,,,,,
297416,2024-02-25 21:05:00,Team Vitality,Gentle Mates,1,1.0,1,1467.2284727774747,0.4,191.356,0.9870000000000001,69.236,126.78299999999999,2.037,2.333,1481.9663826958474,0.0,171.9,0.84,68.4,113.1,1.9,2.4,-14.73790991837268,0.4,19.45599999999999,0.14700000000000013,0.8359999999999985,13.682999999999993,0.137,-0.06699999999999973
298698,2024-02-25 22:00:00,Wolves Esports,EDward Gaming,0,0.5,0,1517.0803147742763,1.0,198.6,,,,,,1572.748116364215,0.4,208.81599999999997,,,,,,-55.66780158993879,0.6,-10.21599999999998,,,,,
297405,2024-02-26 00:15:00,Karmine Corp,FUT Esports,1,0.0,1,1426.757054644993,0.4,182.01600000000002,0.898,68.691,119.58699999999999,2.123,2.066,1515.1744421710566,0.4,197.974,0.991,70.57300000000001,130.03300000000002,2.101,2.1559999999999997,-88.41738752606352,0.0,-15.95799999999997,-0.09299999999999997,-1.882000000000005,-10.446000000000026,0.02200000000000024,-0.08999999999999986
297410,2024-02-26 03:45:00,Team Liquid,Movistar KOI,0,1.0,1,1537.9622290123841,0.2,191.43200000000002,0.944,70.06899999999999,125.905,2.165,2.244,1499.0604971944422,0.5,201.9,1.05,74.55000000000001,131.95,2.5,1.9,38.901731817941936,-0.3,-10.46799999999999,-0.1060000000000001,-4.481000000000023,-6.0449999999999875,-0.33499999999999996,0.3440000000000003
295609,2024-02-26 04:00:00,Cloud9,MIBR,0,1.0,2,1536.3293373129502,0.4,192.502,0.9540000000000001,70.91,126.758,1.9609999999999999,2.18,1438.627579005757,0.4,181.73700000000002,0.877,67.78299999999999,122.11999999999998,1.8399999999999999,2.2800000000000002,97.70175830719313,0.0,10.764999999999986,0.07700000000000007,3.1270000000000095,4.638000000000019,0.121,-0.10000000000000009
295614,2024-02-26 06:40:00,LEVIATÁN,Sentinels,0,1.0,1,1475.6462985870467,0.6,191.066,0.9450000000000001,69.88199999999999,126.636,1.911,2.213,1474.331013808273,0.4,196.31699999999998,0.977,71.25699999999999,131.10299999999998,2.09,2.06,1.31528477877373,0.19999999999999996,-5.250999999999976,-0.03199999999999992,-1.375,-4.4669999999999845,-0.17899999999999983,0.15300000000000002
295619,2024-02-26 09:55:00,G2 Esports,KRÜ Esports,1,1.0,1,1503.9118445941685,0.5,199.585,1.0,71.985,131.95,2.065,2.8,1432.9561512775128,0.4,198.984,1.0340000000000003,73.496,131.38500000000002,2.2800000000000002,2.0169999999999995,70.9556933166557,0.09999999999999998,0.6009999999999991,-0.03400000000000025,-1.5109999999999957,0.5649999999999693,-0.2150000000000003,0.7830000000000004
298691,2024-02-26 15:00:00,Trace Esports,Nova Esports,1,0.5,0,1498.6625977942756,0.4,205.80999999999997,,,,,,1472.2048101699993,0.2,195.14499999999998,,,,,,26.457787624276307,0.2,10.664999999999992,,,,,
298696,2024-02-26 17:05:00,Titan Esports Club,JDG Esports,1,1.0,1,1500.0323466097632,0.5,207.35000000000002,,,,,,1500.0015615270963,0.5,203.15,,,,,,0.03078508266685276,0.0,4.200000000000017,,,,,
298699,2024-02-26 20:40:00,Wolves Esports,Bilibili Gaming,0,1.0,1,1503.622197185739,0.5,201.635,,,,,,1506.414169043573,0.2,193.581,,,,,,-2.7919718578341417,0.3,8.054000000000002,,,,,
307567,2024-02-26 21:00:00,Karmine Corp,Team Vitality,1,0.0,1,1446.7431447181934,0.4,184.966,0.9120000000000001,69.00399999999999,121.71400000000001,2.216,2.033,1483.9067718203348,0.4,188.879,0.954,67.873,125.096,2.004,2.433,-37.16362710214139,0.0,-3.9129999999999825,-0.041999999999999815,1.130999999999986,-3.381999999999991,0.2120000000000002,-0.3999999999999999
307565,2024-02-26 23:45:00,KOI,Team Vitality,0,0.0,1,1433.3514601118698,0.4,188.466,0.9620000000000001,70.499,121.12399999999998,1.864,2.291,1466.2018210577874,0.4,191.12900000000002,0.9680000000000002,68.62299999999999,126.546,2.0640000000000005,2.443,-32.8503609459176,0.0,-2.663000000000011,-0.006000000000000116,1.8760000000000048,-5.4220000000000255,-0.2000000000000004,-0.15200000000000014
307564,2024-02-27 01:45:00,Karmine Corp,KOI,1,1.0,1,1464.448095480741,0.6,184.876,0.9109999999999999,68.947,122.01399999999998,2.229,2.083,1418.859783074538,0.4,184.816,0.9500000000000002,69.469,119.46399999999998,1.834,2.281,45.58831240620293,0.19999999999999996,0.060000000000002274,-0.03900000000000026,-0.5219999999999914,2.549999999999997,0.395,-0.19799999999999995
307572,2024-02-27 04:00:00,MIBR,Sentinels,0,0.0,1,1459.0119468217476,0.6,180.96,0.874,67.81,121.55699999999999,1.807,2.24,1490.3915846214097,0.4,195.337,0.9730000000000001,71.08000000000001,130.35299999999998,2.1130000000000004,2.0469999999999997,-31.379637799662078,0.19999999999999996,-14.376999999999981,-0.09900000000000009,-3.2700000000000102,-8.795999999999992,-0.3060000000000005,0.1930000000000005
307573,2024-02-27 06:10:00,G2 Esports,MIBR,0,0.5,0,1516.68889828295,0.6666666666666666,203.59,1.05,74.29,135.96666666666667,2.0766666666666667,2.5666666666666664,1444.4531159850947,0.4,183.84,0.891,67.97,122.797,1.827,2.2800000000000002,72.2357822978554,0.2666666666666666,19.75,0.15900000000000003,6.320000000000007,13.169666666666672,0.2496666666666667,0.2866666666666662
307574,2024-02-27 09:55:00,Sentinels,G2 Esports,0,0.5,0,1504.9504154580627,0.6,200.53699999999998,1.017,73.03,133.47299999999998,2.193,1.9969999999999999,1497.4094358450664,0.5,200.1925,1.02,73.135,133.92499999999998,2.1750000000000003,2.525,7.540979612996352,0.09999999999999998,0.34449999999998226,-0.0030000000000001137,-0.10500000000000398,-0.4519999999999982,0.017999999999999794,-0.528
298830,2024-02-27 15:00:00,Trace Esports,Titan Esports Club,1,0.5,0,1513.446521442966,0.4,209.5942857142857,,,,,,1516.0309289043182,0.6666666666666666,199.9666666666667,,,,,,-2.584407461352157,-0.2666666666666666,9.627619047618992,,,,,
298831,2024-02-27 18:35:00,Bilibili Gaming,Titan Esports Club,1,0.5,0,1522.2855967555392,0.4,192.79799999999997,,,,,,1499.9119147374977,0.5,197.7425,,,,,,22.373682018041563,-0.09999999999999998,-4.944500000000033,,,,,
298832,2024-02-27 20:35:00,Bilibili Gaming,Trace Esports,0,1.0,1,1537.2566725197046,0.4,197.975,,,,,,1529.5655356097866,0.6,210.62874999999997,,,,,,7.6911369099179865,-0.19999999999999996,-12.653749999999974,,,,,
303093,2024-03-01 00:00:00,Team Heretics,Natus Vincere,1,0.0,1,1442.0144948390332,0.4,187.83999999999997,0.921,68.263,124.449,2.063,2.29,1543.2009666619554,0.6,197.84,1.004,71.63300000000001,132.99,2.2329999999999997,2.3370000000000006,-101.18647182292216,-0.19999999999999996,-10.000000000000028,-0.08299999999999996,-3.3700000000000045,-8.541000000000011,-0.16999999999999948,-0.0470000000000006
303094,2024-03-01 02:20:00,FNATIC,Karmine Corp,0,1.0,1,1720.6743631799388,0.6,208.777,1.122,74.60600000000001,136.873,2.3129999999999997,1.7129999999999999,1478.360642301591,0.8,188.996,0.9549999999999998,70.31700000000001,124.864,2.309,1.9829999999999999,242.3137208783478,-0.20000000000000007,19.780999999999977,0.16700000000000026,4.2890000000000015,12.008999999999986,0.0039999999999995595,-0.27
298833,2024-03-01 17:00:00,FunPlus Phoenix,Dragon Ranger Gaming,1,0.5,0,1513.6222771981013,0.4,198.801,,,,,,1532.6700520535896,0.6,202.57999999999998,,,,,,-19.047774855488342,-0.19999999999999996,-3.7789999999999964,,,,,
298834,2024-03-01 19:15:00,EDward Gaming,Trace Esports,1,0.5,0,1586.2062339527524,0.6,206.97599999999997,,,,,,1545.91966770919,0.8,209.3811111111111,,,,,,40.28656624356245,-0.20000000000000007,-2.4051111111111254,,,,,
303095,2024-03-02 00:00:00,Team Heretics,Karmine Corp,0,1.0,2,1462.546877882678,0.6,194.39999999999998,0.9710000000000001,70.743,128.63899999999998,2.2630000000000003,2.21,1504.0044361449693,0.8,193.60600000000002,0.9960000000000001,72.047,128.024,2.379,1.9630000000000003,-41.457558262291286,-0.20000000000000007,0.7939999999999543,-0.025000000000000022,-1.304000000000002,0.6149999999999807,-0.11599999999999966,0.24699999999999966
298835,2024-03-02 17:00:00,FunPlus Phoenix,EDward Gaming,0,0.5,0,1530.4985818646508,0.6,201.724,,,,,,1600.3592394301465,0.6,205.419,,,,,,-69.86065756549579,0.0,-3.6950000000000216,,,,,
303087,2024-03-03 06:00:00,Evil Geniuses,LOUD,0,0.5,2,1669.2491467249781,0.8,206.89600000000002,1.0710000000000002,73.31300000000002,136.762,2.4539999999999997,2.045,1661.06045596592,0.8,203.92400000000004,1.0799999999999998,74.93199999999999,132.62500000000003,2.3999999999999995,1.9170000000000003,8.18869075905809,0.0,2.97199999999998,-0.008999999999999675,-1.6189999999999714,4.136999999999972,0.05400000000000027,0.12799999999999967
303088,2024-03-03 09:00:00,NRG,Sentinels,0,1.0,1,1606.1440562707658,0.6,200.39999999999998,1.0500000000000003,74.28000000000002,132.363,2.1959999999999997,2.0330000000000004,1488.6031950358872,0.6,202.534,1.034,73.773,134.723,2.243,2.0100000000000002,117.54086123487855,0.0,-2.1340000000000146,0.016000000000000236,0.5070000000000192,-2.3600000000000136,-0.04700000000000015,0.02300000000000013
303086,2024-03-04 06:00:00,LOUD,Sentinels,0,1.0,2,1677.4374893005563,0.8,204.71700000000004,1.0870000000000002,75.41800000000002,133.23200000000003,2.346,1.903,1509.818676865817,0.8,202.59099999999998,1.0390000000000001,73.333,134.18,2.2500000000000004,1.9600000000000002,167.6188124347393,0.0,2.1260000000000616,0.04800000000000004,2.085000000000022,-0.9479999999999791,0.09599999999999964,-0.05700000000000016
312765,2024-03-14 23:00:00,Karmine Corp,FunPlus Phoenix,1,1.0,1,1518.1042549476988,1.0,197.67100000000002,1.024,72.90700000000001,130.929,2.279,1.9829999999999999,1517.6731155030006,0.6,201.849,,,,,,0.4311394446981467,0.4,-4.177999999999969,,,,,
312766,2024-03-15 01:25:00,Gen.G,LOUD,1,0.0,1,1558.5210071465,1.0,201.03,1.011,72.07300000000001,132.53699999999998,2.088,2.086,1654.266286590768,0.6,203.145,1.0630000000000002,74.54600000000002,132.192,2.332,1.957,-95.74527944426791,0.4,-2.115000000000009,-0.05200000000000027,-2.473000000000013,0.34499999999997044,-0.24399999999999977,0.12899999999999978
312767,2024-03-15 23:00:00,EDward Gaming,Paper Rex,1,0.0,2,1613.1847057917967,0.8,203.651,,,,,,1664.0744808414318,0.6,202.413,1.0290000000000001,72.977,133.158,2.1919999999999997,2.231,-50.88977504963509,0.20000000000000007,1.2379999999999995,,,,,
312768,2024-03-16 02:15:00,Sentinels,Team Heretics,1,0.5,0,1532.9898795756053,0.8,204.4,1.048,73.77000000000001,135.175,2.207,1.9090000000000003,1448.4470590799485,0.6,196.76299999999998,0.9839999999999998,71.058,130.349,2.31,2.21,84.54282049565677,0.20000000000000007,7.637000000000029,0.06400000000000028,2.7120000000000033,4.826000000000022,-0.1030000000000002,-0.3009999999999997
312798,2024-03-16 23:00:00,Sentinels,Karmine Corp,1,0.5,0,1545.171604714894,0.8,204.00699999999998,1.038,73.38400000000001,134.52200000000002,2.174,1.9289999999999998,1534.0844002527228,1.0,199.488,1.0310000000000001,72.877,132.669,2.136,2.0729999999999995,11.087204462171258,-0.19999999999999996,4.518999999999977,0.006999999999999895,0.5070000000000192,1.8530000000000086,0.03799999999999981,-0.14399999999999968
312797,2024-03-17 01:25:00,EDward Gaming,Gen.G,0,0.5,0,1631.5116493829453,0.8,201.798,,,,,,1578.821913296769,1.0,202.41,1.026,72.27000000000001,133.33699999999996,2.1550000000000002,2.0330000000000004,52.689736086176254,-0.19999999999999996,-0.6119999999999948,,,,,
312800,2024-03-17 23:00:00,FunPlus Phoenix,LOUD,0,0.5,0,1501.6929701979766,0.6,200.06900000000002,,,,,,1633.965380440499,0.6,202.83200000000002,1.059,74.47300000000001,132.43200000000002,2.2649999999999997,1.9700000000000002,-132.27241024252248,0.0,-2.7630000000000052,,,,,
312799,2024-03-18 01:20:00,Team Heretics,Paper Rex,0,0.5,0,1436.2653339406597,0.6,198.34300000000002,1.001,72.328,130.82199999999997,2.2470000000000003,2.17,1645.7475372502831,0.4,202.677,1.029,73.053,133.083,2.179,2.248,-209.4822033096234,0.19999999999999996,-4.333999999999975,-0.028000000000000025,-0.7249999999999943,-2.261000000000024,0.0680000000000005,-0.07800000000000029
312803,2024-03-18 23:00:00,LOUD,EDward Gaming,1,1.0,1,1644.152189651604,0.6,205.342,1.073,74.79299999999999,134.08200000000002,2.255,1.97,1613.10362957167,0.8,200.43800000000002,,,,,,31.048560079934077,-0.20000000000000007,4.903999999999996,,,,,
312802,2024-03-19 00:55:00,Karmine Corp,Paper Rex,0,0.5,0,1518.594811640309,0.8,196.998,1.026,72.547,130.749,2.166,2.0729999999999995,1653.1213443052445,0.6,202.214,1.021,72.40599999999999,132.62300000000002,2.1889999999999996,2.268,-134.52653266493553,0.20000000000000007,-5.216000000000008,0.0050000000000001155,0.14100000000000534,-1.8740000000000236,-0.022999999999999687,-0.19500000000000028
312777,2024-03-21 23:00:00,Gen.G,Paper Rex,1,0.0,1,1597.2299331080444,1.0,204.07,1.034,72.44300000000001,134.66299999999998,2.1479999999999997,2.066,1663.218263389818,0.6,200.60700000000003,0.9999999999999998,71.416,131.54000000000002,2.109,2.3009999999999997,-65.98833028177364,0.4,3.4629999999999654,0.03400000000000025,1.0270000000000152,3.122999999999962,0.0389999999999997,-0.23499999999999988
312776,2024-03-22 01:10:00,Sentinels,LOUD,1,0.3333333333333333,3,1560.661193327308,0.8,204.087,1.05,74.03399999999999,133.985,2.187,1.966,1658.726144775441,0.6,206.49200000000002,1.0929999999999997,75.30999999999999,136.05900000000003,2.242,1.8530000000000002,-98.06495144813312,0.20000000000000007,-2.4050000000000296,-0.042999999999999705,-1.2759999999999962,-2.0740000000000123,-0.05500000000000016,0.11299999999999977
312778,2024-03-22 23:00:00,Gen.G,Sentinels,1,0.5,0,1616.2327869577828,1.0,207.37999999999997,1.056,73.703,137.433,2.243,1.9960000000000004,1581.0610264633206,1.0,206.79999999999995,1.071,74.704,135.298,2.2569999999999997,1.9759999999999998,35.171760494462205,0.0,0.5800000000000125,-0.014999999999999902,-1.0009999999999906,2.134999999999991,-0.01399999999999979,0.020000000000000684
312780,2024-03-23 01:55:00,Paper Rex,LOUD,1,1.0,1,1644.2154095400797,0.4,197.997,0.978,70.686,130.69,2.039,2.4010000000000002,1638.3263116394285,0.4,205.785,1.0849999999999997,75.197,135.899,2.222,1.893,5.8890979006512225,0.0,-7.7879999999999825,-0.10699999999999976,-4.510999999999996,-5.209000000000003,-0.18299999999999983,0.5080000000000002
312781,2024-03-23 23:00:00,Sentinels,Paper Rex,1,0.5,0,1566.6752355106275,0.8,206.18999999999997,1.068,74.537,134.675,2.1839999999999997,1.9489999999999998,1659.944232529353,0.6,200.2,0.9970000000000001,71.083,131.83999999999997,2.122,2.3280000000000003,-93.26899701872549,0.20000000000000007,5.989999999999981,0.07099999999999995,3.4540000000000077,2.8350000000000364,0.06199999999999983,-0.37900000000000045
321373,2024-03-24 23:00:00,Team International,Team Spain,0,0.5,0,1500.0,0.5,,,,,,,1500.0,0.5,,,,,,,0.0,0.0,,,,,,
312779,2024-03-25 00:15:00,Gen.G,Sentinels,0,1.0,1,1630.6185779104758,1.0,206.16699999999997,1.059,73.609,137.05899999999997,2.149,1.9900000000000007,1586.8701433305414,0.8,206.948,1.066,74.74500000000002,134.227,2.191,1.951,43.74843457993438,0.19999999999999996,-0.7810000000000343,-0.007000000000000117,-1.136000000000024,2.831999999999965,-0.041999999999999815,0.03900000000000059
318911,2024-04-03 23:00:00,Karmine Corp,GIANTX,1,1.0,1,1508.4978925557355,0.6,198.958,1.0390000000000001,73.333,131.882,2.1990000000000003,2.0999999999999996,1465.4597222575485,0.0,186.235,0.895,66.265,123.13499999999999,1.83,2.3,43.03817029818697,0.6,12.722999999999985,0.14400000000000013,7.067999999999998,8.747000000000014,0.3690000000000002,-0.20000000000000018
318913,2024-04-04 01:05:00,Movistar KOI,Team Liquid,0,0.5,2,1516.8445389379672,0.6666666666666666,199.49,1.0433333333333332,72.96666666666668,130.92333333333332,2.3333333333333335,2.223333333333333,1520.1781872688591,0.2,192.645,0.9559999999999998,70.839,126.96199999999999,2.2120000000000006,2.234,-3.333648330891947,0.4666666666666666,6.844999999999999,0.08733333333333337,2.127666666666684,3.9613333333333287,0.12133333333333285,-0.010666666666666824
318914,2024-04-04 23:00:00,Team Vitality,Natus Vincere,0,0.0,1,1480.6934980951191,0.6,192.639,0.991,69.393,127.176,2.084,2.383,1522.6685836183105,0.4,194.35999999999999,0.9790000000000001,70.293,130.4,2.1029999999999998,2.357,-41.97508552319141,0.19999999999999996,-1.7209999999999752,0.0119999999999999,-0.9000000000000057,-3.2240000000000038,-0.018999999999999684,0.0259999999999998
318915,2024-04-05 01:10:00,FNATIC,Team Heretics,0,1.0,1,1695.0305693365606,0.6,205.087,1.09,73.656,134.51299999999998,2.313,1.763,1428.8915268856983,0.4,200.19599999999997,1.016,72.52799999999999,132.46899999999997,2.2939999999999996,2.143,266.13904245086223,0.19999999999999996,4.8910000000000196,0.07400000000000007,1.1280000000000143,2.044000000000011,0.019000000000000572,-0.3799999999999999
319765,2024-04-05 17:00:00,Bilibili Gaming,TYLOO,1,0.5,0,1520.9025404203012,0.4,196.716,,,,,,1512.3131191828224,0.2,203.36600000000004,,,,,,8.589421237478746,0.2,-6.650000000000034,,,,,
319766,2024-04-05 20:10:00,Wolves Esports,Titan Esports Club,0,0.5,0,1487.7507694737728,0.3333333333333333,199.35666666666665,,,,,,1484.9408389733323,0.4,194.63400000000001,,,,,,2.809930500440487,-0.06666666666666671,4.72266666666664,,,,,
318916,2024-04-05 23:00:00,Team Liquid,FUT Esports,0,1.0,2,1536.0246718008852,0.4,190.658,0.9490000000000001,70.742,125.96199999999999,2.195,2.2169999999999996,1495.1883520978563,0.2,200.597,1.0080000000000002,71.553,132.126,2.088,2.229,40.83631970302895,0.2,-9.939000000000021,-0.05900000000000016,-0.8109999999999928,-6.164000000000016,0.10699999999999976,-0.012000000000000455
318917,2024-04-06 01:00:00,BBL Esports,Gentle Mates,0,0.5,0,1410.651294599136,0.0,192.95900000000003,0.9540000000000001,71.00999999999999,127.50399999999999,2.036,2.073,1465.2880836529873,0.0,186.91500000000002,0.915,70.0,123.35,2.05,2.135,-54.63678905385132,0.0,6.044000000000011,0.039000000000000035,1.009999999999991,4.153999999999996,-0.01399999999999979,-0.06199999999999983
314301,2024-04-06 16:00:00,Global Esports,ZETA DIVISION,0,0.0,3,1424.8572722103806,0.2,194.864,0.9670000000000002,68.78399999999999,127.026,2.107,2.17,1476.775651355384,0.4,188.235,0.9189999999999999,67.14,122.45499999999997,1.8539999999999999,2.075,-51.91837914500343,-0.2,6.628999999999991,0.048000000000000265,1.6439999999999912,4.571000000000026,0.25300000000000034,0.09499999999999975
319767,2024-04-06 17:00:00,Dragon Ranger Gaming,All Gamers,0,1.0,1,1515.7937473870402,0.6,199.53777777777776,,,,,,1468.032346603073,0.0,191.15,,,,,,47.76140078396725,0.6,8.387777777777757,,,,,
314302,2024-04-06 19:00:00,Team Secret,KIWOOM DRX,0,1.0,1,1502.8134506197928,0.6,200.421,1.0550000000000002,72.988,134.023,2.0949999999999998,2.041,1588.5178244290244,0.4,193.207,0.9789999999999999,70.547,125.9,2.2969999999999997,2.0869999999999997,-85.70437380923158,0.19999999999999996,7.213999999999999,0.07600000000000029,2.4410000000000025,8.12299999999999,-0.20199999999999996,-0.04599999999999982
319768,2024-04-06 20:45:00,EDward Gaming,JDG Esports,1,0.5,0,1598.5296744478328,0.6,197.66799999999995,,,,,,1484.0029792325413,0.3333333333333333,203.12333333333333,,,,,,114.52669521529151,0.26666666666666666,-5.455333333333385,,,,,
314622,2024-04-07 05:00:00,Cloud9,LEVIATÁN,1,0.5,2,1515.9449694969596,0.2,191.532,0.9430000000000002,70.52,126.23799999999999,1.9810000000000003,2.27,1459.5857277739099,0.4,191.47899999999998,0.9450000000000001,70.019,127.34599999999998,1.9279999999999995,2.2060000000000004,56.35924172304976,-0.2,0.05300000000002569,-0.0019999999999998908,0.5009999999999906,-1.1079999999999899,0.053000000000000824,0.06399999999999961
314623,2024-04-07 09:00:00,NRG,LOUD,1,0.5,2,1584.928574440836,0.6,199.26699999999997,1.0330000000000001,74.10000000000001,131.03699999999998,2.103,2.12,1622.5974886501551,0.4,204.45200000000003,1.069,74.144,135.34599999999998,2.142,2.0300000000000002,-37.668914209319155,0.19999999999999996,-5.185000000000059,-0.03599999999999981,-0.04399999999999693,-4.3089999999999975,-0.0389999999999997,0.08999999999999986
314303,2024-04-07 16:00:00,BLEED,TALON,0,0.5,0,1465.2399673127413,0.0,190.6,0.9199999999999999,69.965,126.30000000000001,2.515,2.465,1457.3808433273132,0.4,201.53300000000002,1.02,72.516,132.656,2.027,2.2039999999999997,7.859123985428141,-0.4,-10.933000000000021,-0.10000000000000009,-2.551000000000002,-6.3559999999999945,0.488,0.2610000000000001
319769,2024-04-07 17:00:00,Nova Esports,Trace Esports,0,0.0,1,1457.4208865213088,0.2,190.78142857142853,,,,,,1531.7666622317959,0.6,207.473,,,,,,-74.34577571048703,-0.39999999999999997,-16.69157142857148,,,,,
319770,2024-04-07 19:15:00,FunPlus Phoenix,Wolves Esports,1,0.5,0,1491.5061609868717,0.4,197.172,,,,,,1471.621370213432,0.25,200.18499999999997,,,,,,19.88479077343959,0.15000000000000002,-3.012999999999977,,,,,
314304,2024-04-07 19:15:00,T1,Paper Rex,0,0.0,2,1525.8445122026117,0.6,194.80599999999998,0.9559999999999998,69.94700000000002,127.351,2.117,2.3289999999999997,1639.7493247094392,0.6,197.68300000000002,0.9790000000000001,69.921,129.935,2.077,2.281,-113.90481250682751,0.0,-2.877000000000038,-0.023000000000000242,0.02600000000001046,-2.584000000000003,0.040000000000000036,0.0479999999999996
314624,2024-04-08 05:00:00,G2 Esports,Evil Geniuses,1,0.0,1,1513.7566562672419,0.6,199.14000000000001,1.016,72.882,132.406,2.2060000000000004,2.42,1652.8721133903418,0.6,204.97499999999997,1.0530000000000002,72.35700000000001,135.46300000000002,2.3709999999999996,2.078,-139.1154571231,0.0,-5.834999999999951,-0.037000000000000144,0.5249999999999915,-3.0570000000000164,-0.16499999999999915,0.3420000000000001
314625,2024-04-08 07:10:00,Sentinels,100 Thieves,1,1.0,3,1604.874252410681,0.8,206.82399999999998,1.0670000000000002,74.76,134.199,2.2180000000000004,1.9880000000000002,1446.8801673678747,0.2,191.683,0.9490000000000001,71.311,126.86100000000002,2.0309999999999997,2.2699999999999996,157.99408504280632,0.6000000000000001,15.140999999999991,0.1180000000000001,3.448999999999998,7.337999999999994,0.18700000000000072,-0.28199999999999936
314305,2024-04-08 16:00:00,Team Secret,Rex Regum Qeon,0,0.0,1,1490.682130238912,0.6,199.368,1.044,72.45500000000001,132.79299999999998,2.165,1.938,1428.400607360803,0.2,196.0,0.9789999999999999,70.88,127.149,2.006,2.2870000000000004,62.281522878108944,0.39999999999999997,3.367999999999995,0.06500000000000017,1.575000000000017,5.643999999999977,0.15900000000000025,-0.3490000000000004
314306,2024-04-08 19:20:00,Global Esports,KIWOOM DRX,0,0.0,1,1411.2305627768114,0.2,191.484,0.9380000000000001,67.80699999999999,125.726,2.06,2.163,1600.6491448099052,0.6,196.09699999999998,1.0059999999999998,71.17699999999999,127.72,2.3069999999999995,2.037,-189.4185820330938,-0.39999999999999997,-4.612999999999971,-0.06799999999999973,-3.3700000000000045,-1.9939999999999998,-0.24699999999999944,0.1259999999999999
314626,2024-04-09 05:00:00,KRÜ Esports,FURIA,1,0.0,1,1420.1790975887313,0.2,197.624,1.029,73.246,130.37500000000003,2.2800000000000002,1.9470000000000003,1425.4487628625989,0.0,187.06599999999997,0.945,70.06099999999999,122.64299999999999,2.097,2.37,-5.269665273867531,0.2,10.558000000000021,0.08399999999999996,3.1850000000000023,7.732000000000042,0.18300000000000027,-0.4229999999999998
314307,2024-04-09 16:00:00,Gen.G,TALON,1,1.0,1,1612.6144688303361,0.8,205.69,1.06,73.958,136.99499999999998,2.129,2.006,1473.742707644321,0.4,200.453,1.018,72.16900000000001,131.879,1.9969999999999999,2.134,138.8717611860152,0.4,5.236999999999995,0.04200000000000004,1.7889999999999873,5.1159999999999854,0.13200000000000012,-0.1280000000000001
314308,2024-04-09 18:10:00,T1,DetonatioN FocusMe,0,1.0,1,1514.9098330068255,0.4,194.57,0.9479999999999998,69.60300000000001,127.28699999999999,2.097,2.383,1338.2387324435929,0.0,178.977,0.8450000000000001,67.27300000000001,117.61000000000001,1.887,2.237,176.67110056323259,0.4,15.59299999999999,0.10299999999999976,2.3299999999999983,9.676999999999978,0.20999999999999996,0.1459999999999999
318918,2024-04-10 23:00:00,Karmine Corp,FUT Esports,0,1.0,1,1522.5259873774664,0.6,199.625,1.048,74.35600000000001,132.29500000000002,2.1659999999999995,2.087,1513.0603217513253,0.4,199.86999999999998,1.012,71.846,131.81599999999997,2.101,2.2190000000000003,9.465665626141117,0.19999999999999996,-0.24499999999997613,0.03600000000000003,2.510000000000005,0.47900000000004184,0.0649999999999995,-0.13200000000000012
318919,2024-04-11 02:10:00,Team Vitality,Team Heretics,1,1.0,1,1466.6171719834206,0.4,192.509,0.984,69.613,126.646,2.054,2.3329999999999997,1455.2051779593166,0.4,200.76600000000002,1.02,73.038,132.589,2.304,2.1029999999999998,11.411994024103933,0.0,-8.257000000000033,-0.03600000000000003,-3.424999999999997,-5.942999999999998,-0.25,0.22999999999999998
318920,2024-04-11 23:00:00,Team Liquid,Natus Vincere,0,0.0,1,1518.1527021474162,0.4,189.673,0.9270000000000002,70.40700000000001,125.02700000000002,2.13,2.207,1536.744909730009,0.6,197.19,1.0190000000000001,71.62300000000002,132.03000000000003,2.1529999999999996,2.347,-18.59220758259289,-0.19999999999999996,-7.516999999999996,-0.09199999999999997,-1.2160000000000082,-7.003000000000014,-0.022999999999999687,-0.14000000000000012
318921,2024-04-12 02:20:00,BBL Esports,Movistar KOI,1,0.0,1,1397.1468737768953,0.0,193.31900000000002,0.9559999999999998,71.14000000000001,127.944,2.056,2.053,1500.998054405941,0.5,193.7175,1.0025,72.10000000000001,127.1925,2.225,2.2424999999999997,-103.85118062904576,-0.5,-0.3984999999999843,-0.0465000000000001,-0.9599999999999937,0.7515000000000072,-0.16900000000000004,-0.18949999999999978
319771,2024-04-12 17:00:00,JDG Esports,Nova Esports,0,0.5,0,1473.094053867287,0.25,198.525,,,,,,1444.793318697849,0.2,188.50874999999996,,,,,,28.300735169437985,0.04999999999999999,10.016250000000042,,,,,
319772,2024-04-12 20:15:00,FunPlus Phoenix,Dragon Ranger Gaming,1,1.0,1,1506.5914310816438,0.4,198.24200000000002,,,,,,1497.6080046773732,0.4,198.99699999999999,,,,,,8.98342640427063,0.0,-0.754999999999967,,,,,
318922,2024-04-12 23:00:00,FNATIC,GIANTX,1,0.5,0,1668.7169182629423,0.4,202.20000000000002,1.0610000000000002,73.096,133.17000000000002,2.3,1.8529999999999998,1451.4316274358175,0.0,182.02333333333334,0.8566666666666668,65.64333333333333,120.05666666666666,1.8533333333333335,2.233333333333333,217.28529082712475,0.4,20.176666666666677,0.20433333333333337,7.452666666666673,13.113333333333358,0.4466666666666663,-0.3803333333333332
318923,2024-04-13 01:45:00,Karmine Corp,Gentle Mates,1,0.5,0,1506.090185186409,0.4,201.592,1.063,74.396,133.638,2.2430000000000003,2.104,1478.792504475228,0.3333333333333333,194.64333333333335,0.9833333333333334,72.76666666666667,127.63333333333333,2.0666666666666664,2.19,27.297680711180874,0.06666666666666671,6.948666666666668,0.07966666666666655,1.629333333333335,6.0046666666666795,0.1763333333333339,-0.08599999999999985
314309,2024-04-13 16:00:00,Gen.G,Paper Rex,0,0.5,2,1622.539323694966,0.8,205.873,1.068,73.991,136.675,2.126,1.9929999999999999,1650.6840039052254,0.6,199.80800000000002,0.9949999999999999,71.211,130.79000000000002,2.142,2.2660000000000005,-28.144680210259367,0.20000000000000007,6.064999999999969,0.07300000000000018,2.780000000000001,5.884999999999991,-0.016000000000000014,-0.2730000000000006
319773,2024-04-13 17:00:00,All Gamers,Wolves Esports,0,0.5,0,1486.21808931274,0.3333333333333333,194.4766666666667,,,,,,1456.53610011866,0.2,196.408,,,,,,29.68198919407996,0.1333333333333333,-1.9313333333332992,,,,,
314310,2024-04-13 19:10:00,T1,KIWOOM DRX,0,0.0,1,1491.40941885258,0.4,194.42400000000004,0.9570000000000001,70.01700000000001,127.181,2.143,2.3099999999999996,1608.6986340525655,0.8,198.75699999999998,1.042,72.877,130.48,2.247,2.0770000000000004,-117.28921519998539,-0.4,-4.332999999999942,-0.08499999999999996,-2.859999999999985,-3.2989999999999924,-0.10400000000000009,0.2329999999999992
319774,2024-04-13 19:45:00,Trace Esports,Bilibili Gaming,1,0.0,1,1544.3942300552558,0.8,206.70300000000003,,,,,,1536.5070635221,0.6,200.043,,,,,,7.887166533155778,0.20000000000000007,6.660000000000025,,,,,
314628,2024-04-14 05:00:00,G2 Esports,100 Thieves,0,0.5,0,1535.84140349811,0.6,203.8166666666667,1.0583333333333333,74.00166666666667,134.67166666666665,2.2383333333333337,2.2333333333333334,1437.6928133969288,0.0,190.113,0.944,71.271,126.151,2.101,2.16,98.14859010118107,0.6,13.703666666666692,0.1143333333333334,2.7306666666666644,8.520666666666656,0.13733333333333375,0.07333333333333325
314629,2024-04-14 07:25:00,Sentinels,LEVIATÁN,0,0.0,1,1614.061606381627,0.8,206.064,1.065,74.42,133.929,2.178,2.058,1446.1586386712136,0.2,196.16200000000003,0.9680000000000002,71.876,129.813,2.0609999999999995,2.1860000000000004,167.90296771041335,0.6000000000000001,9.901999999999958,0.09699999999999975,2.543999999999997,4.116000000000014,0.11700000000000044,-0.12800000000000056
314311,2024-04-14 16:00:00,Team Secret,ZETA DIVISION,1,0.4,5,1471.8442925739214,0.4,197.801,1.028,71.898,131.776,2.178,1.9779999999999998,1490.4023607889533,0.4,191.18800000000002,0.944,67.72,124.71499999999996,1.78,2.0279999999999996,-18.55806821503188,0.0,6.612999999999971,0.08400000000000007,4.177999999999997,7.06100000000005,0.3979999999999999,-0.04999999999999982
319775,2024-04-14 17:00:00,Dragon Ranger Gaming,Titan Esports Club,1,1.0,1,1482.0216145826369,0.4,197.58999999999997,,,,,,1501.070238233673,0.4,195.60666666666668,,,,,,-19.048623651036223,0.0,1.9833333333332916,,,,,
314312,2024-04-14 19:00:00,BLEED,Rex Regum Qeon,0,0.5,0,1448.8781029957336,0.0,186.4433333333333,0.9166666666666666,70.57666666666667,123.33333333333333,2.3666666666666667,2.3333333333333335,1447.2384450257935,0.2,198.097,0.992,70.72999999999999,128.682,1.996,2.3600000000000003,1.6396579699401173,-0.2,-11.653666666666709,-0.07533333333333336,-0.15333333333332178,-5.348666666666659,0.3706666666666667,-0.02666666666666684
319776,2024-04-14 19:50:00,TYLOO,EDward Gaming,0,0.0,1,1496.7085960810236,0.2,201.906,,,,,,1609.4385998130872,0.6,196.09099999999995,,,,,,-112.73000373206355,-0.39999999999999997,5.815000000000055,,,,,
314630,2024-04-15 05:00:00,KRÜ Esports,MIBR,1,0.5,2,1436.4217560354562,0.2,197.504,1.038,73.39899999999999,130.98200000000003,2.2860000000000005,1.907,1463.7325784229783,0.6,184.88,0.906,68.42300000000002,123.63,1.907,2.3169999999999997,-27.310822387522194,-0.39999999999999997,12.623999999999995,0.132,4.975999999999971,7.352000000000032,0.37900000000000045,-0.4099999999999997
314631,2024-04-15 07:20:00,NRG,FURIA,1,1.0,2,1602.6565267325916,0.6,206.68699999999995,1.0850000000000002,76.25000000000001,135.987,2.1830000000000003,2.03,1409.206104415874,0.0,184.97599999999997,0.9190000000000002,68.724,121.90599999999999,2.0100000000000002,2.4430000000000005,193.45042231671755,0.6,21.710999999999984,0.16600000000000004,7.5260000000000105,14.081000000000003,0.17300000000000004,-0.4130000000000007
314313,2024-04-15 16:00:00,Gen.G,DetonatioN FocusMe,1,1.0,1,1607.8326064623398,0.6,206.04000000000002,1.0670000000000002,74.298,136.975,2.1,2.0130000000000003,1361.7391465978383,0.2,181.877,0.8779999999999999,68.10300000000001,119.543,1.9170000000000003,2.2700000000000005,246.09345986450148,0.39999999999999997,24.16300000000001,0.18900000000000028,6.194999999999993,17.431999999999988,0.18299999999999983,-0.2570000000000001
314314,2024-04-15 18:10:00,Global Esports,TALON,0,1.0,1,1403.1810735341512,0.2,189.327,0.9259999999999999,67.89,124.64299999999999,2.0900000000000003,2.1399999999999997,1463.817852779691,0.4,198.71999999999997,1.013,71.756,129.946,2.0300000000000002,2.104,-60.636779245539856,-0.2,-9.392999999999972,-0.08699999999999997,-3.8659999999999997,-5.3030000000000115,0.06000000000000005,0.03599999999999959
314632,2024-04-16 05:00:00,Cloud9,Evil Geniuses,1,0.0,1,1529.372058599656,0.4,190.97899999999998,0.943,70.513,126.27799999999999,1.988,2.2960000000000003,1630.7873661594738,0.6,204.59499999999997,1.041,71.774,135.86999999999998,2.248,2.098,-101.41530755981785,-0.19999999999999996,-13.615999999999985,-0.09799999999999998,-1.2609999999999957,-9.591999999999985,-0.26000000000000023,0.1980000000000004
314315,2024-04-16 16:00:00,T1,Rex Regum Qeon,1,1.0,1,1480.6145408692153,0.2,191.39100000000002,0.9390000000000001,69.143,124.987,2.096,2.2969999999999997,1463.3139535052048,0.4,203.027,1.0319999999999998,73.14999999999999,132.16899999999998,2.043,2.2570000000000006,17.300587364010426,-0.2,-11.635999999999967,-0.09299999999999975,-4.006999999999991,-7.181999999999988,0.052999999999999936,0.03999999999999915
314316,2024-04-16 18:00:00,BLEED,ZETA DIVISION,0,0.5,0,1432.8025945163222,0.0,181.18249999999998,0.8575,68.45750000000001,120.05,2.1,2.25,1473.5485420200152,0.4,190.69100000000003,0.933,67.723,124.64200000000001,1.707,2.081,-40.74594750369306,-0.4,-9.508500000000055,-0.07550000000000001,0.7345000000000113,-4.592000000000013,0.393,0.16900000000000004
318924,2024-04-17 23:00:00,Gentle Mates,FNATIC,0,0.5,0,1464.0470287583594,0.25,189.2075,0.9175,69.55,124.82499999999999,2.025,2.1174999999999997,1675.8389216679689,0.4,200.913,1.048,73.023,132.624,2.2199999999999998,1.827,-211.7918929096095,-0.15000000000000002,-11.7055,-0.13050000000000006,-3.472999999999999,-7.799000000000007,-0.19499999999999984,0.29049999999999976
318925,2024-04-18 01:00:00,Karmine Corp,Natus Vincere,0,0.0,1,1520.8356609032776,0.4,204.122,1.089,74.92300000000002,134.77100000000002,2.1599999999999997,2.0669999999999997,1551.8895232703762,0.8,197.03000000000003,1.014,71.57600000000001,131.89000000000001,2.1599999999999997,2.38,-31.053862367098645,-0.4,7.0919999999999845,0.07499999999999996,3.3470000000000084,2.8810000000000002,0.0,-0.31300000000000017
318926,2024-04-18 23:00:00,BBL Esports,Team Heretics,1,1.0,1,1417.7918771997427,0.2,196.949,0.9989999999999999,72.53,130.614,2.1060000000000003,1.943,1439.730530787863,0.2,201.646,1.026,73.23100000000001,133.423,2.37,2.05,-21.93865358812036,0.0,-4.696999999999974,-0.027000000000000135,-0.7010000000000076,-2.8089999999999975,-0.2639999999999998,-0.10699999999999976
318927,2024-04-19 01:15:00,Team Vitality,FUT Esports,1,0.0,1,1482.0918191548742,0.6,194.276,0.9989999999999999,70.57300000000001,127.42,2.034,2.373,1529.4961239423828,0.6,202.24999999999994,1.033,72.12,133.44299999999998,2.1609999999999996,2.193,-47.404304787508636,0.0,-7.973999999999933,-0.03400000000000003,-1.546999999999997,-6.022999999999982,-0.12699999999999978,0.18000000000000016
319777,2024-04-19 17:00:00,Wolves Esports,Trace Esports,0,0.5,0,1473.8996904317062,0.2,197.92333333333332,,,,,,1560.0310749941234,0.8,205.95,,,,,,-86.13138456241722,-0.6000000000000001,-8.02666666666667,,,,,
319778,2024-04-19 19:25:00,Nova Esports,FunPlus Phoenix,0,0.0,1,1462.0937408482457,0.4,189.64444444444442,,,,,,1522.1778211763801,0.4,200.07500000000002,,,,,,-60.084080328134405,0.0,-10.4305555555556,,,,,
318928,2024-04-19 23:00:00,Team Liquid,GIANTX,1,0.5,0,1503.008088607049,0.2,189.81300000000002,0.923,70.4,125.58700000000003,2.183,2.1399999999999997,1444.309624030791,0.0,180.935,0.8750000000000001,67.665,119.225,1.9575,2.025,58.698464576258175,0.2,8.878000000000014,0.04799999999999993,2.7349999999999994,6.362000000000037,0.2254999999999998,0.11499999999999977
318929,2024-04-20 02:55:00,FNATIC,Movistar KOI,1,0.5,0,1683.1375511597712,0.6,200.71300000000002,1.052,72.833,133.044,2.2199999999999998,1.8170000000000002,1480.3530509830937,0.4,187.554,0.9559999999999998,69.46000000000001,123.814,2.06,2.174,202.7845001766775,0.19999999999999996,13.15900000000002,0.0960000000000002,3.3729999999999905,9.230000000000018,0.1599999999999997,-0.35699999999999976
314317,2024-04-20 16:00:00,Gen.G,KIWOOM DRX,0,0.0,1,1614.0787113512945,0.6,202.38000000000002,1.0490000000000002,74.268,134.14500000000004,2.15,2.003,1619.4935120359303,0.8,200.12999999999997,1.058,74.417,131.154,2.3,1.9630000000000003,-5.414800684635793,-0.20000000000000007,2.250000000000057,-0.008999999999999897,-0.1490000000000009,2.9910000000000423,-0.1499999999999999,0.039999999999999813
319779,2024-04-20 17:00:00,Bilibili Gaming,All Gamers,0,0.5,0,1520.8702185832324,0.6,196.41,,,,,,1468.8544989996938,0.25,195.38250000000002,,,,,,52.01571958353861,0.35,1.027499999999975,,,,,
314318,2024-04-20 19:15:00,BLEED,DetonatioN FocusMe,1,0.5,0,1418.6704592203243,0.0,184.51999999999998,0.8859999999999999,69.686,121.306,2.08,2.266,1355.4930417088835,0.2,182.167,0.882,67.233,119.643,1.927,2.2800000000000002,63.17741751144081,-0.2,2.35299999999998,0.0039999999999998925,2.453000000000003,1.6629999999999967,0.15300000000000002,-0.014000000000000234
319780,2024-04-20 19:40:00,Dragon Ranger Gaming,JDG Esports,1,0.5,0,1498.897958220409,0.4,197.09699999999998,,,,,,1455.79363171689,0.2,195.91400000000002,,,,,,43.104326503518905,0.2,1.1829999999999643,,,,,
314634,2024-04-21 05:00:00,Sentinels,MIBR,1,1.0,2,1590.8799503986838,0.6,204.427,1.053,74.537,132.949,2.258,2.1350000000000002,1446.4774526656845,0.6,185.33999999999997,0.9020000000000001,68.32300000000001,123.9,1.927,2.257,144.40249773299934,0.0,19.087000000000018,0.1509999999999998,6.213999999999999,9.049000000000007,0.33099999999999996,-0.12199999999999989
314635,2024-04-21 07:30:00,Cloud9,LOUD,1,0.0,1,1549.9141324742827,0.6,197.456,0.9970000000000001,72.63999999999999,130.088,2.078,2.2760000000000002,1604.8695363583995,0.4,202.53400000000002,1.049,73.39200000000001,134.04999999999998,2.072,2.06,-54.95540388411678,0.19999999999999996,-5.078000000000031,-0.051999999999999824,-0.7520000000000238,-3.961999999999989,0.005999999999999783,0.2160000000000002
314319,2024-04-21 16:00:00,Global Esports,Rex Regum Qeon,1,0.0,2,1389.945489609761,0.2,186.707,0.9109999999999999,67.423,123.053,2.007,2.2169999999999996,1448.1100171450175,0.4,199.007,1.002,71.57,129.949,1.923,2.3070000000000004,-58.16452753525664,-0.2,-12.300000000000011,-0.09100000000000008,-4.146999999999991,-6.896000000000015,0.08400000000000007,-0.09000000000000075
319781,2024-04-21 17:00:00,TYLOO,Nova Esports,1,0.0,1,1485.7251853020175,0.0,198.54600000000002,,,,,,1448.8334572334468,0.4,187.70999999999998,,,,,,36.89172806857073,-0.4,10.836000000000041,,,,,
314320,2024-04-21 19:00:00,Team Secret,Paper Rex,1,1.0,1,1488.6981113428594,0.4,200.91799999999998,1.0459999999999998,73.03100000000002,133.629,2.2310000000000003,1.905,1665.3907211378516,0.6,199.51500000000004,0.9989999999999999,71.751,130.237,2.162,2.2530000000000006,-176.69260979499222,-0.19999999999999996,1.4029999999999347,0.04699999999999993,1.2800000000000153,3.391999999999996,0.0690000000000004,-0.34800000000000053
319782,2024-04-21 21:00:00,EDward Gaming,Titan Esports Club,1,0.5,0,1620.4220105920933,0.6,199.06099999999998,,,,,,1484.193894595901,0.4,195.48142857142858,,,,,,136.2281159961924,0.19999999999999996,3.5795714285713984,,,,,
314636,2024-04-22 05:00:00,KRÜ Esports,Evil Geniuses,1,0.0,1,1453.67688179275,0.4,197.18400000000003,1.036,73.329,131.81199999999998,2.2760000000000002,1.907,1610.245292284847,0.4,202.538,1.0139999999999998,70.83099999999999,134.513,2.2079999999999997,2.1179999999999994,-156.56841049209697,0.0,-5.353999999999985,0.02200000000000024,2.4980000000000047,-2.701000000000022,0.0680000000000005,-0.2109999999999994
314637,2024-04-22 07:15:00,NRG,LEVIATÁN,0,0.0,1,1610.566996501208,0.8,207.81699999999995,1.0849999999999997,76.15,137.647,2.2230000000000003,1.9299999999999997,1469.3402946541567,0.4,197.88899999999998,0.9830000000000002,72.426,131.26999999999998,2.098,2.239,141.22670184705134,0.4,9.927999999999969,0.10199999999999954,3.7240000000000038,6.3770000000000095,0.12500000000000044,-0.30900000000000016
314321,2024-04-22 16:00:00,T1,TALON,0,1.0,1,1495.8184772294026,0.2,195.591,0.984,70.893,128.04699999999997,2.206,2.227,1477.0534367040814,0.4,195.747,0.994,70.833,127.97599999999997,2.007,2.1310000000000002,18.765040525321183,-0.2,-0.1560000000000059,-0.010000000000000009,0.060000000000002274,0.07099999999999795,0.19899999999999984,0.09599999999999964
314322,2024-04-22 18:15:00,Gen.G,ZETA DIVISION,1,1.0,1,1598.3280519506225,0.4,199.49300000000002,1.0290000000000001,73.255,131.96200000000002,2.15,1.9659999999999997,1487.680677316013,0.4,189.20300000000003,0.924,67.11299999999999,123.58999999999999,1.7200000000000002,2.066,110.64737463460938,0.0,10.289999999999992,0.1050000000000001,6.14200000000001,8.372000000000028,0.4299999999999997,-0.10000000000000009
314638,2024-04-23 05:00:00,G2 Esports,FURIA,1,0.5,0,1515.4380101584272,0.6,201.40000000000003,1.0385714285714285,73.64428571428572,132.80428571428573,2.2042857142857146,2.242857142857143,1401.2956346472577,0.0,183.173,0.9060000000000002,67.96699999999998,120.58599999999998,1.9469999999999998,2.4260000000000006,114.14237551116958,0.6,18.227000000000032,0.13257142857142823,5.6772857142857305,12.218285714285742,0.2572857142857148,-0.18314285714285772
314639,2024-04-23 07:00:00,Cloud9,100 Thieves,0,1.0,1,1568.4240254000556,0.6,197.38899999999998,1.0030000000000001,73.12,130.015,2.118,2.25,1458.0962067366115,0.2,190.51600000000002,0.9550000000000001,71.521,126.23100000000002,2.1239999999999997,2.173,110.32781866344408,0.39999999999999997,6.872999999999962,0.04800000000000004,1.5990000000000038,3.7839999999999634,-0.005999999999999783,0.07699999999999996
314323,2024-04-23 16:00:00,Team Secret,DetonatioN FocusMe,1,1.0,1,1512.1992983401349,0.6,203.20799999999997,1.047,73.59099999999998,134.61899999999997,2.291,1.86,1342.3708206011208,0.2,180.10399999999998,0.875,67.16999999999999,118.643,1.9140000000000001,2.2370000000000005,169.82847773901403,0.39999999999999997,23.103999999999985,0.17199999999999993,6.420999999999992,15.97599999999997,0.3769999999999998,-0.37700000000000045
314324,2024-04-23 18:50:00,Global Esports,Paper Rex,0,0.0,1,1408.5993188354446,0.2,187.247,0.93,67.73299999999999,123.28299999999999,2.057,2.097,1641.8895341405762,0.6,197.72500000000002,0.976,70.941,129.837,2.102,2.2630000000000003,-233.2902153051316,-0.39999999999999997,-10.478000000000009,-0.04599999999999993,-3.2080000000000126,-6.554000000000002,-0.04499999999999993,-0.16600000000000037
314640,2024-04-24 05:00:00,Sentinels,Evil Geniuses,0,0.0,1,1600.5881531846187,0.8,206.17999999999998,1.072,75.67699999999999,133.93200000000002,2.1910000000000003,2.1149999999999998,1587.4864917351108,0.2,198.328,0.986,69.42099999999999,131.50300000000001,2.118,2.1079999999999997,13.101661449507901,0.6000000000000001,7.851999999999975,0.08600000000000008,6.256,2.429000000000002,0.0730000000000004,0.007000000000000117
314641,2024-04-24 08:30:00,NRG,MIBR,1,0.0,1,1588.3992770484995,0.6,203.554,1.043,73.94300000000001,134.074,2.123,1.9369999999999998,1436.7692498797496,0.4,185.14999999999998,0.9019999999999999,67.433,123.38,1.9269999999999996,2.267,151.63002716874985,0.19999999999999996,18.404000000000025,0.14100000000000001,6.510000000000005,10.694000000000017,0.19600000000000062,-0.33000000000000007
318930,2024-04-24 23:00:00,Team Liquid,Team Heretics,0,1.0,1,1516.3303532437867,0.4,190.966,0.945,70.77000000000001,126.39999999999998,2.2500000000000004,2.1900000000000004,1422.7215590981968,0.2,201.19599999999997,1.02,73.331,133.103,2.25,2.09,93.60879414558985,0.2,-10.229999999999961,-0.07500000000000007,-2.560999999999993,-6.703000000000031,4.440892098500626e-16,0.10000000000000053
318931,2024-04-25 01:00:00,Team Vitality,Gentle Mates,0,1.0,2,1500.26142161992,0.6,193.06900000000002,0.9880000000000001,70.233,126.01700000000001,2.0309999999999997,2.293,1456.748399266557,0.2,181.346,0.8699999999999999,66.03999999999999,120.2,1.8399999999999999,2.194,43.513022353362885,0.39999999999999997,11.723000000000013,0.11800000000000022,4.193000000000012,5.817000000000007,0.19099999999999984,0.0990000000000002
314642,2024-04-25 05:00:00,G2 Esports,LEVIATÁN,0,0.5,0,1526.3628477797306,0.6,204.56250000000003,1.08,75.50125,133.85375,2.2287500000000002,2.0625,1491.5080141068652,0.4,200.756,1.026,73.65599999999999,133.413,2.145,2.1260000000000003,34.854833672865425,0.19999999999999996,3.806500000000028,0.05400000000000005,1.8452500000000072,0.44074999999998,0.08375000000000021,-0.06350000000000033
314643,2024-04-25 08:15:00,KRÜ Esports,LOUD,1,0.0,1,1476.4356823424862,0.6,198.227,1.045,73.166,133.165,2.253,1.8839999999999997,1586.3596434326266,0.2,201.964,1.0330000000000001,72.492,134.38299999999998,2.0189999999999997,2.073,-109.92396109014044,0.39999999999999997,-3.7369999999999948,0.011999999999999789,0.6739999999999924,-1.2179999999999893,0.23400000000000043,-0.18900000000000028
318932,2024-04-25 23:00:00,FNATIC,FUT Esports,0,1.0,2,1690.73241489674,0.6,199.693,1.043,72.563,132.30400000000003,2.2399999999999993,1.847,1511.326521477337,0.6,198.21999999999997,1.012,70.773,131.093,2.131,2.2800000000000002,179.4058934194029,0.0,1.4730000000000416,0.030999999999999917,1.7900000000000063,1.2110000000000412,0.10899999999999954,-0.4330000000000003
318933,2024-04-26 01:30:00,BBL Esports,Natus Vincere,1,0.0,2,1434.8008488894088,0.4,197.849,0.999,72.66000000000001,131.19400000000002,2.0959999999999996,1.943,1566.4632361548988,0.8,197.00300000000001,1.008,71.329,131.644,2.1399999999999997,2.3200000000000003,-131.66238726549,-0.4,0.8459999999999752,-0.009000000000000008,1.3310000000000173,-0.44999999999998863,-0.04400000000000004,-0.3770000000000002
319783,2024-04-26 17:00:00,Titan Esports Club,Bilibili Gaming,1,0.0,1,1474.1645473184908,0.2,193.44625000000002,,,,,,1502.4925441343855,0.4,199.03,,,,,,-28.32799681589472,-0.2,-5.583749999999981,,,,,
319784,2024-04-26 20:05:00,Trace Esports,Dragon Ranger Gaming,0,0.5,0,1572.1438859745913,0.8,210.42,,,,,,1512.9230527819461,0.4,199.45999999999998,,,,,,59.22083319264516,0.4,10.960000000000008,,,,,
318934,2024-04-26 23:00:00,Team Vitality,GIANTX,1,0.5,0,1482.2679844880747,0.6,191.536,0.9670000000000002,70.02,125.434,1.9609999999999999,2.2760000000000002,1430.9873593940533,0.0,181.53400000000002,0.8920000000000001,67.798,119.674,2.086,2.074,51.28062509402139,0.6,10.001999999999981,0.07500000000000007,2.221999999999994,5.759999999999991,-0.125,0.2020000000000004
318935,2024-04-27 02:10:00,Karmine Corp,Movistar KOI,1,0.5,0,1506.2619480187552,0.4,203.33200000000002,1.085,74.813,133.944,2.0469999999999997,2.0839999999999996,1472.758187246125,0.4,184.86166666666668,0.9366666666666665,69.16666666666667,121.695,2.0,2.2116666666666664,33.50376077263013,0.0,18.470333333333343,0.14833333333333343,5.646333333333331,12.248999999999995,0.04699999999999971,-0.12766666666666682
314325,2024-04-27 16:00:00,BLEED,Paper Rex,0,0.5,0,1431.792680328087,0.2,187.36666666666665,0.9266666666666666,71.15000000000002,123.12166666666667,2.0783333333333336,2.1999999999999997,1648.5144691835185,0.6,201.05,1.004,72.101,132.04199999999997,2.102,2.253,-216.72178885543144,-0.39999999999999997,-13.683333333333366,-0.07733333333333337,-0.9509999999999792,-8.920333333333303,-0.02366666666666628,-0.05300000000000038
319785,2024-04-27 17:00:00,TYLOO,Wolves Esports,0,0.5,0,1500.0326148030622,0.2,196.416,,,,,,1461.7868794512383,0.2,195.79142857142855,,,,,,38.245735351823896,0.0,0.6245714285714428,,,,,
314326,2024-04-27 18:00:00,Global Esports,DetonatioN FocusMe,1,1.0,1,1401.9743837925023,0.2,186.367,0.8979999999999999,66.68299999999999,123.54299999999998,2.0369999999999995,2.0970000000000004,1333.6231082686024,0.2,178.69,0.861,66.83,117.55,1.9,2.157,68.35127552389986,0.0,7.6769999999999925,0.03699999999999992,-0.14700000000000557,5.992999999999981,0.13699999999999957,-0.05999999999999961
319786,2024-04-27 20:30:00,FunPlus Phoenix,EDward Gaming,1,0.0,1,1535.438104791179,0.6,204.415,,,,,,1630.4513578695035,0.6,201.178,,,,,,-95.0132530783244,0.0,3.2369999999999948,,,,,
314644,2024-04-28 05:00:00,G2 Esports,MIBR,1,0.0,1,1508.763086523559,0.6,202.04111111111115,1.058888888888889,74.30444444444444,132.44,2.1666666666666665,2.1077777777777778,1427.3400952542581,0.2,185.73999999999998,0.9169999999999998,67.203,123.41000000000001,2.0169999999999995,2.2369999999999997,81.42299126930084,0.39999999999999997,16.30111111111117,0.14188888888888918,7.101444444444439,9.029999999999987,0.14966666666666706,-0.1292222222222219
314645,2024-04-28 07:05:00,Sentinels,LOUD,0,1.0,1,1583.9850852077989,0.6,205.391,1.065,74.866,133.30400000000003,2.2339999999999995,2.1390000000000002,1565.4598671969559,0.0,199.401,1.008,71.36500000000001,132.69,1.9490000000000003,2.123,18.52521801084299,0.6,5.989999999999981,0.05699999999999994,3.5009999999999906,0.6140000000000327,0.28499999999999925,0.016000000000000014
314327,2024-04-28 16:00:00,T1,ZETA DIVISION,1,1.0,2,1478.9551544790584,0.2,195.741,0.9969999999999999,72.203,127.857,2.286,2.2470000000000003,1476.6106244517775,0.4,190.673,0.944,67.85299999999998,125.27000000000001,1.85,2.036,2.3445300272808254,-0.2,5.068000000000012,0.052999999999999936,4.350000000000023,2.586999999999989,0.43599999999999994,0.2110000000000003
319787,2024-04-28 17:00:00,All Gamers,Nova Esports,1,0.5,0,1487.2321734485406,0.4,194.846,,,,,,1434.526027732402,0.2,185.583,,,,,,52.70614571613851,0.2,9.263000000000005,,,,,
314328,2024-04-28 19:10:00,Team Secret,TALON,0,0.5,2,1520.9470106726533,0.6,206.606,1.076,74.809,136.486,2.263,1.8130000000000002,1493.9167594544256,0.6,195.634,1.0050000000000001,71.02000000000001,127.95600000000002,2.1100000000000003,2.144,27.030251218227704,0.0,10.972000000000008,0.07099999999999995,3.7889999999999873,8.529999999999973,0.15299999999999958,-0.33099999999999996
319788,2024-04-28 20:40:00,Bilibili Gaming,JDG Esports,1,0.5,0,1485.1908748400135,0.2,197.64999999999998,,,,,,1441.768537155353,0.2,196.69500000000002,,,,,,43.42233768466053,0.0,0.9549999999999557,,,,,
314646,2024-04-29 05:00:00,Cloud9,FURIA,1,1.0,1,1547.5074010013002,0.6,194.30599999999998,0.977,72.08,128.252,2.048,2.237,1390.3707970259543,0.0,179.546,0.875,66.24,118.383,1.8400000000000003,2.406,157.1366039753459,0.6,14.759999999999991,0.10199999999999998,5.840000000000003,9.869000000000014,0.20799999999999974,-0.16900000000000004
314647,2024-04-29 07:55:00,NRG,Evil Geniuses,0,0.5,2,1597.828431673991,0.6,204.94700000000003,1.057,74.16000000000001,134.80700000000002,2.08,1.8869999999999998,1604.0895597119306,0.2,196.54799999999997,0.968,68.50699999999999,130.38299999999998,2.065,2.215,-6.26112803793967,0.39999999999999997,8.399000000000058,0.08899999999999997,5.65300000000002,4.424000000000035,0.015000000000000124,-0.32800000000000007
314329,2024-04-29 16:00:00,BLEED,KIWOOM DRX,0,0.5,0,1424.6527002476764,0.2,185.95714285714283,0.9057142857142857,70.31428571428573,122.57571428571428,1.9671428571428573,2.2285714285714286,1635.2441714366023,0.8,201.057,1.068,75.04999999999998,132.16000000000003,2.253,1.9300000000000002,-210.59147118892588,-0.6000000000000001,-15.09985714285716,-0.16228571428571437,-4.735714285714252,-9.584285714285741,-0.2858571428571428,0.2985714285714285
314330,2024-04-29 18:05:00,Gen.G,Rex Regum Qeon,0,1.0,2,1609.398104814858,0.6,198.653,1.03,72.39999999999998,131.232,2.1700000000000004,2.036,1429.4561879193338,0.4,195.57999999999998,0.9789999999999999,70.28,127.92600000000002,1.8760000000000006,2.3999999999999995,179.94191689552417,0.19999999999999996,3.0730000000000075,0.051000000000000156,2.119999999999976,3.305999999999983,0.2939999999999998,-0.36399999999999944
314648,2024-04-30 05:00:00,KRÜ Esports,100 Thieves,1,0.0,1,1497.335458578157,0.8,197.077,1.042,72.536,132.49499999999998,2.2030000000000003,1.9740000000000002,1479.012831135367,0.4,193.696,0.982,72.464,128.391,2.0970000000000004,2.0829999999999997,18.322627442790008,0.4,3.3810000000000002,0.06000000000000005,0.07200000000000273,4.103999999999985,0.10599999999999987,-0.10899999999999954
318936,2024-05-01 23:00:00,BBL Esports,GIANTX,0,0.5,0,1456.5896398949724,0.6,196.103,0.9850000000000001,71.64000000000001,130.174,2.05,1.9829999999999999,1417.3319187012971,0.0,182.07833333333335,0.8933333333333335,66.85333333333334,121.25,2.0833333333333335,2.15,39.25772119367525,0.6,14.024666666666661,0.09166666666666656,4.786666666666676,8.924000000000007,-0.03333333333333366,-0.16700000000000004
318937,2024-05-02 01:00:00,Karmine Corp,Team Heretics,0,0.3333333333333333,3,1520.7238076108956,0.6,201.40900000000002,1.063,74.42599999999999,132.95099999999996,1.9969999999999999,2.217,1442.9310357655097,0.4,205.28599999999997,1.0690000000000002,74.921,135.86999999999998,2.29,1.98,77.79277184538591,0.19999999999999996,-3.8769999999999527,-0.006000000000000227,-0.49500000000001876,-2.919000000000011,-0.29300000000000015,0.2370000000000001
319789,2024-05-02 19:00:00,EDward Gaming,All Gamers,1,0.5,0,1610.1817445956292,0.6,200.545,,,,,,1500.8234150680096,0.6,197.63833333333332,,,,,,109.35832952761962,0.0,2.9066666666666663,,,,,
318938,2024-05-02 23:00:00,Team Vitality,Movistar KOI,0,0.5,0,1495.923425180831,0.6,195.08300000000003,0.986,70.92699999999999,127.79999999999998,2.027,2.2500000000000004,1458.2963276539847,0.2,185.25285714285715,0.9414285714285713,70.10428571428572,121.59571428571428,2.0757142857142856,2.1814285714285715,37.62709752684623,0.39999999999999997,9.830142857142874,0.044571428571428706,0.8227142857142695,6.204285714285703,-0.04871428571428549,0.06857142857142895
318939,2024-05-03 01:55:00,Natus Vincere,FNATIC,1,0.0,1,1544.6744451493353,0.6,199.163,1.025,72.216,133.05700000000002,2.1670000000000003,2.2800000000000002,1667.1340979806869,0.6,201.78300000000002,1.0479999999999998,73.273,133.31400000000002,2.25,1.887,-122.4596528313516,0.0,-2.6200000000000045,-0.02299999999999991,-1.0570000000000022,-0.257000000000005,-0.08299999999999974,0.39300000000000024
329907,2024-05-03 16:00:00,Team Secret,T1,0,0.0,1,1503.7047269956593,0.6,209.89899999999997,1.097,75.926,138.249,2.353,1.826,1494.8471865200759,0.4,196.574,0.9949999999999999,72.78,128.804,2.343,2.22,8.857540475583392,0.19999999999999996,13.32499999999996,0.10200000000000009,3.146000000000001,9.444999999999993,0.010000000000000231,-0.39400000000000013
329908,2024-05-03 18:10:00,Paper Rex,TALON,1,1.0,1,1655.654449263929,0.8,203.31,1.028,73.60099999999998,133.459,2.175,2.1100000000000003,1511.1590431314196,0.8,193.93699999999998,0.994,70.57300000000001,126.99600000000001,2.1830000000000003,2.134,144.49540613250952,0.0,9.373000000000019,0.03400000000000003,3.0279999999999774,6.462999999999994,-0.008000000000000451,-0.023999999999999577
319790,2024-05-03 19:00:00,Wolves Esports,JDG Esports,0,0.5,0,1479.5410807870553,0.4,195.9425,,,,,,1427.7578627955834,0.0,196.05285714285716,,,,,,51.78321799147193,0.4,-0.11035714285716836,,,,,
318940,2024-05-03 23:00:00,Team Liquid,Gentle Mates,1,0.5,0,1496.1208765764738,0.4,188.079,0.9179999999999999,70.023,125.23999999999998,2.147,2.21,1474.7418363984023,0.4,187.18833333333336,0.9283333333333332,67.71666666666665,123.41666666666667,1.883333333333333,2.078333333333333,21.37904017807159,0.0,0.8906666666666467,-0.010333333333333306,2.306333333333342,1.8233333333333093,0.2636666666666667,0.13166666666666682
318941,2024-05-04 00:50:00,BBL Esports,FUT Esports,0,0.0,1,1438.7894099127939,0.6,194.153,0.9630000000000001,70.6,129.427,2.057,2.066,1534.9248383933902,0.6,198.17,1.0190000000000001,71.203,131.453,2.161,2.23,-96.13542848059637,0.0,-4.016999999999996,-0.05600000000000005,-0.6030000000000086,-2.0260000000000105,-0.10400000000000009,-0.16400000000000015
314650,2024-05-04 08:00:00,Sentinels,FURIA,1,1.0,1,1567.1327749462819,0.4,201.931,1.048,74.63899999999998,131.05700000000002,2.2339999999999995,2.122,1381.151079806262,0.0,180.286,0.869,66.24,119.09,1.7260000000000002,2.372,185.98169514001984,0.4,21.64500000000001,0.17900000000000005,8.398999999999987,11.967000000000013,0.5079999999999993,-0.25
329909,2024-05-04 16:00:00,Gen.G,T1,0,0.3333333333333333,3,1585.7806841572767,0.4,199.006,1.031,72.97999999999999,131.845,2.1559999999999997,2.056,1511.2550029841188,0.6,199.18400000000003,1.018,74.13000000000001,130.69400000000002,2.363,2.15,74.52568117315786,-0.19999999999999996,-0.1780000000000257,0.0129999999999999,-1.15000000000002,1.150999999999982,-0.2070000000000003,-0.09399999999999986
319791,2024-05-04 17:00:00,Dragon Ranger Gaming,TYLOO,0,0.0,1,1531.6241644293825,0.6,201.303,,,,,,1482.2784134672452,0.2,193.916,,,,,,49.345750962137345,0.39999999999999997,7.3870000000000005,,,,,
329910,2024-05-04 19:10:00,KIWOOM DRX,Paper Rex,0,0.0,1,1642.5818056343448,1.0,202.127,1.0759999999999998,74.86999999999999,132.78000000000003,2.1629999999999994,1.9599999999999997,1665.3590354626376,0.8,205.656,1.047,74.648,135.23899999999998,2.175,2.037,-22.777229828292775,0.19999999999999996,-3.5289999999999964,0.028999999999999915,0.2219999999999942,-2.4589999999999463,-0.012000000000000455,-0.07700000000000018
319792,2024-05-04 19:30:00,Bilibili Gaming,FunPlus Phoenix,0,1.0,1,1499.2015491997831,0.4,199.42999999999998,,,,,,1555.7077180650533,0.8,205.635,,,,,,-56.50616886527018,-0.4,-6.2050000000000125,,,,,
314651,2024-05-05 05:00:00,NRG,100 Thieves,0,1.0,1,1582.116736066893,0.6,202.93,1.055,73.59,133.92400000000004,2.0229999999999992,1.9600000000000002,1463.8558379425688,0.4,195.016,0.9970000000000001,72.617,128.868,2.157,2.096,118.26089812432429,0.19999999999999996,7.914000000000016,0.05799999999999983,0.972999999999999,5.05600000000004,-0.13400000000000079,-0.1359999999999999
314652,2024-05-05 07:20:00,KRÜ Esports,LEVIATÁN,0,1.0,1,1512.492451770955,1.0,196.35000000000002,1.035,72.05,132.01500000000001,2.2359999999999998,2.021,1509.1077753630368,0.6,203.123,1.0500000000000003,74.84299999999999,134.72600000000003,2.272,2.033,3.3846764079182776,0.4,-6.772999999999968,-0.015000000000000346,-2.792999999999992,-2.7110000000000127,-0.03600000000000003,-0.01200000000000001
329912,2024-05-05 16:00:00,T1,Paper Rex,0,0.0,3,1530.6353511735417,0.8,196.327,1.001,73.667,128.25100000000003,2.2760000000000002,2.127,1680.3116054081322,0.8,207.31,1.065,76.01499999999999,136.33200000000002,2.202,1.964,-149.6762542345905,0.0,-10.983000000000004,-0.06400000000000006,-2.3479999999999848,-8.080999999999989,0.07400000000000029,0.1629999999999998
319793,2024-05-05 17:00:00,Nova Esports,Titan Esports Club,1,0.5,0,1420.9347861129331,0.2,188.24,,,,,,1491.4662166128628,0.4,193.50000000000003,,,,,,-70.53143049992968,-0.2,-5.260000000000019,,,,,
329911,2024-05-05 18:00:00,Gen.G,KIWOOM DRX,1,0.0,2,1566.4003359678538,0.4,197.866,1.027,72.82,131.17200000000003,2.19,2.056,1627.6292356888503,0.8,203.027,1.0879999999999999,74.99999999999999,133.257,2.103,2.037,-61.228899720996424,-0.4,-5.160999999999973,-0.06099999999999994,-2.1799999999999926,-2.0849999999999795,0.08699999999999974,0.019000000000000128
319794,2024-05-05 19:05:00,Trace Esports,EDward Gaming,0,0.0,1,1553.442774327155,0.6,210.80699999999996,,,,,,1621.3055855875832,0.8,201.425,,,,,,-67.86281126042832,-0.20000000000000007,9.381999999999948,,,,,
314653,2024-05-06 05:00:00,Cloud9,MIBR,1,0.6666666666666666,3,1556.7271182209925,0.8,196.12000000000003,0.9820000000000002,72.666,129.752,2.068,2.1630000000000003,1415.0225915734907,0.2,183.03299999999996,0.89,66.586,121.83999999999999,1.9899999999999998,2.21,141.70452664750178,0.6000000000000001,13.087000000000074,0.09200000000000019,6.079999999999998,7.91200000000002,0.07800000000000029,-0.04699999999999971
314654,2024-05-06 07:35:00,G2 Esports,LOUD,0,0.5,0,1521.0805902043264,0.6,204.33700000000005,1.0690000000000002,74.684,134.64600000000002,2.13,2.097,1582.312177458473,0.2,198.511,1.0130000000000001,71.01199999999999,132.13299999999998,1.9460000000000002,2.1500000000000004,-61.23158725414646,0.39999999999999997,5.82600000000005,0.05600000000000005,3.6720000000000113,2.5130000000000337,0.18399999999999972,-0.05300000000000038
342356,2024-05-08 17:00:00,Trace Esports,All Gamers,1,0.5,0,1540.5288255954229,0.6,206.61700000000002,,,,,,1489.6995740760556,0.6,192.48999999999998,,,,,,50.82925151936729,0.0,14.127000000000038,,,,,
342357,2024-05-08 19:15:00,Dragon Ranger Gaming,Nova Esports,1,0.5,0,1513.366866386362,0.6,197.113,,,,,,1440.138982566014,0.4,191.653,,,,,,73.2278838203481,0.19999999999999996,5.460000000000008,,,,,
341816,2024-05-08 23:00:00,FNATIC,Team Liquid,1,0.5,2,1645.717109535336,0.6,198.90600000000003,1.018,72.423,131.531,2.1130000000000004,1.9969999999999994,1511.137576139006,0.4,192.639,0.9490000000000001,71.493,128.15,1.987,2.13,134.57953339633013,0.19999999999999996,6.267000000000024,0.06899999999999995,0.9300000000000068,3.3810000000000002,0.12600000000000033,-0.13300000000000045
341817,2024-05-09 02:20:00,Natus Vincere,Team Heretics,0,1.0,1,1566.0914335946861,0.8,198.94600000000003,1.0290000000000001,71.993,132.91400000000002,2.107,2.153,1462.4548341457669,0.6,203.309,1.0550000000000002,74.614,134.41,2.213,2.027,103.63659944891924,0.20000000000000007,-4.362999999999971,-0.026000000000000023,-2.6210000000000093,-1.495999999999981,-0.10599999999999987,0.1259999999999999
337407,2024-05-09 05:00:00,Cloud9,G2 Esports,0,0.5,0,1566.5406738802037,0.8,199.84000000000003,1.0050000000000001,73.35600000000001,132.129,2.225,2.133,1507.8715726257124,0.4,200.64000000000004,1.0459999999999998,73.947,132.696,2.087,2.0970000000000004,58.66910125449135,0.4,-0.8000000000000114,-0.0409999999999997,-0.590999999999994,-0.5670000000000073,0.1379999999999999,0.03599999999999959
337408,2024-05-09 07:25:00,100 Thieves,LOUD,1,0.0,1,1485.1009353498823,0.6,200.176,1.03,73.887,131.498,2.1470000000000002,2.056,1595.521195037087,0.4,200.323,1.0379999999999998,71.99399999999999,133.803,2.0100000000000002,2.096,-110.42025968720463,0.19999999999999996,-0.14700000000001978,-0.007999999999999785,1.893000000000015,-2.305000000000007,0.137,-0.040000000000000036
342358,2024-05-09 17:00:00,FunPlus Phoenix,Trace Esports,1,1.0,2,1569.1282163388369,1.0,205.91500000000005,,,,,,1554.2046103325133,0.6,208.157,,,,,,14.923606006323553,0.4,-2.241999999999962,,,,,
342359,2024-05-09 19:30:00,EDward Gaming,Dragon Ranger Gaming,1,0.5,0,1634.2195343193152,0.8,201.945,,,,,,1526.0436611130613,0.8,200.756,,,,,,108.17587320625398,0.0,1.188999999999993,,,,,
341818,2024-05-09 23:00:00,Karmine Corp,FNATIC,0,0.0,1,1501.2000092306384,0.4,201.592,1.0579999999999998,74.713,132.831,2.0439999999999996,2.1800000000000006,1655.8119201994598,0.6,201.26600000000002,1.029,73.01700000000001,133.27700000000002,2.099,2.0969999999999995,-154.61191096882135,-0.19999999999999996,0.3259999999999934,0.028999999999999915,1.6959999999999837,-0.4460000000000264,-0.055000000000000604,0.08300000000000107
341819,2024-05-10 01:30:00,FUT Esports,Team Heretics,0,0.0,1,1546.6072684966316,0.8,198.95,1.023,71.773,131.733,2.101,2.21,1483.090786973503,0.6,201.149,1.034,74.27399999999999,133.22,2.243,2.117,63.516481523128505,0.20000000000000007,-2.1990000000000123,-0.01100000000000012,-2.5009999999999906,-1.4869999999999948,-0.1419999999999999,0.09299999999999997
337409,2024-05-10 05:00:00,KRÜ Esports,G2 Esports,0,0.0,1,1496.3365865928508,0.8,196.08700000000002,1.02,71.64000000000001,132.077,2.2489999999999997,2.043,1526.5479936138865,0.6,202.59999999999997,1.067,74.627,133.586,2.0970000000000004,2.037,-30.21140702103571,0.20000000000000007,-6.512999999999948,-0.04699999999999993,-2.9869999999999806,-1.5090000000000146,0.15199999999999925,0.006000000000000227
337410,2024-05-10 07:05:00,LEVIATÁN,100 Thieves,0,0.5,2,1525.263640541141,0.8,201.55599999999998,1.0370000000000001,73.886,134.243,2.2489999999999997,2.1159999999999997,1506.0214145197715,0.8,202.339,1.04,74.42699999999999,132.971,2.127,1.989,19.24222602136956,0.0,-0.7830000000000155,-0.0029999999999998916,-0.5409999999999968,1.2719999999999914,0.12199999999999989,0.12699999999999956
342360,2024-05-10 17:00:00,FunPlus Phoenix,EDward Gaming,1,0.5,2,1584.4413812385108,1.0,207.52800000000002,,,,,,1645.3928229100413,0.8,204.54000000000002,,,,,,-60.951441671530574,0.19999999999999996,2.9879999999999995,,,,,
342361,2024-05-10 19:45:00,Trace Esports,Dragon Ranger Gaming,0,0.0,1,1538.8914454328394,0.4,203.717,,,,,,1514.8703725223352,0.6,196.96599999999998,,,,,,24.021072910504245,-0.19999999999999996,6.751000000000033,,,,,
341820,2024-05-10 23:00:00,FNATIC,Team Heretics,0,0.5,2,1665.1273177696503,0.6,202.82900000000004,1.049,73.73400000000001,133.90699999999998,2.116,2.1469999999999994,1501.9836725551331,0.8,199.849,1.022,73.404,132.22,2.263,2.1370000000000005,163.14364521451716,-0.20000000000000007,2.9800000000000466,0.026999999999999913,0.3300000000000125,1.6869999999999834,-0.1469999999999998,0.009999999999998899
341822,2024-05-11 01:30:00,Karmine Corp,FUT Esports,0,0.5,2,1491.884611660448,0.4,196.697,1.0260000000000002,73.773,129.88599999999997,2.1339999999999995,2.15,1527.7143829150014,0.6,200.93,1.037,72.04299999999999,132.353,2.141,2.2800000000000002,-35.82977125455341,-0.19999999999999996,-4.233000000000004,-0.010999999999999677,1.730000000000004,-2.4670000000000414,-0.007000000000000561,-0.13000000000000034
337411,2024-05-11 05:00:00,G2 Esports,100 Thieves,0,0.0,1,1541.1602029514472,0.6,203.71999999999997,1.076,74.637,134.17600000000002,2.117,1.987,1522.9066468575788,0.8,204.426,1.053,74.46700000000001,134.15099999999998,2.113,2.002,18.253556093868383,-0.20000000000000007,-0.7060000000000173,0.02300000000000013,0.1699999999999875,0.025000000000034106,0.0040000000000000036,-0.01499999999999968
337413,2024-05-11 08:00:00,KRÜ Esports,LEVIATÁN,0,0.5,2,1481.7243772552902,0.6,195.95700000000002,1.009,71.09,131.84700000000004,2.2089999999999996,2.0629999999999997,1508.3784082033337,0.8,199.31900000000002,1.0190000000000001,73.026,132.77999999999997,2.229,2.133,-26.654030948043555,-0.20000000000000007,-3.3619999999999948,-0.010000000000000231,-1.9359999999999928,-0.9329999999999359,-0.020000000000000462,-0.07000000000000028
329913,2024-05-11 16:00:00,T1,Gen.G,0,0.6666666666666666,3,1521.131224404722,0.6,192.11,0.9570000000000001,71.85400000000001,125.694,2.1759999999999997,2.1599999999999997,1585.1911983895454,0.4,197.416,1.0230000000000001,72.32000000000001,130.392,2.187,2.069,-64.0599739848235,0.19999999999999996,-5.305999999999983,-0.06600000000000006,-0.465999999999994,-4.697999999999993,-0.01100000000000012,0.09099999999999975
342362,2024-05-11 17:00:00,EDward Gaming,Dragon Ranger Gaming,1,1.0,1,1626.6143508685245,0.6,203.92300000000003,,,,,,1531.9748245769626,0.6,197.64600000000002,,,,,,94.63952629156188,0.0,6.277000000000015,,,,,
341823,2024-05-11 23:00:00,FNATIC,FUT Esports,1,0.6666666666666666,3,1642.1217513257805,0.4,198.449,1.011,72.374,131.377,2.096,2.1769999999999996,1542.070185549327,0.6,209.18,1.0819999999999999,74.763,137.373,2.2110000000000003,2.2,100.05156577645334,-0.19999999999999996,-10.730999999999995,-0.07099999999999995,-2.38900000000001,-5.995999999999981,-0.11500000000000021,-0.023000000000000576
337414,2024-05-12 05:00:00,G2 Esports,LEVIATÁN,1,0.0,1,1524.320368200493,0.6,203.267,1.077,74.13000000000001,133.623,2.0570000000000004,1.9799999999999998,1523.1533471058826,0.8,201.599,1.0299999999999998,73.268,133.9,2.2439999999999998,2.133,1.1670210946103907,-0.20000000000000007,1.6680000000000064,0.04700000000000015,0.862000000000009,-0.27700000000001523,-0.1869999999999994,-0.15300000000000025
329914,2024-05-12 16:00:00,Paper Rex,Gen.G,1,0.5,2,1689.815732176952,1.0,211.57999999999998,1.099,77.17499999999998,138.52200000000002,2.242,1.8340000000000003,1598.2741091247558,0.6,199.882,1.0370000000000001,72.947,131.75900000000001,2.254,2.049,91.5416230521962,0.4,11.697999999999979,0.06199999999999983,4.22799999999998,6.763000000000005,-0.01200000000000001,-0.21499999999999964
342363,2024-05-12 17:00:00,FunPlus Phoenix,EDward Gaming,0,0.6666666666666666,3,1603.2198532800276,1.0,207.17800000000003,,,,,,1638.3607273659043,0.8,204.83999999999997,,,,,,-35.1408740858767,0.19999999999999996,2.3380000000000507,,,,,
341821,2024-05-12 23:00:00,Team Heretics,FNATIC,0,0.6666666666666666,3,1524.989238999003,1.0,202.139,1.0580000000000003,74.529,133.74,2.2630000000000003,2.1870000000000003,1653.637483080072,0.6,201.04900000000004,1.031,73.279,133.322,2.146,2.162,-128.64824408106892,0.4,1.089999999999975,0.027000000000000357,1.25,0.41800000000000637,0.11700000000000044,0.025000000000000355
337412,2024-05-13 05:00:00,100 Thieves,G2 Esports,1,1.0,2,1539.746481608533,0.8,206.166,1.0699999999999998,75.227,135.08499999999998,2.1390000000000002,1.956,1540.2666250951002,0.6,203.81400000000002,1.077,74.099,134.174,2.0680000000000005,2.0119999999999996,-0.5201434865671217,0.20000000000000007,2.3519999999999754,-0.007000000000000117,1.1280000000000001,0.9109999999999729,0.07099999999999973,-0.055999999999999606
348063,2024-05-23 16:00:00,G2 Esports,T1,1,0.5,0,1524.2426716202278,0.6,199.614,1.037,73.126,132.05399999999997,2.0080000000000005,2.122,1508.0483136695116,0.6,190.997,0.9470000000000001,71.257,125.41100000000002,2.033,2.2199999999999998,16.194357950716267,0.0,8.61699999999999,0.08999999999999986,1.8689999999999998,6.642999999999958,-0.024999999999999467,-0.09799999999999986
348061,2024-05-23 19:10:00,FunPlus Phoenix,FUT Esports,1,0.5,0,1588.8326544205017,0.8,207.673,,,,,,1530.5544537950357,0.6,207.56000000000003,1.076,74.16799999999999,136.183,2.1960000000000006,2.2100000000000004,58.27820062546607,0.20000000000000007,0.11299999999997112,,,,,
348064,2024-05-24 16:00:00,Gen.G,LEVIATÁN,1,0.5,0,1586.3948404612242,0.4,200.166,1.044,72.943,132.13500000000002,2.282,2.029,1507.2070902112755,0.6,202.15,1.03,73.42099999999999,134.501,2.263,2.177,79.18775024994875,-0.19999999999999996,-1.9840000000000089,0.014000000000000012,-0.47799999999999443,-2.3659999999999854,0.019000000000000128,-0.14800000000000013
348059,2024-05-24 19:00:00,Team Heretics,Dragon Ranger Gaming,1,0.5,0,1514.6570163838937,0.8,199.775,1.048,73.601,132.807,2.2439999999999998,2.207,1520.228448079583,0.4,199.426,,,,,,-5.571431695689171,0.4,0.34900000000001796,,,,,
348458,2024-05-25 16:00:00,FunPlus Phoenix,Gen.G,0,0.5,0,1602.1737346475202,0.8,208.42600000000002,,,,,,1598.8099712671874,0.6,199.523,,,132.462,2.2190000000000003,2.0490000000000004,3.3637633803327844,0.20000000000000007,8.90300000000002,,,,,
348457,2024-05-25 19:40:00,G2 Esports,Team Heretics,1,0.5,0,1539.4974334982412,0.6,200.024,,,132.10099999999997,2.0410000000000004,2.065,1530.913568304954,0.8,202.282,,,134.227,2.3039999999999994,2.067,8.583865193287238,-0.20000000000000007,-2.2580000000000098,,,-2.126000000000033,-0.262999999999999,-0.002000000000000224
348459,2024-05-26 16:00:00,LEVIATÁN,T1,1,0.5,0,1494.7919594053124,0.4,202.137,,,133.90799999999996,2.316,2.057,1492.7935517914982,0.4,192.897,,,126.758,2.006,2.1630000000000003,1.9984076138141518,0.0,9.240000000000009,,,7.149999999999963,0.31000000000000005,-0.10600000000000032
348460,2024-05-26 18:10:00,Dragon Ranger Gaming,FUT Esports,0,0.5,0,1503.9718961585227,0.4,196.863,,,,,,1517.2133735680172,0.4,205.34,,,134.796,2.169,2.2970000000000006,-13.241477409494564,0.0,-8.477000000000004,,,,,
348462,2024-05-27 16:00:00,FunPlus Phoenix,Team Heretics,0,0.5,0,1586.018832459096,0.6,209.90299999999996,,,,,,1515.3087894940832,0.6,201.30900000000003,,,133.07999999999998,2.2540000000000004,2.04,70.71004296501292,0.0,8.593999999999937,,,,,
348461,2024-05-27 19:35:00,FUT Esports,LEVIATÁN,1,0.5,0,1532.6038760735066,0.4,205.067,,,134.15299999999996,2.1719999999999997,2.2840000000000003,1510.6999303485843,0.4,205.51399999999998,,,136.048,2.369,2.044,21.903945724922323,0.0,-0.4469999999999743,,,-1.8950000000000387,-0.1970000000000005,0.2400000000000002
348465,2024-05-30 16:00:00,100 Thieves,FUT Esports,1,1.0,1,1555.7704350834053,1.0,207.086,1.082,75.507,135.791,2.179,1.923,1547.59649639392,0.6,205.94699999999997,,,135.09,2.152,2.334,8.17393868948534,0.4,1.1390000000000384,,,0.7009999999999934,0.02699999999999969,-0.41100000000000003
348466,2024-05-30 18:00:00,FNATIC,Gen.G,0,0.5,0,1663.9697056951811,0.8,202.75300000000001,1.052,73.74699999999999,134.256,2.126,2.12,1614.9648734556115,0.8,201.57,,,133.442,2.305,2.009,49.00483223956962,0.0,1.1830000000000211,,,0.813999999999993,-0.17900000000000027,0.11100000000000021
348463,2024-05-31 16:00:00,Paper Rex,G2 Esports,0,0.5,0,1701.6950008404838,1.0,211.03799999999995,1.0939999999999999,77.09700000000001,138.32,2.1879999999999997,1.8820000000000001,1555.102212309112,0.6,196.69400000000002,,,130.78799999999998,2.0140000000000002,2.185,146.59278853137175,0.4,14.343999999999937,,,7.532000000000011,0.1739999999999995,-0.30299999999999994
348464,2024-05-31 19:00:00,EDward Gaming,Team Heretics,0,0.5,0,1652.74792622543,0.8,209.91500000000002,,,,,,1534.520880661855,0.6,201.58900000000003,,,133.44599999999997,2.2340000000000004,2.0599999999999996,118.22704556357507,0.20000000000000007,8.325999999999993,,,,,
348468,2024-06-01 16:00:00,FUT Esports,FNATIC,1,0.0,1,1531.9728507472078,0.4,199.91,,,131.91000000000003,2.005,2.3770000000000002,1645.727797176292,0.6,202.86700000000002,,,134.71599999999998,2.213,2.133,-113.75494642908416,-0.19999999999999996,-2.957000000000022,,,-2.8059999999999548,-0.20800000000000018,0.24400000000000022
348467,2024-06-01 19:00:00,Paper Rex,EDward Gaming,1,1.0,2,1679.3181465631617,0.8,211.09499999999997,,,138.81199999999998,2.1800000000000006,1.902,1631.504220296051,0.6,208.74200000000002,,,,,,47.81392626711067,0.20000000000000007,2.352999999999952,,,,,
348470,2024-06-02 16:00:00,100 Thieves,Gen.G,0,0.5,0,1571.3940807301176,1.0,212.013,,,138.614,2.2359999999999998,1.81,1633.2067819745007,0.8,201.62,,,133.67200000000003,2.295,2.086,-61.812701244383106,0.19999999999999996,10.393,,,4.941999999999979,-0.05900000000000016,-0.2759999999999998
348469,2024-06-02 18:15:00,G2 Esports,Team Heretics,1,1.0,1,1577.479066586434,0.8,199.76000000000002,,,132.68799999999996,2.0869999999999997,2.1049999999999995,1555.764586591234,0.6,206.20900000000006,,,136.286,2.294,1.92,21.71447999520001,0.20000000000000007,-6.449000000000041,,,-3.5980000000000416,-0.2070000000000003,0.1849999999999996
348471,2024-06-03 16:00:00,100 Thieves,Paper Rex,1,0.5,0,1558.2110025534544,0.8,213.29299999999998,,,139.114,2.216,1.8700000000000003,1693.1300301559243,0.8,211.465,,,139.31200000000004,2.07,1.952,-134.9190276024699,0.0,1.8279999999999745,,,-0.19800000000003593,0.14600000000000035,-0.08199999999999963
348472,2024-06-03 19:10:00,Team Heretics,FUT Esports,1,0.0,1,1540.763275341772,0.6,203.73200000000003,,,134.613,2.287,1.9829999999999999,1553.0319608240297,0.6,200.183,,,131.99,2.005,2.317,-12.268685482257752,0.0,3.549000000000035,,,2.6229999999999905,0.28200000000000003,-0.3340000000000003
348473,2024-06-07 15:00:00,G2 Esports,Gen.G,0,0.5,0,1592.4803778358962,0.8,197.59300000000002,,,130.28500000000003,2.1,2.1180000000000003,1646.389860151164,0.8,204.547,,,134.955,2.355,2.053,-53.909482315267724,0.0,-6.953999999999979,,,-4.6699999999999875,-0.2549999999999999,0.06500000000000039
348474,2024-06-07 17:25:00,100 Thieves,Team Heretics,0,0.5,0,1580.1296916646966,0.8,214.31,,,140.014,2.179,1.9230000000000005,1557.3280344660438,0.6,207.83900000000003,,,136.77299999999997,2.384,1.816,22.80165719865272,0.20000000000000007,6.470999999999975,,,3.2410000000000423,-0.20500000000000007,0.10700000000000043
348475,2024-06-08 15:00:00,G2 Esports,Team Heretics,0,1.0,2,1578.943267503086,0.8,199.97299999999998,,,131.675,2.15,2.098,1574.3765846164206,0.8,209.38899999999998,,,137.42300000000003,2.354,1.8059999999999998,4.566682886665376,0.0,-9.415999999999997,,,-5.748000000000019,-0.20400000000000018,0.29200000000000004
359463,2024-06-09 15:00:00,Team International,Team China,0,0.5,0,1484.0,0.0,,,,,,,1500.0,0.5,,,,,,,-16.0,-0.5,,,,,,
348476,2024-06-09 16:15:00,Gen.G,Team Heretics,1,0.5,0,1659.9269704839742,1.0,205.95700000000002,,,135.88500000000002,2.3749999999999996,2.0029999999999997,1590.5868760250876,0.8,210.959,,,138.30599999999998,2.314,1.703,69.3400944588866,0.19999999999999996,-5.001999999999981,,,-2.420999999999964,0.0609999999999995,0.2999999999999996
314340,2024-06-15 16:00:00,ZETA DIVISION,KIWOOM DRX,0,0.0,1,1460.71859241076,0.4,195.9,0.9860000000000001,70.073,129.223,1.9629999999999999,2.103,1608.8383732671587,0.6,203.753,1.0859999999999999,75.354,133.744,2.136,2.0769999999999995,-148.11978085639862,-0.19999999999999996,-7.85299999999998,-0.09999999999999976,-5.281000000000006,-4.520999999999987,-0.17300000000000026,0.02600000000000069
314341,2024-06-15 18:40:00,Team Secret,BLEED,1,0.5,0,1487.2969105316163,0.6,209.469,1.082,75.51599999999999,138.10899999999998,2.3429999999999995,1.8360000000000003,1417.3150660499339,0.2,184.14999999999998,0.8925,69.95000000000002,121.22874999999999,1.9712500000000002,2.1875,69.9818444816824,0.39999999999999997,25.319000000000017,0.1895000000000001,5.565999999999974,16.88024999999999,0.37174999999999936,-0.3514999999999997
359603,2024-06-15 19:00:00,Titan Esports Club,JDG Esports,0,1.0,1,1472.262020159782,0.4,191.08,,,,,,1446.1250655590627,0.2,201.27125,,,,,,26.136954600719264,0.2,-10.191249999999997,,,,,
314342,2024-06-16 16:00:00,T1,Gen.G,0,0.5,4,1476.8855808482263,0.2,191.06,,,125.35100000000003,1.973,2.183,1672.7754727824895,1.0,207.26400000000004,,,136.224,2.366,1.9759999999999998,-195.88989193426323,-0.8,-16.204000000000036,,,-10.872999999999962,-0.393,0.20700000000000007
359604,2024-06-16 17:00:00,All Gamers,TYLOO,1,0.5,0,1476.0237893389651,0.4,192.26624999999999,,,,,,1500.5357115102656,0.4,194.906,,,,,,-24.51192217130051,0.0,-2.6397500000000207,,,,,
359605,2024-06-16 19:05:00,Bilibili Gaming,Wolves Esports,1,0.0,1,1485.7810509259996,0.2,197.73999999999995,,,,,,1461.173878023576,0.4,193.5822222222222,,,,,,24.6071729024236,-0.2,4.1577777777777385,,,,,
314343,2024-06-16 19:30:00,Paper Rex,TALON,1,1.0,1,1671.211341044682,0.6,210.892,,,138.852,2.0629999999999997,1.9579999999999997,1501.454456932711,0.6,189.81400000000002,0.9610000000000001,69.72,124.97599999999997,2.09,2.184,169.75688411197098,0.0,21.077999999999975,,,13.876000000000033,-0.027000000000000135,-0.22600000000000042
314344,2024-06-17 16:00:00,Rex Regum Qeon,DetonatioN FocusMe,1,1.0,1,1453.0736085769151,0.6,195.423,0.986,70.63699999999999,127.526,1.873,2.3629999999999995,1320.7308114173522,0.2,179.09,0.866,66.773,117.867,1.86,2.2500000000000004,132.3427971595629,0.39999999999999997,16.333,0.12,3.86399999999999,9.658999999999992,0.0129999999999999,0.1129999999999991
314345,2024-06-17 18:35:00,Team Secret,Global Esports,1,1.0,1,1500.1170160963277,0.6,206.87599999999998,1.066,74.569,136.216,2.3129999999999997,1.889,1414.8666806437525,0.4,188.137,0.9199999999999999,68.076,124.926,2.11,2.007,85.2503354525752,0.19999999999999996,18.738999999999976,0.14600000000000013,6.493000000000009,11.290000000000006,0.20299999999999985,-0.1180000000000001
353153,2024-06-19 02:00:00,FUT Esports,KOI,1,1.0,1,1536.4672016997579,0.6,196.863,,,130.04000000000002,1.855,2.3569999999999998,1404.9472362536878,0.2,182.52300000000002,0.9279999999999999,68.42600000000002,118.23400000000001,1.7939999999999998,2.2640000000000002,131.51996544607005,0.39999999999999997,14.339999999999975,,,11.806000000000012,0.061000000000000165,0.09299999999999953
353154,2024-06-20 00:00:00,BBL Esports,FNATIC,0,0.0,1,1427.1069798095525,0.6,192.153,0.9440000000000002,69.55000000000001,128.027,1.9970000000000003,2.136,1624.66868709947,0.4,199.81400000000002,,,132.23900000000003,2.13,2.223,-197.56170728991742,0.19999999999999996,-7.66100000000003,,,-4.212000000000046,-0.13299999999999956,-0.08699999999999974
353155,2024-06-20 03:30:00,Team Heretics,Natus Vincere,1,1.0,1,1577.7383737265723,0.6,207.571,,,135.69600000000003,2.294,1.657,1545.45548076695,0.6,199.726,1.022,72.08,133.507,2.08,2.14,32.28289295962236,0.0,7.844999999999999,,,2.1890000000000214,0.21399999999999997,-0.4830000000000001
353157,2024-06-21 00:00:00,GIANTX,Gentle Mates,1,0.5,0,1435.1321486834756,0.2,186.62428571428572,0.9257142857142859,68.17428571428572,124.04285714285713,2.142857142857143,2.1,1459.7251368358702,0.4,184.50428571428574,0.8985714285714285,66.41428571428571,121.75714285714285,1.9,1.9528571428571426,-24.592988152394582,-0.2,2.119999999999976,0.02714285714285747,1.7600000000000051,2.2857142857142776,0.24285714285714288,0.14714285714285746
353156,2024-06-21 03:10:00,Team Vitality,Team Liquid,1,0.5,2,1478.1973761827323,0.6,192.13600000000002,0.9499999999999998,69.92399999999999,125.60000000000002,1.98,2.233,1501.0427654748821,0.4,195.059,0.9629999999999999,72.163,129.98000000000002,2.0769999999999995,2.133,-22.845389292149775,0.19999999999999996,-2.9229999999999734,-0.013000000000000012,-2.2390000000000043,-4.3799999999999955,-0.09699999999999953,0.10000000000000009
359606,2024-06-21 17:00:00,Dragon Ranger Gaming,Nova Esports,0,1.0,1,1488.5813936530333,0.2,198.64299999999997,,,,,,1427.4621878393148,0.2,189.823,,,,,,61.11920581371851,0.0,8.819999999999965,,,,,
359607,2024-06-21 20:15:00,FunPlus Phoenix,Trace Esports,0,1.0,1,1566.8067412913242,0.4,208.13999999999996,,,,,,1521.786993378212,0.2,201.90300000000002,,,,,,45.01974791311227,0.2,6.236999999999938,,,,,
353159,2024-06-22 00:00:00,BBL Esports,Karmine Corp,0,0.0,1,1419.3365987678433,0.4,192.24,0.9550000000000001,68.83,127.96700000000001,2.06,2.1689999999999996,1477.5288090261222,0.2,194.667,0.999,73.673,128.00599999999997,2.1740000000000004,2.0599999999999996,-58.19221025827892,0.2,-2.4269999999999925,-0.04399999999999993,-4.8430000000000035,-0.038999999999958845,-0.11400000000000032,0.10899999999999999
353158,2024-06-22 01:50:00,Natus Vincere,FUT Esports,0,0.0,1,1530.9378991368847,0.4,197.76600000000002,1.0,71.297,132.577,1.9799999999999998,2.1,1546.684111771598,0.6,194.69000000000003,,,128.76000000000005,1.845,2.35,-15.746212634713402,-0.19999999999999996,3.0759999999999934,,,3.8169999999999504,0.1349999999999998,-0.25
314346,2024-06-22 16:00:00,TALON,Rex Regum Qeon,1,0.0,1,1492.7041247236657,0.6,186.53699999999998,0.9389999999999998,69.21,122.69299999999998,1.9869999999999997,2.157,1463.2576044425764,0.6,197.15299999999996,1.0,71.297,129.49600000000004,1.9829999999999999,2.293,29.446520281089306,0.0,-10.615999999999985,-0.061000000000000165,-2.0870000000000033,-6.803000000000054,0.0039999999999997815,-0.13600000000000012
359608,2024-06-22 17:00:00,Titan Esports Club,All Gamers,0,0.5,0,1455.0606343915274,0.2,189.59,,,,,,1493.150735920832,0.6,195.85888888888886,,,,,,-38.09010152930455,-0.39999999999999997,-6.268888888888853,,,,,
359609,2024-06-22 19:00:00,EDward Gaming,Wolves Esports,0,1.0,1,1617.6923367032884,0.4,206.592,,,,,,1446.3051892182327,0.4,193.094,,,,,,171.38714748505572,0.0,13.498000000000019,,,,,
314347,2024-06-22 19:50:00,Paper Rex,KIWOOM DRX,1,0.6666666666666666,3,1679.9616732537274,0.6,213.212,,,139.812,2.143,1.8080000000000003,1618.402472265693,0.6,205.04000000000002,1.0959999999999999,75.667,135.031,2.079,2.074,61.55920098803449,0.0,8.171999999999969,,,4.781000000000006,0.06399999999999961,-0.26599999999999957
353177,2024-06-23 05:00:00,MIBR,LEVIATÁN,0,0.0,1,1405.2090359142794,0.0,184.203,0.8900000000000002,66.596,122.35000000000002,1.9599999999999997,2.31,1495.707310028171,0.4,205.648,,,136.64100000000002,2.309,2.017,-90.49827411389151,-0.4,-21.444999999999993,,,-14.290999999999997,-0.3490000000000004,0.29300000000000015
353178,2024-06-23 07:15:00,Sentinels,NRG,1,0.5,2,1575.3020429611815,0.4,201.85100000000003,1.0490000000000002,74.54899999999999,132.22700000000003,2.2939999999999996,2.012,1560.8716386595795,0.4,197.97,0.9890000000000001,71.85,130.914,1.9829999999999999,2.13,14.430404301602039,0.0,3.8810000000000286,0.06000000000000005,2.698999999999998,1.313000000000045,0.3109999999999997,-0.11799999999999988
314348,2024-06-23 16:00:00,Global Esports,BLEED,1,1.0,1,1402.7156672418466,0.4,187.03699999999998,0.9090000000000001,67.536,124.65599999999999,2.05,2.0469999999999997,1404.4949604852225,0.2,184.2522222222222,0.8966666666666667,70.04444444444445,121.1511111111111,1.966666666666667,2.211111111111111,-1.7792932433758324,0.2,2.7847777777777765,0.012333333333333418,-2.50844444444445,3.5048888888888854,0.08333333333333282,-0.1641111111111111
359610,2024-06-23 17:00:00,TYLOO,Trace Esports,0,0.0,1,1483.4087649283988,0.4,196.543,,,,,,1539.8487033972829,0.4,200.82300000000004,,,,,,-56.439938468884066,0.0,-4.28000000000003,,,,,
314349,2024-06-23 18:05:00,DetonatioN FocusMe,ZETA DIVISION,1,0.0,1,1310.546815551691,0.0,181.43,0.875,67.31299999999999,119.617,1.8900000000000001,2.33,1451.1544934122257,0.2,192.89299999999997,0.945,69.10999999999999,126.6,1.9300000000000002,2.066,-140.60767786053475,-0.2,-11.462999999999965,-0.06999999999999995,-1.796999999999997,-6.98299999999999,-0.040000000000000036,0.26400000000000023
359611,2024-06-23 20:05:00,Nova Esports,Bilibili Gaming,0,0.5,0,1446.248152097197,0.4,191.716,,,,,,1500.6497397313428,0.4,201.92999999999998,,,,,,-54.401587634145926,0.0,-10.21399999999997,,,,,
353179,2024-06-24 05:00:00,FURIA,100 Thieves,1,0.0,1,1372.9818117913624,0.0,176.453,0.8399999999999999,65.077,117.12,1.6190000000000002,2.379,1563.0811415143198,0.6,206.95999999999998,,,134.954,2.149,1.983,-190.09932972295746,-0.6,-30.506999999999977,,,-17.834000000000003,-0.5299999999999998,0.3959999999999999
353180,2024-06-24 07:45:00,LOUD,Evil Geniuses,0,0.5,2,1574.6007158671978,0.4,197.173,1.017,71.047,131.12,1.9369999999999998,2.1029999999999998,1619.8012553190285,0.4,195.84099999999998,0.959,67.72999999999999,130.29299999999998,2.168,2.2079999999999997,-45.200539451830764,0.0,1.332000000000022,0.05799999999999994,3.3170000000000073,0.8270000000000266,-0.23100000000000032,-0.10499999999999998
314350,2024-06-24 16:00:00,KIWOOM DRX,Rex Regum Qeon,0,1.0,1,1605.2080803737583,0.4,202.41000000000003,1.064,74.337,132.72400000000002,1.9790000000000003,2.107,1448.6104291515317,0.4,195.473,0.986,70.57700000000003,128.51,1.9759999999999998,2.2860000000000005,156.59765122222666,0.0,6.937000000000012,0.07800000000000007,3.7599999999999767,4.214000000000027,0.0030000000000005578,-0.17900000000000027
314351,2024-06-24 18:20:00,Team Secret,T1,1,0.0,2,1512.2680294982335,0.6,207.21300000000002,1.068,74.21900000000001,135.743,2.2929999999999997,1.8960000000000001,1469.0584380564767,0.0,195.386,,,127.99100000000001,2.053,2.163,43.20959144175686,0.6,11.827000000000027,,,7.751999999999981,0.23999999999999977,-0.2669999999999997
353181,2024-06-25 05:00:00,G2 Esports,Cloud9,1,1.0,1,1562.732976094419,0.6,195.65599999999998,,,129.06799999999996,2.027,2.118,1547.8642528920295,0.6,198.99400000000003,0.998,73.06400000000001,131.953,2.289,2.103,14.868723202389447,0.0,-3.3380000000000507,,,-2.8850000000000477,-0.262,0.01499999999999968
353202,2024-06-26 02:00:00,KOI,GIANTX,1,0.5,0,1394.7303261818477,0.0,183.18900000000002,0.933,68.23300000000002,118.447,1.7999999999999996,2.311,1452.2628099101921,0.4,184.64625,0.9150000000000001,68.16125,123.24624999999999,2.15875,2.07125,-57.53248372834446,-0.4,-1.4572499999999877,0.017999999999999905,0.07175000000002285,-4.7992499999999865,-0.35875000000000035,0.2397499999999999
359612,2024-06-26 19:00:00,JDG Esports,FunPlus Phoenix,0,0.5,0,1463.326451327317,0.4,200.96333333333334,,,,,,1548.7450312722533,0.2,206.96699999999996,,,,,,-85.41857994493625,0.2,-6.003666666666618,,,,,
353161,2024-06-27 00:00:00,Team Heretics,FUT Esports,1,0.5,2,1592.2559553566375,0.8,212.84499999999997,,,139.05599999999998,2.306,1.557,1561.959467957103,0.6,196.15000000000003,,,129.12,1.8849999999999998,2.2199999999999998,30.2964873995345,0.20000000000000007,16.694999999999936,,,9.935999999999979,0.42100000000000026,-0.6629999999999998
353160,2024-06-27 02:15:00,FNATIC,Team Vitality,1,1.0,2,1632.4390681411792,0.6,198.711,,,131.072,2.1029999999999998,2.306,1495.24793160452,0.6,195.416,0.977,71.144,127.95000000000002,2.13,2.193,137.1911365366591,0.0,3.295000000000016,,,3.1219999999999857,-0.027000000000000135,0.11299999999999999
359613,2024-06-27 19:00:00,EDward Gaming,Dragon Ranger Gaming,0,1.0,2,1594.383132969699,0.4,203.56199999999998,,,,,,1469.7954293951511,0.2,198.69599999999997,,,,,,124.58770357454796,0.2,4.866000000000014,,,,,
353162,2024-06-28 00:00:00,BBL Esports,Team Liquid,1,0.0,1,1405.9916677416525,0.2,189.817,0.9299999999999999,68.483,125.947,2.0500000000000003,2.056,1483.9922100530944,0.4,193.009,0.946,70.833,128.22000000000003,2.097,2.193,-78.0005423114419,-0.2,-3.191999999999979,-0.016000000000000014,-2.3499999999999943,-2.2730000000000246,-0.04699999999999971,-0.137
353163,2024-06-28 02:00:00,Natus Vincere,GIANTX,0,0.5,0,1515.6625429513797,0.2,195.25600000000003,0.976,70.03999999999999,130.85700000000003,1.9569999999999996,2.15,1433.6372951361996,0.4,181.43,0.8955555555555557,67.07666666666665,121.3411111111111,2.1522222222222225,2.0966666666666667,82.02524781518014,-0.2,13.826000000000022,0.08044444444444432,2.9633333333333383,9.515888888888924,-0.19522222222222285,0.05333333333333323
359614,2024-06-28 17:00:00,Nova Esports,Wolves Esports,1,0.5,0,1432.733162239643,0.4,189.246,,,,,,1469.614392951822,0.4,193.787,,,,,,-36.881230712179104,0.0,-4.540999999999997,,,,,
359615,2024-06-28 19:35:00,JDG Esports,Trace Esports,1,0.5,0,1451.182736646888,0.4,198.387,,,,,,1553.27217251008,0.6,202.54000000000002,,,,,,-102.08943586319197,-0.19999999999999996,-4.15300000000002,,,,,
353164,2024-06-29 00:00:00,KOI,Gentle Mates,0,0.5,0,1413.3558409558402,0.2,190.43900000000002,0.984,70.37300000000002,122.747,1.9099999999999997,2.2510000000000003,1442.5944756091537,0.2,186.01625,0.9249999999999999,67.3625,122.42124999999999,1.8962499999999998,1.9924999999999997,-29.23863465331351,0.0,4.422750000000008,0.05900000000000005,3.0105000000000217,0.32575000000001353,0.013749999999999929,0.2585000000000006
353165,2024-06-29 02:30:00,FNATIC,Karmine Corp,1,0.0,1,1642.4302819059667,0.6,198.461,,,131.172,2.06,2.2560000000000002,1490.873740052313,0.4,199.827,1.043,75.513,131.816,2.144,2.0100000000000002,151.5565418536537,0.19999999999999996,-1.3659999999999854,,,-0.6440000000000055,-0.08400000000000007,0.246
314352,2024-06-29 16:00:00,TALON,DetonatioN FocusMe,1,1.0,2,1507.3513000147104,0.6,183.31,0.9109999999999999,68.023,121.35,2.007,2.2600000000000002,1332.6902473040288,0.2,183.133,0.892,67.93599999999999,120.73999999999998,1.907,2.337,174.6610527106816,0.39999999999999997,0.1769999999999925,0.018999999999999906,0.0870000000000033,0.6100000000000136,0.10000000000000009,-0.07699999999999996
359616,2024-06-29 17:00:00,Titan Esports Club,TYLOO,0,0.5,0,1440.8077543302788,0.2,187.43,,,,,,1469.9852958156016,0.4,197.397,,,,,,-29.177541485322763,-0.2,-9.966999999999985,,,,,
314353,2024-06-29 18:10:00,ZETA DIVISION,Rex Regum Qeon,0,1.0,2,1429.011061659888,0.2,194.573,0.9550000000000001,70.28399999999999,127.93299999999999,1.95,2.073,1471.3703359587073,0.6,198.08999999999997,0.999,71.304,130.32700000000003,2.106,2.3160000000000003,-42.3592742988194,-0.39999999999999997,-3.5169999999999675,-0.04399999999999993,-1.0200000000000102,-2.394000000000034,-0.15599999999999992,-0.24300000000000033
359617,2024-06-29 20:30:00,All Gamers,FunPlus Phoenix,0,0.5,0,1507.4036159820805,0.6,197.69299999999998,,,,,,1560.8887459526823,0.4,204.28699999999998,,,,,,-53.48512997060175,0.19999999999999996,-6.593999999999994,,,,,
353182,2024-06-30 05:00:00,Evil Geniuses,FURIA,1,0.0,1,1633.7313583332825,0.6,195.141,0.9600000000000002,67.90299999999999,129.32,2.1540000000000004,2.155,1396.9559084140167,0.2,182.31300000000002,0.8739999999999999,66.737,120.7,1.709,2.4989999999999997,236.77544991926584,0.39999999999999997,12.827999999999975,0.0860000000000003,1.1659999999999968,8.61999999999999,0.4450000000000003,-0.34399999999999986
353183,2024-06-30 07:00:00,Sentinels,KRÜ Esports,1,1.0,1,1590.6378801512415,0.6,203.65800000000002,1.0699999999999998,75.20899999999999,133.624,2.324,1.9820000000000004,1466.9494383527413,0.4,197.757,1.014,71.527,132.714,2.189,2.013,123.68844179850021,0.19999999999999996,5.9010000000000105,0.05599999999999983,3.681999999999988,0.9099999999999966,0.1349999999999998,-0.030999999999999472
314354,2024-06-30 16:00:00,Global Esports,T1,0,0.0,1,1418.7976060074807,0.6,191.42699999999996,0.9520000000000002,69.506,126.946,2.06,1.987,1455.0381170904593,0.0,194.449,,,126.918,2.04,2.2299999999999995,-36.24051108297863,0.6,-3.022000000000048,,,0.027999999999991587,0.020000000000000018,-0.24299999999999944
359618,2024-06-30 17:00:00,Bilibili Gaming,Dragon Ranger Gaming,1,0.5,0,1514.1647295888968,0.6,202.68699999999995,,,,,,1491.2990043610832,0.2,200.93299999999996,,,,,,22.865725227813527,0.39999999999999997,1.7539999999999907,,,,,
314355,2024-06-30 19:15:00,BLEED,Gen.G,0,0.5,0,1388.4130217195884,0.2,183.44699999999997,0.891,69.72,120.576,1.9300000000000004,2.21,1680.602615574239,1.0,205.844,,,135.11099999999996,2.3389999999999995,2.036,-292.18959385465064,-0.8,-22.39700000000002,,,-14.534999999999968,-0.40899999999999914,0.17399999999999993
359619,2024-06-30 19:20:00,EDward Gaming,Nova Esports,1,0.5,0,1572.879558003767,0.2,204.375,,,,,,1450.4252547257188,0.6,194.25600000000003,,,,,,122.4543032780482,-0.39999999999999997,10.118999999999971,,,,,
353184,2024-07-01 05:00:00,LOUD,MIBR,1,1.0,1,1560.6706128529438,0.4,195.62300000000002,1.0,70.74,130.513,1.904,2.136,1393.2848716822577,0.0,183.72,0.882,66.083,122.30300000000003,1.9300000000000004,2.3070000000000004,167.38574117068606,0.4,11.90300000000002,0.118,4.6569999999999965,8.20999999999998,-0.026000000000000467,-0.17100000000000026
353185,2024-07-01 08:20:00,LEVIATÁN,100 Thieves,1,0.3333333333333333,3,1507.6314742601926,0.4,206.51800000000003,,,137.86100000000002,2.209,1.9469999999999998,1539.1070448916655,0.4,207.47000000000003,,,135.927,2.2689999999999997,1.9899999999999998,-31.47557063147292,0.0,-0.9519999999999982,,,1.934000000000026,-0.05999999999999961,-0.04299999999999993
314356,2024-07-01 16:00:00,Paper Rex,DetonatioN FocusMe,1,1.0,1,1693.156065145662,0.6,213.19500000000002,,,139.66900000000004,2.1759999999999997,1.778,1324.1182412173378,0.2,182.853,0.8909999999999998,68.386,120.17999999999998,1.907,2.357,369.0378239283243,0.39999999999999997,30.342000000000013,,,19.48900000000006,0.2689999999999997,-0.5790000000000002
314357,2024-07-01 18:00:00,KIWOOM DRX,TALON,1,1.0,2,1582.4481735665827,0.2,201.55,1.058,73.997,132.41399999999996,1.959,2.177,1515.9233061014015,0.6,187.3,0.9390000000000001,68.503,123.26000000000002,2.087,2.17,66.52486746518116,-0.39999999999999997,14.25,0.119,5.494,9.15399999999994,-0.1280000000000001,0.007000000000000117
353186,2024-07-02 05:00:00,NRG,G2 Esports,0,0.5,0,1545.5358014695196,0.2,196.29000000000002,0.9800000000000001,71.1,129.76399999999998,2.023,2.16,1578.0486638002662,0.6,192.56299999999996,,,126.458,2.01,2.165,-32.51286233074666,-0.39999999999999997,3.7270000000000607,,,3.305999999999983,0.013000000000000345,-0.004999999999999893
353187,2024-07-02 07:25:00,Sentinels,Cloud9,1,0.0,2,1601.1708503381624,0.6,204.898,1.0859999999999999,75.476,134.967,2.3770000000000002,2.039,1532.5485651861823,0.4,197.72100000000003,0.9890000000000001,72.63000000000002,131.71300000000002,2.283,2.076,68.62228515198012,0.19999999999999996,7.176999999999964,0.09699999999999975,2.845999999999975,3.2539999999999907,0.0940000000000003,-0.03699999999999992
353188,2024-07-03 05:00:00,Evil Geniuses,LEVIATÁN,0,1.0,1,1640.251516164769,0.8,198.613,0.9930000000000001,69.341,131.79000000000002,2.1740000000000004,2.0650000000000004,1525.0770253417354,0.6,205.198,,,136.421,2.2190000000000003,1.9969999999999999,115.1744908230337,0.20000000000000007,-6.585000000000008,,,-4.630999999999972,-0.04499999999999993,0.0680000000000005
353189,2024-07-03 07:15:00,LOUD,FURIA,0,1.0,2,1569.50798990248,0.6,193.82600000000002,0.97,69.923,128.383,1.9109999999999996,2.259,1390.43575058253,0.2,180.62300000000002,0.8470000000000001,66.067,119.41000000000001,1.659,2.449,179.07223931994986,0.39999999999999997,13.203000000000003,0.12299999999999989,3.8560000000000088,8.972999999999999,0.25199999999999956,-0.18999999999999995
359621,2024-07-03 19:00:00,All Gamers,Trace Esports,0,0.0,1,1493.8474229673704,0.4,198.3,,,,,,1532.7015714521917,0.4,198.59,,,,,,-38.85414848482128,0.0,-0.28999999999999204,,,,,
353166,2024-07-04 00:00:00,Team Heretics,GIANTX,1,0.5,0,1606.864276157629,0.8,212.965,,,138.956,2.226,1.6969999999999998,1453.3460467237655,0.6,185.187,0.924,68.26899999999999,123.747,2.177,2.077,153.51822943386355,0.20000000000000007,27.77799999999999,,,15.208999999999989,0.04899999999999993,-0.3800000000000001
353167,2024-07-04 03:25:00,FUT Esports,Gentle Mates,1,0.5,0,1547.3511471561114,0.6,191.44,,,126.03,1.925,2.21,1457.2511564263975,0.4,186.80333333333334,0.931111111111111,68.4111111111111,123.09666666666665,1.9966666666666666,1.9822222222222219,90.09999072971391,0.19999999999999996,4.636666666666656,,,2.9333333333333513,-0.07166666666666655,0.22777777777777808
353190,2024-07-04 05:00:00,MIBR,100 Thieves,0,1.0,1,1384.4474946327216,0.0,183.357,0.873,65.663,122.21000000000001,1.9329999999999998,2.2840000000000003,1521.6614938101227,0.2,202.3,,,133.17700000000002,2.1889999999999996,2.0599999999999996,-137.2139991774011,-0.2,-18.943000000000012,,,-10.967000000000013,-0.2559999999999998,0.22400000000000064
353191,2024-07-04 07:05:00,NRG,KRÜ Esports,1,1.0,1,1531.0287187637975,0.2,194.3,0.9520000000000002,70.05000000000001,128.12399999999997,1.9330000000000003,2.22,1456.4164681658203,0.2,196.47999999999996,1.007,71.904,131.764,2.179,2.04,74.61225059797721,0.0,-2.17999999999995,-0.054999999999999716,-1.853999999999985,-3.640000000000043,-0.24599999999999955,0.18000000000000016
359622,2024-07-04 19:00:00,Titan Esports Club,FunPlus Phoenix,1,0.5,0,1426.1482798590193,0.2,189.39000000000001,,,,,,1574.4449389673923,0.4,203.834,,,,,,-148.29665910837298,-0.2,-14.443999999999988,,,,,
353168,2024-07-05 00:00:00,KOI,Natus Vincere,1,0.5,2,1398.6991601385964,0.2,189.20600000000005,0.975,70.52000000000001,122.04999999999998,1.847,2.3440000000000003,1495.9537913638137,0.2,192.216,0.952,69.75,129.147,1.9769999999999996,2.1599999999999997,-97.25463122521728,0.0,-3.0099999999999625,0.02300000000000002,0.7700000000000102,-7.097000000000008,-0.12999999999999967,0.1840000000000006
353169,2024-07-05 02:05:00,Team Liquid,Karmine Corp,1,1.0,1,1464.4593087893272,0.2,192.41899999999995,0.944,70.95300000000002,127.41,1.9769999999999999,2.283,1481.4417718123982,0.2,197.847,1.018,74.52,131.223,2.061,2.01,-16.982463023070977,0.0,-5.428000000000054,-0.07400000000000007,-3.566999999999979,-3.8130000000000166,-0.08400000000000007,0.27300000000000013
314358,2024-07-05 16:00:00,Paper Rex,Rex Regum Qeon,1,1.0,1,1696.572139490717,0.8,213.055,,,140.06900000000002,2.1559999999999997,1.8080000000000003,1485.4292275970529,0.8,198.26,1.009,71.907,130.837,2.1630000000000003,2.239,211.14291189366418,0.0,14.795000000000016,,,9.232000000000028,-0.007000000000000561,-0.4309999999999996
359623,2024-07-05 17:00:00,TYLOO,JDG Esports,0,0.5,0,1484.644770286861,0.4,198.48999999999998,,,,,,1471.7533377047764,0.6,200.104,,,,,,12.89143258208469,-0.19999999999999996,-1.6140000000000327,,,,,
314359,2024-07-05 19:00:00,Gen.G,Global Esports,1,0.0,1,1685.621292679621,1.0,205.077,,,134.804,2.299,2.076,1404.460516612083,0.4,190.49999999999997,0.9460000000000001,69.05199999999999,126.053,2.026,2.0,281.1607760675381,0.6,14.577000000000027,,,8.751000000000005,0.27300000000000013,0.07600000000000007
359624,2024-07-05 19:00:00,Dragon Ranger Gaming,Wolves Esports,0,0.5,0,1476.3504922462764,0.2,198.86299999999997,,,,,,1451.9223004657465,0.4,193.66000000000003,,,,,,24.428191780529914,-0.2,5.202999999999946,,,,,
353170,2024-07-06 00:00:00,BBL Esports,Team Vitality,0,1.0,1,1425.5245690054196,0.2,192.13400000000001,0.9550000000000001,69.11300000000001,127.42,2.1100000000000003,1.973,1485.2567178397326,0.4,195.363,0.9760000000000002,70.97,128.144,2.143,2.16,-59.732148834312966,-0.2,-3.228999999999985,-0.02100000000000013,-1.856999999999985,-0.7240000000000038,-0.032999999999999474,-0.18700000000000006
353171,2024-07-06 03:00:00,Team Heretics,Gentle Mates,1,0.5,0,1616.2213030427235,0.8,212.14499999999998,,,138.64999999999998,2.2589999999999995,1.7309999999999999,1445.3098357951997,0.4,185.553,0.9179999999999999,68.05999999999999,122.63699999999999,1.9969999999999999,1.9639999999999997,170.9114672475239,0.4,26.591999999999985,,,16.01299999999999,0.26199999999999957,-0.23299999999999987
314360,2024-07-06 16:00:00,KIWOOM DRX,DetonatioN FocusMe,1,1.0,2,1595.4214885022475,0.4,200.45700000000002,1.043,73.80699999999999,131.99699999999999,2.002,2.147,1320.7021668722828,0.2,182.48299999999998,0.891,68.226,119.93000000000002,1.8770000000000002,2.3470000000000004,274.7193216299647,0.2,17.974000000000046,0.1519999999999999,5.580999999999989,12.066999999999965,0.12499999999999956,-0.20000000000000062
359625,2024-07-06 17:00:00,Trace Esports,Titan Esports Club,1,1.0,1,1546.919693791188,0.6,202.03999999999996,,,,,,1448.591007056751,0.2,190.89299999999997,,,,,,98.32868673443681,0.39999999999999997,11.146999999999991,,,,,
314361,2024-07-06 18:45:00,ZETA DIVISION,TALON,1,0.0,1,1414.9521700215423,0.0,190.953,0.925,69.70400000000001,125.62299999999998,1.9100000000000006,2.1830000000000003,1502.9499911657367,0.4,189.613,0.9590000000000002,69.30300000000001,125.08300000000001,2.1470000000000002,2.133,-87.9978211441944,-0.4,1.3400000000000034,-0.03400000000000014,0.40099999999999625,0.5399999999999636,-0.23699999999999966,0.050000000000000266
359626,2024-07-06 20:20:00,EDward Gaming,Bilibili Gaming,1,1.0,1,1583.4627876772538,0.2,203.96499999999997,,,,,,1529.1132417037036,0.8,200.81699999999995,,,,,,54.34954597355022,-0.6000000000000001,3.1480000000000246,,,,,
353192,2024-07-07 05:00:00,G2 Esports,KRÜ Esports,1,1.0,1,1592.5557465059883,0.6,195.71599999999998,,,128.501,2.053,2.112,1443.8006248760132,0.0,197.66299999999998,1.012,72.091,132.574,2.1159999999999997,2.097,148.75512162997506,0.6,-1.9470000000000027,,,-4.0730000000000075,-0.06299999999999972,0.015000000000000124
353193,2024-07-07 08:35:00,LOUD,LEVIATÁN,0,1.0,1,1545.9215784821686,0.4,193.246,0.9619999999999997,69.356,127.80300000000003,1.8909999999999996,2.2789999999999995,1546.194895751095,0.8,207.831,,,137.83800000000002,2.242,1.97,-0.27331726892634833,-0.4,-14.58499999999998,,,-10.034999999999997,-0.3510000000000004,0.3089999999999995
314362,2024-07-07 16:00:00,Gen.G,Team Secret,0,0.6,5,1690.9145090577808,1.0,206.26399999999998,,,135.174,2.229,2.069,1526.288350464251,0.6,202.69599999999997,1.041,72.736,132.946,2.3,1.9929999999999997,164.6261585935299,0.4,3.568000000000012,,,2.2280000000000086,-0.07099999999999973,0.07600000000000029
359627,2024-07-07 17:00:00,JDG Esports,All Gamers,1,1.0,1,1488.3467378192086,0.8,202.684,,,,,,1479.6293006283743,0.4,196.64000000000001,,,,,,8.71743719083429,0.4,6.043999999999983,,,,,
314363,2024-07-07 19:00:00,Paper Rex,ZETA DIVISION,1,1.0,1,1703.89183783935,0.8,210.695,,,138.562,2.196,1.8210000000000002,1434.9201321286307,0.2,193.27000000000004,0.959,70.451,127.32999999999997,2.0130000000000003,2.136,268.97170571071933,0.6000000000000001,17.424999999999955,,,11.232000000000042,0.18299999999999983,-0.31499999999999995
359628,2024-07-07 19:00:00,TYLOO,FunPlus Phoenix,1,0.0,1,1468.051370172429,0.4,196.17999999999998,,,,,,1552.0022117696606,0.4,200.514,,,,,,-83.9508415972316,0.0,-4.334000000000032,,,,,
353194,2024-07-08 05:00:00,MIBR,FURIA,0,0.0,1,1374.457185216223,0.0,179.647,0.842,64.763,119.68000000000002,1.9029999999999998,2.204,1414.0221620028415,0.4,181.577,0.8619999999999999,66.61299999999999,120.703,1.686,2.436,-39.564976786618445,-0.4,-1.9300000000000068,-0.019999999999999907,-1.84999999999998,-1.022999999999982,0.21699999999999986,-0.23199999999999976
353195,2024-07-08 07:15:00,NRG,Cloud9,0,0.5,2,1543.6445620536047,0.2,194.763,0.9430000000000002,70.08000000000001,127.827,1.95,2.157,1519.668276132017,0.4,194.401,0.9820000000000002,72.16999999999999,129.44300000000004,2.233,2.046,23.97628592158776,-0.2,0.36199999999999477,-0.039000000000000035,-2.089999999999975,-1.6160000000000423,-0.28300000000000014,0.11100000000000021
314364,2024-07-08 16:00:00,T1,BLEED,1,1.0,1,1469.375206485857,0.2,196.97199999999998,,,129.318,2.06,2.173,1383.3943446142064,0.0,182.967,0.899,69.83999999999999,120.249,1.873,2.177,85.98086187165063,0.2,14.004999999999967,,,9.069000000000017,0.18700000000000006,-0.0040000000000000036
353196,2024-07-09 05:00:00,Evil Geniuses,100 Thieves,0,0.0,1,1619.1336457554096,0.8,194.363,0.958,68.246,129.24,2.099,2.1100000000000003,1531.6518032266213,0.4,202.79000000000002,,,133.577,2.1290000000000004,2.13,87.48184252878832,0.4,-8.427000000000021,,,-4.336999999999989,-0.03000000000000025,-0.019999999999999574
353172,2024-07-10 02:00:00,FUT Esports,GIANTX,1,1.0,1,1559.2924677873093,0.6,193.91,,,127.59,1.9,2.15,1443.989019838671,0.6,186.167,0.931,69.076,124.97300000000003,2.231,2.0769999999999995,115.30344794863822,0.0,7.742999999999995,,,2.616999999999976,-0.33099999999999996,0.0730000000000004
353173,2024-07-11 00:00:00,Team Heretics,KOI,1,0.0,1,1624.9294445077253,0.8,211.57199999999997,,,137.93,2.286,1.6580000000000001,1419.0644764300685,0.4,191.37600000000003,0.9959999999999999,71.167,123.82300000000001,1.8599999999999999,2.317,205.86496807765684,0.4,20.19599999999994,,,14.107,0.42600000000000016,-0.659
353174,2024-07-11 03:20:00,FNATIC,Team Liquid,1,0.6666666666666666,3,1651.8622501458815,0.6,202.67800000000003,,,134.235,2.127,2.186,1481.2407578660102,0.4,196.66599999999997,0.975,71.93300000000002,129.033,1.8900000000000001,2.2729999999999997,170.6214922798713,0.19999999999999996,6.012000000000057,,,5.202000000000027,0.23699999999999966,-0.08699999999999974
353175,2024-07-12 00:00:00,Natus Vincere,Gentle Mates,1,0.5,0,1475.5884750723417,0.0,193.39600000000002,0.9600000000000002,70.41,129.83700000000002,2.0269999999999997,2.0599999999999996,1436.601694330198,0.2,185.77599999999998,0.9220000000000003,67.79299999999999,122.91999999999999,1.954,1.984,38.986780742143765,-0.2,7.620000000000033,0.03799999999999992,2.6170000000000044,6.91700000000003,0.07299999999999973,0.07599999999999962
353203,2024-07-12 03:10:00,Team Vitality,Karmine Corp,1,1.0,1,1498.5327360240037,0.6,195.006,0.9800000000000001,71.21700000000001,127.53399999999999,2.093,2.14,1464.6603227357152,0.2,194.327,0.975,72.28,128.76299999999998,2.0509999999999997,2.0300000000000002,33.8724132882885,0.39999999999999997,0.679000000000002,0.0050000000000001155,-1.0629999999999882,-1.228999999999985,0.04200000000000026,0.10999999999999988
365316,2024-07-12 16:00:00,Gen.G,Rex Regum Qeon,1,0.6666666666666666,3,1667.8538621206017,0.8,206.35700000000003,,,135.08200000000002,2.2339999999999995,2.053,1478.10952924842,0.6,200.4,1.02,73.02,132.663,2.1100000000000003,2.2660000000000005,189.74433287218176,0.20000000000000007,5.957000000000022,,,2.419000000000011,0.12399999999999922,-0.21300000000000052
365317,2024-07-12 18:15:00,Team Secret,TALON,0,0.3333333333333333,3,1549.34899740143,0.8,205.089,1.0630000000000002,73.643,134.95599999999996,2.2899999999999996,2.0159999999999996,1482.9820290586483,0.4,188.27999999999997,0.9479999999999998,68.563,124.44999999999997,2.12,2.1659999999999995,66.36696834278177,0.4,16.809000000000026,0.11500000000000032,5.079999999999998,10.505999999999986,0.16999999999999948,-0.1499999999999999
353197,2024-07-13 08:00:00,Cloud9,KRÜ Esports,0,0.5,2,1536.7706754790165,0.4,194.121,0.978,72.127,129.26600000000002,2.18,2.053,1434.2610323162924,0.0,198.14299999999997,1.0030000000000001,71.811,132.21400000000003,2.11,2.111,102.50964316272416,0.4,-4.021999999999963,-0.025000000000000133,0.3159999999999883,-2.9480000000000075,0.07000000000000028,-0.058000000000000274
365318,2024-07-13 16:00:00,Paper Rex,Gen.G,0,0.6666666666666666,3,1709.5023413632566,1.0,211.981,,,139.22899999999998,2.1959999999999997,1.814,1675.8920593351422,0.8,206.14000000000001,,,134.245,2.3569999999999998,1.9929999999999999,33.6102820281144,0.19999999999999996,5.84099999999998,,,4.9839999999999804,-0.16100000000000003,-0.17899999999999983
365319,2024-07-13 18:05:00,KIWOOM DRX,TALON,1,1.0,3,1600.880549841986,0.6,200.36000000000004,1.031,73.294,130.9,2.012,2.097,1502.0017022048905,0.6,190.96999999999997,0.9630000000000001,69.503,126.66000000000001,2.1599999999999997,2.1559999999999997,98.87884763709553,0.0,9.390000000000072,0.06799999999999984,3.790999999999997,4.239999999999995,-0.1479999999999997,-0.05899999999999972
353198,2024-07-14 05:00:00,Evil Geniuses,MIBR,0,1.0,1,1599.1879921302816,0.6,193.453,0.9469999999999998,68.20599999999999,128.54300000000003,1.986,2.143,1360.2713843205765,0.0,180.18699999999995,0.8410000000000002,64.73299999999999,119.76999999999998,1.9429999999999996,2.2039999999999997,238.91660780970506,0.6,13.266000000000048,0.10599999999999965,3.472999999999999,8.773000000000053,0.04300000000000037,-0.06099999999999994
353199,2024-07-14 07:10:00,LEVIATÁN,FURIA,1,0.0,2,1562.1823090283096,0.8,208.68799999999996,,,137.961,2.2249999999999996,1.9769999999999999,1428.207962898488,0.6,185.757,0.8889999999999999,67.423,124.07300000000001,1.7560000000000002,2.356,133.9743461298217,0.20000000000000007,22.930999999999955,,,13.888000000000005,0.4689999999999994,-0.379
365320,2024-07-14 16:00:00,Gen.G,KIWOOM DRX,1,0.3333333333333333,3,1693.4350597496702,0.8,206.70300000000003,,,135.43200000000002,2.334,1.9330000000000005,1612.4460920780302,0.6,200.11700000000002,1.0260000000000002,72.797,131.08299999999997,2.002,2.0940000000000003,80.98896767164001,0.20000000000000007,6.586000000000013,,,4.349000000000046,0.3320000000000003,-0.1609999999999998
365322,2024-07-14 19:15:00,Paper Rex,TALON,1,1.0,2,1691.9593409487286,0.8,204.541,,,134.56900000000002,2.1559999999999997,1.924,1490.4361599688464,0.4,190.913,0.9559999999999998,69.556,126.55,2.0829999999999997,2.1990000000000003,201.52318097988223,0.4,13.627999999999986,,,8.01900000000002,0.07299999999999995,-0.27500000000000036
353200,2024-07-15 05:00:00,LOUD,100 Thieves,1,1.0,1,1529.9341652049538,0.2,191.42600000000002,0.95,68.936,126.16300000000001,1.9709999999999996,2.1789999999999994,1551.5974568517493,0.4,203.036,,,133.72299999999998,2.1890000000000005,2.077,-21.663291646795415,-0.2,-11.609999999999985,,,-7.559999999999974,-0.21800000000000086,0.10199999999999942
353201,2024-07-15 08:00:00,Sentinels,G2 Esports,0,0.0,1,1614.0511393923277,0.8,202.84300000000002,1.0879999999999999,75.47099999999999,133.99200000000002,2.387,2.034,1602.0953390657091,0.6,195.80899999999997,,,128.357,1.996,2.127,11.9558003266186,0.20000000000000007,7.034000000000049,,,5.635000000000019,0.391,-0.09299999999999997
371278,2024-07-16 00:00:00,Team Vitality,Natus Vincere,1,0.0,2,1512.9777771593597,0.6,195.719,0.978,71.57000000000001,127.891,2.073,2.173,1489.8005654817873,0.2,193.523,0.9470000000000003,70.19,129.93400000000003,2.0269999999999997,2.103,23.17721167757236,0.39999999999999997,2.195999999999998,0.030999999999999694,1.3800000000000097,-2.0430000000000206,0.04600000000000026,0.06999999999999984
371279,2024-07-16 02:50:00,FNATIC,Karmine Corp,1,0.5,2,1660.5809758823336,0.8,203.935,,,135.74200000000002,2.144,2.086,1450.2152816003593,0.2,195.147,0.9790000000000001,72.81300000000002,129.09699999999998,2.077,2.0029999999999997,210.36569428197436,0.6000000000000001,8.788000000000011,,,6.645000000000039,0.06700000000000017,0.08300000000000018
370723,2024-07-16 16:00:00,Trace Esports,All Gamers,1,1.0,1,1558.5086359722764,0.8,200.70299999999997,,,,,,1464.030669223431,0.4,193.127,,,,,,94.47796674884535,0.4,7.575999999999965,,,,,
370722,2024-07-16 18:25:00,JDG Esports,Bilibili Gaming,0,0.0,1,1503.9453692241518,0.8,205.337,,,,,,1515.5959129960793,0.6,200.24399999999997,,,,,,-11.65054377192746,0.20000000000000007,5.093000000000018,,,,,
371280,2024-07-17 00:00:00,Team Heretics,Team Vitality,0,0.0,1,1632.4220745148154,1.0,207.83200000000002,,,136.093,2.2990000000000004,1.7550000000000001,1527.9120075900537,0.8,198.71599999999998,1.006,72.357,130.05400000000003,2.103,2.146,104.51006692476176,0.19999999999999996,9.116000000000042,,,6.038999999999959,0.19600000000000017,-0.3909999999999998
371281,2024-07-17 03:45:00,FUT Esports,FNATIC,0,0.5,2,1570.1692669325519,0.8,196.26,,,128.997,1.89,2.0599999999999996,1667.9259624743818,1.0,203.22499999999997,,,135.132,2.1540000000000004,2.0629999999999997,-97.75669554182991,-0.19999999999999996,-6.964999999999975,,,-6.134999999999991,-0.26400000000000046,-0.0030000000000001137
370725,2024-07-17 16:00:00,FunPlus Phoenix,Trace Esports,0,0.5,2,1532.2096564250414,0.4,198.574,,,,,,1570.2619275725124,0.8,202.74299999999997,,,,,,-38.05227114747095,-0.4,-4.168999999999954,,,,,
370724,2024-07-17 18:10:00,EDward Gaming,Bilibili Gaming,1,1.0,2,1596.980116384878,0.4,203.695,,,,,,1531.0595866384663,0.8,201.974,,,,,,65.92052974641183,-0.4,1.7210000000000036,,,,,
371282,2024-07-18 00:00:00,Team Vitality,FNATIC,0,0.0,2,1548.5847811869824,0.8,197.33599999999998,1.004,72.024,129.487,2.156,2.133,1679.5392547772808,1.0,206.315,,,137.24200000000002,2.144,2.0829999999999997,-130.95447359029845,-0.19999999999999996,-8.979000000000013,,,-7.755000000000024,0.01200000000000001,0.050000000000000266
371284,2024-07-18 02:15:00,Team Heretics,FUT Esports,1,0.6666666666666666,3,1611.7493009178868,0.8,208.43200000000002,,,136.326,2.3259999999999996,1.8150000000000002,1558.5559746296528,0.6,193.34,,,127.05700000000002,1.8799999999999997,2.04,53.19332628823395,0.20000000000000007,15.092000000000013,,,9.268999999999977,0.44599999999999995,-0.22499999999999987
371266,2024-07-18 05:00:00,KRÜ Esports,Cloud9,1,0.6666666666666666,3,1454.8493993657805,0.2,198.623,1.0090000000000001,71.851,132.624,2.13,2.1210000000000004,1516.1823084295283,0.2,191.991,0.9639999999999999,71.257,128.053,2.1700000000000004,1.9999999999999996,-61.33290906374782,0.0,6.631999999999977,0.04500000000000026,0.5939999999999941,4.570999999999998,-0.04000000000000048,0.12100000000000088
371267,2024-07-18 08:30:00,Sentinels,100 Thieves,0,1.0,4,1597.5007716633534,0.8,200.11700000000002,1.062,74.443,132.12,2.277,2.1100000000000003,1534.6011162492362,0.4,203.12999999999997,,,133.676,2.169,2.063,62.899655414117206,0.4,-3.0129999999999484,,,-1.5559999999999832,0.1080000000000001,0.04700000000000015
370726,2024-07-18 16:00:00,Trace Esports,EDward Gaming,0,0.0,1,1584.5165290350374,0.8,205.233,,,,,,1609.9802749971136,0.6,200.942,,,,,,-25.463745962076246,0.20000000000000007,4.290999999999997,,,,,
370728,2024-07-18 17:50:00,FunPlus Phoenix,Bilibili Gaming,1,0.5,2,1517.9550549625164,0.4,194.784,,,,,,1518.0594280262308,0.6,203.83999999999997,,,,,,-0.10437306371431987,-0.19999999999999996,-9.055999999999983,,,,,
371268,2024-07-19 05:00:00,LEVIATÁN,KRÜ Esports,1,0.5,2,1572.301208734996,1.0,211.74099999999999,,,140.208,2.175,1.9739999999999998,1473.6449056200863,0.4,198.76600000000002,1.0080000000000002,72.281,132.844,2.167,2.131,98.65630311490963,0.6,12.974999999999966,,,7.364000000000004,0.008000000000000007,-0.15700000000000003
371269,2024-07-19 06:55:00,G2 Esports,100 Thieves,1,0.0,2,1618.6457067946835,0.8,198.64899999999997,,,129.447,2.076,2.037,1553.4665157496704,0.6,202.53699999999998,,,133.21300000000002,2.199,2.043,65.17919104501311,0.20000000000000007,-3.8880000000000052,,,-3.7660000000000196,-0.12299999999999978,-0.006000000000000227
370729,2024-07-19 16:00:00,Trace Esports,FunPlus Phoenix,0,0.0,2,1569.687082744079,0.8,199.83299999999997,,,,,,1533.9598615195841,0.4,196.31400000000002,,,129.97299999999998,2.1390000000000002,2.2520000000000002,35.72722122449477,0.4,3.5189999999999486,,,,,
371285,2024-07-20 00:00:00,Team Vitality,Team Heretics,1,1.0,1,1538.345218084539,0.8,195.803,0.9969999999999999,71.224,128.45999999999998,2.0890000000000004,2.203,1625.3186201747806,0.8,206.56200000000004,,,135.526,2.316,1.9250000000000003,-86.9734020902415,0.0,-10.759000000000043,,,-7.066000000000031,-0.22699999999999942,0.2779999999999996
371270,2024-07-20 05:00:00,LEVIATÁN,G2 Esports,0,0.5,2,1583.8762139699718,1.0,215.36100000000002,,,142.848,2.235,1.814,1631.6788183445206,1.0,201.69899999999998,,,131.98000000000002,2.0930000000000004,2.004,-47.802604374548764,0.0,13.662000000000035,,,10.867999999999995,0.14199999999999946,-0.18999999999999995
371272,2024-07-20 07:10:00,KRÜ Esports,100 Thieves,1,0.5,2,1462.0699003851105,0.4,192.426,0.9490000000000001,69.961,128.694,2.0170000000000003,2.181,1540.4334041998334,0.6,198.067,,,130.30300000000003,2.1290000000000004,2.213,-78.36350381472289,-0.19999999999999996,-5.6410000000000196,,,-1.6090000000000373,-0.1120000000000001,-0.03200000000000003
365323,2024-07-20 16:00:00,KIWOOM DRX,Paper Rex,1,0.0,2,1600.1096542129837,0.6,196.637,1.003,71.377,128.82999999999998,1.9620000000000002,2.1270000000000002,1699.596341245376,0.8,207.80300000000003,,,136.73100000000002,2.09,1.8659999999999997,-99.48668703239218,-0.20000000000000007,-11.166000000000025,,,-7.901000000000039,-0.12799999999999967,0.26100000000000056
370727,2024-07-20 16:30:00,EDward Gaming,FunPlus Phoenix,1,0.5,4,1624.809721288072,0.8,204.582,,,,,,1551.599386011401,0.4,196.137,,,129.693,2.103,2.2640000000000002,73.210335276671,0.4,8.444999999999993,,,,,
371283,2024-07-21 00:00:00,FNATIC,Team Vitality,1,1.0,1,1689.778817879724,1.0,206.025,,,137.207,2.154,2.038,1558.2688731528706,0.8,199.478,1.033,72.304,130.755,2.1240000000000006,2.178,131.50994472685352,0.19999999999999996,6.546999999999997,,,6.451999999999998,0.02999999999999936,-0.14000000000000012
371273,2024-07-21 05:00:00,LEVIATÁN,KRÜ Esports,1,0.6666666666666666,3,1570.0638187338775,0.8,215.727,,,142.4,2.243,1.73,1481.6186980243092,0.6,191.75300000000001,0.944,69.774,128.428,2.0440000000000005,2.194,88.4451207095683,0.20000000000000007,23.97399999999999,,,13.972000000000008,0.1989999999999994,-0.46399999999999997
365321,2024-07-21 16:00:00,Gen.G,KIWOOM DRX,1,0.5,4,1705.7714976147167,0.8,206.71600000000004,,,135.172,2.3269999999999995,1.8989999999999998,1620.5699412811457,0.8,195.049,0.984,70.95500000000001,127.96800000000003,1.9919999999999998,2.143,85.20155633357103,0.0,11.66700000000003,,,7.203999999999965,0.33499999999999974,-0.244
371271,2024-07-22 05:00:00,G2 Esports,LEVIATÁN,0,0.5,2,1645.4912135806148,1.0,203.26899999999998,,,132.693,2.0400000000000005,2.0439999999999996,1582.0765307925237,0.8,218.43100000000004,,,144.464,2.279,1.7310000000000003,63.41468278809111,0.19999999999999996,-15.162000000000063,,,-11.770999999999987,-0.23899999999999944,0.3129999999999993
378662,2024-08-01 16:00:00,Gen.G,Sentinels,1,0.5,2,1717.924627452793,0.8,206.846,,,135.702,2.3720000000000003,1.8889999999999998,1578.635372162919,0.6,198.60700000000003,1.0350000000000001,73.703,130.95,2.237,2.16,139.28925528987384,0.20000000000000007,8.238999999999976,,,4.7520000000000095,0.13500000000000023,-0.27100000000000035
378663,2024-08-01 18:25:00,FunPlus Phoenix,Team Heretics,0,0.0,1,1538.9218179989982,0.4,197.298,,,130.118,2.131,2.1670000000000007,1605.394965106449,0.6,201.86200000000002,,,132.95600000000002,2.2710000000000004,1.9200000000000004,-66.47314710745081,-0.19999999999999996,-4.564000000000021,,,-2.8380000000000223,-0.14000000000000057,0.24700000000000033
378657,2024-08-02 16:00:00,KIWOOM DRX,KRÜ Esports,1,0.5,0,1608.4168114430695,0.6,195.424,0.9869999999999999,70.985,128.366,2.0170000000000003,2.196,1469.605985965663,0.6,191.074,0.942,69.082,127.86899999999999,1.9790000000000003,2.2429999999999994,138.81082547740652,0.0,4.349999999999994,0.04499999999999993,1.9030000000000058,0.4970000000000283,0.038000000000000034,-0.046999999999999265
378656,2024-08-02 19:00:00,FNATIC,Bilibili Gaming,1,1.0,1,1699.996129139805,1.0,206.69099999999997,,,138.02799999999996,2.154,2.015,1502.054621469163,0.4,202.24999999999997,,,,,,197.94150767064184,0.6,4.4410000000000025,,,,,
378667,2024-08-03 16:00:00,LEVIATÁN,TALON,1,0.5,0,1600.9648813826172,0.8,217.31599999999997,,,143.52399999999997,2.344,1.7309999999999999,1482.799159672199,0.2,187.643,0.9179999999999999,68.22599999999998,124.85,1.9829999999999999,2.149,118.16572171041821,0.6000000000000001,29.672999999999973,,,18.673999999999978,0.361,-0.41800000000000015
378669,2024-08-03 18:30:00,Team Vitality,Trace Esports,0,0.5,0,1548.0515618927898,0.6,196.066,1.009,71.287,128.732,2.056,2.191,1552.047558252262,0.6,199.963,,,,,,-3.995996359472201,0.0,-3.8969999999999914,,,,,
378674,2024-08-04 16:00:00,G2 Esports,Paper Rex,1,1.0,1,1626.6028629905213,0.8,200.141,,,130.68,2.02,2.142,1679.136054177214,0.6,209.17600000000002,,,137.168,2.1390000000000002,1.8459999999999996,-52.53319118669265,0.20000000000000007,-9.035000000000025,,,-6.4879999999999995,-0.11900000000000022,0.29600000000000026
378673,2024-08-04 18:15:00,EDward Gaming,FUT Esports,1,0.5,0,1637.487289300475,1.0,204.572,,,,,,1544.986655372759,0.4,190.76,,,125.31999999999998,1.8900000000000001,2.08,92.50063392771585,0.6,13.812000000000012,,,,,
378664,2024-08-06 16:00:00,Gen.G,Team Heretics,0,1.0,1,1727.8330353632398,1.0,206.11599999999999,,,135.05199999999996,2.342,1.8889999999999998,1618.370576685456,0.6,198.935,,,131.49,2.2380000000000004,2.0930000000000004,109.46245867778384,0.4,7.180999999999983,,,3.561999999999955,0.10399999999999965,-0.20400000000000063
378658,2024-08-06 19:35:00,FNATIC,KIWOOM DRX,0,1.0,1,1707.7536541856941,1.0,207.904,,,138.831,2.147,1.9449999999999998,1618.3440680932897,0.6,196.498,0.9870000000000001,71.08500000000001,128.999,2.011,2.116,89.40958609240442,0.4,11.406000000000006,,,9.831999999999994,0.13599999999999968,-0.17100000000000026
378670,2024-08-07 16:00:00,LEVIATÁN,Trace Esports,0,0.5,0,1611.7236963393204,0.8,217.379,1.166,77.47999999999999,143.404,2.3809999999999993,1.738,1567.8635439331536,0.6,199.33700000000002,,,129.92000000000002,2.149,1.9200000000000004,43.86015240616689,0.20000000000000007,18.041999999999973,,,13.48399999999998,0.23199999999999932,-0.18200000000000038
378675,2024-08-07 19:15:00,EDward Gaming,G2 Esports,0,0.5,0,1649.3253526726746,1.0,204.147,,,133.298,1.9929999999999999,2.1180000000000003,1645.0038364573516,0.8,202.00799999999998,,,132.033,2.107,2.0789999999999997,4.321516215323072,0.19999999999999996,2.13900000000001,,,1.2650000000000148,-0.11400000000000032,0.03900000000000059
378665,2024-08-08 16:00:00,Sentinels,FunPlus Phoenix,1,0.5,0,1568.7269642524723,0.4,197.67700000000002,1.033,73.293,129.92,2.157,2.06,1525.9462064199913,0.4,197.358,,,130.138,2.191,2.161,42.78075783248096,0.0,0.3190000000000168,,,-0.21800000000001774,-0.03399999999999981,-0.10099999999999998
378659,2024-08-08 18:10:00,Bilibili Gaming,KRÜ Esports,0,0.5,0,1494.2970964232738,0.2,199.51,,,,,,1459.6787293154428,0.4,193.531,0.9690000000000001,69.969,129.672,2.0060000000000002,2.1799999999999997,34.61836710783109,-0.2,5.978999999999985,,,,,
378671,2024-08-09 16:00:00,TALON,Team Vitality,0,0.5,0,1472.0403447154958,0.2,186.12,0.9030000000000001,67.753,123.16,1.9300000000000002,2.179,1532.2355762118982,0.4,197.473,1.031,71.447,129.97199999999998,2.0700000000000003,2.2649999999999997,-60.19523149640236,-0.2,-11.353000000000009,-0.12799999999999978,-3.6940000000000026,-6.811999999999983,-0.14000000000000012,-0.08599999999999985
378676,2024-08-09 18:25:00,FUT Esports,Paper Rex,0,0.0,1,1533.1485920005593,0.4,195.32999999999998,,,127.42999999999999,2.0500000000000003,2.04,1660.7350807103837,0.4,207.176,,,135.738,2.109,1.876,-127.58648870982438,0.0,-11.846000000000004,,,-8.308000000000007,-0.05899999999999972,0.16400000000000015
378666,2024-08-10 16:00:00,Gen.G,Sentinels,0,0.6666666666666666,3,1706.9525268111568,0.8,204.669,1.1039999999999999,75.237,134.21999999999997,2.4050000000000002,1.9159999999999997,1582.766734364374,0.4,195.647,1.0219999999999998,72.593,128.79999999999998,2.157,2.0900000000000003,124.18579244678267,0.4,9.02200000000002,0.08200000000000007,2.6439999999999912,5.4199999999999875,0.24800000000000022,-0.1740000000000006
378660,2024-08-10 18:15:00,FNATIC,KRÜ Esports,1,0.5,0,1687.724738215076,0.8,206.45699999999997,1.115,74.157,137.568,2.16,1.9949999999999999,1477.2677090162192,0.4,196.121,0.9979999999999999,71.26200000000001,131.555,2.026,2.13,210.45702919885684,0.4,10.335999999999956,0.1170000000000001,2.894999999999982,6.013000000000005,0.13400000000000034,-0.135
378672,2024-08-11 16:00:00,LEVIATÁN,Team Vitality,1,1.0,1,1593.714523385379,0.6,215.90899999999996,1.1459999999999997,77.1,141.601,2.3709999999999996,1.7479999999999998,1545.4908914813866,0.4,198.93300000000002,1.0399999999999998,71.647,130.522,1.95,2.2350000000000003,48.22363190399233,0.19999999999999996,16.975999999999942,0.10599999999999987,5.452999999999989,11.079000000000008,0.4209999999999996,-0.48700000000000054
378677,2024-08-11 18:15:00,EDward Gaming,Paper Rex,1,1.0,1,1633.126349758944,0.8,204.56,,,133.425,2.123,2.098,1671.1101095915872,0.4,207.189,1.079,75.518,135.611,2.0860000000000003,1.8830000000000002,-37.98375983264327,0.4,-2.6289999999999907,,,-2.1859999999999786,0.03699999999999992,0.21499999999999964
378822,2024-08-14 16:00:00,KIWOOM DRX,Sentinels,0,0.5,0,1638.3729840639078,0.6,193.231,0.9630000000000001,70.39199999999998,126.672,2.088,2.1090000000000004,1604.2539840564802,0.4,196.64,1.043,73.66,129.33,2.1399999999999997,2.05,34.11900000742753,0.19999999999999996,-3.408999999999992,-0.07999999999999985,-3.268000000000015,-2.6580000000000155,-0.0519999999999996,0.05900000000000061
378823,2024-08-14 18:25:00,Trace Esports,EDward Gaming,0,0.0,2,1585.872716887095,0.6,200.99,,,131.30699999999996,2.129,1.927,1650.8686307121955,0.8,206.773,,,135.025,2.113,2.038,-64.99591382510039,-0.20000000000000007,-5.782999999999987,,,-3.718000000000046,0.016000000000000014,-0.11099999999999977
378824,2024-08-15 16:00:00,G2 Esports,LEVIATÁN,0,0.3333333333333333,3,1661.2028393710823,0.8,201.885,,,131.893,2.107,2.099,1607.5078952032984,0.8,215.849,1.14,77.09,141.99100000000004,2.3810000000000002,1.7679999999999996,53.69494416778389,0.0,-13.963999999999999,,,-10.098000000000042,-0.274,0.3310000000000006
378825,2024-08-15 18:35:00,Team Heretics,FNATIC,1,0.0,1,1639.251085237539,0.6,200.81,1.065,75.05,132.683,2.265,2.156,1695.0667498751222,0.8,208.20999999999998,1.1199999999999999,74.42399999999999,138.988,2.167,1.9489999999999998,-55.81566463758327,-0.20000000000000007,-7.399999999999977,-0.05499999999999994,0.6260000000000048,-6.305000000000007,0.09800000000000031,0.2070000000000003
378831,2024-08-16 16:00:00,KIWOOM DRX,Trace Esports,1,0.5,0,1620.806777492824,0.6,194.301,0.9730000000000001,70.87199999999999,127.33900000000001,2.158,2.156,1572.8314545256885,0.4,197.58300000000003,,,128.767,2.0959999999999996,1.9840000000000004,47.975322967135526,0.19999999999999996,-3.282000000000039,,,-1.427999999999983,0.06200000000000028,0.1719999999999997
378832,2024-08-16 17:50:00,G2 Esports,FNATIC,0,0.5,0,1642.7495963670704,0.6,203.752,1.033,72.72799999999998,132.56,2.2399999999999998,2.089,1676.5182304283987,0.6,205.14000000000001,1.098,73.78699999999999,137.058,2.19,1.9689999999999999,-33.768634061328385,0.0,-1.3880000000000052,-0.06500000000000017,-1.0590000000000117,-4.4979999999999905,0.04999999999999982,0.1200000000000001
378826,2024-08-17 16:00:00,Sentinels,EDward Gaming,0,0.5,0,1621.820190627564,0.6,200.85999999999999,1.073,74.72999999999999,131.67,2.2,2.0700000000000003,1663.909893073602,0.8,207.363,,,134.995,2.163,1.9780000000000002,-42.08970244603802,-0.20000000000000007,-6.503000000000014,,,-3.325000000000017,0.037000000000000366,0.09200000000000008
378827,2024-08-17 19:15:00,LEVIATÁN,Team Heretics,1,0.5,0,1625.9611382073103,0.8,214.14899999999997,1.124,76.61000000000001,141.281,2.351,1.8579999999999999,1657.7996046842625,0.8,197.06,1.043,74.30999999999999,130.353,2.255,2.2359999999999998,-31.838466476952135,0.0,17.08899999999997,0.08100000000000018,2.3000000000000256,10.927999999999997,0.09600000000000009,-0.3779999999999999
378834,2024-08-18 16:00:00,Sentinels,FNATIC,1,0.0,1,1607.7490663149772,0.6,200.88,1.06,74.097,130.923,2.1130000000000004,2.177,1690.9680057718529,0.6,204.54000000000002,1.093,73.65699999999998,136.53799999999995,2.2,1.989,-83.21893945687566,0.0,-3.660000000000025,-0.03299999999999992,0.44000000000001194,-5.614999999999952,-0.08699999999999974,0.18799999999999994
378833,2024-08-18 19:25:00,Team Heretics,KIWOOM DRX,1,0.5,0,1640.337479614142,0.6,194.07999999999998,1.019,73.4,128.933,2.265,2.316,1634.6113679651785,0.6,197.751,1.0070000000000001,72.52199999999999,129.179,2.0780000000000003,2.056,5.726111648963524,0.0,-3.6710000000000207,0.011999999999999789,0.8780000000000143,-0.24600000000000932,0.18699999999999983,0.2599999999999998
378828,2024-08-23 15:00:00,EDward Gaming,LEVIATÁN,1,0.5,0,1677.9810173861888,0.8,208.62999999999997,,,135.845,2.19,1.9509999999999998,1643.4232632774308,0.8,213.189,1.114,76.22,141.011,2.461,1.828,34.55775410875799,0.0,-4.559000000000026,,,-5.165999999999997,-0.2709999999999999,0.12299999999999978
378835,2024-08-23 18:45:00,Team Heretics,Sentinels,1,0.0,1,1656.0738063007273,0.8,195.07999999999998,1.023,73.60600000000001,129.29299999999998,2.252,2.242,1627.5097942247742,0.8,197.967,1.0370000000000001,73.65700000000001,128.853,2.056,2.207,28.564012075953087,0.0,-2.887000000000029,-0.014000000000000234,-0.05100000000000193,0.4399999999999693,0.19599999999999973,0.03500000000000014
378836,2024-08-24 15:00:00,LEVIATÁN,Team Heretics,0,1.0,1,1629.009479128713,0.6,210.62199999999999,1.0879999999999999,75.537,139.378,2.464,1.9180000000000004,1670.7613406364205,0.8,195.05300000000003,1.014,72.793,129.227,2.225,2.282,-41.75186150770742,-0.20000000000000007,15.56899999999996,0.07399999999999984,2.7439999999999998,10.150999999999982,0.23899999999999988,-0.36399999999999966
378829,2024-08-25 15:00:00,EDward Gaming,Team Heretics,1,0.0,1,1692.3948015349065,0.8,208.65300000000002,,,135.63799999999998,2.21,1.9939999999999998,1684.8477987783697,0.8,196.698,1.029,73.62500000000001,130.199,2.197,2.2800000000000002,7.547002756536813,0.0,11.955000000000013,,,5.4389999999999645,0.0129999999999999,-0.2860000000000005
430838,2025-01-11 17:00:00,TYLOO,Titan Esports Club,0,1.0,1,1487.843925517048,0.4,195.63999999999996,,,,,,1437.0020648756627,0.2,193.29999999999998,,,,,,50.84186064138544,0.2,2.339999999999975,,,,,
430837,2025-01-11 19:35:00,Xi Lai Gaming,Wolves Esports,1,0.5,0,1500.0,0.5,,,,,,,1469.0454101847095,0.4,197.10000000000002,,,,,,30.954589815290547,0.09999999999999998,,,,,,
430839,2025-01-12 17:00:00,JD Mall JDG Esports,Dragon Ranger Gaming,0,0.5,0,1500.0,0.5,,,,,,,1459.2273825273135,0.2,197.67299999999994,,,,,,40.772617472686534,0.3,,,,,,
430840,2025-01-12 20:25:00,All Gamers,Nova Esports,0,1.0,1,1452.277377623195,0.2,192.28699999999998,,,,,,1439.842025052232,0.4,194.196,,,,,,12.435352570963005,-0.2,-1.9090000000000202,,,,,
429381,2025-01-16 01:00:00,BBL Esports,GIANTX,1,0.0,1,1412.2485508211485,0.2,193.297,0.9730000000000001,69.286,128.38,2.2,1.8930000000000002,1433.1122206934285,0.4,183.95,0.9209999999999999,68.51599999999999,123.28299999999999,2.2279999999999998,2.04,-20.86366987228007,-0.2,9.347000000000008,0.05200000000000016,0.7700000000000102,5.097000000000008,-0.02799999999999958,-0.1469999999999998
429380,2025-01-16 04:30:00,Karmine Corp,Natus Vincere,1,0.0,2,1442.8702950083111,0.2,191.697,0.954,72.55300000000001,126.96400000000001,2.154,1.9929999999999999,1474.8663350510933,0.2,190.41600000000003,0.9269999999999999,69.464,127.79400000000003,2.04,2.05,-31.99604004278217,0.0,1.2809999999999775,0.027000000000000024,3.089000000000013,-0.8300000000000125,0.11399999999999988,-0.05699999999999994
430842,2025-01-16 17:00:00,FunPlus Phoenix,Titan Esports Club,1,0.0,1,1511.9064363080895,0.4,193.29799999999997,,,127.09100000000001,2.168,2.141,1455.3268485540798,0.4,193.94299999999998,,,,,,56.57958775400971,0.0,-0.6450000000000102,,,,,
430841,2025-01-16 20:20:00,Bilibili Gaming,Xi Lai Gaming,1,0.5,0,1476.7081167224974,0.2,196.07,,,,,,1514.5782483412659,1.0,213.0,,,,,,-37.87013161876848,-0.8,-16.930000000000007,,,,,
429379,2025-01-17 01:00:00,Team Liquid,Movistar KOI,1,0.5,2,1472.522032129558,0.2,191.34599999999995,0.9329999999999998,69.91300000000001,125.133,1.8,2.3129999999999997,1476.0223766520833,0.2,188.8125,0.9712499999999998,71.54125,123.92124999999999,2.0324999999999998,2.15,-3.5003445225252108,0.0,2.533499999999947,-0.038250000000000006,-1.6282499999999942,1.2117500000000092,-0.2324999999999997,0.1629999999999998
429382,2025-01-17 04:10:00,Apeks,Gentle Mates,0,0.5,0,1500.0,0.5,,,,,,,1422.3896039207523,0.2,186.20999999999998,0.924,67.72,122.90000000000002,1.927,2.037,77.61039607924772,0.3,,,,,,
427991,2025-01-17 06:00:00,Evil Geniuses,LOUD,0,0.3333333333333333,3,1573.644393986092,0.4,191.80599999999998,0.9319999999999998,67.806,127.59,1.923,2.1900000000000004,1546.930505807467,0.4,190.34900000000002,0.958,68.56899999999999,125.68300000000002,1.9939999999999998,2.1619999999999995,26.713888178624984,0.0,1.4569999999999652,-0.026000000000000134,-0.762999999999991,1.9069999999999823,-0.07099999999999973,0.028000000000000913
427992,2025-01-17 08:45:00,MIBR,100 Thieves,0,0.5,2,1385.8149824647662,0.2,181.81699999999998,0.858,65.17,120.69699999999997,1.9630000000000003,2.0669999999999997,1520.8846065606347,0.4,199.39000000000001,,,131.17000000000002,2.136,2.2060000000000004,-135.06962409586845,-0.2,-17.573000000000036,,,-10.473000000000042,-0.17299999999999982,-0.13900000000000068
430843,2025-01-17 17:00:00,Trace Esports,Dragon Ranger Gaming,1,0.0,2,1559.026864053334,0.4,197.013,,,128.567,2.119,1.934,1477.0964586793204,0.4,196.23599999999996,,,,,,81.93040537401362,0.0,0.7770000000000437,,,,,
430844,2025-01-17 19:10:00,EDward Gaming,Nova Esports,1,1.0,1,1708.0473038674536,1.0,208.269,,,135.578,2.226,1.9440000000000002,1456.4144497864634,0.6,197.86300000000003,,,,,,251.63285408099023,0.4,10.405999999999977,,,,,
429385,2025-01-18 01:00:00,FNATIC,BBL Esports,0,1.0,1,1671.207277862056,0.4,201.97,1.063,72.58399999999997,134.305,2.21,2.042,1429.2082050797876,0.4,195.104,0.9879999999999999,70.123,129.37,2.217,1.876,241.99907278226829,0.0,6.8659999999999854,0.07500000000000007,2.46099999999997,4.935000000000002,-0.007000000000000117,0.16599999999999993
429384,2025-01-18 05:00:00,Team Vitality,Karmine Corp,1,1.0,2,1531.6975196634671,0.4,199.223,1.03,71.654,130.545,1.92,2.3080000000000003,1460.3396157126112,0.2,192.057,0.9669999999999999,73.37299999999999,127.29099999999998,2.1599999999999997,1.973,71.35790395085587,0.2,7.166000000000025,0.06300000000000017,-1.718999999999994,3.254000000000005,-0.23999999999999977,0.3350000000000002
427994,2025-01-18 06:00:00,2Game Esports,FURIA,0,0.5,0,1500.0,0.5,,,,,,,1418.0890631918016,0.6,184.007,0.867,67.07300000000001,123.223,1.6960000000000002,2.3359999999999994,81.91093680819836,-0.09999999999999998,,,,,,
427993,2025-01-18 08:05:00,NRG,Cloud9,0,0.3333333333333333,3,1526.542162706605,0.2,196.369,0.9610000000000001,70.82000000000001,128.667,2.017,2.077,1497.3868021752226,0.2,189.191,0.9349999999999999,70.283,126.53999999999999,2.17,2.0469999999999997,29.155360531382485,0.0,7.177999999999997,0.026000000000000134,0.5370000000000061,2.1270000000000095,-0.15300000000000002,0.03000000000000025
430514,2025-01-18 16:00:00,BOOM Esports,T1,0,0.5,0,1500.0,0.5,,,,,,,1481.4945408319522,0.4,197.68599999999998,,,129.191,2.0,2.2199999999999998,18.505459168047764,0.09999999999999998,,,,,,
430851,2025-01-18 17:00:00,Titan Esports Club,JD Mall JDG Esports,0,0.5,0,1441.90964335382,0.4,193.61,,,,,,1482.130923847993,0.0,190.4,,,,,,-40.221280494173016,0.4,3.210000000000008,,,,,
430515,2025-01-18 19:15:00,ZETA DIVISION,Nongshim RedForce,0,0.5,0,1429.3096286047241,0.2,195.073,0.9770000000000001,70.841,128.76999999999998,2.0060000000000002,2.183,1500.0,0.5,,,,,,,-70.69037139527586,-0.3,,,,,,
430853,2025-01-18 19:20:00,Xi Lai Gaming,All Gamers,1,0.5,0,1496.8411382965403,0.5,204.16500000000002,,,,,,1435.7049528889636,0.0,190.017,,,,,,61.136185407576704,0.5,14.148000000000025,,,,,
427995,2025-01-19 06:00:00,KRÜ Esports,LOUD,0,1.0,1,1469.925697356173,0.4,196.40399999999997,0.9949999999999999,70.712,131.525,1.9829999999999999,2.13,1564.1583072362107,0.6,191.399,0.9750000000000002,69.179,126.38,2.087,2.1390000000000002,-94.23260988003767,-0.19999999999999996,5.004999999999967,0.019999999999999685,1.5330000000000013,5.14500000000001,-0.10400000000000031,-0.009000000000000341
427996,2025-01-19 08:25:00,Sentinels,100 Thieves,1,0.8,5,1612.822259889081,0.6,197.254,1.0270000000000001,73.017,128.42300000000003,2.0230000000000006,2.19,1530.9599321964877,0.4,200.003,,,131.09,2.223,2.063,81.86232769259323,0.19999999999999996,-2.7489999999999952,,,-2.666999999999973,-0.1999999999999993,0.12699999999999978
430516,2025-01-19 16:00:00,Global Esports,Team Secret,1,0.0,2,1399.1673002339232,0.4,188.65,0.932,69.362,124.763,2.046,1.94,1530.3293242551879,0.8,203.916,1.057,73.49999999999999,134.80299999999997,2.277,2.0759999999999996,-131.16202402126464,-0.4,-15.265999999999991,-0.12499999999999989,-4.137999999999991,-10.039999999999964,-0.23100000000000032,-0.13599999999999968
430850,2025-01-19 17:00:00,Dragon Ranger Gaming,TYLOO,1,0.0,2,1464.801077023068,0.4,195.71599999999998,,,,,,1469.519141838631,0.4,194.95,,,,,,-4.7180648155629115,0.0,0.7659999999999911,,,,,
430517,2025-01-19 19:00:00,DetonatioN FocusMe,Rex Regum Qeon,0,0.0,2,1315.2431055325442,0.2,182.60999999999999,0.89,68.803,119.15000000000002,1.8270000000000004,2.317,1470.0713320338793,0.4,198.783,1.0189999999999997,72.38000000000001,131.27000000000004,2.0700000000000003,2.303,-154.82822650133517,-0.2,-16.173000000000002,-0.12899999999999967,-3.5770000000000124,-12.120000000000019,-0.24299999999999988,0.014000000000000234
430849,2025-01-19 19:15:00,Nova Esports,Wolves Esports,1,1.0,1,1450.327083656497,0.4,200.893,,,,,,1454.4671618434436,0.4,195.65300000000002,,,,,,-4.140078186946539,0.0,5.239999999999981,,,,,
427998,2025-01-20 06:00:00,LEVIATÁN,FURIA,1,0.3333333333333333,3,1614.923020986764,0.6,204.437,1.034,73.49199999999999,135.058,2.429,2.0629999999999997,1437.7928330286957,0.6,188.07699999999997,0.899,68.32000000000001,125.15,1.703,2.2829999999999995,177.1301879580683,0.0,16.360000000000042,0.135,5.171999999999983,9.907999999999987,0.7259999999999998,-0.21999999999999975
427997,2025-01-20 08:20:00,G2 Esports,Cloud9,1,1.0,1,1628.2998210236162,0.4,201.04500000000002,1.0070000000000001,71.89099999999999,131.16000000000003,2.197,2.112,1514.7263133981412,0.4,188.73100000000002,0.9179999999999998,69.626,126.19999999999997,2.157,2.1399999999999997,113.57350762547503,0.0,12.313999999999993,0.0890000000000003,2.2649999999999864,4.960000000000051,0.040000000000000036,-0.02799999999999958
430521,2025-01-20 16:00:00,KIWOOM DRX,Nongshim RedForce,1,0.5,0,1618.8750412785932,0.6,196.604,0.998,72.229,128.146,2.018,2.076,1512.7887782406485,1.0,214.1,1.15,80.9,135.2,2.4,2.0,106.08626303794472,-0.4,-17.49599999999998,-0.1519999999999999,-8.671000000000006,-7.054000000000002,-0.3820000000000001,0.07600000000000007
430845,2025-01-20 17:00:00,Bilibili Gaming,FunPlus Phoenix,1,0.5,2,1494.445226767223,0.2,197.31300000000002,,,,,,1525.3236415083493,0.4,193.21800000000002,,,,,,-30.878414741126335,-0.2,4.094999999999999,,,,,
430518,2025-01-20 19:15:00,Paper Rex,T1,0,1.0,1,1653.3678286383356,0.4,205.289,1.051,74.11800000000001,134.92799999999997,1.986,1.973,1498.3459437444221,0.6,195.27299999999997,,,127.73799999999999,1.987,2.2329999999999997,155.02188489391347,-0.19999999999999996,10.01600000000002,,,7.1899999999999835,-0.001000000000000112,-0.25999999999999956
430846,2025-01-20 19:25:00,Trace Esports,EDward Gaming,1,0.0,3,1571.3222457095865,0.6,195.95300000000003,,,,,,1714.13466999742,1.0,209.17199999999997,,,,,,-142.81242428783344,-0.4,-13.218999999999937,,,,,
430854,2025-01-21 17:00:00,Nova Esports,Dragon Ranger Gaming,0,0.5,2,1466.517732279302,0.6,201.527,,,,,,1481.0183385825678,0.4,195.113,,,,,,-14.50060630326584,0.19999999999999996,6.413999999999987,,,,,
430855,2025-01-21 19:15:00,JD Mall JDG Esports,Xi Lai Gaming,0,0.5,0,1496.286895845473,0.5,206.4,,,,,,1510.0544158133262,0.6666666666666666,208.55333333333337,,,,,,-13.767519967853104,-0.16666666666666663,-2.1533333333333644,,,,,
430856,2025-01-22 17:00:00,FunPlus Phoenix,Dragon Ranger Gaming,0,1.0,2,1507.905370210042,0.2,192.351,,,,,,1496.3509484487201,0.6,197.20300000000003,,,,,,11.554421761321919,-0.39999999999999997,-4.852000000000032,,,,,
430857,2025-01-22 20:05:00,EDward Gaming,Xi Lai Gaming,1,0.5,0,1691.9048862612733,0.8,201.162,,,,,,1525.4207297309997,0.75,208.49750000000003,,,,,,166.4841565302736,0.050000000000000044,-7.335500000000025,,,,,
429383,2025-01-23 01:00:00,FUT Esports,Team Liquid,1,0.3333333333333333,3,1522.773563119356,0.2,194.377,,,127.08,2.05,2.1029999999999998,1488.6832234982246,0.4,192.993,0.959,70.74600000000001,126.78299999999999,1.857,2.2800000000000002,34.09033962113131,-0.2,1.3840000000000146,,,0.29700000000001125,0.19299999999999984,-0.1770000000000005
429386,2025-01-23 03:10:00,Team Heretics,Gentle Mates,1,1.0,1,1669.1952964458226,0.6,195.83700000000002,1.019,73.242,129.707,2.1570000000000005,2.243,1441.9054100389162,0.4,186.16,0.9259999999999999,67.46000000000001,123.21000000000001,1.987,1.9969999999999999,227.28988640690636,0.19999999999999996,9.677000000000021,0.09299999999999997,5.7819999999999965,6.496999999999986,0.17000000000000037,0.246
430847,2025-01-23 17:00:00,Bilibili Gaming,Trace Esports,0,0.0,1,1511.8634980655302,0.4,195.673,,,,,,1593.552029445733,0.6,197.94,,,,,,-81.6885313802029,-0.19999999999999996,-2.266999999999996,,,,,
430858,2025-01-23 20:15:00,Dragon Ranger Gaming,EDward Gaming,0,0.3333333333333333,3,1512.8828531570489,0.8,199.57300000000004,,,,,,1700.775500720607,0.8,202.029,,,,,,-187.89264756355806,0.0,-2.4559999999999604,,,,,
429393,2025-01-24 01:00:00,Karmine Corp,GIANTX,0,1.0,1,1447.5803287940157,0.2,191.18300000000002,0.96,72.893,126.58399999999999,2.187,1.973,1416.1525664347894,0.2,185.07,0.9369999999999999,68.616,124.26000000000002,2.2309999999999994,2.0769999999999995,31.427762359226335,0.0,6.113000000000028,0.02300000000000002,4.277000000000001,2.3239999999999696,-0.043999999999999595,-0.10399999999999943
429392,2025-01-24 04:30:00,FNATIC,Natus Vincere,1,1.0,1,1645.57271500457,0.4,203.363,1.074,72.97,135.525,2.283,1.955,1457.3970143467932,0.2,187.57599999999996,0.907,69.337,125.814,2.02,2.056,188.17570065777682,0.2,15.787000000000035,0.16700000000000004,3.6329999999999956,9.711000000000013,0.2629999999999999,-0.10099999999999998
428003,2025-01-24 06:00:00,FURIA,Evil Geniuses,0,0.5,2,1429.3097327992418,0.6,188.647,0.9010000000000001,68.55,125.94999999999997,1.7429999999999999,2.283,1556.4165925573482,0.2,192.616,0.9499999999999998,68.386,127.79999999999998,2.023,2.2100000000000004,-127.10685975810634,0.39999999999999997,-3.9690000000000225,-0.04899999999999971,0.16400000000000148,-1.8500000000000085,-0.28000000000000025,0.07299999999999951
428004,2025-01-24 08:20:00,Cloud9,MIBR,0,0.75,4,1503.7779020481378,0.4,189.14100000000002,0.9189999999999999,69.546,126.24000000000001,2.127,2.18,1375.7396568289132,0.2,180.69700000000003,0.8480000000000001,64.28,120.227,1.8730000000000004,2.1470000000000002,128.03824521922456,0.2,8.443999999999988,0.07099999999999984,5.266000000000005,6.013000000000005,0.25399999999999934,0.03299999999999992
430860,2025-01-24 17:00:00,Bilibili Gaming,EDward Gaming,0,0.0,2,1499.5575731502665,0.4,193.839,,,,,,1708.8780259621412,0.8,205.879,,,,,,-209.3204528118747,-0.4,-12.039999999999992,,,,,
429394,2025-01-25 01:00:00,Team Liquid,Apeks,1,0.5,0,1474.248122846142,0.4,193.05,0.954,70.943,127.07300000000001,1.784,2.31,1480.484193881836,0.0,180.8,0.85,67.9,119.2,1.9,2.7,-6.236071035694067,0.4,12.25,0.10399999999999998,3.042999999999992,7.873000000000005,-0.11599999999999988,-0.3900000000000001
429391,2025-01-25 04:10:00,Gentle Mates,Movistar KOI,1,0.5,0,1435.0971831538932,0.2,186.35699999999997,0.9480000000000001,67.85,122.917,1.9770000000000003,1.987,1459.8611852834167,0.2,188.33,0.9644444444444442,71.4888888888889,123.90777777777777,2.0144444444444445,2.163333333333333,-24.764002129523533,0.0,-1.9730000000000416,-0.01644444444444415,-3.6388888888889,-0.9907777777777653,-0.03744444444444417,-0.176333333333333
428006,2025-01-25 06:00:00,KRÜ Esports,2Game Esports,1,0.5,0,1458.1619006794851,0.2,194.491,0.9879999999999998,70.40499999999999,130.315,2.056,2.073,1480.296230163106,0.0,184.2,0.83,69.2,123.9,2.0,1.8,-22.13432948362083,0.2,10.291000000000025,0.1579999999999998,1.204999999999984,6.414999999999992,0.05600000000000005,0.2729999999999999
428005,2025-01-25 08:00:00,100 Thieves,NRG,0,0.5,2,1518.6615833853643,0.4,203.933,1.0370000000000001,74.547,133.93,2.226,2.0460000000000003,1509.2026514836864,0.2,194.73900000000003,0.946,70.49,127.00700000000002,2.037,2.1569999999999996,9.458931901677943,0.2,9.19399999999996,0.09100000000000019,4.057000000000002,6.922999999999988,0.18900000000000006,-0.11099999999999932
430519,2025-01-25 16:00:00,TALON,Global Esports,1,0.0,1,1458.7850294460075,0.2,187.573,0.899,67.946,123.8,1.9829999999999999,2.159,1420.93605448095,0.4,189.117,0.9499999999999998,70.022,124.49000000000001,2.026,1.94,37.84897496505755,-0.2,-1.5439999999999827,-0.05099999999999982,-2.0760000000000076,-0.6900000000000119,-0.04299999999999993,0.21899999999999986
430848,2025-01-25 17:00:00,Trace Esports,EDward Gaming,0,0.25,4,1605.8579543609967,0.6,198.047,,,,,,1716.2571180705252,0.8,207.71300000000002,,,,,,-110.39916370952847,-0.20000000000000007,-9.666000000000025,,,,,
430520,2025-01-25 19:00:00,Gen.G,Rex Regum Qeon,1,0.75,4,1685.4652771190506,0.6,203.922,1.087,74.98400000000001,133.79299999999998,2.365,1.9129999999999998,1479.3785088248983,0.6,198.09999999999997,1.0139999999999998,71.96000000000001,130.723,2.103,2.326,206.0867682941523,0.0,5.822000000000031,0.07300000000000018,3.024000000000001,3.0699999999999648,0.262,-0.41300000000000026
430526,2025-01-26 16:00:00,Nongshim RedForce,BOOM Esports,1,0.5,0,1501.5278589780617,0.5,207.385,1.08,79.45,131.23499999999999,2.165,2.2,1483.14859708753,0.0,193.07,1.01,71.87,123.8,2.27,2.0,18.379261890531552,0.5,14.314999999999998,0.07000000000000006,7.579999999999998,7.434999999999988,-0.10499999999999998,0.20000000000000018
430529,2025-01-26 19:00:00,Paper Rex,ZETA DIVISION,1,1.0,1,1630.6676493358268,0.2,202.916,1.033,73.711,133.514,1.98,2.033,1416.5208503640756,0.2,192.15,0.9470000000000001,69.874,126.06700000000001,2.0130000000000003,2.2299999999999995,214.1467989717512,0.0,10.765999999999991,0.08599999999999985,3.8370000000000033,7.447000000000003,-0.03300000000000036,-0.19699999999999962
430527,2025-01-27 16:00:00,Rex Regum Qeon,Team Secret,1,1.0,2,1471.893202866596,0.4,200.24699999999999,1.0379999999999998,72.9,131.99600000000004,2.21,2.259,1508.5605700081612,0.6,203.329,1.052,73.874,134.017,2.2569999999999997,2.0620000000000003,-36.66736714156514,-0.19999999999999996,-3.082000000000022,-0.014000000000000234,-0.9739999999999895,-2.020999999999958,-0.04699999999999971,0.19699999999999962
430528,2025-01-27 19:00:00,Global Esports,DetonatioN FocusMe,0,1.0,2,1406.6722017037769,0.4,189.41400000000002,0.9640000000000001,70.125,124.88700000000001,2.0159999999999996,1.957,1305.9359287415252,0.2,180.29699999999997,0.866,67.65,117.53000000000002,1.8,2.2969999999999997,100.73627296225163,0.2,9.117000000000047,0.09800000000000009,2.4749999999999943,7.356999999999999,0.21599999999999953,-0.33999999999999964
429388,2025-01-30 01:00:00,BBL Esports,Team Heretics,0,1.0,2,1454.8427679372735,0.6,192.821,0.959,69.38600000000001,127.49300000000001,2.207,1.989,1676.0035233308456,0.8,194.06,1.0130000000000003,72.53200000000001,128.367,2.077,2.213,-221.16075539357212,-0.20000000000000007,-1.2390000000000043,-0.05400000000000038,-3.146000000000001,-0.873999999999981,0.1299999999999999,-0.22399999999999998
429387,2025-01-30 03:25:00,FUT Esports,Team Vitality,0,1.0,1,1537.2086637714385,0.2,198.797,1.0170000000000001,71.827,129.77,2.18,1.9929999999999999,1544.4568065820627,0.4,199.917,1.03,71.38,131.23200000000003,2.013,2.2750000000000004,-7.248142810624131,-0.2,-1.1200000000000045,-0.0129999999999999,0.44700000000000273,-1.4620000000000175,0.16700000000000026,-0.2820000000000005
429395,2025-01-31 01:00:00,Gentle Mates,FNATIC,0,0.0,1,1452.2356802640663,0.4,192.35399999999996,0.9969999999999999,70.67,126.327,2.067,1.904,1653.6653849125382,0.4,202.63600000000002,1.0639999999999998,73.10299999999998,135.062,2.2960000000000003,1.955,-201.4297046484719,0.0,-10.282000000000068,-0.06699999999999995,-2.4329999999999785,-8.735000000000014,-0.2290000000000001,-0.051000000000000156
429396,2025-01-31 03:15:00,GIANTX,Team Liquid,0,0.0,1,1433.5959338080393,0.4,186.25,0.944,68.54299999999999,124.86000000000001,2.271,2.1369999999999996,1490.5352736946102,0.6,194.57,0.96,71.17,128.393,1.7899999999999998,2.2500000000000004,-56.939339886570906,-0.19999999999999996,-8.319999999999993,-0.016000000000000014,-2.6270000000000095,-3.532999999999987,0.4810000000000001,-0.11300000000000088
430522,2025-01-31 16:00:00,T1,TALON,1,0.0,1,1521.046123046931,0.8,197.05299999999997,,,129.43099999999998,2.034,2.193,1473.0488822231805,0.2,189.516,0.916,68.523,124.88999999999999,2.04,2.1390000000000002,47.99724082375042,0.6000000000000001,7.536999999999978,,,4.540999999999997,-0.006000000000000227,0.053999999999999826
430523,2025-01-31 18:45:00,Gen.G,KIWOOM DRX,0,0.6,5,1692.9505830773528,0.6,202.28199999999998,1.073,73.724,132.4,2.311,1.967,1630.13596054118,0.6,196.931,0.994,72.395,129.046,2.058,2.109,62.81462253617269,0.0,5.350999999999971,0.07899999999999996,1.3290000000000077,3.3540000000000134,0.2530000000000001,-0.1419999999999999
429397,2025-02-01 01:00:00,FUT Esports,FNATIC,1,0.3333333333333333,3,1521.5424046681328,0.2,196.48000000000002,0.9869999999999999,70.92999999999999,127.92,2.08,2.0700000000000003,1661.3055143277095,0.6,201.406,1.067,72.713,133.622,2.216,1.975,-139.76310965957668,-0.39999999999999997,-4.925999999999988,-0.08000000000000007,-1.7830000000000013,-5.702000000000012,-0.13600000000000012,0.0950000000000002
429398,2025-02-01 03:15:00,BBL Esports,Team Liquid,0,0.5,2,1447.843522434158,0.6,189.201,0.9339999999999999,68.436,125.31299999999999,2.0869999999999997,2.1189999999999998,1503.9363461060464,0.6,200.76,1.01,72.62999999999998,132.713,1.86,2.23,-56.092823671888254,0.0,-11.558999999999997,-0.07600000000000007,-4.193999999999974,-7.400000000000006,0.22699999999999965,-0.11100000000000021
427999,2025-02-01 06:00:00,LOUD,Sentinels,0,0.6666666666666666,3,1575.9221039128986,0.6,193.29900000000004,0.999,70.089,127.58000000000001,2.087,2.149,1625.1206087002042,0.6,197.317,1.015,72.987,128.786,2.006,2.2129999999999996,-49.19850478730564,0.0,-4.017999999999972,-0.015999999999999903,-2.897999999999996,-1.2059999999999889,0.0810000000000004,-0.06399999999999961
428000,2025-02-01 10:00:00,G2 Esports,LEVIATÁN,1,0.25,4,1639.2482323736197,0.6,201.01500000000001,1.0189999999999997,71.91100000000002,131.32,2.227,2.072,1623.4061212162178,0.6,204.73700000000002,1.0559999999999998,73.842,135.51800000000003,2.399,2.0929999999999995,15.84211115740186,0.0,-3.7220000000000084,-0.037000000000000144,-1.9309999999999832,-4.198000000000036,-0.17200000000000015,-0.020999999999999464
430530,2025-02-01 16:00:00,Nongshim RedForce,Rex Regum Qeon,1,0.5,0,1516.6822513206844,0.6666666666666666,205.5,1.0766666666666669,78.41000000000001,131.39999999999998,2.1333333333333333,2.0433333333333334,1489.575556090083,0.4,204.17399999999998,1.0669999999999997,74.11699999999999,134.25900000000001,2.243,2.1990000000000003,27.106695230601417,0.2666666666666666,1.3260000000000218,0.009666666666667156,4.293000000000021,-2.8590000000000373,-0.10966666666666658,-0.15566666666666684
430531,2025-02-01 20:10:00,DetonatioN FocusMe,Paper Rex,1,0.0,2,1326.4492360253982,0.2,184.457,0.8940000000000001,69.00000000000001,120.65,1.9,2.2369999999999997,1637.890187153547,0.4,204.276,1.041,74.15099999999998,134.174,1.9999999999999996,2.0229999999999997,-311.44095112814875,-0.2,-19.819000000000017,-0.1469999999999998,-5.150999999999968,-13.524000000000001,-0.09999999999999964,0.21399999999999997
428007,2025-02-02 06:00:00,Evil Geniuses,MIBR,0,0.5,2,1566.8109886238806,0.2,194.693,0.9780000000000001,69.609,128.97699999999998,2.0429999999999997,2.1900000000000004,1397.3828524746705,0.4,184.61,0.883,66.247,122.87400000000002,1.9260000000000002,2.1470000000000002,169.4281361492101,-0.2,10.082999999999998,0.09500000000000008,3.3619999999999948,6.102999999999952,0.11699999999999955,0.04300000000000015
428008,2025-02-02 08:30:00,NRG,KRÜ Esports,0,1.0,2,1525.6381438051683,0.4,192.57600000000002,0.9390000000000001,70.25300000000001,124.78699999999999,2.054,2.2469999999999994,1475.1798474229745,0.4,195.91799999999998,1.01,71.26499999999999,131.098,1.9789999999999999,2.026,50.458296382193794,0.0,-3.341999999999956,-0.07099999999999995,-1.011999999999972,-6.311000000000021,0.07499999999999996,0.22099999999999964
430532,2025-02-02 16:00:00,TALON,Nongshim RedForce,1,0.5,0,1459.245282093294,0.2,189.076,0.9120000000000001,68.37,124.123,1.9600000000000002,2.106,1531.4364685488729,0.75,204.8075,1.0650000000000002,77.14,132.25,2.5,2.115,-72.19118645557887,-0.55,-15.731500000000011,-0.15300000000000002,-8.769999999999996,-8.126999999999995,-0.5399999999999998,-0.009000000000000341
430533,2025-02-02 19:00:00,Gen.G,DetonatioN FocusMe,1,1.0,2,1674.0889740594416,0.4,196.46200000000005,1.0179999999999998,71.644,128.57999999999998,2.321,2.1270000000000002,1353.8818761847288,0.4,190.72999999999996,0.9349999999999999,70.34299999999999,124.38,1.9329999999999998,2.1800000000000006,320.2070978747129,0.0,5.732000000000085,0.08299999999999985,1.3010000000000161,4.199999999999989,0.38800000000000034,-0.05300000000000038
428009,2025-02-03 06:00:00,LEVIATÁN,MIBR,0,1.0,1,1608.1351722069633,0.4,202.80300000000003,1.0320000000000003,72.55199999999999,134.19400000000002,2.293,2.175,1420.6204838773467,0.6,191.82999999999998,0.9299999999999999,69.227,127.09400000000002,1.986,2.097,187.51468832961655,-0.19999999999999996,10.973000000000042,0.10200000000000031,3.3249999999999886,7.099999999999994,0.30700000000000016,0.07799999999999985
428010,2025-02-03 09:30:00,LOUD,KRÜ Esports,0,1.0,1,1562.1727555889645,0.6,192.416,0.9830000000000002,69.816,127.06300000000002,2.1440000000000006,2.149,1493.4873374616911,0.6,194.93099999999998,0.998,70.998,129.661,2.019,1.9829999999999999,68.68541812727335,0.0,-2.5149999999999864,-0.014999999999999791,-1.1820000000000022,-2.5979999999999848,0.12500000000000044,0.16600000000000015
428001,2025-02-07 06:00:00,Sentinels,G2 Esports,0,0.0,2,1638.8699570241383,0.6,198.53400000000002,1.0369999999999997,73.63399999999999,129.593,2.056,2.22,1654.5191813828742,0.6,203.07200000000003,1.041,72.67800000000003,133.19,2.29,1.9749999999999996,-15.649224358735864,0.0,-4.538000000000011,-0.004000000000000226,0.9559999999999604,-3.5970000000000084,-0.23399999999999999,0.24500000000000055
428011,2025-02-07 08:20:00,MIBR,KRÜ Esports,1,0.5,2,1444.5047865008548,0.8,193.523,0.9490000000000001,69.397,128.30400000000003,2.053,2.097,1512.6098451566836,0.6,194.748,0.998,71.118,129.251,1.9720000000000002,2.0029999999999997,-68.10505865582877,0.20000000000000007,-1.2249999999999943,-0.04899999999999993,-1.7209999999999894,-0.9469999999999743,0.08099999999999974,0.0940000000000003
430524,2025-02-07 16:00:00,T1,KIWOOM DRX,0,0.0,2,1534.8497231768174,1.0,199.383,,,131.828,2.094,2.173,1648.9975695590913,0.6,196.26100000000002,0.9949999999999999,72.44500000000001,128.886,2.1279999999999997,2.159,-114.14784638227388,0.4,3.1219999999999857,,,2.9420000000000073,-0.03399999999999981,0.014000000000000234
430534,2025-02-07 19:30:00,TALON,Gen.G,0,1.0,1,1478.5227770440547,0.4,187.813,0.9069999999999998,68.503,123.81599999999999,1.893,2.163,1678.4622914195666,0.4,197.29900000000004,1.035,71.934,129.06,2.298,2.097,-199.93951437551186,0.0,-9.486000000000047,-0.1280000000000001,-3.4309999999999974,-5.244000000000014,-0.405,0.06599999999999984
429389,2025-02-08 01:00:00,Team Vitality,Team Heretics,1,1.0,2,1560.1230656853684,0.6,202.93400000000003,1.0459999999999998,71.587,133.63500000000002,2.043,2.182,1683.002768833961,0.8,197.42999999999998,1.0369999999999997,73.432,130.707,2.1819999999999995,2.178,-122.87970314859263,-0.20000000000000007,5.5040000000000475,0.009000000000000119,-1.8449999999999989,2.9280000000000257,-0.13899999999999935,0.0040000000000000036
429400,2025-02-08 03:10:00,FUT Esports,Team Liquid,0,1.0,1,1543.6526457676634,0.4,195.93,0.9890000000000002,70.75,127.59,2.06,2.09,1517.3753884224132,0.8,197.947,0.983,71.19999999999999,130.87599999999998,2.04,2.1900000000000004,26.27725734525029,-0.4,-2.016999999999996,0.006000000000000227,-0.44999999999998863,-3.285999999999973,0.020000000000000018,-0.10000000000000053
428012,2025-02-08 06:00:00,Sentinels,MIBR,1,1.0,1,1623.590143468885,0.6,196.794,1.03,73.614,128.693,2.066,2.18,1463.601577205948,0.8,194.68599999999998,0.966,70.35400000000001,128.577,2.13,1.9799999999999998,159.98856626293696,-0.20000000000000007,2.1080000000000325,0.06400000000000006,3.259999999999991,0.11600000000001387,-0.06400000000000006,0.2000000000000004
430535,2025-02-08 16:00:00,T1,Gen.G,1,0.4,5,1523.9251121482341,0.8,201.42900000000003,,,133.24800000000002,2.194,2.166,1686.1524236922476,0.6,200.599,1.059,72.95400000000001,130.95999999999998,2.2279999999999998,2.0669999999999997,-162.22731154401345,0.20000000000000007,0.8300000000000409,,,2.2880000000000393,-0.03399999999999981,0.0990000000000002
429401,2025-02-09 01:00:00,Team Heretics,Team Liquid,0,0.0,1,1661.5686606642719,0.6,196.23699999999997,1.0190000000000001,73.44500000000001,129.78,2.155,2.0580000000000003,1534.583198747548,0.8,199.9,1.001,71.74,131.31599999999997,2.06,2.124,126.9854619167238,-0.20000000000000007,-3.6630000000000393,0.018000000000000238,1.7050000000000125,-1.535999999999973,0.09499999999999975,-0.06599999999999984
428002,2025-02-09 06:00:00,G2 Esports,Sentinels,1,1.0,3,1669.7989949381276,0.6,202.93200000000002,1.0330000000000001,71.79800000000002,133.24999999999997,2.2600000000000002,1.9949999999999997,1632.7024843975885,0.6,201.144,1.06,74.66399999999999,131.56799999999998,2.126,2.2,37.09651054053916,0.0,1.788000000000011,-0.026999999999999913,-2.8659999999999712,1.681999999999988,0.13400000000000034,-0.20500000000000052
430525,2025-02-09 16:00:00,KIWOOM DRX,T1,1,1.0,1,1659.9221805876746,0.8,199.70700000000002,1.009,73.25800000000001,131.019,2.1879999999999997,2.1729999999999996,1546.8965304631363,0.8,199.341,,,132.033,2.257,2.157,113.02565012453829,0.0,0.36600000000001387,,,-1.0139999999999816,-0.0690000000000004,0.01599999999999957
429390,2025-02-10 01:00:00,Team Vitality,Team Liquid,1,1.0,1,1581.5571738550575,0.8,204.587,1.0530000000000002,71.39,135.08200000000002,2.033,2.179,1556.1838977206166,1.0,203.977,1.039,73.55,134.09300000000002,2.077,1.9169999999999998,25.373276134440857,-0.19999999999999996,0.6099999999999852,0.014000000000000234,-2.1599999999999966,0.9890000000000043,-0.04400000000000004,0.262
448598,2025-02-20 18:00:00,EDward Gaming,Team Liquid,1,0.0,1,1727.3375185429072,0.8,207.73000000000002,,,,,,1541.350307360625,0.8,205.283,1.0509999999999997,73.716,135.125,2.163,1.873,185.98721118228218,0.0,2.447000000000031,,,,,
448600,2025-02-20 21:00:00,KIWOOM DRX,Sentinels,1,0.0,1,1670.8933180537915,0.8,199.859,1.019,73.72999999999999,131.255,2.196,2.1569999999999996,1618.4043793615058,0.6,199.55,1.0390000000000001,73.86399999999999,130.782,2.11,2.23,52.48893869228573,0.20000000000000007,0.3089999999999975,-0.02000000000000024,-0.13400000000000034,0.47299999999998477,0.0860000000000003,-0.0730000000000004
448599,2025-02-21 18:00:00,Team Vitality,T1,1,0.5,0,1596.390764215049,0.8,204.727,1.051,71.32199999999999,134.53000000000003,1.996,2.1350000000000002,1535.9253929970193,0.6,200.643,1.013,73.09799999999998,133.10100000000003,2.2369999999999997,2.185,60.46537121802976,0.20000000000000007,4.084000000000003,0.038000000000000034,-1.7759999999999962,1.429000000000002,-0.24099999999999966,-0.04999999999999982
448597,2025-02-21 20:25:00,G2 Esports,Trace Esports,1,0.5,0,1684.0970999742103,0.8,200.11,1.015,70.936,131.05,2.21,2.059,1594.7775538886146,0.6,194.83700000000002,,,,,,89.31954608559568,0.20000000000000007,5.272999999999996,,,,,
449000,2025-02-22 18:00:00,KIWOOM DRX,Team Vitality,0,0.5,0,1684.4943366376892,1.0,201.714,1.047,75.19999999999999,132.41,2.2310000000000003,2.027,1609.6340067859012,1.0,207.74699999999999,1.071,72.422,136.27999999999997,2.036,2.115,74.86032985178804,0.0,-6.032999999999987,-0.02400000000000002,2.7779999999999916,-3.869999999999976,0.19500000000000028,-0.08800000000000008
449001,2025-02-22 21:25:00,EDward Gaming,G2 Esports,1,0.0,1,1735.5065933830138,1.0,208.11999999999998,,,,,,1696.0720678361147,1.0,200.27000000000004,1.0379999999999998,71.626,131.67000000000002,2.25,1.989,39.43452554689907,0.0,7.8499999999999375,,,,,
449002,2025-02-23 18:00:00,T1,Trace Esports,1,0.5,0,1522.6821504261673,0.4,197.98000000000002,0.9959999999999999,72.10099999999998,131.848,2.2540000000000004,2.165,1582.8025860267103,0.6,194.507,,,,,,-60.12043560054303,-0.19999999999999996,3.473000000000013,,,,,
449003,2025-02-23 19:55:00,Team Liquid,Sentinels,1,0.5,0,1533.1812325205185,0.6,201.74300000000002,1.0220000000000002,72.39599999999999,133.855,2.193,1.9829999999999999,1604.803360777608,0.4,194.38000000000002,0.994,72.59400000000001,127.97200000000001,2.05,2.27,-71.62212825708957,0.19999999999999996,7.3629999999999995,0.028000000000000247,-0.19800000000002171,5.882999999999981,0.14300000000000024,-0.28700000000000014
449004,2025-02-24 18:00:00,T1,KIWOOM DRX,1,0.0,3,1541.4234919153932,0.4,200.317,1.0239999999999998,73.29400000000001,133.911,2.2470000000000003,2.088,1665.0992681951159,0.8,201.77999999999997,1.05,75.58,132.823,2.311,2.053,-123.67577627972264,-0.4,-1.4629999999999654,-0.026000000000000245,-2.285999999999987,1.0879999999999939,-0.06399999999999961,0.03500000000000014
449005,2025-02-24 20:10:00,G2 Esports,Team Liquid,1,0.5,0,1681.880336423386,0.8,200.53800000000004,1.0390000000000001,71.84799999999998,131.78300000000004,2.223,2.011,1552.4336125986815,0.6,207.496,1.061,74.26599999999999,137.755,2.266,1.966,129.44672382470458,0.20000000000000007,-6.95799999999997,-0.021999999999999797,-2.4180000000000064,-5.971999999999952,-0.04300000000000015,0.04500000000000015
449008,2025-02-27 18:00:00,EDward Gaming,T1,1,0.0,1,1749.6983247957423,1.0,209.45999999999998,,,,,,1562.8900065509263,0.6,200.36399999999998,1.031,73.48100000000001,133.02100000000002,2.2769999999999997,2.0349999999999997,186.80831824481606,0.4,9.096000000000004,,,,,
449009,2025-02-27 21:15:00,Team Vitality,G2 Esports,0,0.5,0,1629.0290752284745,1.0,206.839,1.06,71.76199999999999,135.43499999999997,2.0639999999999996,2.1769999999999996,1692.180428089044,0.8,199.18800000000002,1.038,71.698,130.54299999999998,2.113,2.071,-63.15135286056943,0.19999999999999996,7.650999999999982,0.02200000000000002,0.06399999999999295,4.891999999999996,-0.04900000000000038,0.10599999999999943
449010,2025-02-28 18:00:00,EDward Gaming,G2 Esports,0,0.5,2,1757.838677520566,1.0,209.92699999999996,,,,,,1705.3038107035534,0.8,200.941,1.052,72.50499999999998,131.503,2.203,2.021,52.5348668170127,0.19999999999999996,8.985999999999962,,,,,
449012,2025-02-28 20:05:00,T1,Team Vitality,1,0.0,1,1554.7496538261025,0.4,198.52399999999997,1.0230000000000001,72.334,132.23399999999998,2.263,2.022,1615.9056926139651,0.8,208.994,1.067,72.182,136.185,2.089,2.2469999999999994,-61.1560387878626,-0.4,-10.470000000000027,-0.04399999999999982,0.15200000000000102,-3.951000000000022,0.17399999999999993,-0.22499999999999964
449013,2025-03-01 18:00:00,EDward Gaming,T1,0,0.5,2,1739.437628625798,0.8,206.96099999999996,,,,,,1573.537262847477,0.6,200.19699999999995,1.0390000000000001,73.181,132.747,2.296,1.9560000000000002,165.90036577832097,0.20000000000000007,6.76400000000001,,,,,
450589,2025-03-02 18:00:00,Team International,Team Thailand,0,0.5,0,1468.736306793522,0.0,,,,,,,1500.0,0.5,,,,,,,-31.26369320647791,-0.5,,,,,,
449011,2025-03-02 19:15:00,G2 Esports,T1,0,1.0,1,1723.7048595983215,0.8,203.471,1.085,73.43499999999999,133.91299999999998,2.203,1.9409999999999996,1596.6450855658472,0.8,201.85399999999998,1.053,73.639,133.437,2.3209999999999997,1.9240000000000002,127.05977403247425,0.0,1.6170000000000186,0.03200000000000003,-0.20400000000000773,0.47599999999997067,-0.11799999999999988,0.01699999999999946
450047,2025-03-13 19:00:00,Xi Lai Gaming,Bilibili Gaming,0,0.0,1,1516.550115271666,0.6,201.69200000000004,,,,,,1492.1784810418826,0.4,190.786,,,,,,24.371634229783467,0.19999999999999996,10.906000000000034,,,,,
450048,2025-03-14 19:00:00,Trace Esports,All Gamers,1,1.0,2,1564.0612445374843,0.4,192.037,,,,,,1422.4916753721777,0.0,185.837,,,,,,141.56956916530658,0.4,6.200000000000017,,,,,
450049,2025-03-15 17:00:00,Dragon Ranger Gaming,Nova Esports,1,0.5,2,1504.7803279155146,0.6,194.36300000000003,,,,,,1451.1851224131497,0.4,200.1,,,,,,53.595205502364934,0.19999999999999996,-5.736999999999966,,,,,
450050,2025-03-15 19:05:00,TYLOO,EDward Gaming,0,0.0,2,1453.3018802791312,0.4,195.33999999999997,,,,,,1716.3298059074277,0.6,203.39600000000002,,,,,,-263.02792562829654,-0.19999999999999996,-8.05600000000004,,,,,
450051,2025-03-16 17:00:00,JD Mall JDG Esports,Wolves Esports,0,0.5,0,1480.9205819277995,0.3333333333333333,201.37666666666667,,,,,,1438.2765132206387,0.4,196.45000000000002,,,,,,42.64406870716084,-0.06666666666666671,4.926666666666648,,,,,
450052,2025-03-16 19:25:00,FunPlus Phoenix,Titan Esports Club,1,1.0,1,1491.3734655017133,0.2,195.148,,,,,,1427.75367135634,0.4,192.78000000000003,,,,,,63.61979414537336,-0.2,2.3679999999999666,,,,,
450053,2025-03-20 19:00:00,Nova Esports,EDward Gaming,1,0.0,2,1437.6338800663364,0.4,196.89000000000001,,,,,,1722.1003794494536,0.6,209.796,,,,,,-284.46649938311725,-0.19999999999999996,-12.905999999999977,,,,,
450054,2025-03-21 19:00:00,TYLOO,FunPlus Phoenix,0,0.5,2,1447.5313067371053,0.2,191.98,,,,,,1504.4759779782255,0.4,198.698,,,,,,-56.944671241120204,-0.2,-6.718000000000018,,,,,
459517,2025-03-22 05:00:00,Cloud9,NRG,1,0.0,1,1482.1347064023805,0.2,186.11400000000003,0.9039999999999999,68.686,123.91399999999999,2.1339999999999995,2.24,1507.3306537664516,0.4,195.99300000000002,0.966,72.113,127.247,2.121,2.267,-25.195947364071117,-0.2,-9.87899999999999,-0.062000000000000055,-3.4269999999999925,-3.3330000000000126,0.012999999999999456,-0.02699999999999969
459518,2025-03-22 08:25:00,VISA KRÜ,LOUD,1,0.5,0,1500.0,0.5,,,,,,,1543.050247893972,0.6,189.936,0.9520000000000002,68.59599999999999,125.30300000000003,2.104,2.199,-43.05024789397203,-0.09999999999999998,,,,,,
458805,2025-03-22 16:00:00,DetonatioN FocusMe,Global Esports,0,0.3333333333333333,3,1349.5085588246038,0.4,188.997,0.938,69.86,123.48299999999999,1.9499999999999997,2.183,1386.1588944199038,0.2,187.75400000000002,0.951,69.542,124.40700000000001,2.029,1.9900000000000002,-36.65033559530002,0.2,1.242999999999995,-0.013000000000000012,0.31799999999999784,-0.9240000000000208,-0.07900000000000018,0.19299999999999962
450055,2025-03-22 17:00:00,Xi Lai Gaming,All Gamers,1,1.0,1,1499.4295973203912,0.4,200.29833333333337,,,,,,1412.6728330455098,0.0,187.577,,,,,,86.75676427488133,0.4,12.721333333333376,,,,,
458806,2025-03-22 18:40:00,T1,ZETA DIVISION,1,1.0,3,1618.2487871893768,0.8,202.218,1.0459999999999998,73.512,132.77800000000002,2.381,1.968,1409.2983125463554,0.2,187.967,0.9179999999999999,68.601,123.30999999999999,1.9760000000000002,2.2569999999999997,208.95047464302138,0.6000000000000001,14.250999999999976,0.1279999999999999,4.911000000000001,9.468000000000032,0.4049999999999996,-0.2889999999999997
450056,2025-03-22 19:20:00,Wolves Esports,Trace Esports,1,0.0,1,1456.230542526347,0.4,196.05,,,,,,1573.8800868641522,0.4,194.61,,,,,,-117.64954433780508,0.0,1.4399999999999977,,,,,
459519,2025-03-23 05:00:00,G2 Esports,FURIA,1,1.0,1,1702.101157974792,0.6,207.571,1.116,75.017,136.325,2.2569999999999992,1.971,1418.9153367327094,0.4,192.797,0.9279999999999999,70.06,128.52999999999997,1.843,2.263,283.1858212420825,0.19999999999999996,14.774000000000001,0.18800000000000017,4.956999999999994,7.795000000000016,0.41399999999999926,-0.2919999999999998
459520,2025-03-23 07:25:00,MIBR,LEVIATÁN,1,0.0,1,1454.4892362772443,0.8,194.62099999999998,0.9640000000000001,70.05900000000001,128.367,2.1499999999999995,2.0300000000000002,1584.2508695834551,0.2,200.88799999999998,1.0160000000000002,72.41199999999999,133.574,2.208,2.222,-129.7616333062108,0.6000000000000001,-6.266999999999996,-0.05200000000000016,-2.35299999999998,-5.207000000000022,-0.05800000000000072,-0.19199999999999973
458807,2025-03-23 16:00:00,KIWOOM DRX,Paper Rex,1,0.3333333333333333,3,1643.6327535595829,0.6,199.67999999999998,1.034,75.08,131.253,2.2009999999999996,2.143,1610.4575469942165,0.4,202.433,1.018,73.17399999999999,133.10100000000003,1.89,2.083,33.17520656536635,0.19999999999999996,-2.7530000000000143,0.016000000000000014,1.906000000000006,-1.8480000000000416,0.3109999999999997,0.05999999999999961
450057,2025-03-23 17:00:00,Titan Esports Club,Dragon Ranger Gaming,1,0.0,1,1414.6511588798278,0.2,190.52700000000004,,,,,,1518.331570262328,0.8,197.02300000000002,,,,,,-103.6804113825001,-0.6000000000000001,-6.495999999999981,,,,,
458808,2025-03-23 19:05:00,TALON,Team Secret,1,0.0,1,1470.8326447713737,0.4,183.42000000000002,0.877,67.24300000000001,120.673,1.823,2.15,1490.8782167846744,0.4,198.50900000000001,1.0210000000000001,72.28399999999999,131.37,2.147,2.125,-20.04557201330067,0.0,-15.088999999999999,-0.14400000000000013,-5.040999999999983,-10.697000000000003,-0.32399999999999984,0.02499999999999991
450058,2025-03-23 20:15:00,Bilibili Gaming,JD Mall JDG Esports,1,0.5,0,1509.2989989931575,0.6,191.193,,,,,,1462.966552622091,0.25,196.5325,,,,,,46.33244637106645,0.35,-5.339499999999987,,,,,
459521,2025-03-24 05:00:00,2Game Esports,Evil Geniuses,0,0.5,0,1463.2782834196166,0.0,175.39999999999998,0.78,66.65,116.55000000000001,1.7,1.75,1543.5733572212043,0.2,195.45300000000003,0.9730000000000001,69.809,129.227,1.9929999999999997,2.23,-80.2950738015877,-0.2,-20.053000000000054,-0.19300000000000006,-3.158999999999992,-12.676999999999992,-0.2929999999999997,-0.48
459522,2025-03-24 07:30:00,Sentinels,100 Thieves,1,0.8333333333333334,6,1585.550980699445,0.2,192.687,0.9739999999999999,71.81700000000001,127.03200000000001,2.0029999999999997,2.2529999999999997,1502.2260910638824,0.2,201.48999999999998,1.023,74.484,131.47,2.146,2.033,83.32488963556261,0.0,-8.802999999999969,-0.049000000000000044,-2.6669999999999874,-4.437999999999988,-0.14300000000000024,0.21999999999999975
458809,2025-03-24 16:00:00,Gen.G,BOOM Esports,0,0.5,0,1663.1810053773454,0.6,199.257,1.0420000000000003,72.518,129.36,2.2020000000000004,2.143,1467.9942047449074,0.0,188.3,0.9550000000000001,73.33500000000001,122.065,2.0,2.035,195.186800632438,0.6,10.956999999999994,0.08700000000000019,-0.8170000000000073,7.295000000000016,0.2020000000000004,0.10799999999999965
458810,2025-03-24 18:50:00,Nongshim RedForce,Rex Regum Qeon,1,1.0,1,1512.1589735981122,0.6,201.872,1.038,75.992,130.88,2.4539999999999997,2.0780000000000003,1474.8213388618944,0.4,204.64100000000002,1.0699999999999998,74.563,135.012,2.2689999999999997,2.3460000000000005,37.33763473621775,0.19999999999999996,-2.7690000000000055,-0.031999999999999806,1.429000000000002,-4.132000000000005,0.18500000000000005,-0.26800000000000024
459826,2025-03-27 00:00:00,Team Vitality,GIANTX,1,1.0,1,1597.1180835925907,0.6,207.90099999999998,1.051,71.808,134.798,2.0490000000000004,2.2399999999999993,1420.194861396603,0.2,187.087,0.9339999999999999,69.07000000000001,125.79299999999998,2.211,2.1100000000000003,176.9232221959876,0.39999999999999997,20.813999999999993,0.11699999999999999,2.7379999999999995,9.005000000000024,-0.16199999999999948,0.129999999999999
459827,2025-03-27 02:15:00,BBL Esports,Karmine Corp,1,0.0,2,1434.4044801177913,0.4,189.161,0.929,68.11600000000001,124.81299999999999,2.04,2.199,1430.1369614207658,0.2,189.65000000000003,0.952,72.15299999999999,125.551,2.12,2.067,4.26751869702548,0.2,-0.48900000000003274,-0.02299999999999991,-4.036999999999978,-0.7380000000000138,-0.08000000000000007,0.13199999999999967
450059,2025-03-27 19:00:00,JD Mall JDG Esports,Trace Esports,0,0.5,0,1449.0876816773862,0.2,196.28,,,,,,1552.660132258743,0.2,195.137,,,,,,-103.57245058135686,0.0,1.1430000000000007,,,,,
459828,2025-03-28 00:00:00,Team Heretics,Apeks,1,0.5,0,1639.9679616912033,0.4,192.983,0.993,72.012,128.087,2.061,2.0380000000000003,1464.197043033368,0.0,183.7,0.895,70.08500000000001,122.63499999999999,1.95,2.515,175.7709186578354,0.4,9.283000000000015,0.09799999999999998,1.9269999999999925,5.451999999999998,0.11099999999999999,-0.47699999999999987
459829,2025-03-28 03:15:00,FUT Esports,Movistar KOI,1,0.5,0,1526.4448354425285,0.4,195.753,0.9920000000000002,70.50300000000001,127.55000000000003,1.9869999999999997,2.15,1442.7226881732436,0.2,187.25,0.9489999999999998,70.9,122.97699999999998,1.9799999999999998,2.147,83.72214726928496,0.2,8.502999999999986,0.04300000000000037,-0.39699999999999136,4.57300000000005,0.006999999999999895,0.0030000000000001137
450060,2025-03-28 19:00:00,Wolves Esports,Xi Lai Gaming,0,0.0,1,1477.4504971317563,0.6,198.85999999999999,,,,,,1511.5153202658264,0.6,202.3271428571429,,,,,,-34.06482313407014,0.0,-3.4671428571429033,,,,,
459830,2025-03-29 00:00:00,FNATIC,Natus Vincere,1,1.0,2,1639.1952732281788,0.4,198.496,1.037,71.773,131.437,2.186,2.02,1449.304344438825,0.2,186.229,0.9,68.37700000000001,124.707,2.02,2.1020000000000003,189.8909287893539,0.2,12.266999999999996,0.1369999999999999,3.3959999999999866,6.730000000000018,0.16599999999999993,-0.0820000000000003
459831,2025-03-29 02:30:00,Team Liquid,Gentle Mates,0,1.0,1,1542.1335209330236,0.4,205.88899999999998,1.039,73.65299999999999,136.48499999999999,2.249,1.9489999999999998,1444.595550848895,0.4,186.534,0.9570000000000001,68.97,122.917,2.037,1.9439999999999997,97.53797008412857,0.0,19.35499999999999,0.08199999999999985,4.682999999999993,13.567999999999984,0.2120000000000002,0.0050000000000001155
459523,2025-03-29 05:00:00,NRG,FURIA,1,1.0,3,1490.17236731991,0.2,194.42600000000002,0.9440000000000002,71.536,126.147,2.1180000000000003,2.284,1413.673416671236,0.2,190.54700000000003,0.9189999999999999,69.29299999999999,127.07299999999998,1.8900000000000001,2.3,76.49895064867405,0.0,3.8789999999999907,0.025000000000000244,2.243000000000009,-0.9259999999999735,0.2280000000000002,-0.016000000000000014
459524,2025-03-29 08:00:00,Sentinels,VISA KRÜ,0,0.5,0,1597.785643491518,0.4,193.69400000000002,0.991,71.977,127.26599999999999,1.97,2.226,1517.9724529216776,1.0,204.07,1.06,74.4,130.8,1.93,1.67,79.81319056984034,-0.6,-10.375999999999976,-0.06900000000000006,-2.423000000000002,-3.5340000000000202,0.040000000000000036,0.556
458811,2025-03-29 16:00:00,Team Secret,ZETA DIVISION,0,1.0,1,1473.9561070261361,0.2,194.80900000000003,0.9880000000000001,70.50399999999999,128.803,2.1270000000000002,2.1519999999999997,1401.9071217603957,0.2,186.21300000000002,0.908,67.56800000000001,122.28400000000002,1.9629999999999999,2.2640000000000002,72.04898526574038,0.0,8.596000000000004,0.08000000000000007,2.9359999999999786,6.518999999999977,0.16400000000000037,-0.11200000000000054
450061,2025-03-29 17:00:00,TYLOO,Titan Esports Club,0,0.0,1,1434.1304733651623,0.2,189.753,,,,,,1435.2889598686595,0.4,194.71000000000004,,,,,,-1.1584865034972154,-0.2,-4.9570000000000505,,,,,
458812,2025-03-29 18:35:00,T1,Nongshim RedForce,1,0.5,0,1625.6399779753365,0.8,202.425,1.055,73.706,132.591,2.3409999999999997,1.9349999999999998,1526.44610090217,0.6,196.09333333333333,1.02,74.77166666666668,127.545,2.3116666666666665,2.11,99.1938770731665,0.20000000000000007,6.331666666666678,0.03499999999999992,-1.0656666666666723,5.0460000000000065,0.02933333333333321,-0.17500000000000004
450062,2025-03-29 20:15:00,Dragon Ranger Gaming,EDward Gaming,0,0.0,1,1497.6937692734962,0.6,194.073,,,,,,1695.3100655223118,0.4,208.859,,,,,,-197.61629624881562,0.19999999999999996,-14.786000000000001,,,,,
459525,2025-03-30 05:00:00,100 Thieves,Evil Geniuses,1,1.0,2,1489.9914282718096,0.2,201.48999999999998,1.023,74.80699999999999,131.483,2.1959999999999997,1.943,1555.940088541508,0.4,196.513,0.9830000000000002,70.80600000000001,129.86,1.9929999999999997,2.213,-65.9486602696984,-0.2,4.976999999999975,0.0399999999999997,4.000999999999976,1.6229999999999905,0.20300000000000007,-0.27
459526,2025-03-30 07:15:00,G2 Esports,MIBR,1,0.5,2,1707.3430780362653,0.8,206.171,1.1019999999999999,74.537,135.345,2.247,2.011,1476.2018021751735,0.8,196.064,0.9810000000000001,71.08900000000001,128.90999999999997,2.157,1.9929999999999999,231.1412758610918,0.0,10.107,0.12099999999999977,3.4479999999999933,6.435000000000031,0.08999999999999986,0.018000000000000238
458813,2025-03-30 16:00:00,Gen.G,Paper Rex,1,0.3333333333333333,3,1639.0321032285624,0.4,199.27400000000003,1.022,71.58500000000001,130.53,2.2590000000000003,2.19,1595.980695394636,0.2,198.307,0.9960000000000001,72.047,130.36700000000002,1.7899999999999998,2.217,43.051407833926305,0.2,0.9670000000000414,0.025999999999999912,-0.4619999999999891,0.1629999999999825,0.4690000000000005,-0.027000000000000135
450063,2025-03-30 17:00:00,Nova Esports,FunPlus Phoenix,1,0.0,1,1464.4241939934782,0.4,199.84,,,,,,1517.8768113501685,0.6,202.321,,,,,,-53.452617356690325,-0.19999999999999996,-2.4809999999999945,,,,,
458814,2025-03-30 18:55:00,KIWOOM DRX,DetonatioN FocusMe,1,1.0,3,1658.1096051591633,0.6,200.07699999999997,1.045,75.29299999999999,131.533,2.258,2.03,1335.1901363839013,0.4,189.277,0.9390000000000001,70.387,123.46599999999998,1.97,2.1699999999999995,322.919468775262,0.19999999999999996,10.799999999999983,0.10599999999999987,4.905999999999992,8.067000000000007,0.28800000000000003,-0.13999999999999968
450064,2025-03-30 19:30:00,All Gamers,Bilibili Gaming,0,1.0,1,1400.5871101000746,0.0,187.337,,,,,,1523.1778699378624,0.6,189.523,,,,,,-122.5907598377878,-0.6,-2.186000000000007,,,,,
459527,2025-03-31 05:00:00,LOUD,2Game Esports,0,0.5,0,1525.0777949722944,0.4,193.026,0.967,69.523,127.92600000000002,2.151,2.152,1450.911552099313,0.0,182.86666666666665,0.8233333333333334,65.60000000000001,121.76666666666667,1.8999999999999997,1.9000000000000001,74.16624287298146,0.4,10.159333333333365,0.1436666666666666,3.9229999999999876,6.15933333333335,0.2510000000000001,0.252
459528,2025-03-31 07:50:00,LEVIATÁN,Cloud9,0,0.0,1,1562.538303685526,0.2,198.358,0.992,71.962,132.25400000000002,2.148,2.2420000000000004,1499.292992848922,0.4,183.60100000000003,0.8949999999999999,68.12899999999999,121.91100000000002,2.0309999999999997,2.2570000000000006,63.24531083660395,-0.2,14.756999999999977,0.09700000000000009,3.8330000000000126,10.343000000000004,0.11700000000000044,-0.015000000000000124
458815,2025-03-31 16:00:00,TALON,Rex Regum Qeon,0,0.5,2,1487.754754529912,0.6,186.233,0.892,68.04299999999999,122.046,1.85,2.0839999999999996,1460.5342115578367,0.4,201.41799999999998,1.059,74.39000000000001,132.652,2.206,2.2960000000000003,27.220542972075236,0.19999999999999996,-15.184999999999974,-0.16699999999999993,-6.347000000000023,-10.60599999999998,-0.35599999999999987,-0.21200000000000063
458816,2025-03-31 18:10:00,BOOM Esports,Global Esports,1,0.5,0,1492.1431068936904,0.3333333333333333,198.1,1.0033333333333334,72.92333333333333,127.61,2.1333333333333333,2.3233333333333337,1400.4773168606064,0.4,187.214,0.9480000000000001,69.72200000000001,124.547,2.029,2.0300000000000002,91.66579003308402,-0.06666666666666671,10.885999999999996,0.055333333333333345,3.2013333333333236,3.0630000000000024,0.10433333333333339,0.29333333333333345
459832,2025-04-02 23:00:00,Team Liquid,BBL Esports,1,0.6666666666666666,3,1521.7561303715015,0.2,205.219,1.0459999999999998,73.05,135.908,2.3289999999999997,1.906,1450.2079635017815,0.6,189.42399999999998,0.931,68.189,124.886,2.08,2.136,71.54816686972003,-0.39999999999999997,15.795000000000016,0.11499999999999977,4.861000000000004,11.021999999999991,0.24899999999999967,-0.2300000000000002
459833,2025-04-03 01:50:00,Apeks,Natus Vincere,0,0.5,0,1455.665072768927,0.0,187.13333333333333,0.8966666666666666,68.45666666666666,123.42333333333333,1.9000000000000001,2.3666666666666667,1441.2712254796909,0.2,184.59599999999998,0.8800000000000001,68.09,123.25,1.98,2.189,14.393847289236192,-0.2,2.5373333333333505,0.016666666666666496,0.36666666666666003,0.173333333333332,-0.07999999999999985,0.17766666666666664
450065,2025-04-03 19:00:00,FunPlus Phoenix,Dragon Ranger Gaming,0,0.6666666666666666,3,1499.4344667175553,0.4,199.171,,,,,,1489.9252369228072,0.4,194.653,,,,,,9.50922979474808,0.0,4.518000000000001,,,,,
459834,2025-04-03 23:00:00,FUT Esports,Gentle Mates,1,1.0,1,1538.6622216787337,0.6,196.453,0.992,71.35300000000001,127.16,2.1069999999999998,2.08,1464.9729414104172,0.6,189.29399999999998,0.985,70.397,124.47,2.024,2.064,73.68928026831645,0.0,7.15900000000002,0.007000000000000006,0.9560000000000031,2.6899999999999977,0.08299999999999974,0.016000000000000014
459835,2025-04-04 02:25:00,Team Heretics,GIANTX,1,1.0,1,1648.4999319556441,0.6,194.076,0.9879999999999999,71.839,128.45,2.0580000000000003,2.0180000000000002,1411.704331653235,0.2,185.647,0.924,69.09700000000001,124.23000000000002,2.1239999999999997,2.107,236.79560030240918,0.39999999999999997,8.429000000000002,0.06399999999999983,2.7419999999999902,4.21999999999997,-0.06599999999999939,-0.08899999999999997
450066,2025-04-04 19:00:00,Bilibili Gaming,Wolves Esports,1,0.5,2,1533.7555365407363,0.6,193.31,,,,,,1463.0142326345178,0.4,198.31,,,,,,70.74130390621849,0.19999999999999996,-5.0,,,,,
459836,2025-04-04 23:00:00,Team Vitality,FNATIC,0,0.0,3,1605.6086133359588,0.6,207.331,1.0529999999999997,72.238,134.488,2.099,2.1599999999999997,1647.228392187313,0.6,197.776,1.031,71.333,130.81700000000004,2.2059999999999995,2.0300000000000002,-41.61977885135411,0.0,9.554999999999978,0.021999999999999797,0.9050000000000011,3.670999999999964,-0.10699999999999932,0.12999999999999945
459837,2025-04-05 03:10:00,Movistar KOI,Karmine Corp,0,0.0,1,1430.5053019370384,0.2,185.07999999999998,0.937,70.27000000000001,121.54699999999998,1.8500000000000003,2.237,1414.3334780367757,0.2,192.79,0.9730000000000001,72.523,127.53400000000002,2.0170000000000003,2.117,16.17182390026278,0.0,-7.710000000000008,-0.03600000000000003,-2.252999999999986,-5.987000000000037,-0.16700000000000004,0.1200000000000001
459529,2025-04-05 05:00:00,Evil Geniuses,Sentinels,0,1.0,1,1536.9389972528948,0.4,195.09,0.9629999999999999,70.453,129.01000000000002,1.9,2.25,1578.1734286651813,0.2,193.23700000000002,0.986,71.56700000000001,127.436,1.957,2.216,-41.23443141228654,0.2,1.8529999999999802,-0.02300000000000013,-1.1140000000000043,1.5740000000000123,-0.05700000000000016,0.03399999999999981
459530,2025-04-05 07:10:00,100 Thieves,LOUD,1,1.0,1,1508.9925195604228,0.4,199.76000000000002,1.0050000000000001,73.717,130.33299999999997,2.266,1.9330000000000003,1505.7132641355429,0.2,191.86600000000004,0.9630000000000001,69.15,126.99300000000001,2.2140000000000004,2.1689999999999996,3.2792554248799206,0.2,7.893999999999977,0.04200000000000004,4.566999999999993,3.339999999999961,0.0519999999999996,-0.23599999999999932
458817,2025-04-05 16:00:00,Gen.G,DetonatioN FocusMe,1,1.0,3,1653.0595977015078,0.6,199.577,1.019,71.53299999999999,130.88299999999998,2.107,2.2329999999999997,1330.8754367512026,0.4,185.787,0.925,69.20700000000001,120.84600000000003,1.9200000000000004,2.0900000000000003,322.1841609503051,0.19999999999999996,13.789999999999992,0.09399999999999986,2.325999999999979,10.03699999999995,0.18699999999999983,0.14299999999999935
450067,2025-04-05 17:00:00,All Gamers,JD Mall JDG Esports,0,0.5,0,1390.0094434972007,0.0,181.177,,,,,,1437.7209282078693,0.2,194.03333333333333,,,,,,-47.71148471066863,-0.2,-12.856333333333339,,,,,
458818,2025-04-05 18:00:00,Rex Regum Qeon,ZETA DIVISION,1,0.3333333333333333,3,1477.7852052943028,0.4,203.378,1.0740000000000003,74.837,133.64499999999998,2.193,2.2060000000000004,1421.178342363661,0.2,188.793,0.916,67.92800000000001,123.974,2.0029999999999997,2.224,56.60686293064191,0.2,14.58499999999998,0.15800000000000025,6.908999999999992,9.670999999999978,0.1900000000000004,-0.017999999999999794
450068,2025-04-05 19:30:00,EDward Gaming,Titan Esports Club,1,1.0,1,1703.0785978730007,0.4,206.129,,,,,,1451.23560979131,0.4,195.71000000000004,,,,,,251.8429880816907,0.0,10.418999999999954,,,,,
459531,2025-04-06 05:00:00,2Game Esports,VISA KRÜ,0,0.5,0,1470.2760829360645,0.25,188.45,0.8725,68.35,125.25,2.0999999999999996,2.0,1537.5846677480142,1.0,199.385,1.08,72.30000000000001,129.15,2.1149999999999998,1.7349999999999999,-67.30858481194969,-0.75,-10.935000000000002,-0.20750000000000002,-3.950000000000017,-3.9000000000000057,-0.015000000000000124,0.2650000000000001
459532,2025-04-06 08:10:00,G2 Esports,NRG,1,1.0,1,1714.0332344504757,0.8,204.22100000000003,1.093,74.21,133.85500000000002,2.2169999999999996,2.114,1502.7053078513395,0.4,196.753,0.9810000000000001,72.89599999999999,127.7,2.1380000000000003,2.1439999999999997,211.32792659913616,0.4,7.468000000000046,0.11199999999999988,1.3140000000000072,6.155000000000015,0.07899999999999929,-0.029999999999999805
458819,2025-04-06 16:00:00,Paper Rex,BOOM Esports,0,0.5,0,1581.9532009216907,0.2,201.41,1.008,72.87,132.557,1.8699999999999999,2.1270000000000002,1504.0170372284508,0.5,207.125,1.0825,75.2925,133.9325,2.2,2.0925000000000002,77.9361636932399,-0.3,-5.715000000000003,-0.07450000000000001,-2.4224999999999994,-1.3755000000000166,-0.3300000000000003,0.034499999999999975
450069,2025-04-06 17:00:00,Nova Esports,TYLOO,1,0.0,1,1482.8665386260914,0.6,199.877,,,,,,1418.1838234425118,0.0,187.37599999999998,,,,,,64.6827151835796,0.6,12.501000000000033,,,,,
458820,2025-04-06 19:45:00,TALON,Nongshim RedForce,1,1.0,1,1470.5037607934457,0.4,184.45300000000003,0.8779999999999999,67.693,121.296,1.78,2.084,1514.893948547427,0.6,194.3942857142857,1.002857142857143,73.51857142857145,126.86714285714285,2.338571428571428,2.1228571428571428,-44.39018775398131,-0.19999999999999996,-9.94128571428567,-0.124857142857143,-5.82557142857145,-5.571142857142846,-0.558571428571428,-0.0388571428571427
450070,2025-04-06 20:00:00,Trace Esports,Xi Lai Gaming,0,0.5,0,1564.02688572826,0.4,198.197,,,,,,1525.9515847630648,0.6,201.09875000000002,,,,,,38.07530096519508,-0.19999999999999996,-2.901750000000021,,,,,
459533,2025-04-07 05:00:00,FURIA,LEVIATÁN,0,0.5,4,1401.1404761398067,0.2,188.18,0.906,68.71,125.16300000000001,1.903,2.253,1543.6574994422422,0.2,195.38799999999998,0.974,70.952,130.907,2.0879999999999996,2.252,-142.51702330243552,0.0,-7.20799999999997,-0.06799999999999995,-2.2420000000000044,-5.744,-0.1849999999999996,0.001000000000000334
459534,2025-04-07 07:15:00,Cloud9,MIBR,0,0.6,5,1518.1737970922059,0.6,188.601,0.9349999999999999,70.049,124.21100000000001,2.021,2.1670000000000003,1469.5116457609631,0.6,199.344,1.004,71.84199999999998,130.66299999999998,2.2199999999999998,2.033,48.66215133124274,0.0,-10.742999999999995,-0.06900000000000006,-1.792999999999978,-6.45199999999997,-0.19899999999999984,0.13400000000000034
458821,2025-04-07 16:00:00,KIWOOM DRX,Global Esports,1,1.0,2,1662.424304791862,0.6,200.137,1.0459999999999998,74.91300000000001,131.683,2.298,2.02,1388.603386525846,0.4,186.164,0.9359999999999999,69.52199999999999,123.607,1.9789999999999999,2.09,273.82091826601595,0.19999999999999996,13.973000000000013,0.10999999999999988,5.3910000000000196,8.075999999999993,0.3190000000000002,-0.06999999999999984
458822,2025-04-07 18:00:00,T1,Team Secret,1,0.6666666666666666,3,1637.1921303300794,1.0,204.863,1.0679999999999998,73.874,133.80900000000003,2.325,1.9609999999999999,1454.684886422871,0.0,196.80600000000004,0.993,70.70700000000001,130.10999999999999,2.087,2.189,182.50724390720848,1.0,8.05699999999996,0.07499999999999984,3.1669999999999874,3.6990000000000407,0.238,-0.2280000000000002
459839,2025-04-09 23:00:00,Movistar KOI,BBL Esports,0,0.5,2,1413.7610992982427,0.2,179.23999999999998,0.8950000000000001,68.75999999999999,118.027,1.7999999999999996,2.287,1437.4570781295702,0.4,190.92399999999998,0.9480000000000001,68.832,125.606,2.067,2.0989999999999998,-23.695978831327466,-0.2,-11.683999999999997,-0.052999999999999936,-0.07200000000000273,-7.5789999999999935,-0.26700000000000057,0.18800000000000017
459840,2025-04-10 01:15:00,Natus Vincere,GIANTX,1,0.0,1,1457.9337076705142,0.2,184.24899999999997,0.89,67.843,122.91,2.027,2.122,1405.184776005379,0.2,182.43699999999998,0.8949999999999999,67.92,122.17699999999999,2.014,2.1940000000000004,52.74893166513516,0.0,1.8119999999999834,-0.004999999999999893,-0.07699999999999818,0.7330000000000041,0.013000000000000345,-0.07200000000000051
450071,2025-04-10 19:00:00,JD Mall JDG Esports,Xi Lai Gaming,0,0.0,1,1451.5374413638797,0.2,197.18571428571428,,,,,,1543.6980312345027,0.6,200.89555555555557,,,,,,-92.16058987062297,-0.39999999999999997,-3.7098412698412915,,,,,
459841,2025-04-10 23:00:00,Team Liquid,FUT Esports,1,0.6666666666666666,3,1534.5070157437128,0.4,204.53900000000002,1.0390000000000001,72.196,135.24200000000002,2.289,1.8729999999999998,1551.3186905626387,0.6,196.42999999999998,0.9809999999999999,71.583,126.96000000000001,2.1839999999999997,2.137,-16.811674818925894,-0.19999999999999996,8.109000000000037,0.058000000000000274,0.6129999999999995,8.28200000000001,0.10500000000000043,-0.26400000000000023
459842,2025-04-11 00:50:00,Team Vitality,Team Heretics,0,1.0,3,1591.5161592922175,0.4,205.77400000000003,1.0579999999999998,72.178,133.398,2.129,2.207,1655.0194876035,0.6,197.029,1.0130000000000001,72.862,129.897,2.1149999999999998,1.8579999999999999,-63.50332831128253,-0.19999999999999996,8.745000000000033,0.04499999999999971,-0.6839999999999975,3.5010000000000048,0.014000000000000234,0.349
450072,2025-04-11 19:00:00,Dragon Ranger Gaming,TYLOO,0,0.3333333333333333,3,1506.3630438227315,0.4,199.543,,,,,,1405.1286286494271,0.0,189.533,,,,,,101.23441517330434,0.4,10.01000000000002,,,,,
459843,2025-04-11 23:00:00,Apeks,FNATIC,0,0.5,0,1439.0025905781038,0.0,187.5675,0.9099999999999999,68.9925,122.89999999999999,1.9075,2.3925,1661.3208462310542,0.8,199.483,1.039,71.71300000000001,131.63400000000001,2.3329999999999997,1.98,-222.31825565295048,-0.8,-11.915500000000009,-0.129,-2.7205000000000013,-8.734000000000023,-0.42549999999999977,0.4125000000000001
459844,2025-04-12 02:00:00,Karmine Corp,Gentle Mates,1,1.0,1,1431.0776806755714,0.4,193.35,1.0090000000000001,73.40299999999999,127.77399999999997,2.027,2.127,1452.3164725265121,0.4,188.701,0.9650000000000001,69.997,124.59,2.064,2.104,-21.238791850940743,0.0,4.649000000000001,0.04400000000000004,3.4059999999999917,3.183999999999969,-0.03699999999999992,0.022999999999999687
459535,2025-04-12 05:00:00,100 Thieves,2Game Esports,1,0.5,0,1524.8415087514854,0.4,198.154,0.9979999999999999,72.877,129.39299999999997,2.1930000000000005,1.9929999999999997,1457.3375531002919,0.2,187.2,0.8720000000000001,69.014,123.84,1.9739999999999998,2.066,67.50395565119356,0.2,10.954000000000008,0.12599999999999978,3.8629999999999995,5.552999999999969,0.21900000000000075,-0.07300000000000018
459536,2025-04-12 07:30:00,G2 Esports,LEVIATÁN,1,0.4,5,1721.3469220289087,0.8,205.59100000000004,1.1070000000000002,75.08999999999999,134.76500000000001,2.197,2.064,1553.4392608875926,0.2,196.218,0.985,71.82199999999999,131.247,2.0479999999999996,2.212,167.9076611413161,0.6000000000000001,9.373000000000047,0.12200000000000022,3.2680000000000007,3.5180000000000007,0.14900000000000047,-0.14800000000000013
458823,2025-04-12 16:00:00,Nongshim RedForce,Team Secret,1,0.5,0,1496.8607560813252,0.4,193.87875,0.9975,72.65375000000002,126.59249999999999,2.2874999999999996,2.09875,1446.393345927538,0.0,195.879,0.994,70.39000000000001,129.46699999999998,2.08,2.1689999999999996,50.46741015378734,0.4,-2.000249999999994,0.0035000000000000586,2.2637500000000017,-2.8744999999999976,0.20749999999999957,-0.0702499999999997
450073,2025-04-12 17:00:00,Wolves Esports,All Gamers,1,1.0,1,1450.2277053761036,0.4,198.41299999999998,,,,,,1376.1929303411903,0.0,178.197,,,,,,74.03477503491331,0.4,20.21599999999998,,,,,
458824,2025-04-12 18:15:00,KIWOOM DRX,BOOM Esports,0,0.5,0,1667.9068219638573,0.6,202.60700000000003,1.0670000000000002,76.16600000000001,133.68300000000002,2.3950000000000005,1.92,1523.547118179355,0.6,205.766,1.074,75.554,132.84,2.2800000000000002,2.0340000000000003,144.35970378450224,0.0,-3.1589999999999634,-0.006999999999999895,0.612000000000009,0.8430000000000177,0.11500000000000021,-0.11400000000000032
450074,2025-04-12 20:05:00,Bilibili Gaming,Trace Esports,0,0.0,2,1546.5420637991506,0.8,195.82999999999998,,,,,,1546.280439256822,0.4,199.407,,,,,,0.26162454232849086,0.4,-3.5770000000000266,,,,,
459537,2025-04-13 05:00:00,FURIA,Cloud9,0,0.0,2,1391.3587146944562,0.0,184.0,0.874,67.29999999999998,122.343,1.7930000000000004,2.1529999999999996,1499.947361910103,0.4,188.921,0.9359999999999999,70.43599999999999,123.744,2.054,2.207,-108.58864721564669,-0.4,-4.920999999999992,-0.061999999999999944,-3.13600000000001,-1.4009999999999962,-0.26099999999999945,-0.05400000000000027
459538,2025-04-13 07:25:00,Sentinels,LOUD,1,0.5,2,1592.2833786839699,0.4,196.45,1.01,72.86699999999999,129.256,1.9699999999999995,2.143,1489.8642749444803,0.0,191.36000000000004,0.959,68.99699999999999,126.99300000000001,2.234,2.136,102.41910373948963,0.4,5.089999999999947,0.051000000000000045,3.8700000000000045,2.262999999999991,-0.26400000000000046,0.006999999999999673
458825,2025-04-13 16:00:00,T1,Rex Regum Qeon,0,1.0,2,1645.4836708254124,1.0,207.75799999999998,1.081,74.002,135.961,2.325,1.9460000000000002,1491.2011871722998,0.6,204.438,1.0830000000000002,74.857,134.04500000000002,2.133,2.156,154.28248365311265,0.4,3.319999999999993,-0.002000000000000224,-0.855000000000004,1.9159999999999968,0.19200000000000017,-0.20999999999999996
450075,2025-04-13 17:00:00,Titan Esports Club,Nova Esports,1,0.0,1,1445.1542041281677,0.4,197.63000000000002,,,,,,1495.921733419176,0.6,201.397,,,,,,-50.76752929100826,-0.19999999999999996,-3.7669999999999675,,,,,
458826,2025-04-13 19:10:00,Gen.G,Global Esports,1,1.0,1,1657.3901224121196,0.6,201.677,1.036,72.18299999999999,132.263,2.1270000000000002,2.1229999999999998,1383.1208693538506,0.2,181.85399999999998,0.9040000000000001,68.109,120.17399999999998,1.846,2.1799999999999997,274.269253058269,0.39999999999999997,19.823000000000008,0.1319999999999999,4.073999999999998,12.089000000000027,0.28100000000000014,-0.05699999999999994
450076,2025-04-13 19:10:00,EDward Gaming,FunPlus Phoenix,1,1.0,1,1709.160003536143,0.6,205.34900000000002,,,,,,1482.996659817631,0.4,196.55499999999998,,,,,,226.1633437185119,0.19999999999999996,8.79400000000004,,,,,
459539,2025-04-14 05:00:00,VISA KRÜ,Evil Geniuses,0,0.5,0,1550.523197583787,1.0,201.72333333333333,1.0966666666666667,73.73333333333333,133.07666666666668,2.1866666666666665,1.6466666666666665,1522.8290472341062,0.4,191.91000000000003,0.938,69.35,127.173,1.8070000000000004,2.2830000000000004,27.69415034968074,0.6,9.813333333333304,0.15866666666666673,4.38333333333334,5.90366666666668,0.37966666666666615,-0.6363333333333339
459540,2025-04-14 07:10:00,NRG,MIBR,0,0.5,2,1495.3916202729065,0.4,196.97299999999998,0.9839999999999998,73.21600000000001,128.36,2.078,2.124,1487.738080943066,0.6,200.531,1.0230000000000001,73.19899999999998,131.70000000000002,2.2830000000000004,2.033,7.6535393298404415,-0.19999999999999996,-3.558000000000021,-0.03900000000000037,0.01700000000002433,-3.3400000000000034,-0.20500000000000052,0.09100000000000019
458827,2025-04-14 16:00:00,TALON,ZETA DIVISION,0,0.5,2,1488.5369532595475,0.6,185.743,0.899,68.526,122.26599999999999,1.823,2.0469999999999997,1407.762360485664,0.2,186.24600000000004,0.891,66.98799999999999,122.481,2.03,2.1470000000000002,80.77459277388357,0.39999999999999997,-0.5030000000000427,0.008000000000000007,1.538000000000011,-0.2150000000000034,-0.20699999999999985,-0.10000000000000053
458828,2025-04-14 18:10:00,DetonatioN FocusMe,Paper Rex,0,1.0,1,1326.5449120405908,0.2,181.804,0.893,68.20400000000001,118.32299999999998,1.763,2.133,1562.4231199707865,0.2,196.993,0.9710000000000001,71.59,129.92,1.8800000000000001,2.2370000000000005,-235.87820793019569,0.0,-15.188999999999993,-0.07800000000000007,-3.3859999999999957,-11.597000000000008,-0.11700000000000021,-0.10400000000000054
459845,2025-04-16 23:00:00,Team Vitality,Apeks,1,0.5,0,1578.408458943636,0.2,203.65699999999998,1.044,71.655,132.121,2.046,2.2199999999999998,1432.0397128206237,0.0,186.034,0.908,68.054,122.21999999999998,1.966,2.434,146.36874612301244,0.2,17.62299999999999,0.136,3.600999999999999,9.901000000000025,0.07999999999999985,-0.2140000000000004
459846,2025-04-17 01:20:00,Team Liquid,Movistar KOI,1,0.6666666666666666,3,1551.2806183065743,0.6,205.029,1.0510000000000002,72.356,134.90200000000002,2.319,1.8029999999999997,1398.8506505951368,0.0,178.18299999999996,0.876,68.16,117.26999999999998,1.78,2.2299999999999995,152.42996771143748,0.6,26.846000000000032,0.17500000000000016,4.195999999999998,17.632000000000033,0.5389999999999999,-0.4269999999999998
473233,2025-04-17 17:00:00,Titan Esports Club,Wolves Esports,0,1.0,1,1463.4756368847516,0.6,200.02,,,,,,1462.8689616012732,0.6,201.10299999999998,,,,,,0.6066752834783529,0.0,-1.08299999999997,,,,,
473234,2025-04-17 19:30:00,Xi Lai Gaming,Nova Esports,1,0.5,0,1555.5506983521798,0.8,202.27300000000002,,,,,,1477.6003006625922,0.6,197.017,,,,,,77.95039768958759,0.20000000000000007,5.256000000000029,,,,,
459847,2025-04-17 23:00:00,Gentle Mates,BBL Esports,0,1.0,1,1435.3396065288682,0.4,185.911,0.943,68.367,122.58000000000001,1.964,2.144,1452.367526832676,0.4,194.06699999999998,0.9650000000000002,69.67200000000001,127.41599999999998,2.044,2.066,-17.027920303807832,0.0,-8.155999999999977,-0.02200000000000024,-1.3050000000000068,-4.83599999999997,-0.08000000000000007,0.07800000000000029
459848,2025-04-18 01:10:00,GIANTX,FNATIC,0,0.0,1,1391.5954600585733,0.2,183.23,0.891,67.58600000000001,121.94299999999998,1.94,2.2199999999999998,1668.2837239885343,0.8,197.683,1.036,71.61299999999999,130.86100000000002,2.373,1.9929999999999999,-276.68826392996107,-0.6000000000000001,-14.453000000000003,-0.14500000000000002,-4.026999999999973,-8.918000000000035,-0.4330000000000003,0.22699999999999987
473235,2025-04-18 17:00:00,Titan Esports Club,Dragon Ranger Gaming,0,0.5,2,1447.4476984838661,0.6,198.28000000000003,,,,,,1485.8286301544254,0.4,197.477,,,,,,-38.38093167055922,0.19999999999999996,0.8030000000000257,,,,,
473236,2025-04-18 20:50:00,Nova Esports,Trace Esports,0,0.0,1,1465.1310051994456,0.6,193.887,,,,,,1562.2924875099675,0.6,195.627,,,,,,-97.16148231052193,0.0,-1.740000000000009,,,,,
459849,2025-04-18 23:00:00,Karmine Corp,FUT Esports,0,0.3333333333333333,3,1448.0545466732153,0.4,194.26,1.008,73.143,128.21399999999997,2.057,2.137,1534.5450879997773,0.6,194.83,0.9650000000000001,70.913,126.19000000000003,2.0940000000000003,2.127,-86.49054132656192,-0.19999999999999996,-0.5700000000000216,0.04299999999999993,2.230000000000004,2.023999999999944,-0.037000000000000366,0.010000000000000231
459850,2025-04-19 03:20:00,Natus Vincere,Team Heretics,0,0.5,2,1471.52302361732,0.4,189.66199999999998,0.9399999999999998,69.63999999999999,126.207,2.12,2.055,1668.1271879520814,0.6,197.242,1.014,73.049,130.08999999999997,2.1350000000000002,1.855,-196.60416433476144,-0.19999999999999996,-7.5800000000000125,-0.07400000000000018,-3.4090000000000202,-3.8829999999999814,-0.015000000000000124,0.20000000000000018
459541,2025-04-19 05:00:00,G2 Esports,Cloud9,1,1.0,2,1730.1650934522381,0.8,206.74300000000002,1.112,75.36899999999999,135.41199999999998,2.237,2.0669999999999997,1511.1033776528734,0.6,194.46100000000004,0.9789999999999999,71.90599999999999,127.494,2.104,2.217,219.06171579936472,0.20000000000000007,12.281999999999982,0.13300000000000023,3.462999999999994,7.917999999999978,0.133,-0.15000000000000036
459542,2025-04-19 08:00:00,MIBR,FURIA,1,0.0,2,1504.0904824539787,0.6,199.701,1.013,72.909,131.74,2.223,2.093,1380.2026989516858,0.0,184.11,0.8800000000000001,67.42999999999999,122.203,1.8930000000000002,2.1430000000000002,123.8877835022929,0.6,15.59099999999998,0.13299999999999979,5.479000000000013,9.537000000000006,0.3299999999999996,-0.050000000000000266
458830,2025-04-19 16:00:00,Paper Rex,Global Esports,1,1.0,1,1568.9701333615687,0.2,198.03300000000002,0.9789999999999999,72.09899999999999,130.629,1.9240000000000002,2.237,1377.6500674433566,0.2,180.67399999999998,0.901,68.56899999999999,119.21400000000001,1.766,2.1999999999999997,191.3200659182121,0.0,17.359000000000037,0.07799999999999985,3.530000000000001,11.414999999999978,0.15800000000000014,0.037000000000000366
473237,2025-04-19 17:00:00,Bilibili Gaming,Wolves Esports,0,0.6666666666666666,3,1530.5300155460052,0.8,197.64,,,,,,1478.8969000021586,0.6,200.45999999999998,,,,,,51.63311554384654,0.20000000000000007,-2.819999999999993,,,,,
458831,2025-04-19 18:00:00,T1,TALON,0,0.5,2,1622.8115960520736,0.8,209.048,1.086,74.185,136.84100000000004,2.2419999999999995,2.0060000000000002,1468.8827471830487,0.4,187.773,0.9100000000000001,69.49600000000001,122.696,1.813,2.137,153.92884886902493,0.4,21.275000000000006,0.17599999999999993,4.688999999999993,14.145000000000039,0.4289999999999996,-0.13099999999999978
473238,2025-04-19 19:15:00,EDward Gaming,Xi Lai Gaming,0,1.0,1,1716.0030524713309,0.8,205.25900000000001,,,,,,1568.0199938153264,1.0,205.113,,,,,,147.98305865600446,-0.19999999999999996,0.146000000000015,,,,,
459543,2025-04-20 05:00:00,Sentinels,2Game Esports,1,0.5,0,1603.6988385210175,0.6,196.824,1.0189999999999997,72.687,129.223,1.9769999999999999,2.163,1444.4076900892692,0.2,186.01666666666665,0.8666666666666667,69.31166666666667,123.18333333333334,2.028333333333333,2.1216666666666666,159.2911484317483,0.39999999999999997,10.80733333333336,0.152333333333333,3.37533333333333,6.039666666666676,-0.05133333333333301,0.04133333333333322
459544,2025-04-20 07:10:00,VISA KRÜ,100 Thieves,1,0.5,0,1533.2505290771267,0.75,195.9175,1.0175,70.825,129.23250000000002,2.04,1.7599999999999998,1537.7713717625081,0.6,198.96699999999998,1.0070000000000001,73.16,130.143,2.2199999999999998,2.05,-4.520842685381467,0.15000000000000002,-3.0494999999999948,0.010499999999999954,-2.3349999999999937,-0.9104999999999848,-0.17999999999999972,-0.29000000000000004
458832,2025-04-20 16:00:00,KIWOOM DRX,Gen.G,1,0.0,1,1645.6166908189903,0.6,200.82,1.0560000000000003,75.12600000000002,132.403,2.355,1.9739999999999998,1662.8609243226135,0.6,202.704,1.052,73.05,132.723,2.1,2.0559999999999996,-17.244233503623263,0.0,-1.8840000000000146,0.004000000000000226,2.076000000000022,-0.3200000000000216,0.2549999999999999,-0.08199999999999985
473240,2025-04-20 17:00:00,Bilibili Gaming,Trace Esports,1,0.0,3,1512.169574378587,0.6,199.82,,,,,,1573.9311418631037,0.6,195.54700000000003,,,,,,-61.76156748451672,0.0,4.272999999999968,,,,,
473239,2025-04-20 19:10:00,EDward Gaming,Dragon Ranger Gaming,1,0.6666666666666666,3,1693.5724298548623,0.6,203.199,,,,,,1500.0682779000274,0.4,199.144,,,,,,193.50415195483492,0.19999999999999996,4.055000000000007,,,,,
458833,2025-04-20 19:30:00,Nongshim RedForce,ZETA DIVISION,1,1.0,1,1510.552855068854,0.4,196.5922222222222,1.018888888888889,72.87000000000002,128.3044444444444,2.311111111111111,2.021111111111111,1427.4165665621629,0.4,191.58300000000003,0.9299999999999999,68.58099999999999,126.00399999999999,2.103,2.114,83.13628850669102,0.0,5.009222222222178,0.08888888888888902,4.28900000000003,2.300444444444423,0.2081111111111107,-0.09288888888888902
459545,2025-04-21 05:00:00,Evil Geniuses,LOUD,1,0.25,4,1540.1017157407664,0.4,190.72000000000003,0.9229999999999998,68.28,125.99300000000001,1.7970000000000002,2.313,1478.4488151074327,0.0,189.42700000000002,0.9530000000000001,68.88399999999999,125.73299999999999,2.2269999999999994,2.116,61.65290063333373,0.4,1.2930000000000064,-0.03000000000000025,-0.603999999999985,0.2600000000000193,-0.42999999999999927,0.19700000000000006
459546,2025-04-21 09:00:00,LEVIATÁN,NRG,0,1.0,1,1544.6210894642632,0.2,194.618,0.9719999999999999,71.572,129.627,2.015,2.222,1479.0392187619939,0.2,197.54299999999998,0.9879999999999999,73.776,128.75,2.028,2.064,65.58187070226927,0.0,-2.924999999999983,-0.016000000000000014,-2.2039999999999935,0.8770000000000095,-0.0129999999999999,0.15799999999999992
458834,2025-04-21 16:00:00,DetonatioN FocusMe,BOOM Esports,0,0.5,0,1319.9978986498086,0.0,183.154,0.9030000000000001,67.887,120.10600000000002,1.8130000000000002,2.1330000000000005,1545.8372493242223,0.8,206.54999999999998,1.0783333333333334,75.33999999999999,133.78833333333333,2.3216666666666668,2.0400000000000005,-225.8393506744137,-0.8,-23.395999999999987,-0.17533333333333323,-7.452999999999989,-13.682333333333304,-0.5086666666666666,0.09299999999999997
458835,2025-04-21 18:00:00,Rex Regum Qeon,Team Secret,0,1.0,1,1513.8732619456387,0.6,205.25500000000002,1.084,74.44,134.91500000000002,2.1630000000000003,2.1130000000000004,1432.7012469400092,0.0,194.41199999999998,0.9650000000000001,69.447,128.42999999999998,1.9799999999999998,2.226,81.17201500562942,0.6,10.843000000000046,0.119,4.992999999999995,6.485000000000042,0.1830000000000005,-0.11299999999999955
459852,2025-04-23 23:00:00,BBL Esports,FUT Esports,1,0.0,2,1467.5839893777732,0.6,199.877,1.018,71.372,130.99599999999998,2.114,2.036,1546.6423393633838,0.6,195.86300000000003,0.9800000000000002,70.986,126.58700000000002,2.104,2.1,-79.05834998561068,0.0,4.013999999999982,0.03799999999999981,0.3859999999999957,4.408999999999963,0.009999999999999787,-0.06400000000000006
459853,2025-04-24 03:00:00,GIANTX,Apeks,1,0.5,0,1386.1875256708915,0.0,186.187,0.9080000000000001,68.659,123.55999999999999,1.937,2.21,1422.4078862206447,0.0,186.06166666666664,0.8933333333333334,68.645,121.94999999999999,1.9716666666666667,2.361666666666667,-36.220360549753195,0.0,0.12533333333337282,0.014666666666666717,0.014000000000010004,1.6099999999999994,-0.03466666666666662,-0.15166666666666684
459854,2025-04-24 23:00:00,Gentle Mates,Movistar KOI,0,1.0,1,1420.1231439837711,0.2,185.561,0.9430000000000002,68.407,121.87000000000003,1.934,2.204,1389.452092542996,0.0,179.003,0.8779999999999999,68.43999999999997,117.78,1.7700000000000002,2.19,30.671051440775045,0.2,6.558000000000021,0.06500000000000028,-0.03299999999997283,4.090000000000032,0.1639999999999997,0.014000000000000234
459855,2025-04-25 02:05:00,Team Vitality,Natus Vincere,0,0.3333333333333333,3,1588.040285543615,0.4,202.007,1.034,71.66499999999999,130.63100000000003,1.9959999999999998,2.3,1463.7201661770716,0.4,185.79199999999997,0.923,68.60999999999999,123.397,2.03,2.0949999999999998,124.3201193665434,0.0,16.215000000000032,0.11099999999999999,3.055000000000007,7.234000000000023,-0.03400000000000003,0.20500000000000007
475897,2025-04-25 05:00:00,MIBR,100 Thieves,1,0.3333333333333333,3,1514.6153459891107,0.8,203.67399999999998,1.05,74.59200000000001,133.823,2.333,1.986,1521.5631910121056,0.6,197.237,0.992,72.74,129.41299999999998,2.16,2.13,-6.947845022994898,0.20000000000000007,6.436999999999983,0.05800000000000005,1.852000000000018,4.410000000000025,0.17300000000000004,-0.1439999999999999
475898,2025-04-25 07:15:00,Sentinels,Cloud9,1,1.0,1,1612.837367608151,0.8,200.357,1.052,73.77,131.536,2.007,2.016,1504.0378336173144,0.6,195.26800000000003,0.984,71.646,128.381,2.0900000000000003,2.19,108.79953399083661,0.20000000000000007,5.08899999999997,0.06800000000000006,2.1239999999999952,3.155000000000001,-0.08300000000000018,-0.17399999999999993
475903,2025-04-26 05:00:00,100 Thieves,NRG,1,0.0,1,1505.2432735684204,0.6,195.36700000000002,0.9899999999999999,73.02,128.173,2.17,2.09,1498.0240098114425,0.4,199.71300000000002,1.0219999999999998,74.47600000000001,130.69,2.128,2.054,7.219263756977853,0.19999999999999996,-4.346000000000004,-0.03199999999999992,-1.4560000000000173,-2.516999999999996,0.041999999999999815,0.03600000000000003
475904,2025-04-26 07:15:00,Cloud9,Evil Geniuses,0,0.5,2,1492.8906378030863,0.4,196.32800000000003,0.9890000000000002,72.366,128.76100000000002,2.08,2.2,1553.2919254800702,0.6,193.113,0.9399999999999998,68.78999999999999,127.603,1.904,2.29,-60.401287676983884,-0.19999999999999996,3.215000000000032,0.04900000000000038,3.5760000000000076,1.1580000000000297,0.17600000000000016,-0.08999999999999986
473833,2025-04-26 16:00:00,TALON,Gen.G,0,0.5,2,1491.5413626946122,0.6,191.183,0.9410000000000001,70.47599999999998,125.446,1.8829999999999998,2.007,1646.0674494705595,0.6,203.78400000000002,1.0690000000000002,73.583,133.336,2.0869999999999997,2.0989999999999998,-154.5260867759473,0.0,-12.601000000000028,-0.1280000000000001,-3.1070000000000135,-7.890000000000015,-0.20399999999999996,-0.09199999999999964
473834,2025-04-26 19:00:00,KIWOOM DRX,T1,1,1.0,2,1662.4101656710443,0.8,199.12699999999998,1.0450000000000004,74.43299999999999,130.606,2.3280000000000003,1.9409999999999996,1600.15298054051,0.6,203.85799999999998,1.0390000000000001,72.04499999999999,133.321,2.142,2.126,62.25718513053425,0.20000000000000007,-4.7309999999999945,0.006000000000000227,2.3880000000000052,-2.7150000000000034,0.1860000000000004,-0.18500000000000028
475899,2025-04-27 05:00:00,VISA KRÜ,MIBR,0,0.5,0,1549.4587098275292,0.8,198.754,1.0260000000000002,71.6,131.10600000000002,2.112,1.8279999999999998,1530.9352634327959,0.8,205.82099999999997,1.0610000000000002,75.25500000000002,134.876,2.37,1.936,18.523446394733355,0.0,-7.066999999999979,-0.03499999999999992,-3.6550000000000296,-3.769999999999982,-0.258,-0.1080000000000001
475900,2025-04-27 07:05:00,G2 Esports,Sentinels,0,1.0,1,1737.2306374877971,1.0,205.786,1.0900000000000003,74.64199999999998,134.44500000000002,2.237,2.09,1623.984563422379,0.8,203.987,1.0779999999999998,75.11999999999999,133.55599999999998,2.077,1.996,113.24607406541804,0.19999999999999996,1.7990000000000066,0.012000000000000455,-0.47800000000000864,0.8890000000000384,0.16000000000000014,0.09399999999999986
473837,2025-04-27 16:00:00,BOOM Esports,Gen.G,0,1.0,1,1552.6903370356083,1.0,207.67142857142858,1.0842857142857143,76.00571428571428,134.57571428571427,2.3757142857142854,1.9342857142857146,1655.3861098585865,0.8,204.791,1.0869999999999997,74.32300000000001,133.916,2.0940000000000003,2.005,-102.69577282297814,0.19999999999999996,2.880428571428581,-0.002714285714285447,1.682714285714269,0.6597142857142728,0.28171428571428514,-0.07071428571428529
473838,2025-04-27 18:10:00,Rex Regum Qeon,KIWOOM DRX,1,0.0,1,1494.201713086817,0.6,204.10799999999998,1.072,73.61299999999999,134.122,2.25,2.06,1675.5734135559483,0.8,199.704,1.0510000000000002,74.84,130.763,2.3750000000000004,1.934,-181.37170046913116,-0.20000000000000007,4.403999999999968,0.020999999999999908,-1.227000000000018,3.359000000000009,-0.12500000000000044,0.1260000000000001
475906,2025-04-28 05:00:00,VISA KRÜ,Evil Geniuses,0,0.0,1,1532.6064809204606,0.6,194.97833333333332,0.9966666666666667,71.08333333333333,129.10500000000002,2.0933333333333333,1.8399999999999999,1566.5380316889,0.6,195.19300000000004,0.954,69.41,129.08,1.9769999999999999,2.277,-33.931550768439365,0.0,-0.21466666666671586,0.04266666666666674,1.673333333333332,0.025000000000005684,0.1163333333333334,-0.4370000000000003
475905,2025-04-28 07:40:00,G2 Esports,100 Thieves,1,0.3333333333333333,3,1716.192628657525,0.8,207.80000000000004,1.1110000000000002,75.51500000000001,135.70499999999998,2.237,2.05,1520.9108620249576,0.6,196.31400000000002,1.009,74.14699999999999,129.12600000000003,2.203,2.0170000000000003,195.28176663256727,0.20000000000000007,11.486000000000018,0.10200000000000031,1.3680000000000234,6.578999999999951,0.03400000000000025,0.032999999999999474
473241,2025-05-02 17:00:00,Wolves Esports,Xi Lai Gaming,0,0.0,1,1497.2573411695769,0.6,201.64,,,,,,1590.450616431795,1.0,206.32000000000002,,,,,,-93.1932752622181,-0.4,-4.680000000000035,,,,,
473242,2025-05-02 19:35:00,EDward Gaming,Bilibili Gaming,0,1.0,3,1701.481057934532,0.8,201.97899999999998,,,,,,1530.9842143360947,0.6,203.707,,,,,,170.49684359843718,0.20000000000000007,-1.7280000000000086,,,,,
459856,2025-05-02 23:00:00,Team Liquid,Karmine Corp,1,1.0,2,1560.679176358715,0.6,204.32199999999997,1.0550000000000002,73.34599999999999,134.499,2.209,1.823,1435.9572953096088,0.4,195.42000000000002,1.023,73.79,128.227,2.1399999999999997,2.1369999999999996,124.72188104910629,0.19999999999999996,8.901999999999958,0.03200000000000025,-0.4440000000000168,6.271999999999991,0.0690000000000004,-0.3139999999999996
459857,2025-05-03 01:30:00,FNATIC,Team Heretics,0,0.3333333333333333,3,1673.691658376216,0.8,201.373,1.06,72.11599999999999,133.19800000000004,2.383,1.98,1675.9300453923297,0.8,199.74899999999997,1.036,74.339,130.983,2.1919999999999993,1.7480000000000004,-2.23838701611362,0.0,1.6240000000000236,0.02400000000000002,-2.223000000000013,2.215000000000032,0.19100000000000072,0.23199999999999954
475901,2025-05-03 05:00:00,MIBR,Sentinels,0,0.0,2,1547.7874923398645,1.0,203.111,1.0479999999999998,74.15499999999999,133.256,2.3099999999999996,1.9959999999999998,1645.0225722526513,1.0,201.264,1.0559999999999998,74.59700000000001,132.098,2.064,1.959,-97.23507991278689,0.0,1.84699999999998,-0.008000000000000007,-0.4420000000000215,1.157999999999987,0.24599999999999955,0.0369999999999997
475907,2025-05-03 07:50:00,G2 Esports,Evil Geniuses,1,0.5,2,1724.0404880290182,0.8,208.07700000000006,1.11,75.862,136.078,2.367,2.027,1580.9803752093965,0.8,198.17300000000003,0.976,70.42,131.15,2.137,2.247,143.06011281962174,0.0,9.904000000000025,0.13400000000000012,5.441999999999993,4.927999999999997,0.22999999999999998,-0.21999999999999975
473835,2025-05-03 16:00:00,TALON,Nongshim RedForce,1,1.0,2,1482.2227023065852,0.4,189.676,0.9470000000000001,70.16899999999998,124.726,1.8559999999999999,1.987,1522.7957232972592,0.6,197.95999999999998,1.033,73.11000000000001,128.867,2.3,2.0189999999999997,-40.57302099067397,-0.19999999999999996,-8.283999999999992,-0.08599999999999985,-2.941000000000031,-4.140999999999991,-0.44399999999999995,-0.031999999999999584
473243,2025-05-03 17:00:00,Wolves Esports,Bilibili Gaming,0,0.0,1,1485.4490013899867,0.6,197.97999999999996,,,,,,1554.2609363710242,0.6,204.69700000000003,,,,,,-68.81193498103744,0.0,-6.71700000000007,,,,,
473836,2025-05-03 19:25:00,T1,Paper Rex,0,0.0,4,1586.989732655606,0.4,201.378,1.017,70.985,131.891,2.112,2.286,1576.953857172558,0.4,200.193,1.0,72.579,131.76899999999998,1.964,2.1670000000000003,10.03587548304813,0.0,1.1849999999999739,0.016999999999999904,-1.593999999999994,0.1220000000000141,0.14800000000000013,0.11899999999999977
475908,2025-05-04 05:00:00,MIBR,G2 Esports,0,0.3333333333333333,3,1536.1519752686654,0.8,201.298,1.039,73.55499999999999,132.206,2.2329999999999997,2.066,1733.8010297506307,0.8,209.30399999999995,1.108,76.00200000000001,136.371,2.304,2.03,-197.64905448196532,0.0,-8.005999999999943,-0.06900000000000017,-2.447000000000017,-4.1650000000000205,-0.07100000000000017,0.03600000000000003
473839,2025-05-04 16:00:00,KIWOOM DRX,TALON,1,1.0,4,1651.9051730147855,0.6,198.787,1.0310000000000001,74.033,129.452,2.3400000000000003,1.987,1500.082711526655,0.6,189.48999999999995,0.95,69.949,125.179,1.862,2.0,151.82246148813056,0.0,9.297000000000054,0.08100000000000018,4.084000000000003,4.272999999999996,0.4780000000000002,-0.0129999999999999
473244,2025-05-04 17:00:00,Xi Lai Gaming,Bilibili Gaming,1,0.0,1,1602.258956211385,1.0,205.96700000000004,,,,,,1567.1328246600601,0.6,205.757,,,,,,35.12613155132499,0.4,0.21000000000003638,,,,,
473840,2025-05-04 18:00:00,BOOM Esports,Paper Rex,0,1.0,1,1541.286569547195,0.8,202.2375,1.0450000000000002,74.22999999999999,131.29125,2.22875,2.0425000000000004,1593.4158978201067,0.6,201.133,1.008,72.70599999999999,132.18900000000002,1.941,2.08,-52.12932827291161,0.20000000000000007,1.1045000000000016,0.037000000000000144,1.524000000000001,-0.8977500000000305,0.28774999999999973,-0.037499999999999645
475902,2025-05-05 05:00:00,Sentinels,G2 Esports,0,0.0,3,1656.6580893238504,1.0,202.558,1.066,74.96700000000001,132.024,2.11,1.9489999999999998,1741.5684528656686,0.8,208.244,1.098,75.89200000000001,135.276,2.3240000000000003,2.0749999999999997,-84.91036354181824,0.19999999999999996,-5.686000000000007,-0.03200000000000003,-0.9249999999999972,-3.2520000000000095,-0.2140000000000004,-0.1259999999999999
482503,2025-05-08 23:00:00,BBL Esports,Natus Vincere,1,1.0,1,1487.1631981462972,0.8,200.81699999999998,1.012,71.402,131.76600000000002,2.234,2.266,1485.2128735527524,0.6,188.732,0.9490000000000002,70.28999999999999,124.797,2.14,1.9649999999999999,1.9503245935447922,0.20000000000000007,12.08499999999998,0.06299999999999983,1.112000000000009,6.9690000000000225,0.09399999999999986,0.30100000000000016
482504,2025-05-09 02:00:00,FNATIC,FUT Esports,1,0.75,4,1657.7947384815498,0.8,197.67299999999997,1.0300000000000002,71.09599999999999,130.998,2.323,2.05,1527.0631305948598,0.6,196.81300000000005,0.984,70.096,127.61700000000003,2.1839999999999997,2.29,130.73160788668997,0.20000000000000007,0.8599999999999284,0.04600000000000026,0.9999999999999858,3.3809999999999576,0.13900000000000023,-0.2400000000000002
473841,2025-05-09 16:00:00,Gen.G,Rex Regum Qeon,1,0.8,5,1666.7898773469997,0.8,208.481,1.121,75.683,137.11599999999999,2.1740000000000004,1.825,1517.8699536279798,0.8,207.158,1.088,74.75300000000001,136.735,2.343,1.9629999999999999,148.91992371901983,0.0,1.3230000000000075,0.03299999999999992,0.9299999999999926,0.3809999999999718,-0.1689999999999996,-0.1379999999999999
473842,2025-05-09 18:00:00,KIWOOM DRX,Paper Rex,0,0.5,4,1661.3269620083677,0.6,199.00700000000003,1.022,73.43299999999999,128.96200000000002,2.36,2.007,1607.0331072838105,0.8,205.19300000000004,1.039,73.866,134.372,2.051,1.9899999999999998,54.29385472455715,-0.20000000000000007,-6.186000000000007,-0.016999999999999904,-0.43300000000000693,-5.409999999999997,0.3089999999999997,0.017000000000000348
482505,2025-05-09 23:00:00,Natus Vincere,Karmine Corp,1,1.0,1,1469.3026883760747,0.6,188.53199999999998,0.951,70.35999999999999,124.827,2.1100000000000003,2.025,1425.4663175555313,0.4,196.93,1.0459999999999998,74.73,129.387,2.08,2.2169999999999996,43.83637082054338,0.19999999999999996,-8.398000000000025,-0.09499999999999986,-4.370000000000019,-4.560000000000002,0.03000000000000025,-0.19199999999999973
482506,2025-05-10 03:05:00,FUT Esports,Team Vitality,1,0.5,2,1516.8146324165061,0.4,194.67300000000003,0.974,69.786,125.737,2.194,2.2499999999999996,1566.5475781679343,0.4,196.317,0.9950000000000001,70.58500000000001,127.08099999999999,1.9460000000000002,2.4,-49.73294575142813,0.0,-1.643999999999977,-0.02100000000000013,-0.7990000000000066,-1.343999999999994,0.24799999999999978,-0.15000000000000036
473843,2025-05-10 16:00:00,Rex Regum Qeon,Paper Rex,1,0.0,1,1508.3367119303866,0.6,202.111,1.0459999999999998,73.18299999999999,133.662,2.3099999999999996,1.9999999999999996,1625.513275586328,1.0,205.34300000000002,1.048,73.51599999999999,134.639,2.044,2.02,-117.17656365594144,-0.4,-3.2320000000000277,-0.002000000000000224,-0.3329999999999984,-0.9770000000000039,0.26599999999999957,-0.020000000000000462
482507,2025-05-10 23:00:00,Team Heretics,BBL Esports,1,0.3333333333333333,3,1691.826965286996,1.0,199.504,1.0310000000000001,74.19399999999999,130.39799999999997,2.2269999999999994,1.6930000000000003,1503.073383322975,0.8,202.17399999999998,1.018,71.879,132.26600000000002,2.2139999999999995,2.316,188.75358196402112,0.19999999999999996,-2.6699999999999875,0.013000000000000123,2.3149999999999835,-1.8680000000000518,0.0129999999999999,-0.6229999999999996
482508,2025-05-11 01:25:00,Team Liquid,FNATIC,0,0.0,1,1571.1701541127925,0.8,202.049,1.044,73.076,133.709,2.229,1.8059999999999998,1668.0432366599034,0.8,199.323,1.044,71.85900000000001,131.761,2.2729999999999997,2.067,-96.87308254711093,0.0,2.725999999999999,0.0,1.2169999999999845,1.9480000000000075,-0.043999999999999595,-0.26100000000000034
473844,2025-05-11 16:00:00,Gen.G,Rex Regum Qeon,0,0.8333333333333334,6,1676.3231190445929,0.8,209.281,1.1229999999999998,76.053,137.136,2.174,1.8350000000000002,1529.5371947034112,0.6,200.54799999999997,1.029,72.48700000000001,132.59300000000002,2.207,2.071,146.78592434118173,0.20000000000000007,8.733000000000033,0.09399999999999986,3.5659999999999883,4.542999999999978,-0.03299999999999992,-0.236
482510,2025-05-11 23:00:00,BBL Esports,FUT Esports,1,0.3333333333333333,3,1495.0008094335847,0.8,202.03699999999998,1.0130000000000001,71.47200000000001,132.33599999999998,2.167,2.413,1535.0894037782843,0.4,193.59300000000002,0.9799999999999999,69.526,125.09700000000001,2.184,2.26,-40.088594344699686,0.4,8.44399999999996,0.03300000000000025,1.9460000000000122,7.238999999999976,-0.017000000000000348,0.15300000000000002
482509,2025-05-12 02:45:00,Team Liquid,Natus Vincere,1,0.0,2,1559.5192025084823,0.8,198.989,1.014,72.069,131.375,2.242,1.92,1483.2945933443316,0.6,188.478,0.951,69.96700000000001,124.83999999999999,2.1300000000000003,2.065,76.2246091641507,0.20000000000000007,10.510999999999996,0.06300000000000006,2.1019999999999897,6.535000000000011,0.11199999999999966,-0.14500000000000002
482515,2025-05-16 23:00:00,Team Heretics,FNATIC,0,0.5,2,1699.8995391763863,1.0,201.072,1.043,74.69999999999999,131.73999999999998,2.3169999999999997,1.6770000000000003,1679.6941882642136,0.8,198.123,1.0370000000000001,72.139,130.928,2.247,2.1470000000000002,20.205350912172662,0.19999999999999996,2.9490000000000123,0.005999999999999783,2.560999999999993,0.8119999999999834,0.06999999999999984,-0.47
482511,2025-05-17 01:20:00,Team Liquid,BBL Esports,1,1.0,1,1572.0641857647477,0.8,200.906,1.029,72.986,132.99000000000004,2.2990000000000004,1.8640000000000003,1512.8388079125534,0.8,204.85,1.048,72.76599999999999,133.82299999999998,2.207,2.3200000000000003,59.22537785219424,0.0,-3.9439999999999884,-0.019000000000000128,0.22000000000001307,-0.8329999999999416,0.09200000000000053,-0.45599999999999996
482512,2025-05-18 00:00:00,Team Heretics,Team Liquid,1,0.0,2,1682.9700959619058,0.8,200.46900000000002,1.018,73.95999999999998,131.51000000000002,2.3069999999999995,1.7269999999999999,1585.362870793202,0.8,200.43900000000002,1.034,73.41900000000001,132.61700000000002,2.289,1.7710000000000001,97.60722516870374,0.0,0.030000000000001137,-0.016000000000000014,0.5409999999999684,-1.1069999999999993,0.01799999999999935,-0.04400000000000026
482513,2025-05-19 00:00:00,FNATIC,Team Heretics,1,0.25,4,1696.623631478694,0.8,200.61,1.052,73.046,132.44099999999997,2.2239999999999998,2.0970000000000004,1694.5897549663612,0.8,202.39600000000002,1.032,74.35999999999999,132.293,2.2239999999999998,1.73,2.0338765123328812,0.0,-1.7860000000000014,0.020000000000000018,-1.3139999999999787,0.1479999999999677,0.0,0.36700000000000044
490309,2025-06-08 00:00:00,Team Heretics,Paper Rex,0,0.0,1,1678.683417371226,0.6,201.54900000000004,1.034,73.693,131.793,2.191,1.8369999999999997,1604.3127928133035,0.8,203.04299999999998,1.034,73.162,133.089,2.048,2.034,74.37062455792238,-0.20000000000000007,-1.493999999999943,0.0,0.5309999999999917,-1.2959999999999923,0.1429999999999998,-0.19700000000000006
490307,2025-06-08 02:10:00,Guangzhou Huadu Bilibili Gaming,Team Liquid,1,0.5,0,1500.0,0.5,,,,,,,1573.7432117887467,0.6,196.353,0.9949999999999999,71.286,129.964,2.229,1.765,-73.74321178874675,-0.09999999999999998,,,,,,
490308,2025-06-09 00:00:00,Sentinels,Wolves Esports,1,0.5,0,1644.4923221965034,0.8,205.51299999999998,1.0839999999999999,75.07200000000002,133.50400000000002,2.16,1.959,1472.5771131009508,0.6,198.18,,,,,,171.91520909555265,0.20000000000000007,7.33299999999997,,,,,
490306,2025-06-09 02:45:00,Gen.G,MIBR,1,0.5,0,1653.9387849951431,0.6,205.641,1.085,74.708,135.43599999999998,2.159,1.95,1528.3845521536275,0.6,199.975,1.027,72.693,131.753,2.2009999999999996,2.133,125.55423284151561,0.0,5.665999999999997,0.05800000000000005,2.0150000000000006,3.6829999999999927,-0.041999999999999815,-0.18300000000000005
490311,2025-06-10 00:00:00,Guangzhou Huadu Bilibili Gaming,Sentinels,0,0.5,0,1519.3459062199488,1.0,204.6,1.09,74.93,137.0,2.67,2.4,1653.1638886281496,0.8,206.356,1.1039999999999999,75.46900000000002,134.04399999999998,2.1270000000000002,2.016,-133.8179824082008,0.19999999999999996,-1.7560000000000002,-0.01399999999999979,-0.5390000000000157,2.9560000000000173,0.5429999999999997,0.3839999999999999
490310,2025-06-10 03:30:00,Paper Rex,Gen.G,0,0.5,4,1623.6863184659053,0.8,206.873,1.09,75.13199999999999,135.70900000000003,2.128,1.9440000000000002,1664.3960036886626,0.8,209.733,1.12,75.934,138.84600000000003,2.165,1.8039999999999998,-40.709685222757344,0.0,-2.8600000000000136,-0.030000000000000027,-0.8020000000000067,-3.1370000000000005,-0.03699999999999992,0.14000000000000035
490312,2025-06-11 00:00:00,Team Heretics,Wolves Esports,0,0.5,0,1659.3098917186242,0.4,200.37600000000003,1.0210000000000001,73.143,130.363,2.208,1.8199999999999998,1463.9055466693046,0.4,197.193,,,,,,195.40434504931955,0.0,3.183000000000021,,,,,
490313,2025-06-11 02:30:00,Team Liquid,MIBR,1,0.5,0,1554.397305568798,0.4,195.973,0.999,71.013,130.114,2.2589999999999995,1.8619999999999997,1517.927333460108,0.4,194.82,0.999,71.44800000000001,128.233,2.061,2.103,36.469972108689944,0.0,1.15300000000002,0.0,-0.4350000000000023,1.8810000000000002,0.1979999999999995,-0.24100000000000055
490315,2025-06-12 00:00:00,Guangzhou Huadu Bilibili Gaming,Wolves Esports,0,0.5,0,1509.2207775469028,0.5,193.2,0.99,70.7,126.3,2.27,2.335,1488.061866068003,0.4,196.383,,,,,,21.15891147889988,0.09999999999999998,-3.183000000000021,,,,,
490314,2025-06-12 02:30:00,Paper Rex,Team Liquid,1,0.5,0,1609.552535969014,0.6,205.96599999999998,1.078,74.419,135.06600000000003,2.1510000000000002,1.887,1568.7239427562547,0.6,196.993,1.011,71.806,130.541,2.279,1.8050000000000002,40.82859321275919,0.0,8.972999999999985,0.06700000000000017,2.6129999999999995,4.525000000000034,-0.12799999999999967,0.08199999999999985
498622,2025-06-14 00:00:00,G2 Esports,Paper Rex,0,1.0,1,1753.7342199930156,0.8,207.539,1.098,75.61500000000001,134.92400000000004,2.3300000000000005,2.0349999999999997,1623.6809172638493,0.6,206.89300000000003,1.092,74.966,135.839,2.138,1.9800000000000004,130.05330272916626,0.20000000000000007,0.6459999999999582,0.006000000000000005,0.6490000000000151,-0.9149999999999636,0.19200000000000061,0.05499999999999927
498621,2025-06-14 02:25:00,Xi Lai Gaming,Sentinels,0,0.5,0,1616.6468270943312,1.0,204.39900000000003,,,,,,1663.2890173011956,0.8,204.11599999999999,1.092,75.362,132.837,2.194,2.003,-46.64219020686437,0.19999999999999996,0.2830000000000439,,,,,
498623,2025-06-15 00:00:00,Rex Regum Qeon,Wolves Esports,0,0.5,0,1551.921528752861,0.6,200.04599999999996,1.0219999999999998,72.59,132.61999999999998,2.2640000000000002,2.101,1505.0350670996609,0.4,196.44300000000004,1.011,70.57700000000001,131.673,2.2570000000000006,2.1900000000000004,46.88646165320006,0.19999999999999996,3.6029999999999234,0.010999999999999899,2.012999999999991,0.9469999999999743,0.006999999999999673,-0.08900000000000041
498624,2025-06-15 02:30:00,FNATIC,Gen.G,0,0.0,1,1712.5299690738293,0.8,201.967,1.0530000000000002,73.706,133.291,2.3009999999999997,2.0840000000000005,1678.529786185554,0.8,211.863,1.1460000000000001,77.454,138.86600000000004,2.105,1.734,34.000182888275276,0.0,-9.895999999999987,-0.09299999999999997,-3.7479999999999905,-5.5750000000000455,0.19599999999999973,0.35000000000000053
498629,2025-06-16 00:00:00,Xi Lai Gaming,G2 Esports,0,0.5,0,1602.781968027436,0.8,204.032,,,,,,1732.0099379542266,0.8,207.09900000000002,1.084,75.495,134.484,2.31,2.0949999999999998,-129.2279699267906,0.0,-3.0670000000000073,,,,,
498630,2025-06-16 02:10:00,Rex Regum Qeon,FNATIC,0,0.5,0,1533.7753400656031,0.6,199.10599999999997,1.0130000000000001,72.577,131.767,2.221,2.0010000000000003,1694.9691819841462,0.8,202.27400000000003,1.064,73.846,134.131,2.3579999999999997,2.0669999999999997,-161.19384191854306,-0.20000000000000007,-3.168000000000063,-0.050999999999999934,-1.2690000000000055,-2.3640000000000043,-0.13699999999999957,-0.06599999999999939
498626,2025-06-17 00:00:00,Wolves Esports,Gen.G,1,0.5,0,1523.1812557869187,0.6,197.413,1.017,71.14700000000002,132.983,2.3070000000000004,2.1,1696.0905732752371,0.8,209.85700000000003,1.141,77.054,137.113,2.165,1.748,-172.9093174883185,-0.20000000000000007,-12.444000000000017,-0.12400000000000011,-5.906999999999982,-4.1299999999999955,0.14200000000000035,0.3520000000000001
498625,2025-06-17 02:30:00,Sentinels,Paper Rex,0,1.0,1,1677.1538763680908,0.8,208.43599999999998,1.1249999999999998,76.962,134.567,2.214,1.953,1645.4051993026383,0.6,208.14000000000001,1.0990000000000002,75.146,136.486,2.1979999999999995,1.9500000000000004,31.74867706545251,0.20000000000000007,0.29599999999996385,0.02599999999999958,1.8160000000000025,-1.9189999999999827,0.01600000000000046,0.0029999999999996696
498631,2025-06-18 00:00:00,Gen.G,G2 Esports,0,1.0,1,1672.7260109830424,0.6,204.917,1.103,75.524,133.84300000000002,2.1450000000000005,1.908,1742.3188270914984,0.8,209.43900000000002,1.1,76.282,135.48399999999998,2.29,2.0119999999999996,-69.59281610845596,-0.20000000000000007,-4.52200000000002,0.0029999999999998916,-0.7579999999999956,-1.6409999999999627,-0.14499999999999957,-0.10399999999999965
498632,2025-06-18 03:35:00,Sentinels,FNATIC,0,0.5,2,1659.695851819664,0.6,204.476,1.089,75.622,131.58700000000002,2.224,1.9829999999999999,1704.0363712627175,0.8,203.007,1.0670000000000002,74.353,134.481,2.311,2.0599999999999996,-44.34051944305338,-0.20000000000000007,1.468999999999994,0.021999999999999797,1.2690000000000055,-2.893999999999977,-0.08699999999999974,-0.07699999999999974
498627,2025-06-21 00:00:00,Paper Rex,Wolves Esports,1,0.5,0,1662.863223851065,0.8,209.20999999999998,1.1039999999999999,75.40299999999999,137.28299999999996,2.1279999999999992,1.9400000000000002,1546.5458180791134,0.8,199.06000000000003,1.033,71.50700000000002,134.043,2.39,2.0900000000000003,116.3174057719516,0.0,10.149999999999949,0.07099999999999995,3.8959999999999724,3.2399999999999523,-0.2620000000000009,-0.15000000000000013
498633,2025-06-21 02:40:00,G2 Esports,FNATIC,0,0.0,1,1755.1561442578263,0.8,206.856,1.084,76.205,134.297,2.293,2.1319999999999997,1718.0054292123891,0.8,203.153,1.068,74.326,135.287,2.291,1.9999999999999996,37.15071504543721,0.0,3.703000000000003,0.016000000000000014,1.8790000000000049,-0.9900000000000091,0.002000000000000224,0.13200000000000012
498634,2025-06-22 00:00:00,Wolves Esports,FNATIC,0,0.5,0,1535.7108866786295,0.8,197.15,0.9960000000000001,71.177,131.143,2.3600000000000003,2.12,1735.7097921023048,0.8,205.14299999999997,1.074,74.86600000000001,136.537,2.361,1.9099999999999997,-199.9989054236753,0.0,-7.992999999999967,-0.07799999999999996,-3.689000000000007,-5.3940000000000055,-0.0009999999999998899,0.2100000000000004
507067,2025-06-23 00:00:00,Team tarik,Team Toast,0,0.5,0,1484.0,0.0,,,,,,,1500.0,0.5,,,,,,,-16.0,-0.5,,,,,,
498628,2025-06-23 01:15:00,Paper Rex,FNATIC,1,0.0,1,1673.6981552515488,0.8,208.37999999999997,1.105,75.69300000000001,137.023,2.1979999999999995,1.9400000000000002,1743.3979272531735,0.8,205.71300000000002,1.0779999999999998,75.08300000000001,136.60500000000002,2.341,1.9029999999999998,-69.69977200162475,0.0,2.6669999999999447,0.027000000000000135,0.6099999999999994,0.41799999999997794,-0.14300000000000068,0.037000000000000366
506930,2025-07-03 19:00:00,EDward Gaming,Titan Esports Club,1,1.0,2,1678.2043358996025,0.6,200.126,,,,,,1433.208050738264,0.4,198.406,,,,,,244.9962851613384,0.19999999999999996,1.7199999999999989,,,,,
506931,2025-07-04 19:00:00,Guangzhou Huadu Bilibili Gaming,TYLOO,1,0.5,0,1492.2475765152449,0.3333333333333333,186.5,0.94,69.06666666666666,121.39999999999999,2.046666666666667,2.39,1425.6630423177332,0.2,191.373,,,,,,66.58453419751163,0.1333333333333333,-4.8729999999999905,,,,,
506932,2025-07-05 17:00:00,All Gamers,Xi Lai Gaming,0,0.0,2,1363.5516741160206,0.0,176.743,,,,,,1592.4730788901643,0.6,201.509,,,,,,-228.92140477414364,-0.6,-24.76599999999999,,,,,
506933,2025-07-05 19:45:00,Wolves Esports,FunPlus Phoenix,0,0.0,1,1528.0227515277609,0.6,195.055,0.976,69.79700000000001,128.83800000000002,2.29,2.12,1476.1536108824432,0.4,195.20700000000002,,,,,,51.86914064531766,0.19999999999999996,-0.15200000000001523,,,,,
506934,2025-07-06 17:00:00,Dragon Ranger Gaming,Nova Esports,1,0.6666666666666666,3,1492.1596498203578,0.4,198.047,,,,,,1453.4923508463094,0.4,187.457,,,,,,38.667298974048435,0.0,10.590000000000003,,,,,
506935,2025-07-06 20:05:00,JD Mall JDG Esports,Trace Esports,0,0.0,1,1439.6847742462026,0.2,195.74625,,,,,,1555.116501905596,0.6,191.20000000000002,,,,,,-115.43172765939335,-0.39999999999999997,4.546249999999986,,,,,
508815,2025-07-15 16:00:00,BOOM Esports,TALON,0,0.5,0,1527.6693600834913,0.6,200.62222222222223,1.017777777777778,73.06,130.57,2.158888888888889,2.0822222222222226,1490.6609225330728,0.4,188.647,0.9390000000000001,69.149,124.79899999999998,1.8719999999999999,2.04,37.00843755041842,0.19999999999999996,11.975222222222243,0.07877777777777784,3.9110000000000014,5.771000000000015,0.28688888888888897,0.042222222222222605
508816,2025-07-15 18:15:00,Nongshim RedForce,Team Secret,1,1.0,1,1504.9357140771895,0.4,195.483,1.018,71.91999999999999,127.88700000000001,2.2729999999999997,2.0319999999999996,1452.3727957988308,0.2,194.115,0.962,69.98400000000001,128.82999999999998,1.967,2.253,52.562918278358666,0.2,1.367999999999995,0.05600000000000005,1.9359999999999786,-0.9429999999999694,0.3059999999999996,-0.22100000000000053
508817,2025-07-16 16:00:00,T1,Paper Rex,0,0.0,5,1570.5276920080573,0.2,201.01799999999997,1.004,70.94500000000001,131.59799999999998,2.0119999999999996,2.286,1692.8655708462975,1.0,206.365,1.089,74.756,136.098,2.226,2.117,-122.33787883824016,-0.8,-5.347000000000037,-0.08499999999999996,-3.810999999999993,-4.500000000000028,-0.2140000000000004,0.16900000000000004
508818,2025-07-16 18:35:00,KIWOOM DRX,Gen.G,0,0.5,2,1642.8467937058501,0.6,197.214,1.0130000000000001,72.646,127.699,2.363,1.9939999999999998,1659.8886938167145,0.6,202.72999999999996,1.0770000000000002,74.49100000000001,132.61599999999999,2.145,1.9809999999999999,-17.04190011086439,0.0,-5.515999999999963,-0.06400000000000006,-1.845000000000013,-4.916999999999987,0.21799999999999997,0.0129999999999999
506936,2025-07-16 19:00:00,Trace Esports,TYLOO,0,1.0,1,1565.987999863307,0.6,191.957,,,,,,1412.6923767236212,0.2,188.64,,,,,,153.29562313968586,0.39999999999999997,3.3170000000000073,,,,,
511543,2025-07-16 23:00:00,Natus Vincere,Apeks,1,1.0,1,1470.7496100880662,0.4,189.54500000000002,0.952,70.167,125.547,2.0770000000000004,2.1380000000000003,1404.7458935641769,0.0,184.58142857142857,0.8828571428571429,68.33857142857143,121.11428571428571,1.99,2.3242857142857143,66.00371652388935,0.4,4.963571428571441,0.06914285714285706,1.8284285714285744,4.432714285714283,0.08700000000000041,-0.18628571428571394
511544,2025-07-17 01:50:00,Team Vitality,GIANTX,0,1.0,2,1548.272806806156,0.2,193.30700000000002,0.977,69.85300000000001,125.263,1.9,2.4240000000000004,1403.8495183273594,0.2,185.447,0.907,68.69899999999998,122.74000000000001,1.907,2.23,144.42328847879662,0.0,7.860000000000014,0.06999999999999995,1.1540000000000248,2.522999999999996,-0.007000000000000117,0.1940000000000004
508819,2025-07-17 16:00:00,Rex Regum Qeon,Global Esports,0,1.0,2,1524.7081507870319,0.4,197.24599999999998,0.9890000000000001,71.03,130.487,2.167,2.034,1369.6663436323674,0.2,178.98399999999998,0.874,67.179,118.024,1.7560000000000002,2.2299999999999995,155.0418071546644,0.2,18.262,0.1150000000000001,3.850999999999999,12.462999999999994,0.4109999999999996,-0.19599999999999973
508820,2025-07-17 18:15:00,ZETA DIVISION,DetonatioN FocusMe,0,1.0,1,1415.1736983337576,0.4,188.51600000000002,0.915,67.69399999999999,123.731,2.1160000000000005,2.087,1313.1448109384226,0.0,183.794,0.9090000000000001,67.65700000000001,120.28600000000002,1.7830000000000001,2.1830000000000003,102.028887395335,0.4,4.722000000000008,0.005999999999999894,0.03699999999997772,3.444999999999979,0.3330000000000004,-0.09600000000000009
506937,2025-07-17 19:00:00,FunPlus Phoenix,Nova Esports,1,1.0,1,1494.524683775431,0.4,197.18,,,,,,1439.2657299830441,0.2,186.86399999999998,,,,,,55.25895379238682,0.2,10.316000000000031,,,,,
511545,2025-07-17 23:00:00,FUT Esports,Gentle Mates,1,1.0,2,1517.2514052993156,0.4,192.493,0.9789999999999999,69.35600000000001,124.83700000000002,2.224,2.2299999999999995,1402.7143475848136,0.2,186.128,0.9400000000000001,68.434,122.25699999999999,1.954,2.211,114.537057714502,0.2,6.365000000000009,0.03899999999999981,0.9220000000000113,2.5800000000000267,0.27000000000000024,0.018999999999999684
511546,2025-07-18 02:30:00,Team Liquid,Movistar KOI,1,0.75,4,1554.5955614614193,0.4,195.26,0.999,72.34,129.121,2.339,1.8649999999999998,1406.8608889419536,0.2,183.30599999999998,0.9129999999999999,70.183,120.32999999999997,1.8969999999999998,2.1670000000000003,147.73467251946568,0.2,11.954000000000008,0.08600000000000008,2.1569999999999965,8.79100000000004,0.44200000000000017,-0.3020000000000005
508821,2025-07-18 16:00:00,KIWOOM DRX,Nongshim RedForce,1,1.0,1,1627.630973409468,0.4,198.294,1.016,72.496,128.409,2.413,1.9340000000000004,1518.5334024714946,0.6,197.089,1.033,71.85300000000001,129.327,2.3269999999999995,1.9450000000000003,109.09757093797339,-0.19999999999999996,1.2050000000000125,-0.016999999999999904,0.6429999999999865,-0.9180000000000064,0.0860000000000003,-0.010999999999999899
506938,2025-07-18 17:00:00,All Gamers,Wolves Esports,1,0.0,1,1356.7936487931438,0.0,178.166,,,,,,1509.6516786347731,0.4,189.97500000000002,0.943,68.63699999999999,125.018,2.2,2.17,-152.85802984162933,-0.4,-11.809000000000026,,,,,
506939,2025-07-18 19:00:00,JD Mall JDG Esports,Guangzhou Huadu Bilibili Gaming,0,0.5,0,1428.8132762884914,0.2,195.8188888888889,,,,,,1505.2182421093569,0.5,194.025,1.0,70.725,126.69999999999999,2.085,2.2425,-76.40496582086553,-0.3,1.7938888888888869,,,,,
508822,2025-07-18 19:10:00,BOOM Esports,T1,0,0.0,1,1509.9714752491316,0.4,198.52,0.9940000000000001,72.524,129.243,2.143,2.044,1559.9397147650598,0.0,199.618,0.9770000000000001,69.348,131.198,2.0119999999999996,2.459,-49.96823951592819,0.4,-1.0979999999999848,0.017000000000000015,3.176000000000002,-1.9550000000000125,0.13100000000000023,-0.41500000000000004
511547,2025-07-18 23:00:00,Team Heretics,BBL Esports,1,1.0,1,1635.1535723199258,0.2,198.69299999999998,1.008,72.436,128.73000000000002,2.241,1.85,1499.540122884099,0.6,205.95299999999997,1.056,72.70899999999999,134.19,2.264,2.25,135.61344943582685,-0.39999999999999997,-7.259999999999991,-0.04800000000000004,-0.2729999999999819,-5.4599999999999795,-0.022999999999999687,-0.3999999999999999
511548,2025-07-19 02:15:00,FNATIC,Karmine Corp,1,0.6666666666666666,3,1724.2305116584248,0.8,206.628,1.087,75.36300000000001,137.14500000000004,2.461,1.8980000000000004,1411.4744125872744,0.4,197.58999999999997,1.0539999999999998,74.797,130.05300000000003,2.1,2.2570000000000006,312.7560990711504,0.4,9.038000000000011,0.03300000000000014,0.5660000000000167,7.092000000000013,0.36099999999999977,-0.3590000000000002
509801,2025-07-19 05:00:00,Cloud9,FURIA,1,1.0,2,1479.6445315942565,0.2,196.58100000000002,0.9950000000000001,72.29299999999999,129.044,2.12,2.213,1369.6778354165538,0.0,181.03599999999997,0.8540000000000001,66.49000000000001,119.86300000000001,1.826,2.1430000000000002,109.96669617770272,0.2,15.545000000000044,0.14100000000000001,5.802999999999983,9.180999999999997,0.29400000000000004,0.06999999999999984
509802,2025-07-19 07:10:00,LEVIATÁN,LOUD,0,0.0,1,1525.6362984148145,0.2,191.388,0.953,71.352,127.59699999999998,1.9250000000000003,2.282,1465.2586053681289,0.0,192.75400000000002,0.975,69.711,128.24,2.2339999999999995,2.1729999999999996,60.377693046685636,0.2,-1.3660000000000139,-0.02200000000000002,1.6410000000000053,-0.6430000000000291,-0.3089999999999993,0.10900000000000043
508823,2025-07-19 16:00:00,Global Esports,Team Secret,0,1.0,1,1392.3672794851161,0.2,182.654,0.898,68.216,120.724,1.793,2.1399999999999997,1438.7751074045257,0.2,192.71499999999997,0.944,69.497,128.057,1.893,2.2729999999999997,-46.407827919409556,0.0,-10.060999999999979,-0.04599999999999993,-1.281000000000006,-7.332999999999984,-0.10000000000000009,-0.133
506940,2025-07-19 17:00:00,TYLOO,Titan Esports Club,1,0.0,2,1435.326863312026,0.4,192.62,,,,,,1426.930135449164,0.2,195.496,,,,,,8.396727862862008,0.2,-2.8760000000000048,,,,,
506941,2025-07-19 19:10:00,Trace Esports,EDward Gaming,1,0.2,5,1543.3535132749025,0.6,194.277,,,,,,1684.4822511887025,0.6,203.826,,,,,,-141.12873791380002,0.0,-9.549000000000007,,,,,
508824,2025-07-19 19:20:00,Paper Rex,DetonatioN FocusMe,1,1.0,2,1703.453548089295,1.0,205.10500000000002,1.078,74.356,135.798,2.336,2.207,1333.7128510476787,0.2,185.954,0.925,67.937,122.006,1.7899999999999998,2.136,369.7406970416164,0.8,19.15100000000001,0.15300000000000002,6.418999999999997,13.792000000000002,0.546,0.07099999999999973
509803,2025-07-20 05:00:00,Evil Geniuses,2Game Esports,1,1.0,1,1571.219833487784,0.8,199.63600000000002,0.975,70.35,131.787,2.12,2.214,1435.2691610021357,0.2,182.5285714285714,0.8371428571428572,67.93857142857142,121.15714285714286,1.9099999999999997,2.1471428571428572,135.95067248564828,0.6000000000000001,17.107428571428613,0.1378571428571428,2.411428571428573,10.629857142857148,0.2100000000000004,0.06685714285714273
509804,2025-07-20 08:25:00,MIBR,VISA KRÜ,0,1.0,1,1503.6006962726512,0.2,192.74,0.9720000000000001,71.068,127.333,1.9709999999999996,2.173,1518.1641373999641,0.4,196.20999999999998,1.0,72.4,129.90428571428575,2.1228571428571428,1.9628571428571426,-14.563441127312899,-0.2,-3.4699999999999704,-0.027999999999999914,-1.3320000000000078,-2.57128571428575,-0.15185714285714313,0.2101428571428574
508825,2025-07-20 16:00:00,TALON,ZETA DIVISION,1,0.0,1,1508.3588073674325,0.6,189.28999999999996,0.9530000000000001,69.036,125.23599999999999,1.8489999999999998,2.013,1394.6056582245014,0.4,187.683,0.909,66.837,123.21100000000001,2.059,2.024,113.75314914293108,0.19999999999999996,1.606999999999971,0.04400000000000004,2.198999999999998,2.0249999999999773,-0.2100000000000004,-0.01100000000000012
506942,2025-07-20 17:00:00,Dragon Ranger Gaming,All Gamers,1,0.5,2,1506.386270683623,0.6,197.877,,,,,,1379.4114396573605,0.2,185.316,,,,,,126.97483102626256,0.39999999999999997,12.561000000000007,,,,,
508826,2025-07-20 18:00:00,Rex Regum Qeon,Gen.G,1,0.0,2,1502.0072149342832,0.4,193.496,0.9560000000000002,69.77000000000001,128.127,2.097,2.0940000000000003,1675.1045141130967,0.6,205.0,1.094,75.308,133.89299999999997,2.188,1.8979999999999997,-173.0972991788135,-0.19999999999999996,-11.50399999999999,-0.1379999999999999,-5.537999999999997,-5.765999999999963,-0.09100000000000019,0.19600000000000062
506943,2025-07-20 20:10:00,Xi Lai Gaming,Wolves Esports,1,1.0,1,1599.2311042130411,0.6,198.879,,,,,,1487.0338877705565,0.2,186.96500000000003,0.924,67.67699999999999,122.83800000000001,2.07,2.1599999999999993,112.19721644248466,0.39999999999999997,11.913999999999959,,,,,
509805,2025-07-21 05:00:00,100 Thieves,NRG,1,0.5,2,1513.0630026534643,0.4,192.834,0.974,72.67699999999999,127.23299999999999,2.1100000000000003,2.207,1482.3564213549053,0.4,197.08000000000004,1.0029999999999997,74.13600000000001,129.807,2.0409999999999995,2.1469999999999994,30.70658129855906,0.0,-4.246000000000038,-0.028999999999999693,-1.4590000000000174,-2.573999999999998,0.06900000000000084,0.0600000000000005
509806,2025-07-21 07:00:00,Sentinels,G2 Esports,1,0.0,4,1645.7267938699924,0.6,202.422,1.0719999999999998,75.14200000000001,130.067,2.144,2.057,1737.4517813679106,0.6,205.08599999999996,1.0670000000000002,75.71799999999999,132.92,2.183,2.255,-91.72498749791816,0.0,-2.663999999999959,0.004999999999999671,-0.5759999999999792,-2.85299999999998,-0.0389999999999997,-0.19799999999999995
506945,2025-07-23 19:00:00,Titan Esports Club,Guangzhou Huadu Bilibili Gaming,0,0.5,0,1411.3167437903016,0.2,192.026,,,,,,1517.7553078145877,0.6,199.046,1.032,72.446,129.6,2.162,2.168,-106.43856402428605,-0.39999999999999997,-7.019999999999982,,,,,
511549,2025-07-23 23:00:00,Apeks,Karmine Corp,0,0.5,0,1391.7494310130464,0.0,182.8175,0.8762500000000001,67.92125,120.11625,1.95,2.25875,1406.936615033309,0.2,198.53699999999998,1.0559999999999998,74.19699999999999,130.70600000000002,2.026,2.3300000000000005,-15.18718402026252,-0.2,-15.719499999999982,-0.17974999999999974,-6.275749999999988,-10.589750000000024,-0.07599999999999985,-0.07125000000000048
511550,2025-07-24 02:30:00,GIANTX,BBL Esports,1,0.5,2,1426.142124915874,0.4,184.687,0.909,68.02900000000001,121.857,1.9300000000000002,2.197,1489.48639484374,0.4,205.753,1.0560000000000003,72.67599999999999,134.63000000000002,2.297,2.183,-63.34426992786598,0.0,-21.065999999999974,-0.14700000000000024,-4.646999999999977,-12.773000000000025,-0.367,0.014000000000000234
506946,2025-07-24 19:00:00,FunPlus Phoenix,Dragon Ranger Gaming,1,0.5,4,1508.0011577220373,0.4,201.613,,,,,,1516.7860012983833,0.6,198.344,,,,,,-8.78484357634602,-0.19999999999999996,3.2690000000000055,,,,,
511551,2025-07-24 23:00:00,Team Liquid,Natus Vincere,1,0.3333333333333333,3,1564.1745324716026,0.4,194.427,0.9770000000000001,71.94,128.581,2.289,1.9620000000000002,1483.7460726391967,0.6,191.73200000000003,0.9800000000000001,70.321,127.4,2.0500000000000003,2.132,80.4284598324059,-0.19999999999999996,2.6949999999999648,-0.0030000000000000027,1.6189999999999998,1.1809999999999832,0.23899999999999988,-0.16999999999999993
511552,2025-07-25 01:05:00,Gentle Mates,Team Heretics,0,0.0,2,1391.805851110415,0.0,186.654,0.9380000000000001,68.974,122.797,1.968,2.218,1645.2073003602848,0.4,197.34699999999998,0.9940000000000001,71.92300000000002,127.77000000000001,2.207,1.903,-253.40144924986976,-0.4,-10.692999999999984,-0.05600000000000005,-2.9490000000000123,-4.973000000000013,-0.23899999999999988,0.31499999999999995
508828,2025-07-25 16:00:00,Gen.G,Global Esports,1,1.0,2,1651.7331307103293,0.4,204.15299999999996,1.076,74.92800000000001,133.44599999999997,2.2209999999999996,1.925,1378.4918188803026,0.2,187.624,0.9259999999999999,69.04299999999999,123.951,1.893,2.1369999999999996,273.2413118300267,0.2,16.528999999999968,0.15000000000000013,5.885000000000019,9.494999999999976,0.3279999999999996,-0.21199999999999952
506947,2025-07-25 17:00:00,Nova Esports,All Gamers,0,0.5,2,1425.7892560364378,0.0,185.224,,,,,,1369.0117090426002,0.2,186.726,,,,,,56.77754699383763,-0.2,-1.5020000000000095,,,,,
508829,2025-07-25 18:50:00,TALON,DetonatioN FocusMe,0,1.0,3,1519.2997717837575,0.6,196.76,1.003,71.506,129.96599999999998,1.999,1.8829999999999998,1330.3091032311982,0.2,185.29699999999997,0.923,67.28999999999999,121.523,1.7870000000000004,2.153,188.99066855255933,0.39999999999999997,11.463000000000022,0.07999999999999985,4.216000000000008,8.442999999999984,0.21199999999999974,-0.27000000000000024
506948,2025-07-25 20:30:00,TYLOO,EDward Gaming,0,0.0,3,1450.9402549708884,0.6,195.34,,,,,,1662.3183731791094,0.4,205.20800000000003,,,,,,-211.37811820822094,0.19999999999999996,-9.868000000000023,,,,,
511553,2025-07-25 23:00:00,FUT Esports,Team Vitality,0,0.6666666666666666,3,1528.1599017737142,0.4,192.57,0.9689999999999998,69.463,125.11999999999998,2.241,2.2469999999999994,1525.9802002176414,0.2,191.20700000000002,0.959,69.493,124.003,1.9,2.444,2.179701556072814,0.2,1.3629999999999711,0.009999999999999787,-0.030000000000001137,1.116999999999976,0.3410000000000002,-0.1970000000000005
511554,2025-07-26 00:55:00,Movistar KOI,FNATIC,0,0.0,1,1397.2819179317703,0.2,186.486,0.9219999999999999,70.84,123.0,1.9540000000000002,2.1069999999999998,1728.7683092123902,0.8,205.498,1.068,74.5,137.01500000000001,2.524,1.8810000000000002,-331.48639128061996,-0.6000000000000001,-19.012,-0.14600000000000013,-3.6599999999999966,-14.015000000000015,-0.5699999999999998,0.22599999999999953
509807,2025-07-26 05:00:00,2Game Esports,G2 Esports,0,0.5,0,1425.228812899585,0.2,184.04625,0.8612500000000001,68.04625,121.75375,1.9799999999999998,2.12,1717.3231669638838,0.4,204.23299999999998,1.0610000000000002,75.392,132.56,2.1759999999999997,2.309,-292.09435406429884,-0.2,-20.18674999999999,-0.1997500000000001,-7.345749999999995,-10.806250000000006,-0.19599999999999995,-0.18900000000000006
509808,2025-07-26 07:10:00,FURIA,Sentinels,0,0.0,2,1358.5793950463285,0.0,173.326,0.799,64.13,114.543,1.706,2.1830000000000003,1665.8554082740193,0.6,199.249,1.0350000000000001,73.772,127.78,2.161,2.13,-307.2760132276908,-0.6,-25.923000000000002,-0.2360000000000001,-9.64200000000001,-13.236999999999995,-0.45500000000000007,0.05300000000000038
508830,2025-07-26 16:00:00,T1,ZETA DIVISION,1,1.0,4,1573.6543277726944,0.2,197.278,0.9640000000000002,68.59299999999999,130.028,2.037,2.464,1383.6646938081765,0.2,186.22599999999997,0.8800000000000001,65.42999999999999,122.04400000000001,1.916,2.131,189.9896339645179,0.0,11.052000000000021,0.08400000000000007,3.1629999999999967,7.9839999999999804,0.121,0.3330000000000002
506949,2025-07-26 17:00:00,Titan Esports Club,JD Mall JDG Esports,0,0.0,1,1400.0706208015356,0.0,193.536,,,,,,1416.2762105832605,0.2,194.104,,,,,,-16.20558978172494,-0.2,-0.568000000000012,,,,,
508831,2025-07-26 18:05:00,Rex Regum Qeon,Nongshim RedForce,1,0.0,2,1525.3785983370506,0.4,189.81300000000002,0.9350000000000002,69.077,125.324,2.087,2.107,1507.3986659340917,0.6,196.963,1.0310000000000001,71.24000000000001,128.847,2.34,1.9450000000000003,17.979932402958866,-0.19999999999999996,-7.149999999999977,-0.09599999999999997,-2.163000000000011,-3.5230000000000103,-0.25299999999999967,0.16199999999999992
506950,2025-07-26 20:25:00,Guangzhou Huadu Bilibili Gaming,Trace Esports,0,0.5,0,1529.0014308033537,0.6,201.405,1.05,72.40499999999999,131.63333333333333,2.1183333333333336,2.2066666666666666,1565.5173912844957,0.6,199.527,,,,,,-36.515960481141974,0.0,1.8780000000000143,,,,,
509809,2025-07-27 05:00:00,100 Thieves,VISA KRÜ,1,0.0,1,1527.6525827438645,0.4,194.914,1.0010000000000001,73.47999999999999,128.133,2.1470000000000002,2.164,1533.4938586719636,0.4,197.21749999999997,1.01875,73.61625000000001,130.77500000000003,2.1325,1.9262499999999998,-5.841275928099094,0.0,-2.3034999999999854,-0.017749999999999932,-0.1362500000000182,-2.6420000000000243,0.014500000000000401,0.23775000000000035
509810,2025-07-27 07:00:00,NRG,LOUD,1,0.6666666666666666,3,1467.766841264505,0.2,193.71700000000004,0.9749999999999999,72.816,128.29999999999998,1.9839999999999995,2.17,1484.0114447635249,0.2,194.401,0.9840000000000002,70.571,129.20700000000002,2.3079999999999994,2.1799999999999997,-16.24460349901983,0.0,-0.6839999999999691,-0.009000000000000341,2.2450000000000045,-0.9070000000000391,-0.32399999999999984,-0.009999999999999787
508832,2025-07-27 16:00:00,KIWOOM DRX,Team Secret,1,1.0,1,1638.7657099468709,0.4,198.027,1.008,72.49600000000001,128.38899999999998,2.299,2.007,1452.6505680093392,0.4,193.41500000000002,0.95,69.68299999999999,128.32999999999998,1.86,2.3,186.1151419375317,0.0,4.611999999999966,0.05800000000000005,2.8130000000000166,0.0589999999999975,0.43899999999999983,-0.2929999999999997
506951,2025-07-27 17:00:00,Wolves Esports,Dragon Ranger Gaming,1,1.0,1,1476.0283426015856,0.0,184.50500000000002,0.917,67.05,121.38499999999999,2.04,2.18,1500.3815304931052,0.6,201.69400000000002,,,,,,-24.35318789151961,-0.6,-17.188999999999993,,,,,
508833,2025-07-27 18:00:00,BOOM Esports,Paper Rex,0,0.0,1,1496.256862241497,0.2,197.83300000000003,0.9850000000000001,72.217,128.753,2.096,2.114,1706.8572959057756,1.0,207.565,1.093,75.476,137.21800000000002,2.386,2.1069999999999998,-210.60043366427863,-0.8,-9.731999999999971,-0.10799999999999987,-3.2590000000000003,-8.465000000000032,-0.29000000000000004,0.007000000000000117
506952,2025-07-27 20:35:00,Xi Lai Gaming,FunPlus Phoenix,1,0.5,0,1610.236649382012,0.6,200.619,,,,,,1524.4056285273155,0.6,201.29300000000003,,,,,,85.83102085469659,0.0,-0.674000000000035,,,,,
509811,2025-07-28 05:00:00,Cloud9,Evil Geniuses,1,0.3333333333333333,3,1490.7429719644817,0.4,200.161,1.034,73.58299999999998,130.954,2.11,2.073,1581.2601815903347,0.8,197.819,0.96,69.36,130.57,2.093,2.2809999999999997,-90.51720962585296,-0.4,2.342000000000013,0.07400000000000007,4.222999999999985,0.38400000000001455,0.016999999999999904,-0.20799999999999974
509812,2025-07-28 07:25:00,MIBR,LEVIATÁN,0,0.5,2,1488.2709750006518,0.0,189.893,0.9570000000000001,70.155,126.20700000000002,1.8850000000000002,2.173,1506.8834590194185,0.2,190.768,0.9550000000000001,71.305,126.583,1.952,2.2489999999999997,-18.612484018766736,-0.2,-0.875,0.0020000000000000018,-1.1500000000000057,-0.37599999999997635,-0.06699999999999973,-0.07599999999999962
511562,2025-07-30 23:00:00,FUT Esports,GIANTX,1,1.0,2,1512.0595241244325,0.4,190.57699999999997,0.9510000000000002,68.8,123.72999999999999,2.1540000000000004,2.257,1445.0273384306074,0.6,188.637,0.9339999999999998,69.336,124.47999999999999,1.9929999999999999,2.227,67.03218569382511,-0.19999999999999996,1.9399999999999693,0.017000000000000348,-0.5360000000000014,-0.75,0.16100000000000048,0.03000000000000025
511563,2025-07-31 02:10:00,Gentle Mates,BBL Esports,0,0.0,1,1385.768511916865,0.0,185.40099999999998,0.9239999999999998,68.591,121.734,1.905,2.288,1470.6011813290067,0.2,206.86700000000002,1.0610000000000002,72.43599999999999,135.03699999999998,2.2969999999999997,2.229,-84.83266941214174,-0.2,-21.466000000000037,-0.13700000000000034,-3.844999999999999,-13.302999999999983,-0.3919999999999997,0.05899999999999972
506953,2025-07-31 17:00:00,Nova Esports,Xi Lai Gaming,0,0.0,1,1407.1975832477501,0.0,186.284,,,,,,1622.3624789130736,0.6,199.722,,,,,,-215.16489566532346,-0.6,-13.438000000000017,,,,,
506954,2025-07-31 19:00:00,EDward Gaming,JD Mall JDG Esports,1,0.5,0,1669.6304307282805,0.6,204.03800000000004,,,,,,1431.5304563392567,0.4,194.177,,,,,,238.09997438902383,0.19999999999999996,9.861000000000047,,,,,
511564,2025-07-31 23:00:00,Team Liquid,Apeks,1,1.0,1,1576.5354383922938,0.6,197.567,0.9960000000000001,72.22999999999999,130.99099999999999,2.339,1.9120000000000001,1376.448381564984,0.0,184.57888888888888,0.8900000000000001,68.71555555555557,121.4511111111111,2.0,2.2444444444444445,200.08705682730988,0.6,12.988111111111124,0.10599999999999998,3.514444444444422,9.539888888888882,0.33899999999999997,-0.3324444444444443
511565,2025-08-01 02:40:00,Movistar KOI,Karmine Corp,0,0.0,1,1393.1480158898023,0.2,185.736,0.909,69.42699999999999,122.66,1.8510000000000002,2.197,1422.2376644813714,0.2,198.224,1.043,73.524,130.726,2.066,2.3630000000000004,-29.08964859156913,0.0,-12.488,-0.1339999999999999,-4.097000000000008,-8.066000000000003,-0.21499999999999964,-0.16600000000000037
508834,2025-08-01 16:00:00,Gen.G,Team Secret,1,0.0,1,1657.2308228342285,0.4,202.47599999999997,1.0579999999999998,74.151,131.676,2.134,1.9580000000000002,1444.4859725314345,0.4,188.66500000000002,0.914,67.943,124.63999999999999,1.7399999999999998,2.26,212.74485030279402,0.0,13.81099999999995,0.1439999999999998,6.207999999999998,7.036000000000001,0.39400000000000013,-0.3019999999999996
506955,2025-08-01 17:00:00,All Gamers,FunPlus Phoenix,1,0.0,1,1387.6033818312878,0.4,190.179,,,,,,1512.279798996254,0.6,200.84300000000002,,,,,,-124.6764171649661,-0.19999999999999996,-10.664000000000016,,,,,
508835,2025-08-01 18:00:00,TALON,T1,1,0.0,1,1495.3641104790083,0.6,193.68,0.9860000000000001,70.82600000000001,127.97999999999999,1.972,1.9759999999999998,1581.684028669967,0.4,199.60399999999998,0.9809999999999999,69.013,131.37,1.987,2.4299999999999997,-86.31991819095856,0.19999999999999996,-5.923999999999978,0.0050000000000002265,1.8130000000000024,-3.390000000000015,-0.015000000000000124,-0.45399999999999996
506956,2025-08-01 19:40:00,Trace Esports,Titan Esports Club,0,1.0,2,1579.8419338232343,0.6,195.07399999999998,,,,,,1384.8163750455394,0.0,196.156,,69.18299999999999,,,,195.02555877769487,0.6,-1.082000000000022,,,,,
511566,2025-08-01 23:00:00,Natus Vincere,FNATIC,0,0.5,2,1471.3851667185054,0.4,190.159,0.9629999999999999,70.02099999999999,126.497,1.9600000000000002,2.1189999999999998,1732.9022112543582,0.8,207.08499999999998,1.08,74.44699999999999,138.738,2.5869999999999997,1.7710000000000001,-261.51704453585285,-0.4,-16.925999999999988,-0.11700000000000021,-4.426000000000002,-12.241,-0.6269999999999996,0.34799999999999964
511567,2025-08-02 02:40:00,Team Vitality,Team Heretics,0,0.75,4,1542.080577866923,0.4,194.07000000000002,0.985,71.193,125.73300000000002,1.9569999999999996,2.257,1651.2446395538348,0.4,197.11999999999995,0.9880000000000001,71.13,127.95700000000002,2.2270000000000003,1.9400000000000002,-109.16406168691174,0.0,-3.049999999999926,-0.0030000000000001137,0.06300000000000239,-2.2240000000000038,-0.2700000000000007,0.31699999999999995
509813,2025-08-02 05:00:00,2Game Esports,FURIA,1,0.0,1,1420.2078154182911,0.0,182.53,0.8511111111111112,66.96333333333332,121.2811111111111,1.948888888888889,2.128888888888889,1353.917354356313,0.0,172.56599999999997,0.787,63.919999999999995,113.48300000000002,1.596,2.213,66.29046106197825,0.0,9.964000000000027,0.06411111111111112,3.0433333333333294,7.7981111111110835,0.3528888888888888,-0.08411111111111103
509814,2025-08-02 08:05:00,LEVIATÁN,NRG,0,0.5,2,1522.0271414671356,0.4,194.393,0.9899999999999999,72.25999999999999,128.95300000000003,1.8970000000000002,2.244,1484.5143882440523,0.4,194.287,0.9950000000000001,73.136,128.69,1.9140000000000001,2.15,37.51275322308334,0.0,0.10599999999999454,-0.0050000000000002265,-0.8760000000000048,0.26300000000003365,-0.016999999999999904,0.0940000000000003
508836,2025-08-02 16:00:00,BOOM Esports,DetonatioN FocusMe,0,1.0,1,1488.9195197988302,0.0,199.55,0.991,72.227,129.52,2.133,2.137,1354.2447645359473,0.4,184.924,0.9159999999999998,67.023,120.883,1.7870000000000001,2.1260000000000003,134.67475526288285,-0.4,14.626000000000005,0.07500000000000018,5.204000000000008,8.637000000000015,0.34599999999999986,0.010999999999999677
506957,2025-08-02 17:00:00,Nova Esports,Wolves Esports,1,1.0,2,1400.0077676351855,0.0,185.17399999999998,,,,,,1493.1480152307768,0.2,186.998,0.9419999999999998,68.007,122.97200000000001,2.057,2.2,-93.14024759559129,-0.2,-1.8240000000000123,,,,,
508837,2025-08-02 18:05:00,Rex Regum Qeon,KIWOOM DRX,0,0.5,2,1540.5513302222255,0.4,190.25900000000001,0.9450000000000001,70.291,124.67700000000002,2.0800000000000005,2.093,1646.9303054247755,0.6,199.507,1.02,73.096,129.399,2.3089999999999997,1.9669999999999999,-106.37897520255001,-0.19999999999999996,-9.24799999999999,-0.07499999999999996,-2.805000000000007,-4.72199999999998,-0.2289999999999992,0.1260000000000001
506958,2025-08-02 20:20:00,Dragon Ranger Gaming,Xi Lai Gaming,1,0.5,0,1483.261857863914,0.4,198.34099999999998,0.9730000000000001,71.927,130.12100000000004,2.056,2.2760000000000002,1629.5522945256382,0.8,200.725,,,,,,-146.29043666172424,-0.4,-2.3840000000000146,,,,,
509815,2025-08-03 05:00:00,Sentinels,Cloud9,1,1.0,2,1670.5174489640349,0.6,202.509,1.061,74.542,129.7,2.1409999999999996,2.0,1510.8196231467612,0.4,205.10099999999997,1.074,75.243,133.91400000000002,2.19,2.023,159.69782581727372,0.19999999999999996,-2.5919999999999845,-0.013000000000000123,-0.7009999999999934,-4.214000000000027,-0.04900000000000038,-0.02300000000000013
509816,2025-08-03 07:15:00,MIBR,100 Thieves,1,0.5,4,1473.1272925529347,0.0,186.92600000000002,0.931,69.368,124.12,1.832,2.1029999999999998,1543.9215580988607,0.6,199.21699999999998,1.044,74.483,130.82300000000004,2.137,2.057,-70.79426554592601,-0.6,-12.290999999999968,-0.11299999999999999,-5.115000000000009,-6.703000000000031,-0.30499999999999994,0.04599999999999982
508838,2025-08-03 16:00:00,Nongshim RedForce,Global Esports,1,0.5,0,1492.2259340489168,0.4,193.743,1.0080000000000002,70.51400000000001,126.474,2.133,1.9649999999999999,1372.9941267564034,0.2,187.004,0.9189999999999999,68.87699999999998,123.704,1.873,2.137,119.2318072925134,0.2,6.739000000000004,0.0890000000000003,1.6370000000000289,2.7700000000000102,0.26,-0.17200000000000015
506959,2025-08-03 17:00:00,TYLOO,JD Mall JDG Esports,1,0.5,0,1443.6281974217172,0.6,194.64999999999998,,,,,,1425.0497931873426,0.2,191.53700000000003,,,,,,18.578404234374602,0.39999999999999997,3.1129999999999427,,,,,
508839,2025-08-03 18:10:00,Paper Rex,ZETA DIVISION,0,1.0,2,1714.1946383484424,1.0,207.565,1.087,74.99,137.398,2.372,2.153,1375.634992910904,0.2,186.233,0.8779999999999999,65.28,121.704,1.9529999999999998,2.0940000000000003,338.5596454375384,0.8,21.331999999999994,0.20900000000000007,9.709999999999994,15.694000000000003,0.41900000000000004,0.05899999999999972
506960,2025-08-03 20:00:00,Guangzhou Huadu Bilibili Gaming,EDward Gaming,1,0.5,0,1514.6768882646152,0.6,200.01428571428573,1.0557142857142856,72.5942857142857,130.23857142857142,2.0914285714285716,2.244285714285714,1676.1110938801946,0.6,204.948,1.045,72.513,134.53699999999998,2.084,2.177,-161.43420561557946,0.0,-4.933714285714274,0.010714285714285676,0.08128571428569842,-4.298428571428559,0.007428571428571562,0.06728571428571417
509817,2025-08-04 05:00:00,G2 Esports,Evil Geniuses,1,0.6666666666666666,3,1722.3441644451775,0.6,206.08599999999996,1.073,75.682,133.027,2.203,2.232,1561.1835304080553,0.6,198.139,0.9729999999999999,70.00999999999999,131.05,2.163,2.251,161.16063403712224,0.0,7.946999999999946,0.10000000000000009,5.672000000000011,1.9769999999999754,0.040000000000000036,-0.018999999999999684
509818,2025-08-04 08:15:00,LOUD,VISA KRÜ,0,0.0,1,1467.2638977839777,0.2,190.321,0.951,69.08099999999999,126.357,2.258,2.13,1517.2248833169674,0.4,192.4822222222222,0.9855555555555556,71.92555555555556,127.62222222222226,2.0288888888888885,1.9677777777777774,-49.96098553298975,-0.2,-2.161222222222193,-0.03455555555555567,-2.844555555555573,-1.2652222222222633,0.2291111111111115,0.1622222222222225
511568,2025-08-06 23:00:00,FUT Esports,Team Heretics,0,0.0,2,1525.0103184565803,0.6,189.85999999999996,0.9440000000000002,67.65700000000001,123.85999999999999,2.0740000000000003,2.314,1662.376597366774,0.6,196.61999999999998,0.975,70.10999999999999,128.637,2.1970000000000005,2.06,-137.3662789101936,0.0,-6.760000000000019,-0.030999999999999805,-2.4529999999999745,-4.777000000000015,-0.12300000000000022,0.254
511569,2025-08-07 01:35:00,Movistar KOI,Apeks,1,0.5,0,1378.4845221286146,0.2,180.883,0.866,67.26,119.51999999999998,1.825,2.2169999999999996,1368.7632099963666,0.0,184.581,0.8920000000000001,68.697,121.353,1.9929999999999999,2.287,9.721312132247931,0.2,-3.697999999999979,-0.026000000000000134,-1.4369999999999976,-1.8330000000000126,-0.16799999999999993,-0.07000000000000028
511570,2025-08-07 23:00:00,Gentle Mates,GIANTX,0,0.0,1,1373.599372133114,0.0,184.70399999999998,0.906,67.991,121.76700000000001,1.895,2.358,1432.0765440984596,0.6,189.044,0.929,69.52900000000001,124.333,1.987,2.2,-58.47717196534563,-0.6,-4.340000000000032,-0.02300000000000002,-1.538000000000011,-2.5659999999999883,-0.09200000000000008,0.15799999999999992
511571,2025-08-08 02:00:00,Natus Vincere,Karmine Corp,1,1.0,2,1465.5733406859708,0.4,192.686,0.976,70.421,128.047,2.0869999999999997,2.072,1436.9011582425592,0.4,200.451,1.072,74.464,132.333,2.052,2.257,28.672182443411657,0.0,-7.764999999999986,-0.09600000000000009,-4.042999999999992,-4.286000000000001,0.0349999999999997,-0.18500000000000005
508840,2025-08-08 16:00:00,Gen.G,Nongshim RedForce,0,0.5,0,1664.4985925229612,0.6,204.356,1.0659999999999998,74.83100000000002,133.176,2.194,1.8779999999999997,1502.940966229077,0.4,196.3,1.028,71.074,127.374,2.136,1.952,161.55762629388414,0.19999999999999996,8.055999999999983,0.03799999999999981,3.757000000000019,5.8019999999999925,0.05799999999999983,-0.07400000000000029
508841,2025-08-08 18:30:00,TALON,Paper Rex,0,0.0,1,1515.2594682483132,0.6,197.19,1.0090000000000001,72.07600000000001,129.57999999999998,2.052,1.9260000000000002,1686.1841647085505,0.8,204.79500000000002,1.039,73.46,135.92800000000003,2.312,2.273,-170.92469646023733,-0.20000000000000007,-7.605000000000018,-0.029999999999999805,-1.3839999999999861,-6.348000000000042,-0.2599999999999998,-0.347
511572,2025-08-08 23:00:00,Team Vitality,BBL Esports,0,0.5,2,1530.9486200539839,0.2,193.06,0.9810000000000001,70.703,125.69300000000001,1.9469999999999998,2.2270000000000003,1482.7703211127578,0.4,209.67699999999996,1.0830000000000002,73.58299999999998,136.317,2.38,2.206,48.1782989412261,-0.2,-16.616999999999962,-0.10200000000000009,-2.8799999999999812,-10.623999999999995,-0.43300000000000005,0.02100000000000035
511573,2025-08-09 02:40:00,Team Liquid,FNATIC,1,0.0,2,1584.2206099609111,0.8,199.147,1.005,72.38,131.46800000000002,2.3259999999999996,1.975,1738.7140372868928,0.8,204.33199999999997,1.062,72.95399999999998,137.385,2.55,1.908,-154.49342732598166,0.0,-5.184999999999974,-0.05700000000000016,-0.5739999999999839,-5.916999999999973,-0.2240000000000002,0.06700000000000017
509819,2025-08-09 05:00:00,Cloud9,2Game Esports,1,0.5,0,1501.6963703556696,0.4,201.57099999999997,1.057,75.1,131.46699999999998,2.18,2.02,1433.191540208136,0.2,186.94400000000002,0.885,68.33399999999999,124.2,1.9869999999999997,2.0629999999999997,68.50483014753354,0.2,14.626999999999953,0.17199999999999993,6.766000000000005,7.266999999999982,0.1930000000000005,-0.042999999999999705
509820,2025-08-09 07:00:00,MIBR,NRG,0,0.6666666666666666,3,1492.3431058143215,0.2,185.796,0.9200000000000002,69.058,122.55999999999999,1.8219999999999998,2.2329999999999997,1502.23523258886,0.6,194.173,0.9870000000000001,72.756,129.023,1.934,2.13,-9.89212677453861,-0.39999999999999997,-8.37700000000001,-0.06699999999999995,-3.6979999999999933,-6.463000000000008,-0.1120000000000001,0.10299999999999976
508842,2025-08-09 16:00:00,KIWOOM DRX,Global Esports,1,1.0,1,1658.1789304562121,0.6,197.41699999999997,1.0150000000000001,71.946,127.93900000000001,2.289,2.057,1362.279094576243,0.2,187.497,0.907,69.294,124.05699999999999,1.8530000000000002,2.16,295.89983587996903,0.39999999999999997,9.919999999999959,0.1080000000000001,2.652000000000001,3.882000000000019,0.43599999999999994,-0.1030000000000002
527577,2025-08-09 17:00:00,All Gamers,TYLOO,0,1.0,1,1409.1105585159924,0.6,192.689,,,,,,1458.7734448142746,0.6,196.26699999999997,,,,,,-49.662886298282274,0.0,-3.5779999999999745,,,,,
508843,2025-08-09 18:25:00,BOOM Esports,ZETA DIVISION,0,0.5,0,1467.0105430412816,0.0,195.64,0.9649999999999999,71.39699999999999,127.21,2.093,2.027,1403.6454665507958,0.2,189.01299999999998,0.907,66.24000000000001,123.894,2.0029999999999997,2.024,63.36507649048576,-0.2,6.6270000000000095,0.05799999999999983,5.156999999999982,3.3159999999999883,0.0900000000000003,0.0030000000000001137
527576,2025-08-09 19:20:00,EDward Gaming,Dragon Ranger Gaming,0,0.75,4,1653.1692949256892,0.6,202.318,1.0230000000000001,71.83,132.98399999999998,2.0740000000000003,2.257,1505.6269959886474,0.6,199.748,0.9880000000000001,72.14700000000002,131.42100000000002,2.0829999999999997,2.2030000000000003,147.54229893704178,0.0,2.5700000000000216,0.03500000000000003,-0.3170000000000215,1.5629999999999598,-0.008999999999999453,0.053999999999999826
509821,2025-08-10 05:00:00,Sentinels,Evil Geniuses,1,0.0,1,1679.6407017551264,0.6,204.612,1.089,75.78500000000001,130.323,2.0839999999999996,2.0170000000000003,1552.1150989199955,0.4,195.072,0.9469999999999998,69.07300000000001,129.243,2.13,2.2209999999999996,127.52560283513094,0.19999999999999996,9.539999999999992,0.14200000000000013,6.712000000000003,1.0800000000000125,-0.04600000000000026,-0.2039999999999993
509822,2025-08-10 07:15:00,LEVIATÁN,VISA KRÜ,1,0.5,0,1504.3062971223278,0.2,191.09,0.9690000000000001,71.47299999999998,127.38600000000001,1.907,2.3009999999999997,1530.939823568274,0.4,193.647,0.9960000000000001,72.1,128.27300000000005,2.0189999999999997,1.9709999999999996,-26.633526445946245,-0.2,-2.556999999999988,-0.027000000000000024,-0.6270000000000095,-0.8870000000000431,-0.11199999999999966,0.33000000000000007
508844,2025-08-10 16:00:00,Rex Regum Qeon,Team Secret,1,0.5,2,1529.3027051907889,0.4,188.096,0.9400000000000001,70.06800000000001,123.237,2.043,2.136,1437.2182028427019,0.4,184.73499999999999,0.891,66.916,122.453,1.6669999999999998,2.3369999999999997,92.08450234808697,0.0,3.3610000000000184,0.049000000000000044,3.1520000000000152,0.7839999999999918,0.37600000000000033,-0.20099999999999962
527584,2025-08-10 17:00:00,All Gamers,FunPlus Phoenix,1,0.5,2,1395.382168645206,0.6,192.81900000000002,,,,,,1490.7726223115494,0.6,196.446,,,,,,-95.39045366634332,0.0,-3.626999999999981,,,,,
508845,2025-08-10 19:05:00,T1,DetonatioN FocusMe,1,0.5,2,1561.788670900662,0.4,198.45399999999998,0.9600000000000002,68.88600000000001,129.88,1.9500000000000004,2.46,1376.1537412934958,0.6,183.594,0.9019999999999999,66.513,119.973,1.7470000000000003,2.176,185.6349296071662,-0.19999999999999996,14.859999999999985,0.058000000000000274,2.3730000000000047,9.906999999999996,0.20300000000000007,0.2839999999999998
527583,2025-08-10 20:15:00,EDward Gaming,Trace Esports,1,1.0,1,1630.7556999266835,0.4,202.451,1.023,72.197,133.00399999999996,2.157,2.257,1555.6985323232705,0.6,192.184,,70.963,,2.174,1.86,75.05716760341306,-0.19999999999999996,10.266999999999996,,1.2340000000000089,,-0.016999999999999904,0.397
509823,2025-08-11 05:00:00,FURIA,G2 Esports,0,0.0,2,1340.933629566468,0.0,169.616,0.754,63.126999999999995,111.78299999999999,1.5630000000000002,2.246,1731.4125959332373,0.6,206.97199999999998,1.0779999999999998,75.995,133.834,2.1029999999999998,2.2319999999999998,-390.4789663667693,-0.6,-37.355999999999966,-0.32399999999999984,-12.86800000000001,-22.051000000000016,-0.5399999999999996,0.014000000000000234
509824,2025-08-11 07:00:00,LOUD,100 Thieves,0,1.0,2,1453.548957532671,0.2,189.30400000000003,0.933,68.231,125.76999999999998,2.248,2.103,1524.705744837474,0.6,200.777,1.051,74.85,131.77,2.237,2.0869999999999997,-71.15678730480295,-0.39999999999999997,-11.472999999999956,-0.11799999999999988,-6.619,-6.000000000000028,0.01100000000000012,0.01600000000000046
530354,2025-08-13 16:00:00,TALON,Nongshim RedForce,1,1.0,3,1506.551809466087,0.6,195.0,0.9880000000000001,71.013,127.82000000000001,2.039,2.093,1525.8873783181728,0.6,200.17000000000002,1.0420000000000003,71.53699999999999,129.48700000000002,2.226,1.955,-19.33556885208577,0.0,-5.170000000000016,-0.05400000000000016,-0.5239999999999867,-1.6670000000000158,-0.18699999999999983,0.1379999999999999
530355,2025-08-13 18:35:00,Rex Regum Qeon,T1,0,0.3333333333333333,3,1541.1586410264981,0.6,188.523,0.9479999999999998,70.141,123.231,2.0029999999999997,2.136,1569.970088857989,0.6,196.58399999999997,0.9560000000000001,68.47600000000001,128.7,1.9100000000000001,2.44,-28.811447831490796,0.0,-8.060999999999979,-0.00800000000000023,1.664999999999992,-5.468999999999994,0.09299999999999953,-0.3039999999999998
511575,2025-08-13 23:00:00,Movistar KOI,Natus Vincere,0,0.5,0,1394.0369559529954,0.4,183.00900000000001,0.883,67.65299999999999,120.38000000000002,1.8779999999999997,2.15,1480.2559272375854,0.4,194.603,0.9829999999999999,70.15799999999999,128.827,2.09,2.0989999999999998,-86.21897128459,0.0,-11.593999999999994,-0.09999999999999987,-2.5049999999999955,-8.446999999999974,-0.2120000000000002,0.051000000000000156
511576,2025-08-14 02:20:00,Apeks,FNATIC,0,0.0,1,1353.2107761719858,0.0,185.134,0.899,68.61999999999999,121.753,1.9629999999999999,2.257,1716.0339394811026,0.6,200.825,1.0210000000000001,71.464,135.15499999999997,2.453,1.9709999999999996,-362.8231633091168,-0.6,-15.691000000000003,-0.12200000000000011,-2.8440000000000083,-13.401999999999973,-0.49,0.2860000000000005
530356,2025-08-14 16:00:00,KIWOOM DRX,TALON,0,1.0,5,1663.1078910047709,0.8,199.694,1.036,72.82300000000001,129.326,2.319,2.04,1523.4413271779592,0.6,197.24,1.018,71.84299999999999,129.41000000000003,2.1889999999999996,2.013,139.66656382681163,0.20000000000000007,2.4539999999999793,0.018000000000000016,0.9800000000000182,-0.0840000000000316,0.13000000000000034,0.027000000000000135
530357,2025-08-14 19:10:00,Paper Rex,T1,1,0.5,2,1694.8918234907767,0.8,208.46500000000006,1.0689999999999997,74.72,138.428,2.5020000000000002,2.223,1584.6463056923985,0.8,194.51699999999997,0.9490000000000001,68.249,126.713,1.9229999999999996,2.434,110.24551779837816,0.0,13.948000000000093,0.11999999999999966,6.471000000000004,11.715000000000003,0.5790000000000006,-0.2110000000000003
511577,2025-08-14 23:00:00,GIANTX,Team Heretics,0,0.0,2,1445.4087152557233,0.8,189.95,0.9350000000000002,69.296,125.07300000000001,1.9329999999999998,2.213,1672.3608843890156,0.8,197.51000000000002,0.977,69.89999999999998,129.157,2.1370000000000005,2.1,-226.95216913329227,0.0,-7.560000000000031,-0.041999999999999815,-0.6039999999999708,-4.084000000000003,-0.20400000000000063,0.11299999999999999
511579,2025-08-15 01:05:00,Gentle Mates,Team Vitality,0,0.3333333333333333,3,1360.2672009758503,0.0,182.444,0.884,66.584,120.39399999999998,1.908,2.404,1512.7440398608187,0.2,194.186,0.9860000000000001,70.923,126.66000000000001,1.9729999999999996,2.24,-152.4768388849684,-0.2,-11.742000000000019,-0.10200000000000009,-4.338999999999999,-6.266000000000034,-0.06499999999999972,0.1639999999999997
530358,2025-08-15 16:00:00,Nongshim RedForce,DetonatioN FocusMe,1,0.5,0,1508.9978606063005,0.4,198.94000000000003,1.037,71.14699999999999,128.247,2.1559999999999997,2.025,1367.972323336169,0.6,185.894,0.9119999999999999,67.083,121.41300000000001,1.7870000000000001,2.1660000000000004,141.0255372701315,-0.19999999999999996,13.04600000000002,0.125,4.063999999999993,6.834000000000003,0.36899999999999955,-0.14100000000000046
530359,2025-08-15 18:05:00,Rex Regum Qeon,Gen.G,1,0.3333333333333333,3,1526.4824241920885,0.6,191.55599999999998,0.9680000000000002,70.584,124.524,2.01,2.159,1641.5521804338655,0.6,204.44599999999997,1.0659999999999998,74.426,133.11599999999999,2.2190000000000003,1.8829999999999998,-115.06975624177699,0.0,-12.889999999999986,-0.09799999999999964,-3.8419999999999987,-8.591999999999985,-0.20900000000000052,0.276
511580,2025-08-15 23:00:00,FUT Esports,BBL Esports,0,0.5,4,1515.0260314343386,0.4,187.65299999999996,0.922,66.84700000000001,122.78999999999999,2.0170000000000003,2.2670000000000003,1500.974901305923,0.4,208.43400000000003,1.079,73.51599999999999,135.894,2.403,2.2189999999999994,14.051130128415707,0.0,-20.781000000000063,-0.15699999999999992,-6.668999999999983,-13.104000000000013,-0.3859999999999997,0.04800000000000093
511581,2025-08-16 01:30:00,Team Liquid,Karmine Corp,0,1.0,3,1606.9007077667013,0.8,202.94,1.033,73.497,134.265,2.296,1.918,1422.2185716909446,0.4,201.401,1.062,73.81699999999998,133.02599999999998,2.072,2.2399999999999993,184.68213607575672,0.4,1.5389999999999873,-0.029000000000000137,-0.31999999999997897,1.2390000000000043,0.22399999999999975,-0.3219999999999994
509825,2025-08-16 05:00:00,VISA KRÜ,NRG,0,0.5,0,1513.715701206608,0.4,192.267,0.984,71.46699999999998,127.65299999999998,1.9789999999999999,2.0439999999999996,1517.7798063722357,0.6,194.46599999999998,0.9950000000000001,72.916,128.733,1.987,2.1599999999999997,-4.06410516562778,-0.19999999999999996,-2.198999999999984,-0.01100000000000012,-1.4490000000000123,-1.0800000000000267,-0.00800000000000023,-0.1160000000000001
509826,2025-08-16 08:05:00,100 Thieves,LEVIATÁN,0,0.5,4,1537.4739146029751,0.6,199.69400000000002,1.041,74.557,130.66,2.1870000000000003,2.114,1521.530419483994,0.4,192.5,0.9850000000000001,72.30999999999997,128.286,1.9969999999999994,2.2039999999999997,15.943495118981218,0.19999999999999996,7.194000000000017,0.05599999999999983,2.2470000000000283,2.3739999999999952,0.19000000000000083,-0.08999999999999986
530360,2025-08-16 16:00:00,T1,Nongshim RedForce,1,1.0,1,1573.5594976320315,0.6,192.99699999999999,0.9400000000000001,68.086,125.33300000000001,1.9259999999999997,2.4040000000000004,1518.8380302888077,0.6,199.93300000000005,1.057,72.547,128.72000000000003,2.203,2.0119999999999996,54.72146734322382,0.0,-6.936000000000064,-0.11699999999999988,-4.4609999999999985,-3.3870000000000147,-0.27700000000000014,0.3920000000000008
530361,2025-08-16 18:05:00,KIWOOM DRX,Rex Regum Qeon,0,0.0,1,1641.001447988782,0.8,198.61399999999998,1.024,72.316,128.88,2.266,2.093,1547.5959644638317,0.6,193.67899999999997,0.9880000000000001,71.44699999999999,125.55300000000003,2.0460000000000003,2.155,93.40548352495034,0.20000000000000007,4.935000000000002,0.03599999999999992,0.869000000000014,3.3269999999999698,0.21999999999999975,-0.06199999999999983
509827,2025-08-17 05:00:00,FURIA,Evil Geniuses,0,0.0,1,1337.8763068306205,0.0,168.746,0.7500000000000001,62.93700000000001,111.333,1.533,2.206,1541.7376125368382,0.2,191.65200000000002,0.9229999999999998,68.143,126.593,2.07,2.2310000000000003,-203.86130570621776,-0.2,-22.906000000000006,-0.1729999999999997,-5.205999999999989,-15.260000000000005,-0.5369999999999999,-0.025000000000000355
509829,2025-08-17 07:20:00,2Game Esports,Sentinels,0,0.0,1,1420.306047447539,0.2,183.90400000000002,0.8639999999999999,67.284,121.42999999999999,1.8969999999999998,2.113,1690.0181881382837,0.8,206.652,1.104,76.515,131.573,2.0940000000000003,1.9470000000000003,-269.7121406907447,-0.6000000000000001,-22.747999999999962,-0.2400000000000002,-9.230999999999995,-10.143000000000015,-0.1970000000000005,0.1659999999999997
530362,2025-08-17 16:00:00,TALON,Paper Rex,0,0.0,2,1545.547770193948,0.6,194.667,1.0010000000000001,71.66999999999999,127.48299999999999,2.139,2.113,1705.9786315511437,0.8,209.74500000000003,1.082,75.08000000000001,138.945,2.505,2.1399999999999997,-160.43086135719568,-0.20000000000000007,-15.078000000000031,-0.08099999999999996,-3.410000000000025,-11.462000000000003,-0.3660000000000001,-0.02699999999999969
530363,2025-08-17 18:00:00,T1,Rex Regum Qeon,0,0.6666666666666666,3,1587.0601138878055,0.6,196.927,0.976,69.266,127.77299999999998,2.056,2.2940000000000005,1567.79672506029,0.6,194.49399999999997,0.993,71.817,125.503,2.066,2.0949999999999998,19.263388827515428,0.0,2.433000000000021,-0.017000000000000015,-2.5509999999999877,2.269999999999982,-0.009999999999999787,0.19900000000000073
509830,2025-08-18 05:00:00,G2 Esports,Cloud9,1,1.0,3,1734.4699186690848,0.6,206.75499999999997,1.087,76.755,133.73100000000002,2.046,2.179,1514.5818631162667,0.6,204.524,1.087,76.25700000000002,132.84,2.2030000000000003,1.943,219.88805555281806,0.0,2.230999999999966,0.0,0.49799999999997624,0.8910000000000196,-0.15700000000000047,0.23599999999999977
509831,2025-08-18 07:30:00,MIBR,LOUD,1,0.0,2,1476.7985320309458,0.2,183.473,0.9030000000000001,68.955,120.91699999999999,1.892,2.2800000000000002,1440.7807877671698,0.2,190.79700000000003,0.9380000000000001,68.524,126.68400000000001,2.188,2.103,36.01774426377597,0.0,-7.324000000000012,-0.03499999999999992,0.4309999999999974,-5.767000000000024,-0.29600000000000026,0.17700000000000005
527580,2025-08-20 17:00:00,Guangzhou Huadu Bilibili Gaming,TYLOO,1,1.0,1,1537.6186872191206,0.8,201.525,1.0687499999999999,72.97,131.22125,2.13,2.25125,1472.5018346850609,0.8,200.79699999999997,,,,,,65.11685253405972,0.0,0.7280000000000371,,,,,
527579,2025-08-20 20:20:00,Xi Lai Gaming,Dragon Ranger Gaming,0,0.0,1,1607.1871564009048,0.8,196.945,,,,,,1528.040590987653,0.6,200.84800000000004,0.9949999999999999,72.73,132.14399999999998,2.1229999999999998,2.253,79.14656541325166,0.20000000000000007,-3.9030000000000484,,,,,
527585,2025-08-21 17:00:00,TYLOO,EDward Gaming,0,0.0,4,1459.4659509592793,0.6,202.26399999999998,1.034,72.11699999999999,133.133,2.207,1.8869999999999998,1643.3519759540181,0.6,200.684,1.009,71.44699999999999,131.457,2.1569999999999996,2.2640000000000002,-183.88602499473882,0.0,1.579999999999984,0.025000000000000133,0.6700000000000017,1.6760000000000161,0.050000000000000266,-0.37700000000000045
527586,2025-08-21 19:10:00,Xi Lai Gaming,All Gamers,1,1.0,2,1587.604088674963,0.6,196.678,,,,,,1415.6679110103835,0.6,193.462,,,,,,171.93617766457942,0.0,3.216000000000008,,,,,
530924,2025-08-21 23:00:00,FNATIC,BBL Esports,0,0.5,2,1719.560721693398,0.8,204.398,1.0470000000000002,72.39399999999999,136.87499999999997,2.416,1.9579999999999997,1517.6216272074573,0.6,207.004,1.066,72.746,135.29400000000004,2.433,2.239,201.9390944859406,0.20000000000000007,-2.6059999999999945,-0.018999999999999906,-0.35200000000000387,1.580999999999932,-0.016999999999999904,-0.28100000000000014
530925,2025-08-22 02:15:00,GIANTX,Natus Vincere,1,0.5,2,1438.5900629353807,0.6,186.73,0.921,67.846,122.44299999999998,1.8329999999999997,2.273,1492.364943008792,0.6,194.87,0.9780000000000001,70.304,129.493,2.09,2.186,-53.77488007341117,0.0,-8.140000000000015,-0.05700000000000005,-2.4579999999999984,-7.050000000000011,-0.2570000000000001,0.08700000000000019
530902,2025-08-22 05:00:00,LEVIATÁN,Cloud9,0,0.0,2,1538.2641296229026,0.6,194.86700000000002,1.005,72.457,129.47899999999998,2.037,2.124,1507.5424727510797,0.6,201.44400000000002,1.055,75.04700000000001,131.27,2.143,2.0629999999999997,30.721656871822915,0.0,-6.576999999999998,-0.050000000000000044,-2.5900000000000176,-1.7910000000000252,-0.10599999999999987,0.06100000000000039
530903,2025-08-22 08:45:00,G2 Esports,100 Thieves,1,0.5,4,1741.5093090342718,0.8,207.25499999999997,1.088,76.725,133.806,2.0460000000000003,2.1340000000000003,1520.7402044640667,0.6,198.034,1.02,74.09700000000001,129.74699999999999,2.194,2.0869999999999997,220.76910457020517,0.20000000000000007,9.220999999999975,0.06800000000000006,2.627999999999986,4.059000000000026,-0.1479999999999997,0.0470000000000006
536176,2025-08-22 16:00:00,Pure Aim,Precise Defeat,0,0.5,0,1500.0,0.5,,,,,,,1500.0,0.5,,,,,,,0.0,0.0,,,,,,
527581,2025-08-22 17:00:00,Dragon Ranger Gaming,Guangzhou Huadu Bilibili Gaming,1,0.5,0,1547.623658713595,0.6,199.82800000000003,0.9860000000000001,72.197,130.95099999999996,2.106,2.263,1550.6545709449022,0.8,203.27444444444444,1.0699999999999998,72.47333333333333,131.27444444444444,2.1044444444444443,2.256666666666667,-3.030912231307184,-0.20000000000000007,-3.44644444444441,-0.08399999999999974,-0.27633333333332644,-0.3234444444444762,0.0015555555555555323,0.00633333333333308
527587,2025-08-22 20:40:00,EDward Gaming,Xi Lai Gaming,1,0.5,2,1651.5948524517792,0.6,204.184,1.028,72.027,133.55700000000002,2.197,2.164,1596.274892069533,0.6,196.638,,,,,,55.31996038224611,0.0,7.545999999999992,,,,,
530928,2025-08-22 23:00:00,Team Heretics,BBL Esports,0,1.0,2,1679.1795367093582,1.0,199.54000000000002,1.006,70.94,130.21699999999998,2.107,2.0,1541.9985389389249,0.8,204.38100000000003,1.057,72.13899999999998,133.724,2.273,2.0919999999999996,137.18099777043335,0.19999999999999996,-4.841000000000008,-0.050999999999999934,-1.1989999999999839,-3.507000000000005,-0.16599999999999993,-0.09199999999999964
530929,2025-08-23 01:20:00,Team Liquid,GIANTX,1,1.0,1,1583.1155706542602,0.8,201.687,1.0230000000000001,72.757,132.891,2.3230000000000004,2.011,1457.046900454656,0.6,189.26299999999998,0.942,68.586,124.11299999999999,1.893,2.23,126.06867019960418,0.20000000000000007,12.424000000000035,0.08100000000000018,4.1710000000000065,8.778000000000006,0.4300000000000004,-0.21899999999999986
530906,2025-08-23 05:00:00,Sentinels,Cloud9,1,1.0,3,1695.6089980966337,1.0,208.30699999999996,1.129,77.42699999999999,132.50600000000003,2.087,1.8770000000000002,1524.9535815190363,0.6,201.704,1.0550000000000002,75.18,131.67000000000002,2.1229999999999998,2.0569999999999995,170.6554165775974,0.4,6.602999999999952,0.07399999999999984,2.2469999999999857,0.8360000000000127,-0.03599999999999959,-0.17999999999999927
530907,2025-08-23 08:35:00,NRG,G2 Esports,0,0.0,1,1533.592655948673,0.8,194.35999999999999,1.0079999999999998,73.02999999999999,128.64,2.0200000000000005,2.113,1748.520890822871,1.0,210.1,1.109,78.25,135.63600000000002,2.096,1.984,-214.9282348741981,-0.19999999999999996,-15.740000000000009,-0.1010000000000002,-5.220000000000013,-6.996000000000038,-0.07599999999999962,0.129
527588,2025-08-23 17:00:00,Guangzhou Huadu Bilibili Gaming,EDward Gaming,1,1.0,1,1534.51499581911,0.6,203.81400000000002,1.069,72.753,131.22,2.114,2.271,1665.0685869042609,0.6,205.577,1.0310000000000001,71.997,134.31,2.21,2.1310000000000002,-130.55359108515086,0.0,-1.7629999999999768,0.03799999999999981,0.7560000000000002,-3.0900000000000034,-0.09600000000000009,0.13999999999999968
530926,2025-08-23 23:00:00,FNATIC,Karmine Corp,1,0.75,4,1695.1838099619304,0.6,203.20500000000004,1.032,71.53999999999999,136.128,2.416,2.005,1446.0037088033857,0.6,200.801,1.058,73.42999999999999,132.48,2.138,2.3,249.18010115854463,0.0,2.404000000000053,-0.026000000000000023,-1.8900000000000006,3.647999999999996,0.278,-0.29499999999999993
530927,2025-08-24 02:55:00,Natus Vincere,Team Vitality,1,0.75,4,1473.9081054895166,0.4,198.71,1.0050000000000001,71.944,131.86999999999998,2.2169999999999996,2.0759999999999996,1522.1408069576578,0.4,193.26600000000002,0.974,70.49600000000001,126.05700000000002,1.9760000000000002,2.2800000000000002,-48.23270146814116,0.0,5.443999999999988,0.03100000000000014,1.4479999999999933,5.81299999999996,0.24099999999999944,-0.20400000000000063
530904,2025-08-24 05:00:00,LEVIATÁN,VISA KRÜ,1,1.0,1,1520.853020854946,0.6,197.487,1.015,72.97,130.612,2.0939999999999994,2.124,1497.9028516301707,0.4,191.42399999999998,0.966,71.367,127.07599999999998,1.909,2.0839999999999996,22.95016922477521,0.19999999999999996,6.063000000000017,0.04899999999999993,1.6029999999999944,3.5360000000000156,0.1849999999999994,0.04000000000000048
530905,2025-08-24 08:25:00,100 Thieves,Evil Geniuses,1,1.0,1,1513.7286226754675,0.4,192.904,0.9730000000000001,73.157,126.50699999999999,2.024,2.1369999999999996,1549.2966306353374,0.4,198.812,0.976,70.24300000000001,131.08300000000003,2.1700000000000004,2.181,-35.568007959869874,0.0,-5.9080000000000155,-0.0029999999999998916,2.9139999999999873,-4.576000000000036,-0.14600000000000035,-0.04400000000000048
527582,2025-08-24 17:00:00,Dragon Ranger Gaming,Guangzhou Huadu Bilibili Gaming,0,1.0,1,1563.763233839387,0.8,201.081,0.9920000000000002,72.39000000000001,132.131,2.1390000000000002,2.27,1556.2593576746904,0.6,205.064,1.077,72.91,131.54000000000002,2.057,2.271,7.503876164696749,0.20000000000000007,-3.983000000000004,-0.08499999999999974,-0.5199999999999818,0.5909999999999798,0.0820000000000003,-0.0009999999999998899
530930,2025-08-24 23:00:00,GIANTX,FNATIC,1,0.0,1,1446.6105186634045,0.4,189.69599999999997,0.952,68.873,124.473,1.9999999999999996,2.163,1701.3410792657746,0.6,202.99200000000002,1.0319999999999998,71.527,135.56199999999998,2.402,2.078,-254.73056060237013,-0.19999999999999996,-13.29600000000005,-0.07999999999999985,-2.6539999999999964,-11.088999999999984,-0.4020000000000006,0.08499999999999996
530931,2025-08-25 01:25:00,Team Heretics,Natus Vincere,0,1.0,2,1657.1711515346828,0.8,201.58,1.019,71.64,131.527,2.197,1.94,1492.115143394781,0.6,198.70000000000002,1.001,71.46400000000001,132.04999999999998,2.1870000000000003,2.136,165.0560081399019,0.20000000000000007,2.8799999999999955,0.018000000000000016,0.17599999999998772,-0.5229999999999961,0.009999999999999787,-0.19600000000000017
530908,2025-08-25 05:00:00,NRG,LEVIATÁN,1,0.0,1,1526.3952433272698,0.8,193.13299999999998,0.977,71.85,127.713,1.987,2.227,1535.79766103702,0.6,201.10999999999999,1.044,74.76,132.31900000000002,2.181,2.107,-9.402417709750125,0.20000000000000007,-7.977000000000004,-0.06700000000000006,-2.910000000000011,-4.606000000000023,-0.19399999999999995,0.11999999999999966
530909,2025-08-25 06:50:00,Cloud9,100 Thieves,1,0.5,2,1516.2360944566637,0.4,199.13100000000003,1.0270000000000001,74.527,130.06,2.1199999999999997,2.074,1531.3608917729046,0.4,195.87399999999997,1.0,73.967,127.50699999999999,2.114,2.027,-15.124797316240802,0.0,3.257000000000062,0.027000000000000135,0.5600000000000023,2.5530000000000115,0.005999999999999783,0.04699999999999971
530932,2025-08-29 23:00:00,BBL Esports,Team Liquid,0,0.3333333333333333,3,1564.0069241136002,1.0,206.071,1.059,72.45900000000002,134.764,2.203,2.1420000000000003,1593.5519524455117,0.8,202.167,1.03,72.884,133.12399999999997,2.303,2.0509999999999997,-29.545028331911453,0.19999999999999996,3.9039999999999964,0.028999999999999915,-0.42499999999998295,1.6400000000000432,-0.10000000000000009,0.09100000000000064
530933,2025-08-30 02:40:00,GIANTX,Natus Vincere,1,1.0,1,1472.6105669751832,0.6,192.453,0.9800000000000001,70.12000000000002,126.57000000000001,2.1369999999999996,2.1199999999999997,1515.1917220459543,0.8,203.26,1.036,72.29400000000001,134.78,2.147,2.0859999999999994,-42.58115507077105,-0.20000000000000007,-10.806999999999988,-0.05599999999999994,-2.1739999999999924,-8.209999999999994,-0.010000000000000231,0.03400000000000025
530910,2025-08-30 05:00:00,Sentinels,G2 Esports,0,0.2,5,1704.3264851590063,1.0,207.664,1.122,77.45,132.13299999999998,2.154,1.814,1755.7183034442742,1.0,209.94300000000004,1.1139999999999999,78.123,135.299,2.1129999999999995,1.9439999999999997,-51.391818285267846,0.0,-2.279000000000053,0.00800000000000023,-0.6730000000000018,-3.1660000000000252,0.04100000000000037,-0.12999999999999967
530911,2025-08-30 07:30:00,NRG,Cloud9,1,0.25,4,1542.8281349906194,0.8,199.503,1.042,73.87,131.67299999999997,2.087,2.097,1532.9321774548969,0.6,199.994,1.028,75.28,130.37,2.147,2.134,9.895957535722573,0.20000000000000007,-0.49100000000001387,0.014000000000000012,-1.4099999999999966,1.3029999999999688,-0.05999999999999961,-0.03699999999999992
530514,2025-08-30 13:00:00,Team World,Glory Once Again,1,0.5,0,1500.0,0.5,,,,,,,1500.0,0.5,,,,,,,0.0,0.0,,,,,,
530364,2025-08-30 14:00:00,TALON,Rex Regum Qeon,0,0.3333333333333333,3,1536.4520140946881,0.6,195.42400000000004,1.006,72.347,128.03300000000002,2.166,2.1729999999999996,1584.6829289947846,0.8,195.921,1.008,71.61699999999999,126.643,2.1559999999999997,2.0349999999999997,-48.23091490009642,-0.20000000000000007,-0.49699999999995725,-0.0020000000000000018,0.730000000000004,1.3900000000000148,0.010000000000000231,0.1379999999999999
530934,2025-08-31 00:00:00,BBL Esports,GIANTX,0,0.5,2,1549.3642527468387,0.8,205.834,1.053,72.266,134.34099999999998,2.2299999999999995,2.105,1490.5617421506029,0.6,195.126,1.0030000000000001,70.70700000000002,128.39000000000001,2.1499999999999995,2.0469999999999997,58.802510596235834,0.20000000000000007,10.707999999999998,0.04999999999999982,1.5589999999999833,5.950999999999965,0.08000000000000007,0.058000000000000274
536985,2025-08-31 05:00:00,Team Alpha,Team Omega,1,0.5,0,1500.0,0.5,,,,,,,1500.0,0.5,,,,,,,0.0,0.0,,,,,,
530912,2025-08-31 06:00:00,Sentinels,NRG,0,1.0,1,1690.6760549139792,0.8,208.267,1.111,77.27000000000001,132.523,2.177,1.807,1558.3725325039097,0.8,203.59599999999998,1.0769999999999997,74.70000000000002,134.126,2.1639999999999997,2.057,132.3035224100695,0.0,4.671000000000021,0.03400000000000025,2.569999999999993,-1.6030000000000086,0.013000000000000345,-0.25
530365,2025-08-31 13:50:00,Paper Rex,Rex Regum Qeon,1,1.0,1,1715.0743876504037,0.8,210.555,1.0900000000000003,75.15,139.475,2.505,2.11,1598.475971798606,0.8,198.546,1.025,72.633,128.43099999999998,2.179,2.0660000000000003,116.59841585179765,0.0,12.009000000000015,0.06500000000000039,2.51700000000001,11.044000000000011,0.32600000000000007,0.043999999999999595
538583,2025-08-31 23:00:00,Team France,Team EMEA,0,0.5,0,1500.0,0.5,,,,,,,1500.0,0.5,,,,,,,0.0,0.0,,,,,,
530935,2025-09-01 00:00:00,Team Liquid,GIANTX,1,1.0,2,1608.1946238122732,0.8,206.84,1.07,74.797,136.17,2.403,2.0709999999999997,1509.2441345722914,0.8,197.05300000000003,1.017,70.98,129.643,2.213,1.9300000000000002,98.95048923998183,0.0,9.786999999999978,0.05300000000000016,3.816999999999993,6.526999999999987,0.18999999999999995,0.14099999999999957
530913,2025-09-01 05:00:00,G2 Esports,NRG,1,1.0,1,1769.3687336893013,1.0,208.013,1.097,77.203,133.939,2.0929999999999995,2.0239999999999996,1580.1869668885502,0.8,203.696,1.068,74.66499999999999,133.611,2.114,2.032,189.18176680075112,0.19999999999999996,4.317000000000007,0.028999999999999915,2.538000000000011,0.32800000000000296,-0.02100000000000035,-0.008000000000000451
542195,2025-09-12 21:00:00,Paper Rex,Xi Lai Gaming,1,0.5,0,1725.8977296765588,0.8,209.325,1.086,74.78999999999999,138.475,2.545,2.07,1582.8011576170513,0.4,195.123,,,,,,143.09657205950748,0.4,14.201999999999998,,,,,
542196,2025-09-12 23:25:00,GIANTX,Sentinels,1,0.5,0,1497.6816379533664,0.6,197.266,1.0050000000000001,70.777,129.90000000000003,2.1500000000000004,1.9769999999999999,1668.8616205293388,0.6,204.06199999999998,1.0779999999999998,75.785,130.303,2.1719999999999997,1.857,-171.17998257597242,0.0,-6.795999999999992,-0.07299999999999973,-5.007999999999996,-0.40299999999996317,-0.021999999999999353,0.11999999999999988
542207,2025-09-13 21:00:00,NRG,EDward Gaming,1,0.5,0,1572.1292619281946,0.6,203.783,1.0790000000000002,74.33800000000001,133.01399999999998,2.127,2.0520000000000005,1643.3242250486805,0.6,204.52999999999997,1.0250000000000001,71.44500000000001,133.41,2.21,2.1410000000000005,-71.19496312048591,0.0,-0.7469999999999857,0.05400000000000005,2.8930000000000007,-0.396000000000015,-0.08300000000000018,-0.08899999999999997
542205,2025-09-13 23:55:00,Team Liquid,KIWOOM DRX,0,0.5,0,1619.7571204311982,0.8,210.51999999999998,1.093,76.117,138.363,2.41,2.011,1620.8006873923237,0.6,196.65399999999994,1.003,71.30600000000001,128.14000000000001,2.116,2.1229999999999998,-1.043566961125407,0.20000000000000007,13.866000000000042,0.09000000000000008,4.810999999999993,10.222999999999985,0.29400000000000004,-0.11199999999999966
542212,2025-09-14 21:00:00,Dragon Ranger Gaming,T1,0,0.5,0,1547.4177212934087,0.8,202.344,0.999,72.427,132.714,2.091,2.2299999999999995,1570.173909953311,0.6,197.82,0.9730000000000001,69.146,128.40599999999998,2.016,2.274,-22.756188659902364,0.20000000000000007,4.524000000000001,0.025999999999999912,3.281000000000006,4.308000000000021,0.07500000000000018,-0.04400000000000048
542211,2025-09-15 00:20:00,G2 Esports,Team Heretics,0,0.6666666666666666,3,1777.4264386496568,1.0,207.39299999999997,1.088,76.21000000000001,133.126,2.1399999999999997,1.9769999999999996,1634.0945728835095,0.6,196.04299999999998,0.962,69.34,128.274,2.18,1.957,143.3318657661473,0.4,11.349999999999994,0.1260000000000001,6.8700000000000045,4.852000000000004,-0.04000000000000048,0.019999999999999574
542200,2025-09-15 21:00:00,Guangzhou Huadu Bilibili Gaming,MIBR,0,0.5,0,1572.6048702206688,0.8,206.919,1.0879999999999999,73.21799999999999,132.82500000000002,2.0900000000000003,2.229,1491.1457700785397,0.4,181.883,0.89,68.44500000000001,120.37700000000002,1.932,2.3099999999999996,81.45910014212905,0.4,25.036,0.19799999999999984,4.772999999999982,12.447999999999993,0.15800000000000036,-0.08099999999999952
542201,2025-09-15 23:10:00,Rex Regum Qeon,FNATIC,0,0.0,1,1587.6526297724508,0.8,198.901,1.036,73.123,128.821,2.199,2.066,1675.3410309539959,0.4,200.23200000000003,1.012,69.937,133.642,2.242,2.2379999999999995,-87.68840118154503,0.4,-1.3310000000000173,0.02400000000000002,3.186000000000007,-4.820999999999998,-0.04300000000000015,-0.1719999999999997
542197,2025-09-17 21:00:00,Paper Rex,GIANTX,1,0.5,0,1735.656847779478,1.0,210.75500000000002,1.092,74.75,139.39499999999998,2.505,2.04,1520.9832902920596,0.8,196.31900000000002,1.003,70.62299999999999,129.04700000000003,2.117,1.9440000000000002,214.67355748741852,0.19999999999999996,14.436000000000007,0.08900000000000019,4.1270000000000095,10.347999999999956,0.3879999999999999,0.09599999999999986
542208,2025-09-18 00:10:00,KIWOOM DRX,NRG,0,0.0,1,1636.7526295022815,0.6,196.68699999999998,1.0219999999999998,72.463,128.77700000000002,2.173,2.0599999999999996,1591.3627784581458,0.8,207.973,1.1070000000000002,75.06800000000001,135.85399999999998,2.207,2.1320000000000006,45.38985104413564,-0.20000000000000007,-11.28600000000003,-0.08500000000000041,-2.605000000000018,-7.07699999999997,-0.03399999999999981,-0.07200000000000095
542213,2025-09-18 21:00:00,Team Heretics,T1,1,0.5,0,1656.3446394564696,0.6,199.93,0.9949999999999999,70.93699999999998,130.924,2.303,1.8599999999999999,1585.1274447315902,0.6,199.31300000000005,0.991,69.733,128.94599999999997,2.183,2.367,71.21719472487939,0.0,0.6169999999999618,0.0039999999999998925,1.2039999999999793,1.978000000000037,0.1200000000000001,-0.5070000000000001
542202,2025-09-18 23:25:00,MIBR,FNATIC,0,0.5,0,1510.8298411496708,0.6,182.83300000000003,0.9039999999999999,69.17500000000001,121.297,1.9620000000000002,2.26,1687.386444740286,0.6,199.71200000000002,1.016,70.137,133.317,2.292,2.2079999999999993,-176.55660359061517,0.0,-16.87899999999999,-0.1120000000000001,-0.9619999999999891,-12.02000000000001,-0.3299999999999996,0.05200000000000049
542209,2025-09-19 21:00:00,Team Liquid,EDward Gaming,1,1.0,1,1603.8051783212404,0.6,207.10999999999999,1.071,74.517,135.92300000000003,2.34,2.131,1624.0907085187293,0.6,202.64999999999998,1.0050000000000001,70.955,132.67000000000002,2.32,2.201,-20.285530197488924,0.0,4.460000000000008,0.06599999999999984,3.5619999999999976,3.2530000000000143,0.020000000000000018,-0.07000000000000028
542198,2025-09-20 00:30:00,Xi Lai Gaming,Sentinels,1,0.0,1,1573.042039514132,0.2,196.393,,,,,,1645.5599681906456,0.4,203.849,1.085,76.07199999999999,130.243,2.149,1.8669999999999998,-72.51792867651352,-0.2,-7.455999999999989,,,,,
542203,2025-09-20 21:00:00,Guangzhou Huadu Bilibili Gaming,Rex Regum Qeon,0,0.5,0,1552.9207991495377,0.6,205.019,1.076,72.598,131.845,2.08,2.1990000000000003,1575.6072159861608,0.6,197.19400000000002,1.014,72.496,128.19400000000002,2.169,2.103,-22.68641683662304,0.0,7.824999999999989,0.062000000000000055,0.10200000000000387,3.650999999999982,-0.08899999999999997,0.09600000000000009
542214,2025-09-21 00:00:00,G2 Esports,Dragon Ranger Gaming,1,0.5,0,1755.1763720766967,0.8,206.753,1.088,75.76000000000002,132.96599999999998,2.18,1.9369999999999998,1532.4641865151295,0.6,203.21099999999996,1.006,72.69400000000002,133.307,2.178,2.283,222.71218556156714,0.20000000000000007,3.54200000000003,0.08200000000000007,3.0660000000000025,-0.3410000000000082,0.002000000000000224,-0.3460000000000001
542210,2025-09-21 21:00:00,KIWOOM DRX,Team Liquid,1,1.0,1,1618.674160909027,0.4,195.45,1.013,72.00999999999999,128.40000000000003,2.16,2.0769999999999995,1620.7383014189934,0.8,207.577,1.0770000000000002,74.577,136.363,2.2939999999999996,2.117,-2.0641405099663643,-0.4,-12.12700000000001,-0.06400000000000028,-2.5670000000000073,-7.962999999999965,-0.13399999999999945,-0.04000000000000048
542199,2025-09-21 23:20:00,GIANTX,Xi Lai Gaming,1,0.5,0,1513.7776959510252,0.6,195.99899999999997,1.009,70.577,129.18,2.157,1.937,1592.3339473333187,0.4,199.27000000000004,,,,,,-78.55625138229357,0.19999999999999996,-3.271000000000072,,,,,
542215,2025-09-22 21:00:00,T1,G2 Esports,0,0.5,2,1572.3619432375795,0.4,198.92300000000003,0.9969999999999999,70.41300000000001,128.276,2.183,2.257,1762.126904022915,0.8,208.273,1.1019999999999999,76.483,134.033,2.1670000000000003,1.9099999999999997,-189.76496078533546,-0.4,-9.349999999999966,-0.10499999999999998,-6.069999999999993,-5.756999999999977,0.01599999999999957,0.3470000000000004
542204,2025-09-22 23:15:00,MIBR,Rex Regum Qeon,1,0.5,0,1502.3261405858377,0.6,184.13299999999998,0.908,70.048,121.454,1.9649999999999999,2.2169999999999996,1590.5639501729192,0.6,195.66800000000003,1.004,71.28899999999999,127.58100000000002,2.129,2.123,-88.23780958708153,0.0,-11.535000000000053,-0.09599999999999997,-1.2409999999999854,-6.127000000000024,-0.16400000000000015,0.09399999999999942
542265,2025-09-25 21:00:00,Paper Rex,G2 Esports,1,0.0,1,1742.8624421205125,1.0,211.323,1.096,75.40700000000001,139.233,2.4829999999999997,1.9769999999999999,1770.1643865332644,0.8,207.363,1.0990000000000002,76.313,133.823,2.2070000000000003,1.9100000000000001,-27.301944412751936,0.19999999999999996,3.960000000000008,-0.0030000000000001137,-0.9059999999999917,5.409999999999997,0.27599999999999936,0.06699999999999973
542264,2025-09-26 00:50:00,FNATIC,KIWOOM DRX,1,0.0,1,1695.890145304119,0.6,199.04000000000002,1.019,70.194,133.12,2.209,2.1659999999999995,1634.769216974014,0.4,197.34,1.0310000000000001,72.84,129.57999999999998,2.1599999999999997,2.037,61.120928330105016,0.19999999999999996,1.700000000000017,-0.012000000000000233,-2.646000000000001,3.5400000000000205,0.04900000000000038,0.12899999999999956
542266,2025-09-26 21:00:00,Team Heretics,MIBR,0,0.5,0,1669.1101409504804,0.6,205.19,1.0349999999999997,72.82699999999998,134.434,2.4029999999999996,1.8699999999999997,1522.3044730694148,0.6,186.083,0.9400000000000001,71.393,122.28400000000002,1.9899999999999998,2.077,146.80566788106557,0.0,19.107,0.09499999999999964,1.4339999999999833,12.149999999999977,0.4129999999999998,-0.2070000000000003
542267,2025-09-26 23:35:00,NRG,GIANTX,1,0.5,0,1609.4412470514003,0.8,206.106,1.0820000000000003,74.391,134.45100000000002,2.234,2.149,1533.3349322307527,0.6,196.186,1.008,70.53,129.177,2.204,1.954,76.10631482064764,0.20000000000000007,9.919999999999987,0.07400000000000029,3.861000000000004,5.274000000000029,0.029999999999999805,0.19500000000000006
542273,2025-09-27 21:00:00,KIWOOM DRX,G2 Esports,1,0.5,0,1621.5552581516126,0.4,197.027,1.036,72.94999999999999,129.56,2.177,2.04,1752.909667106728,0.6,205.46999999999997,1.0790000000000002,75.386,132.676,2.307,1.9300000000000002,-131.35440895511533,-0.19999999999999996,-8.442999999999984,-0.04300000000000015,-2.436000000000007,-3.1159999999999854,-0.1299999999999999,0.10999999999999988
542274,2025-09-28 00:20:00,Team Heretics,GIANTX,1,1.0,2,1646.7250424592096,0.4,202.62999999999997,1.018,71.96700000000001,133.464,2.3529999999999998,1.92,1520.7847549582,0.4,194.306,0.998,70.99000000000001,128.297,2.244,1.884,125.9402875010096,0.0,8.323999999999955,0.020000000000000018,0.9770000000000039,5.167000000000002,0.10899999999999954,0.03600000000000003
542268,2025-09-28 21:00:00,FNATIC,Paper Rex,1,0.5,2,1709.1041041265203,0.8,198.34700000000004,1.031,70.45400000000001,132.513,2.169,2.1799999999999997,1760.117161547049,1.0,210.016,1.0859999999999999,74.887,137.956,2.3499999999999996,2.037,-51.01305742052864,-0.19999999999999996,-11.668999999999954,-0.05499999999999994,-4.432999999999993,-5.442999999999984,-0.1809999999999996,0.1429999999999998
542269,2025-09-29 00:20:00,MIBR,NRG,0,0.0,1,1544.6895715606856,0.8,194.483,1.001,74.183,127.66399999999999,2.1599999999999997,2.037,1621.991424323953,0.8,208.223,1.1110000000000002,75.42800000000001,135.348,2.177,2.069,-77.30185276326733,0.0,-13.740000000000009,-0.11000000000000032,-1.2450000000000045,-7.684000000000026,-0.017000000000000348,-0.03200000000000003
542277,2025-09-29 21:00:00,Paper Rex,Team Heretics,1,1.0,2,1741.7846609620506,0.8,205.753,1.049,73.53,135.35600000000002,2.287,2.114,1657.166622290231,0.6,200.57599999999996,1.0079999999999998,71.3,131.85700000000003,2.287,1.927,84.61803867181948,0.20000000000000007,5.177000000000021,0.04100000000000015,2.230000000000004,3.4989999999999952,0.0,0.18699999999999983
542276,2025-09-30 00:20:00,MIBR,KIWOOM DRX,0,0.5,0,1532.1918521733987,0.6,195.96,1.029,74.566,127.56700000000001,2.357,1.957,1643.3317188089773,0.6,197.027,1.0420000000000003,72.75699999999999,129.07999999999998,2.2239999999999998,2.02,-111.13986663557853,0.0,-1.0669999999999789,-0.013000000000000345,1.8090000000000117,-1.5129999999999768,0.13300000000000045,-0.06299999999999994
542270,2025-10-03 19:00:00,FNATIC,NRG,0,1.0,1,1727.4366047115186,0.8,197.79399999999998,1.029,70.374,131.503,2.106,2.217,1634.4891437112399,0.8,205.496,1.096,74.588,134.45800000000003,2.137,2.106,92.94746100027874,0.0,-7.702000000000027,-0.06700000000000017,-4.213999999999999,-2.955000000000041,-0.03100000000000014,0.11100000000000021
542278,2025-10-03 21:35:00,KIWOOM DRX,Paper Rex,1,0.4,5,1654.3812537786985,0.6,192.04999999999998,1.0,70.57000000000001,125.94300000000001,2.2039999999999997,2.1870000000000003,1753.96311961597,0.8,206.433,1.055,73.57300000000001,135.34900000000002,2.25,2.131,-99.58186583727161,-0.20000000000000007,-14.38300000000001,-0.05499999999999994,-3.003,-9.406000000000006,-0.04600000000000026,0.056000000000000494
542279,2025-10-04 19:00:00,FNATIC,KIWOOM DRX,1,0.5,2,1707.2554896735808,0.8,194.71699999999996,1.015,70.05699999999999,129.126,2.183,2.0799999999999996,1674.8455830628784,0.8,193.04,1.0050000000000001,70.44,126.523,2.2239999999999998,2.197,32.409906610702365,0.0,1.676999999999964,0.009999999999999787,-0.3830000000000098,2.6030000000000086,-0.040999999999999925,-0.11700000000000044
542272,2025-10-05 19:00:00,NRG,FNATIC,1,0.5,2,1654.6702587491777,1.0,206.34900000000002,1.0959999999999999,74.71099999999998,134.83100000000002,2.0869999999999997,2.216,1721.767272516387,0.8,197.197,1.0539999999999998,70.94200000000001,130.64600000000002,2.218,2.035,-67.09701376720932,0.19999999999999996,9.152000000000015,0.04200000000000004,3.768999999999977,4.185000000000002,-0.13100000000000023,0.18100000000000005
596399,2026-01-16 06:00:00,ENVY,Evil Geniuses,1,0.5,0,1500.0,0.5,,,,,,,1531.6643615379003,0.2,192.91200000000003,0.937,68.663,127.59299999999999,2.0900000000000003,2.321,-31.664361537900277,0.3,,,,,,
596398,2026-01-16 09:10:00,LOUD,Cloud9,0,0.5,2,1426.433549719576,0.2,190.09700000000004,0.944,68.574,125.91400000000002,2.168,2.173,1517.3877799416066,0.4,199.67700000000002,1.0210000000000001,74.823,129.837,2.107,2.1510000000000002,-90.95423022203067,-0.2,-9.579999999999984,-0.07700000000000018,-6.248999999999995,-3.9229999999999734,0.06099999999999994,0.021999999999999797
596400,2026-01-17 06:00:00,KRÜ Esports,FURIA,0,0.5,2,1493.5130544515905,0.6,199.875,1.0370000000000001,73.195,131.908,2.105,1.9899999999999998,1330.3172887321214,0.0,167.526,0.7420000000000001,62.837,110.593,1.503,2.2460000000000004,163.19576571946914,0.6,32.34899999999999,0.29500000000000004,10.35799999999999,21.314999999999984,0.6020000000000001,-0.25600000000000067
596401,2026-01-17 09:05:00,100 Thieves,LEVIATÁN,1,0.0,1,1514.6648087746714,0.4,199.56400000000002,1.0220000000000002,74.017,130.37699999999998,2.2039999999999997,2.0170000000000003,1519.3647693736702,0.6,193.41,0.9740000000000002,71.92,127.51899999999998,2.041,2.197,-4.699960598998814,-0.19999999999999996,6.154000000000025,0.04800000000000004,2.096999999999994,2.858000000000004,0.1629999999999998,-0.17999999999999972
596402,2026-01-18 06:00:00,NRG,Cloud9,1,0.4,5,1673.722341329597,1.0,207.64000000000001,1.109,75.623,135.098,2.091,2.173,1529.2923157723667,0.6,200.86700000000002,1.037,76.28299999999999,130.357,2.127,2.071,144.43002555723024,0.4,6.772999999999996,0.07200000000000006,-0.6599999999999824,4.741000000000014,-0.03599999999999959,0.10199999999999987
596403,2026-01-18 08:00:00,MIBR,ENVY,1,0.5,0,1521.1423172036775,0.4,198.48700000000002,1.0509999999999997,75.59899999999999,128.91299999999998,2.477,1.937,1517.4541738333662,1.0,195.07,0.99,73.2,124.6,2.27,2.2,3.688143370311309,-0.6,3.41700000000003,0.06099999999999972,2.3989999999999867,4.312999999999988,0.20699999999999985,-0.2630000000000001
596404,2026-01-19 06:00:00,Sentinels,FURIA,0,1.0,2,1626.268060371459,0.2,203.01600000000002,1.0799999999999998,75.972,130.176,2.2020000000000004,1.8400000000000003,1353.324795135003,0.2,170.023,0.7670000000000001,63.82399999999999,111.89000000000001,1.57,2.1630000000000003,272.943265236456,0.0,32.99300000000002,0.3129999999999997,12.148000000000003,18.285999999999973,0.6320000000000003,-0.32299999999999995
596405,2026-01-19 08:20:00,G2 Esports,100 Thieves,1,0.6,5,1731.1332064493633,0.4,202.907,1.059,73.993,131.15900000000002,2.337,1.9899999999999998,1530.881236757326,0.4,198.49099999999999,1.005,73.10999999999999,128.84399999999997,2.217,2.0300000000000002,200.2519696920374,0.0,4.416000000000025,0.05400000000000005,0.8830000000000098,2.3150000000000546,0.1200000000000001,-0.04000000000000048
594740,2026-01-21 00:00:00,Natus Vincere,Karmine Corp,1,1.0,3,1497.2405468705347,0.6,201.70699999999997,1.022,72.19399999999999,133.267,2.034,2.073,1439.8464394995415,0.6,199.288,1.029,71.98,131.353,2.131,2.383,57.3941073709932,0.0,2.4189999999999543,-0.006999999999999895,0.21399999999998442,1.9139999999999873,-0.09699999999999998,-0.31000000000000005
594741,2026-01-21 02:35:00,FUT Esports,Gentle Mates,0,1.0,3,1498.3793055328042,0.4,189.963,0.9400000000000001,67.147,123.91000000000001,2.077,2.307,1350.8704338790112,0.0,186.344,0.8959999999999999,68.101,122.481,1.8880000000000003,2.467,147.508871653793,0.4,3.6189999999999998,0.04400000000000015,-0.9539999999999935,1.4290000000000163,0.1889999999999996,-0.16000000000000014
594742,2026-01-22 00:00:00,PCIFIC Esports,BBL Esports,0,0.5,0,1500.0,0.5,,,,,,,1530.6818603251502,0.6,199.081,0.9949999999999999,69.19200000000001,130.581,2.1029999999999998,2.2180000000000004,-30.681860325150183,-0.09999999999999998,,,,,,
594743,2026-01-22 03:20:00,ULF Esports,Team Vitality,0,0.5,0,1500.0,0.5,,,,,,,1503.9337690523935,0.4,193.673,0.9730000000000002,70.416,126.947,1.9460000000000002,2.243,-3.9337690523934725,0.09999999999999998,,,,,,
595630,2026-01-22 16:00:00,Nongshim RedForce,Team Secret,1,1.0,2,1505.3374140330336,0.6,196.45300000000003,1.025,71.227,126.04,2.113,2.122,1425.3622670069926,0.2,184.722,0.8879999999999999,66.363,122.40000000000002,1.6799999999999997,2.357,79.97514702604099,0.39999999999999997,11.731000000000023,0.137,4.864000000000004,3.6399999999999864,0.4330000000000003,-0.23500000000000032
598923,2026-01-22 17:00:00,Trace Esports,Wolves Esports,0,0.5,2,1543.1022562959358,0.4,191.43699999999998,,70.66,,2.171,1.8699999999999999,1472.9586295131323,0.2,185.33099999999996,0.9269999999999999,67.91400000000002,122.16900000000001,2.02,2.2670000000000003,70.1436267828035,0.2,6.106000000000023,,2.745999999999981,,0.1509999999999998,-0.39700000000000046
595631,2026-01-22 18:10:00,ZETA DIVISION,FULL SENSE,0,0.5,0,1422.531607075681,0.4,192.19599999999997,0.9390000000000001,67.36,126.11099999999999,2.0729999999999995,2.037,1500.0,0.5,,,,,,,-77.468392924319,-0.09999999999999998,,,,,,
598924,2026-01-22 20:25:00,FunPlus Phoenix,TYLOO,0,0.0,1,1470.486879946372,0.4,191.836,,,,,,1451.2230744615183,0.4,202.25099999999998,1.027,71.564,133.543,2.1900000000000004,1.877,19.26380548485372,0.0,-10.414999999999964,,,,,
594744,2026-01-23 00:00:00,Team Heretics,Natus Vincere,0,0.6666666666666666,3,1644.9881636363116,0.6,199.24999999999997,1.0,71.393,130.95700000000002,2.2539999999999996,1.9129999999999998,1510.6212333764488,0.6,203.897,1.042,72.817,134.647,2.1239999999999997,2.01,134.36693025986278,0.0,-4.64700000000002,-0.04200000000000004,-1.4239999999999924,-3.6899999999999693,0.1299999999999999,-0.09699999999999998
594745,2026-01-23 03:30:00,GIANTX,Gentle Mates,0,1.0,1,1510.3431751271785,0.4,194.64600000000002,1.0010000000000001,71.17,128.004,2.2640000000000002,1.8439999999999999,1373.28273679374,0.2,187.714,0.909,68.14399999999999,123.388,1.9310000000000003,2.387,137.06043833343847,0.2,6.932000000000016,0.09200000000000008,3.0260000000000105,4.6159999999999854,0.33299999999999996,-0.5430000000000001
595632,2026-01-23 16:00:00,VARREL,Global Esports,0,0.5,0,1500.0,0.5,,,,,,,1357.3501340276844,0.2,188.707,0.909,68.90400000000001,124.23700000000001,1.8830000000000002,2.13,142.64986597231564,0.3,,,,,,
598921,2026-01-23 17:00:00,All Gamers,Nova Esports,1,0.5,2,1406.9971076158133,0.6,195.40200000000002,,,,,,1420.19715335283,0.2,184.35399999999998,,68.577,,,,-13.20004573701658,0.39999999999999997,11.04800000000003,,,,,
595633,2026-01-23 18:10:00,DetonatioN FocusMe,Gen.G,1,0.0,4,1358.1321536536618,0.4,184.674,0.9030000000000001,66.58300000000001,120.973,1.7670000000000001,2.166,1620.4386401621223,0.4,197.726,1.019,72.349,128.11299999999997,2.229,1.9929999999999999,-262.30648650846047,0.0,-13.051999999999992,-0.11599999999999977,-5.765999999999991,-7.139999999999972,-0.46199999999999997,0.17300000000000004
598922,2026-01-23 19:55:00,JD Mall JDG Esports,Wuxi Titan Esports Club,1,0.5,0,1409.9045457947852,0.2,190.524,,,,,,1500.0,0.5,,,,,,,-90.09545420521476,-0.3,,,,,,
594746,2026-01-24 00:00:00,FNATIC,BBL Esports,0,0.3333333333333333,3,1702.7151899359678,0.6,193.17699999999996,1.02,69.78399999999999,128.102,2.2119999999999997,2.039,1545.2725700190986,0.6,200.041,1.0,69.412,131.76700000000002,2.0889999999999995,2.205,157.44261991686926,0.0,-6.864000000000033,0.020000000000000018,0.3719999999999857,-3.6650000000000205,0.12300000000000022,-0.16599999999999993
594747,2026-01-24 02:25:00,Team Liquid,Team Vitality,0,0.5,2,1604.6432453540065,0.6,203.6,1.058,73.50699999999999,134.04299999999998,2.274,2.1399999999999997,1519.7526200335053,0.4,200.05300000000003,1.025,72.636,131.28699999999998,1.9860000000000002,2.0929999999999995,84.89062532050116,0.19999999999999996,3.5469999999999686,0.03300000000000014,0.8709999999999951,2.7560000000000002,0.2879999999999998,0.04700000000000015
596409,2026-01-24 06:00:00,LOUD,100 Thieves,0,0.6666666666666666,3,1414.5290138888158,0.0,189.247,0.937,68.20700000000001,124.771,2.181,2.24,1523.2016073337295,0.4,201.48399999999998,1.026,74.01,130.41699999999997,2.2630000000000003,1.903,-108.67259344491367,-0.4,-12.236999999999966,-0.08899999999999997,-5.802999999999997,-5.645999999999972,-0.0820000000000003,0.3370000000000002
596410,2026-01-24 09:10:00,Evil Geniuses,Sentinels,0,0.5,2,1514.210187704534,0.2,192.406,0.9420000000000002,68.536,126.99300000000001,2.063,2.301,1599.7735687463914,0.0,201.37900000000002,1.068,75.43199999999999,129.983,2.1149999999999998,1.9070000000000005,-85.56338104185738,0.2,-8.973000000000013,-0.1259999999999999,-6.895999999999987,-2.989999999999995,-0.0519999999999996,0.3939999999999997
595634,2026-01-24 16:00:00,T1,Nongshim RedForce,0,1.0,2,1564.32446072723,0.4,196.283,0.9710000000000001,69.72300000000001,126.476,2.0829999999999997,2.337,1517.7181217282161,0.6,196.13600000000002,1.023,71.58,125.617,2.133,2.072,46.606338999013815,-0.19999999999999996,0.14699999999996294,-0.051999999999999824,-1.856999999999985,0.8589999999999947,-0.050000000000000266,0.2650000000000001
598927,2026-01-24 17:00:00,Xi Lai Gaming,Wolves Esports,1,1.0,2,1572.7767110535913,0.4,199.95,,,,,,1492.1456793550706,0.4,182.94099999999997,,,,,,80.6310316985207,0.0,17.009000000000015,,,,,
595635,2026-01-24 18:55:00,KIWOOM DRX,FULL SENSE,0,0.5,0,1660.3338002200721,0.6,188.855,0.9770000000000001,68.97,123.56800000000001,2.1790000000000003,2.172,1512.4904181700444,1.0,235.2,1.36,86.3,146.5,1.4,1.8,147.84338205002769,-0.4,-46.345,-0.383,-17.33,-22.931999999999988,0.7790000000000004,0.3720000000000001
598928,2026-01-24 19:35:00,EDward Gaming,TYLOO,1,1.0,5,1607.1575854209764,0.4,202.203,1.0130000000000001,71.155,131.81599999999997,2.3729999999999998,2.1610000000000005,1468.1092975249267,0.6,206.574,,,,,,139.04828789604971,-0.19999999999999996,-4.371000000000009,,,,,
596411,2026-01-25 06:00:00,KRÜ Esports,ENVY,0,0.5,0,1470.505548048709,0.6,196.921,1.024,72.675,129.808,2.0119999999999996,2.024,1501.6240127328751,0.5,189.285,0.895,67.6,123.05,2.085,2.35,-31.118464684166156,0.09999999999999998,7.635999999999996,0.129,5.075000000000003,6.757999999999996,-0.0730000000000004,-0.32600000000000007
596412,2026-01-25 09:05:00,LEVIATÁN,Cloud9,0,0.0,3,1503.1483413910157,0.4,192.917,0.9760000000000002,71.653,127.55900000000001,2.027,2.21,1519.5851846241642,0.4,194.31699999999998,0.9780000000000001,73.613,126.26699999999998,2.047,2.1710000000000003,-16.436843233148466,0.0,-1.3999999999999773,-0.0019999999999998908,-1.9599999999999937,1.29200000000003,-0.020000000000000018,0.0389999999999997
595636,2026-01-25 16:00:00,Paper Rex,Global Esports,1,1.0,2,1733.4987903317901,0.6,204.47299999999998,1.055,72.983,133.85900000000004,2.3,2.151,1379.573565428484,0.2,191.03699999999998,0.9219999999999999,69.444,125.13700000000001,1.823,2.14,353.9252249033061,0.39999999999999997,13.436000000000007,0.133,3.5390000000000015,8.722000000000023,0.47699999999999987,0.010999999999999677
598925,2026-01-25 17:00:00,Guangzhou Huadu Bilibili Gaming,All Gamers,0,0.5,0,1537.9640649627793,0.4,201.446,1.051,71.695,129.445,2.0330000000000004,2.232,1423.6046998713887,0.6,198.30200000000002,,,,,,114.3593650913906,-0.19999999999999996,3.143999999999977,,,,,
595637,2026-01-25 19:00:00,Rex Regum Qeon,DetonatioN FocusMe,1,1.0,2,1570.5856176893421,0.4,193.52800000000002,0.9920000000000002,70.499,126.41100000000002,2.0389999999999997,2.113,1384.3419107848847,0.6,189.844,0.9369999999999999,68.41300000000001,124.353,1.857,2.146,186.24370690445744,-0.19999999999999996,3.684000000000026,0.05500000000000027,2.0859999999999843,2.058000000000021,0.18199999999999972,-0.03299999999999992
598926,2026-01-25 19:30:00,Dragon Ranger Gaming,JD Mall JDG Esports,1,1.0,1,1525.5136545689113,0.4,200.30099999999996,0.9790000000000001,72.047,131.024,2.178,2.25,1429.9630296913365,0.4,191.60399999999998,,,,,,95.55062487757482,0.0,8.696999999999974,,,,,
596413,2026-01-26 06:00:00,100 Thieves,Sentinels,1,0.14285714285714285,7,1534.3541118003104,0.6,201.011,1.02,73.44000000000001,130.81,2.26,1.8930000000000002,1611.9110030820918,0.2,195.999,1.038,74.32199999999999,127.17300000000003,2.135,2.017,-77.55689128178142,0.39999999999999997,5.0120000000000005,-0.018000000000000016,-0.8819999999999766,3.636999999999972,0.125,-0.12399999999999967
596414,2026-01-26 09:00:00,ENVY,Cloud9,0,0.5,0,1516.194774260809,0.6666666666666666,195.61333333333334,0.9533333333333335,70.22333333333333,126.7,2.033333333333333,2.3000000000000003,1534.8288042322374,0.6,193.277,0.9830000000000002,73.783,125.08700000000002,2.037,2.121,-18.63402997142839,0.06666666666666665,2.336333333333357,-0.02966666666666673,-3.559666666666672,1.6129999999999853,-0.003666666666666707,0.17900000000000027
594751,2026-01-28 00:00:00,Karmine Corp,Team Liquid,0,0.25,4,1426.4657529936273,0.4,194.618,0.99,70.72,128.243,2.0909999999999997,2.4530000000000003,1584.809869271676,0.4,199.41299999999995,1.034,72.014,130.863,2.2670000000000003,2.257,-158.34411627804866,0.0,-4.794999999999959,-0.04400000000000004,-1.293999999999997,-2.6200000000000045,-0.1760000000000006,0.19600000000000017
594752,2026-01-28 03:20:00,FUT Esports,FNATIC,0,0.5,4,1475.9670026180754,0.2,186.45,0.914,66.644,121.633,2.0170000000000003,2.3040000000000003,1679.9233496450634,0.4,192.03699999999998,1.005,69.051,127.299,2.179,2.069,-203.95634702698794,-0.2,-5.586999999999989,-0.09099999999999986,-2.4069999999999965,-5.666000000000011,-0.16199999999999948,0.23500000000000032
598932,2026-01-28 17:00:00,Nova Esports,TYLOO,0,0.5,2,1403.5895610972545,0.2,181.944,,,,,,1458.1913986681873,0.4,203.53699999999998,,,,,,-54.60183757093273,-0.2,-21.59299999999999,,,,,
598933,2026-01-28 19:00:00,Wuxi Titan Esports Club,Wolves Esports,1,0.5,0,1479.9415161034487,0.0,188.6,,,,,,1479.7936184572886,0.4,179.00099999999998,,,,,,0.1478976461601178,-0.4,9.599000000000018,,,,,
594753,2026-01-29 00:00:00,PCIFIC Esports,GIANTX,0,0.5,0,1485.4092903060516,0.0,184.27,0.95,66.07,120.27,2.07,1.93,1488.339559611928,0.2,193.81300000000005,0.9919999999999998,71.15,127.207,2.267,1.8540000000000003,-2.930269305876436,-0.2,-9.543000000000035,-0.041999999999999815,-5.0800000000000125,-6.936999999999998,-0.19700000000000006,0.07599999999999962
594754,2026-01-29 03:35:00,ULF Esports,Team Heretics,0,0.5,0,1484.1811490188882,0.0,141.2,0.58,55.3,94.3,0.9,2.1,1623.0914332924553,0.4,195.07,0.9810000000000001,70.42999999999999,128.17000000000002,2.181,1.966,-138.91028427356719,-0.4,-53.870000000000005,-0.40100000000000013,-15.129999999999995,-33.87000000000002,-1.2810000000000001,0.13400000000000012
595641,2026-01-29 16:00:00,Team Secret,DetonatioN FocusMe,0,1.0,2,1412.98155931181,0.2,183.35899999999998,0.8779999999999999,66.6,121.42,1.6629999999999998,2.397,1376.1818152482733,0.4,191.184,0.9480000000000001,68.483,124.68299999999999,1.9970000000000003,2.096,36.799744063536764,-0.2,-7.825000000000017,-0.07000000000000017,-1.8830000000000098,-3.262999999999991,-0.3340000000000005,0.3009999999999997
598934,2026-01-29 17:00:00,Trace Esports,JD Mall JDG Esports,1,1.0,2,1523.9152064539976,0.4,190.41,,,,,,1418.2556181401294,0.4,190.464,,,,,,105.6595883138682,0.0,-0.054000000000002046,,,,,
595642,2026-01-29 18:00:00,ZETA DIVISION,Global Esports,0,1.0,3,1410.0411889056365,0.4,189.81300000000002,0.908,66.623,124.18400000000001,2.033,1.97,1375.8828103686187,0.2,193.34,0.9490000000000001,70.671,126.51399999999998,1.9029999999999998,2.107,34.158378537017825,0.2,-3.526999999999987,-0.041000000000000036,-4.048000000000002,-2.32999999999997,0.13000000000000012,-0.13700000000000023
598935,2026-01-29 20:10:00,FunPlus Phoenix,Guangzhou Huadu Bilibili Gaming,0,0.5,0,1453.6006568829637,0.2,185.643,,,,,,1516.879917038842,0.4,194.833,1.011,70.04199999999999,125.575,1.9160000000000004,2.295,-63.27926015587832,-0.2,-9.189999999999998,,,,,
594748,2026-01-30 00:00:00,Natus Vincere,Gentle Mates,0,1.0,1,1532.517963720305,0.8,204.60399999999998,1.039,73.23,135.23399999999998,2.197,2.0300000000000002,1395.2863523089904,0.4,189.23700000000002,0.9289999999999999,69.014,123.691,1.9140000000000001,2.37,137.2316114113146,0.4,15.366999999999962,0.10999999999999999,4.216000000000008,11.542999999999978,0.2829999999999999,-0.33999999999999986
594749,2026-01-30 02:20:00,BBL Esports,Team Vitality,1,0.5,2,1568.064410310003,0.6,201.934,1.011,70.47200000000001,132.59700000000004,2.146,2.132,1539.5859961158358,0.6,196.906,1.004,71.54599999999999,129.427,2.033,2.126,28.47841419416727,0.0,5.027999999999992,0.006999999999999895,-1.0739999999999839,3.1700000000000443,0.11299999999999999,0.006000000000000227
595643,2026-01-30 16:00:00,VARREL,KIWOOM DRX,0,0.5,0,1477.7765685992003,0.0,176.9,0.72,60.0,117.2,2.1,1.8,1637.9085717727169,0.6,189.33499999999998,0.974,69.103,123.66799999999998,2.192,2.152,-160.13200317351652,-0.6,-12.434999999999974,-0.254,-9.102999999999994,-6.467999999999975,-0.09200000000000008,-0.3520000000000001
598936,2026-01-30 17:00:00,TYLOO,Wuxi Titan Esports Club,1,0.5,0,1471.6973899329184,0.4,207.00699999999998,,,,,,1495.9347051655534,0.5,194.33499999999998,,,,,,-24.237315232634955,-0.09999999999999998,12.671999999999997,,,,,
595644,2026-01-30 19:25:00,Gen.G,T1,0,0.0,1,1594.2288830308994,0.4,193.93599999999998,0.991,71.449,126.24299999999998,2.1889999999999996,2.0729999999999995,1546.1909414245506,0.2,193.3,0.952,69.196,124.546,2.0929999999999995,2.334,48.037941606348795,0.2,0.6359999999999673,0.039000000000000035,2.253,1.6969999999999743,0.09600000000000009,-0.26100000000000056
598937,2026-01-30 20:25:00,Trace Esports,Guangzhou Huadu Bilibili Gaming,0,1.0,1,1535.194057511576,0.4,190.65300000000002,,,,,,1529.9976000814775,0.4,194.20299999999997,1.0050000000000001,70.342,125.00499999999997,1.9760000000000002,2.3449999999999998,5.196457430098462,0.0,-3.5499999999999545,,,,,
594755,2026-01-31 00:00:00,Team Liquid,FNATIC,0,0.3333333333333333,3,1593.984031802093,0.4,198.21999999999997,1.024,71.88699999999999,130.75599999999997,2.213,2.2439999999999998,1687.4792095442463,0.4,193.82399999999998,1.02,69.691,128.739,2.199,2.0959999999999996,-93.49517774215315,0.0,4.395999999999987,0.0040000000000000036,2.1959999999999837,2.0169999999999675,0.014000000000000234,0.14800000000000013
594756,2026-01-31 02:20:00,GIANTX,Team Heretics,1,0.0,1,1504.2046189230139,0.4,192.936,0.986,70.797,126.60999999999999,2.25,1.8770000000000002,1633.0147699316826,0.4,196.84,0.9880000000000001,71.22999999999999,129.27,2.281,1.886,-128.81015100866875,0.0,-3.9039999999999964,-0.002000000000000113,-0.4329999999999927,-2.660000000000025,-0.03100000000000014,-0.008999999999999675
596406,2026-01-31 06:00:00,NRG,MIBR,0,0.3333333333333333,3,1683.4294724777994,1.0,204.27000000000004,1.087,74.723,132.278,2.091,2.243,1536.9724783041686,0.6,204.187,1.0979999999999996,77.12899999999999,132.613,2.527,1.957,146.45699417363085,0.4,0.08300000000002683,-0.010999999999999677,-2.4059999999999917,-0.33500000000000796,-0.43599999999999994,0.2859999999999998
596407,2026-01-31 09:55:00,FURIA,G2 Esports,1,0.0,1,1379.8192867600703,0.4,176.13,0.807,65.887,115.78,1.6970000000000003,2.09,1738.8128358729598,0.6,200.69,1.044,73.053,130.209,2.25,2.053,-358.99354911288947,-0.19999999999999996,-24.560000000000002,-0.237,-7.165999999999997,-14.429000000000002,-0.5529999999999997,0.03699999999999992
595638,2026-01-31 16:00:00,Nongshim RedForce,FULL SENSE,1,0.5,0,1535.8516410308955,0.6,197.23,1.028,71.93299999999999,125.89000000000001,2.107,2.0789999999999997,1534.9156466173997,1.0,218.89999999999998,1.205,80.815,138.15,1.7,2.065,0.9359944134957914,-0.4,-21.669999999999987,-0.17700000000000005,-8.882000000000005,-12.259999999999991,0.40700000000000025,0.01399999999999979
598942,2026-01-31 17:00:00,Nova Esports,Wolves Esports,0,1.0,3,1390.0835698325234,0.2,180.154,,,,,,1463.800429395184,0.4,179.06099999999998,,,,,,-73.7168595626606,-0.2,1.0930000000000177,,,,,
595639,2026-01-31 18:10:00,Paper Rex,Rex Regum Qeon,0,1.0,2,1737.1895453916554,0.6,203.503,1.041,72.56300000000002,133.302,2.147,2.191,1578.7457132259535,0.4,193.01100000000002,0.9880000000000001,70.056,125.90400000000002,2.006,2.15,158.4438321657019,0.19999999999999996,10.491999999999962,0.052999999999999825,2.507000000000019,7.397999999999968,0.14100000000000001,0.040999999999999925
598929,2026-01-31 20:10:00,All Gamers,Dragon Ranger Gaming,1,0.3333333333333333,3,1444.688847795326,0.6,201.17900000000003,,,,,,1537.2210661201184,0.4,199.28699999999998,0.976,72.074,130.877,2.252,2.217,-92.53221832479244,0.19999999999999996,1.8920000000000528,,,,,
596419,2026-02-01 06:00:00,LOUD,Evil Geniuses,0,0.3333333333333333,3,1403.376509422235,0.0,187.074,0.921,67.96700000000001,123.258,2.111,2.197,1502.0727533688337,0.2,187.166,0.917,68.036,123.69300000000001,1.9929999999999999,2.301,-98.69624394659877,-0.2,-0.09199999999998454,0.0040000000000000036,-0.0689999999999884,-0.4350000000000165,0.11800000000000033,-0.10400000000000009
596420,2026-02-01 08:45:00,KRÜ Esports,LEVIATÁN,0,0.3333333333333333,3,1455.934786520775,0.4,196.953,1.024,73.27399999999999,129.2,2.0639999999999996,1.9610000000000003,1487.9047217829425,0.2,191.157,0.9630000000000001,70.57300000000001,125.949,1.9769999999999999,2.15,-31.969935262167382,0.2,5.795999999999992,0.06099999999999994,2.700999999999979,3.2509999999999906,0.08699999999999974,-0.1889999999999996
595645,2026-02-01 16:00:00,DetonatioN FocusMe,Global Esports,1,0.0,1,1393.870197013664,0.4,194.454,0.9660000000000002,69.69000000000001,126.24000000000001,1.9770000000000003,1.9960000000000004,1393.4508129915328,0.4,197.88999999999996,0.9770000000000001,71.631,129.824,2.0829999999999997,1.9970000000000003,0.4193840221312257,0.0,-3.43599999999995,-0.010999999999999899,-1.9409999999999883,-3.584000000000003,-0.10599999999999943,-0.0009999999999998899
598943,2026-02-01 17:00:00,JD Mall JDG Esports,FunPlus Phoenix,1,0.5,0,1406.976767082551,0.2,192.16399999999996,,,,,,1440.4829738403282,0.0,186.64300000000003,,,,,,-33.506206757777136,0.2,5.52099999999993,,,,,
595646,2026-02-01 19:05:00,KIWOOM DRX,T1,0,1.0,3,1647.0155322244557,0.6,190.918,0.9970000000000001,70.25999999999999,124.19099999999999,2.255,2.0949999999999998,1564.3891802845258,0.4,192.67000000000002,0.9570000000000001,68.84900000000002,124.689,2.156,2.2710000000000004,82.62635193992992,0.19999999999999996,-1.7520000000000095,0.040000000000000036,1.410999999999973,-0.49800000000000466,0.09899999999999975,-0.1760000000000006
598930,2026-02-01 20:00:00,Xi Lai Gaming,EDward Gaming,1,0.3333333333333333,3,1585.1287719513732,0.4,200.51999999999998,,,,,,1617.0754842777158,0.4,203.373,1.011,71.085,132.296,2.393,2.131,-31.94671232634255,0.0,-2.8530000000000086,,,,,
596415,2026-02-02 06:00:00,NRG,100 Thieves,1,0.5,2,1661.0578792352858,0.8,200.83,1.067,73.876,130.318,2.024,2.3299999999999996,1553.8675728251185,0.6,199.27100000000002,0.9970000000000001,72.66999999999999,130.14,2.29,2.053,107.1903064101673,0.20000000000000007,1.5589999999999975,0.06999999999999984,1.2060000000000173,0.1780000000000257,-0.266,0.2769999999999997
596416,2026-02-02 08:25:00,G2 Esports,Cloud9,1,1.0,4,1710.4093941007338,0.4,197.003,1.0070000000000001,71.326,127.71900000000001,2.1369999999999996,2.183,1549.9714972975628,0.6,197.57399999999998,1.0070000000000001,74.07300000000001,128.06,2.074,2.2380000000000004,160.43789680317104,-0.19999999999999996,-0.570999999999998,0.0,-2.747000000000014,-0.340999999999994,0.06299999999999972,-0.055000000000000604
598944,2026-02-03 17:00:00,Trace Esports,Wolves Esports,1,0.0,1,1518.9547696459167,0.2,186.80300000000003,,,,,,1476.4556836883198,0.4,180.164,,,,,,42.49908595759689,-0.2,6.639000000000038,,,,,
598938,2026-02-03 20:30:00,Dragon Ranger Gaming,TYLOO,1,0.25,4,1517.05777342595,0.2,200.12699999999998,0.9800000000000001,71.78,131.384,2.2249999999999996,2.297,1488.8117524370034,0.6,207.32,,,,,,28.24602098894661,-0.39999999999999997,-7.193000000000012,,,,,
594761,2026-02-04 00:00:00,Karmine Corp,FUT Esports,1,0.25,4,1417.2915904632102,0.2,195.138,0.9950000000000001,70.81299999999999,128.443,2.038,2.446,1468.4111427188925,0.2,183.867,0.898,66.524,119.80600000000001,1.9170000000000003,2.217,-51.119552255682265,0.0,11.271000000000015,0.09700000000000009,4.288999999999987,8.637,0.12099999999999955,0.2290000000000001
594762,2026-02-04 03:35:00,PCIFIC Esports,ULF Esports,0,0.5,0,1469.5442309949658,0.0,189.435,0.97,68.16999999999999,123.535,2.0,2.33,1474.257812379661,0.0,166.89999999999998,0.7,59.75,109.55,1.1,2.45,-4.71358138469509,0.0,22.535000000000025,0.27,8.419999999999987,13.985,0.8999999999999999,-0.1200000000000001
598945,2026-02-04 17:00:00,Wuxi Titan Esports Club,JD Mall JDG Esports,0,0.0,1,1478.8203426614684,0.3333333333333333,194.77999999999997,,,,,,1424.5150190911122,0.4,191.20099999999996,,,,,,54.30532357035622,-0.06666666666666671,3.5790000000000077,,,,,
598939,2026-02-04 20:20:00,EDward Gaming,Guangzhou Huadu Bilibili Gaming,0,0.0,2,1599.6084160709524,0.2,200.58300000000003,0.984,70.398,130.716,2.373,2.0940000000000003,1546.2368879471367,0.4,194.056,1.0030000000000001,70.629,125.40800000000002,2.0130000000000003,2.328,53.37152812381578,-0.2,6.527000000000015,-0.019000000000000128,-0.23100000000000875,5.307999999999993,0.3599999999999999,-0.23399999999999954
594757,2026-02-05 00:00:00,Natus Vincere,FNATIC,0,0.3333333333333333,3,1510.5075765026365,0.6,204.40399999999997,1.043,73.51,135.124,2.2470000000000003,2.03,1699.2746033624542,0.6,196.50399999999996,1.04,70.43100000000001,130.059,2.229,2.006,-188.76702685981763,0.0,7.900000000000006,0.0029999999999998916,3.0789999999999935,5.064999999999998,0.018000000000000238,0.02400000000000002
594758,2026-02-05 04:00:00,Team Vitality,GIANTX,1,0.6666666666666666,3,1524.894546297303,0.6,198.35600000000002,1.007,71.83599999999998,130.28699999999998,2.093,2.056,1525.8789157067806,0.4,192.716,0.982,70.47699999999999,126.32299999999998,2.24,1.95,-0.984369409477722,0.19999999999999996,5.640000000000015,0.02499999999999991,1.3589999999999947,3.9639999999999986,-0.14700000000000024,0.1060000000000001
595651,2026-02-05 16:00:00,Team Secret,ZETA DIVISION,0,0.5,2,1395.2931775464194,0.0,181.009,0.8640000000000001,66.38,119.45,1.643,2.307,1392.4731862827225,0.4,189.033,0.898,66.94300000000001,122.84400000000001,1.903,2.09,2.81999126369692,-0.4,-8.024000000000001,-0.03399999999999992,-0.5630000000000166,-3.3940000000000055,-0.26,0.21700000000000008
598946,2026-02-05 17:00:00,TYLOO,Trace Esports,1,0.0,1,1474.1096715188928,0.6,204.27299999999997,,,,,,1533.007317794621,0.4,191.136,,,,,,-58.89764627572822,0.19999999999999996,13.136999999999972,,,,,
595652,2026-02-05 18:45:00,VARREL,Gen.G,0,0.5,0,1468.6696081474615,0.0,179.185,0.8049999999999999,65.0,117.035,2.115,1.9649999999999999,1576.0306441709242,0.2,194.116,0.991,71.00899999999999,126.51599999999999,2.163,2.0589999999999997,-107.3610360234627,-0.2,-14.931000000000012,-0.18600000000000005,-6.008999999999986,-9.480999999999995,-0.0479999999999996,-0.09399999999999986
598947,2026-02-05 19:25:00,EDward Gaming,JD Mall JDG Esports,1,1.0,1,1581.1697188526632,0.2,200.26600000000002,0.9870000000000001,70.02099999999999,130.08300000000003,2.336,2.0610000000000004,1442.9957028600961,0.6,190.37400000000002,,,,,,138.1740159925671,-0.39999999999999997,9.891999999999996,,,,,
594763,2026-02-06 00:00:00,Team Heretics,Karmine Corp,1,0.6666666666666666,3,1611.3404731479159,0.4,193.63000000000002,0.9460000000000001,69.42999999999999,126.83999999999999,2.241,1.996,1435.6288908755669,0.4,195.69500000000002,0.9970000000000001,70.98299999999999,128.45000000000002,2.1479999999999997,2.373,175.711582272349,0.0,-2.0649999999999977,-0.051000000000000045,-1.5529999999999973,-1.6100000000000279,0.09300000000000042,-0.3770000000000002
594764,2026-02-06 03:00:00,Team Liquid,ULF Esports,1,0.5,0,1582.1886379838852,0.4,192.22,0.9790000000000001,69.917,126.766,2.1830000000000003,2.274,1490.040757251749,0.3333333333333333,181.26666666666665,0.8300000000000001,65.93333333333334,117.59999999999998,1.5666666666666667,2.066666666666667,92.14788073213617,0.06666666666666671,10.953333333333347,0.14900000000000002,3.9836666666666645,9.166000000000025,0.6163333333333336,0.20733333333333315
595647,2026-02-06 16:00:00,FULL SENSE,DetonatioN FocusMe,0,0.5,0,1518.9587506487942,0.6666666666666666,202.0333333333333,1.0566666666666666,74.77666666666666,128.83333333333334,1.8666666666666665,2.01,1409.8508836750923,0.6,194.301,0.9670000000000002,69.643,126.647,2.0140000000000002,1.953,109.1078669737019,0.06666666666666665,7.732333333333315,0.08966666666666645,5.133666666666656,2.1863333333333372,-0.14733333333333376,0.05699999999999972
598940,2026-02-06 17:00:00,Dragon Ranger Gaming,Guangzhou Huadu Bilibili Gaming,0,0.5,2,1531.7598543440606,0.4,201.273,0.9940000000000001,72.2,131.96999999999997,2.258,2.1830000000000007,1564.675585165426,0.6,194.06600000000003,0.9969999999999999,70.756,125.785,1.98,2.2909999999999995,-32.91573082136529,-0.19999999999999996,7.206999999999965,-0.0029999999999997806,1.4440000000000026,6.184999999999974,0.278,-0.10799999999999876
595648,2026-02-06 19:00:00,Paper Rex,T1,0,0.6666666666666666,3,1714.359952056455,0.4,198.703,0.999,70.47300000000001,130.332,2.0569999999999995,2.251,1584.124115870925,0.4,193.87,0.962,69.61900000000001,125.46899999999998,2.206,2.2310000000000003,130.23583618553016,0.0,4.832999999999998,0.03700000000000003,0.8539999999999992,4.863000000000014,-0.14900000000000047,0.019999999999999574
598948,2026-02-06 19:00:00,TYLOO,EDward Gaming,0,0.0,5,1492.7963217664876,0.6,206.863,,,,,,1591.122094514556,0.4,199.14600000000002,,,,,,-98.3257727480684,0.19999999999999996,7.7169999999999845,,,,,
594765,2026-02-07 00:00:00,Natus Vincere,Team Heretics,0,0.3333333333333333,3,1502.4354697702297,0.4,204.17699999999996,1.047,73.35,134.911,2.1599999999999997,2.11,1619.8745808201368,0.4,191.56700000000004,0.9430000000000002,69.29,125.58,2.2009999999999996,2.0060000000000002,-117.43911104990707,0.0,12.609999999999928,0.10399999999999976,4.059999999999988,9.331000000000003,-0.040999999999999925,0.10399999999999965
594766,2026-02-07 02:00:00,GIANTX,Team Liquid,0,0.0,1,1509.833583941512,0.4,184.57899999999998,0.917,68.064,121.22,2.107,2.087,1594.0418510600202,0.4,193.36,0.9890000000000001,70.677,127.58000000000001,2.156,2.201,-84.20826711850827,0.0,-8.781000000000034,-0.07200000000000006,-2.6130000000000138,-6.360000000000014,-0.04899999999999993,-0.11399999999999988
596421,2026-02-07 06:00:00,ENVY,Evil Geniuses,0,1.0,1,1501.0520811954837,0.5,195.3425,0.9650000000000001,70.435,126.625,2.2925,2.3425000000000002,1513.6460599997267,0.4,187.31599999999997,0.923,68.056,123.013,1.973,2.2609999999999997,-12.59397880424308,0.09999999999999998,8.026500000000027,0.04200000000000004,2.379000000000005,3.6119999999999948,0.3194999999999999,0.08150000000000057
596422,2026-02-07 08:30:00,Sentinels,LEVIATÁN,0,0.0,2,1592.3975420572838,0.2,195.47899999999998,1.012,73.01199999999999,127.53299999999999,2.225,2.0669999999999997,1502.436593118283,0.4,192.87400000000002,0.9809999999999999,71.613,127.026,2.037,2.023,89.96094893900067,-0.2,2.6049999999999613,0.03100000000000014,1.3989999999999867,0.5069999999999908,0.18800000000000017,0.043999999999999595
598949,2026-02-07 15:00:00,Dragon Ranger Gaming,EDward Gaming,0,0.0,2,1517.271160894815,0.4,197.526,0.9640000000000001,70.9,129.54999999999998,2.211,2.2030000000000003,1602.7111606904662,0.6,198.786,,,,,,-85.43999979565115,-0.19999999999999996,-1.259999999999991,,,,,
595653,2026-02-07 16:00:00,KIWOOM DRX,ZETA DIVISION,1,1.0,2,1627.2805966380565,0.4,190.14800000000002,0.9770000000000001,69.24,123.14099999999999,2.1949999999999994,2.1350000000000002,1408.6030488279205,0.6,191.913,0.924,68.23,124.457,1.936,2.0269999999999997,218.67754781013605,-0.19999999999999996,-1.7649999999999864,0.05300000000000005,1.009999999999991,-1.3160000000000025,0.25899999999999945,0.10800000000000054
598931,2026-02-07 18:10:00,All Gamers,Xi Lai Gaming,1,0.0,1,1464.8521404894943,0.8,202.59900000000002,,,,,,1602.5958401581365,0.6,203.89999999999995,1.04,73.64,134.351,2.0870000000000006,1.9460000000000002,-137.7436996686422,0.20000000000000007,-1.3009999999999309,,,,,
595654,2026-02-07 19:00:00,Global Esports,Gen.G,1,1.0,1,1377.4701263301044,0.4,200.283,1.002,72.224,131.42400000000004,2.17,1.9240000000000002,1587.2380665781336,0.2,196.13600000000002,1.002,71.119,128.039,2.233,2.082,-209.76794024802916,0.2,4.146999999999963,0.0,1.105000000000004,3.3850000000000477,-0.06300000000000017,-0.1579999999999997
596423,2026-02-08 04:00:00,100 Thieves,Evil Geniuses,1,1.0,2,1542.6529924039387,0.6,197.371,0.9950000000000001,72.67999999999998,128.33999999999997,2.1500000000000004,2.163,1529.0663397272942,0.4,188.613,0.95,68.946,124.54599999999998,2.04,2.2339999999999995,13.586652676644462,0.19999999999999996,8.75800000000001,0.04500000000000015,3.7339999999999804,3.793999999999997,0.11000000000000032,-0.07099999999999973
596424,2026-02-08 07:20:00,Cloud9,LEVIATÁN,1,0.6666666666666666,3,1540.8760048607767,0.6,192.79399999999998,0.9640000000000001,72.53299999999999,125.27000000000001,2.044,2.388000000000001,1522.4892807902038,0.4,190.964,0.9640000000000001,70.893,125.49600000000001,2.117,2.0629999999999997,18.386724070572882,0.19999999999999996,1.829999999999984,0.0,1.6399999999999864,-0.2259999999999991,-0.07299999999999995,0.32500000000000107
596417,2026-02-08 09:25:00,NRG,G2 Esports,0,0.0,2,1672.2724596564656,0.8,198.79000000000002,1.067,73.441,129.303,2.0940000000000003,2.295,1719.50488653752,0.4,198.48,1.014,71.743,128.846,2.15,2.183,-47.23242688105438,0.4,0.3100000000000307,0.052999999999999936,1.6980000000000075,0.45699999999999363,-0.055999999999999606,0.1120000000000001
595655,2026-02-08 16:00:00,FULL SENSE,KIWOOM DRX,0,1.0,1,1498.093056881918,0.5,201.92499999999998,1.035,73.465,130.5575,2.0,1.9249999999999998,1634.3583232867895,0.4,190.70200000000003,0.976,69.34,123.275,2.1949999999999994,2.115,-136.26526640487145,0.09999999999999998,11.222999999999956,0.05899999999999994,4.125,7.282499999999999,-0.1949999999999994,-0.1900000000000004
598941,2026-02-08 17:00:00,Xi Lai Gaming,Guangzhou Huadu Bilibili Gaming,1,0.5,0,1580.565209414045,0.6,200.98199999999997,1.016,72.614,131.64100000000002,2.0770000000000004,1.9820000000000004,1579.1642786146715,0.8,194.97900000000004,1.012,72.036,126.53500000000001,1.9700000000000002,2.221,1.4009307993735547,-0.20000000000000007,6.002999999999929,0.0040000000000000036,0.578000000000003,5.106000000000009,0.1070000000000002,-0.23899999999999966
595656,2026-02-08 18:00:00,Paper Rex,Global Esports,1,1.0,3,1692.62834136496,0.4,197.233,0.986,70.203,129.502,2.037,2.271,1402.105648993511,0.6,201.3,1.015,72.327,132.024,2.2199999999999998,1.9809999999999994,290.522692371449,-0.19999999999999996,-4.067000000000007,-0.028999999999999915,-2.1239999999999952,-2.5219999999999914,-0.18299999999999983,0.2900000000000005
598950,2026-02-09 17:00:00,Guangzhou Huadu Bilibili Gaming,EDward Gaming,0,1.0,2,1563.228793512529,0.8,192.72400000000002,0.999,71.46499999999999,125.862,1.9700000000000002,2.217,1614.8539462648955,0.6,198.286,,,,,,-51.6251527523666,0.20000000000000007,-5.561999999999983,,,,,
595657,2026-02-12 16:00:00,KIWOOM DRX,Paper Rex,0,0.5,6,1644.3861980224617,0.6,192.31200000000004,0.99,70.22,123.975,2.1949999999999994,2.075,1697.6877562377017,0.4,196.22,0.974,69.61999999999999,129.005,2.034,2.328,-53.30155821523999,0.19999999999999996,-3.9079999999999586,0.016000000000000014,0.6000000000000085,-5.030000000000001,0.1609999999999996,-0.25299999999999967
594767,2026-02-13 01:00:00,Team Heretics,Team Liquid,0,0.3333333333333333,3,1630.6632872732275,0.6,197.167,1.001,71.77000000000001,128.57999999999998,2.2809999999999997,1.916,1606.2381088707891,0.6,193.394,0.9860000000000001,71.01000000000002,127.88,2.176,2.1740000000000004,24.425178402438405,0.0,3.772999999999996,0.014999999999999791,0.7599999999999909,0.6999999999999886,0.10499999999999954,-0.25800000000000045
595649,2026-02-13 15:00:00,DetonatioN FocusMe,T1,0,0.3333333333333333,3,1430.7165774419684,0.8,194.567,0.959,69.703,126.827,2.0140000000000002,2.04,1605.85572656242,0.6,194.057,0.961,69.87899999999999,125.86300000000001,2.213,2.2439999999999998,-175.13914912045152,0.20000000000000007,0.5100000000000193,-0.0020000000000000018,-0.17599999999998772,0.9639999999999844,-0.19899999999999984,-0.20399999999999974
595640,2026-02-13 17:00:00,Nongshim RedForce,Rex Regum Qeon,1,1.0,2,1551.808536999501,0.8,197.927,1.032,72.23999999999998,125.923,2.05,2.146,1601.5753065611539,0.6,194.898,1.009,70.87299999999999,128.14100000000002,2.029,2.077,-49.766769561652836,0.20000000000000007,3.0289999999999964,0.02300000000000013,1.3669999999999902,-2.2180000000000177,0.020999999999999908,0.06899999999999995
594759,2026-02-13 21:00:00,FNATIC,Team Vitality,1,1.0,2,1707.346710094861,0.6,194.581,1.017,69.654,128.496,2.252,2.056,1540.9398780625716,0.6,203.23600000000002,1.055,73.306,134.477,2.153,1.9759999999999998,166.40683203228946,0.0,-8.65500000000003,-0.038000000000000034,-3.652000000000001,-5.9809999999999945,0.09899999999999975,0.0800000000000003
594750,2026-02-13 23:15:00,Gentle Mates,BBL Esports,0,0.0,2,1417.296739526659,0.6,194.247,0.967,70.634,126.74100000000001,1.9739999999999998,2.3200000000000003,1582.755860128536,0.6,202.887,1.023,71.489,133.28699999999998,2.1759999999999997,2.0889999999999995,-165.45912060187698,0.0,-8.639999999999986,-0.05599999999999994,-0.855000000000004,-6.545999999999964,-0.20199999999999996,0.23100000000000076
596425,2026-02-14 04:00:00,100 Thieves,Cloud9,1,0.3333333333333333,3,1558.0276226737553,0.6,196.514,0.999,72.26299999999999,128.07,2.2,2.226,1556.030054517561,0.6,194.02400000000003,0.9879999999999999,72.663,125.98999999999998,2.094,2.2880000000000003,1.9975681561943475,0.0,2.4899999999999807,0.01100000000000012,-0.4000000000000057,2.0800000000000125,0.10600000000000032,-0.06200000000000028
596408,2026-02-14 07:30:00,MIBR,FURIA,0,0.3333333333333333,3,1559.3440715466822,0.6,202.317,1.0919999999999999,77.01899999999999,131.56599999999997,2.584,1.8370000000000002,1408.2227285322963,0.6,178.683,0.842,67.05,117.58,1.7670000000000001,2.0370000000000004,151.12134301438596,0.0,23.634000000000015,0.2499999999999999,9.968999999999994,13.985999999999976,0.817,-0.20000000000000018
595658,2026-02-14 15:00:00,DetonatioN FocusMe,Paper Rex,0,0.5,2,1422.1618321641733,0.6,196.30700000000002,0.975,70.743,127.84700000000001,2.064,2.02,1711.2522064922878,0.6,194.183,0.9650000000000001,69.44999999999999,127.91799999999998,2.0940000000000003,2.3209999999999997,-289.0903743281144,0.0,2.1240000000000236,0.009999999999999898,1.2930000000000064,-0.07099999999996953,-0.03000000000000025,-0.3009999999999997
595650,2026-02-14 17:00:00,Rex Regum Qeon,T1,0,0.0,1,1583.2990090614833,0.6,193.43099999999998,0.9969999999999999,70.634,127.77600000000002,2.021,2.081,1614.410471840215,0.8,197.017,0.985,70.35900000000001,127.423,2.2729999999999997,2.2139999999999995,-31.11146277873172,-0.20000000000000007,-3.5860000000000127,0.0119999999999999,0.2749999999999915,0.35300000000002285,-0.2519999999999998,-0.13299999999999956
594768,2026-02-14 21:00:00,Team Vitality,Team Liquid,0,1.0,2,1532.0664094079093,0.6,200.33599999999998,1.0370000000000001,72.36599999999999,133.207,2.1130000000000004,1.9360000000000004,1623.3610805022386,0.8,194.00400000000002,0.9940000000000001,72.1,128.96699999999998,2.093,2.167,-91.29467109432926,-0.20000000000000007,6.331999999999965,0.04300000000000004,0.26599999999999113,4.240000000000009,0.020000000000000462,-0.23099999999999943
594760,2026-02-15 00:10:00,Gentle Mates,FNATIC,1,0.0,2,1408.3882430892609,0.6,196.58700000000002,0.9880000000000001,71.06000000000002,128.53699999999998,2.0439999999999996,2.3120000000000003,1716.2201787495233,0.8,196.99800000000002,1.033,70.487,129.333,2.275,2.023,-307.8319356602624,-0.20000000000000007,-0.41100000000000136,-0.04499999999999982,0.5730000000000217,-0.7960000000000207,-0.23100000000000032,0.28900000000000015
596426,2026-02-15 04:00:00,NRG,100 Thieves,1,0.6666666666666666,3,1658.4342918720488,0.6,197.043,1.047,72.828,128.37,2.021,2.2849999999999997,1573.9356322742008,0.8,199.054,1.03,73.796,129.82999999999998,2.246,2.206,84.49865959784802,-0.20000000000000007,-2.0109999999999957,0.016999999999999904,-0.9680000000000035,-1.4599999999999795,-0.2250000000000001,0.07899999999999974
596418,2026-02-15 06:20:00,MIBR,G2 Esports,0,0.0,1,1536.792712742599,0.4,203.77900000000002,1.1,77.133,132.83599999999996,2.518,1.8010000000000002,1733.3430543219367,0.6,200.76,1.033,72.32300000000001,130.686,2.22,2.053,-196.55034157933778,-0.19999999999999996,3.019000000000034,0.06700000000000017,4.809999999999988,2.149999999999949,0.2979999999999996,-0.2519999999999998
595659,2026-02-15 15:00:00,Rex Regum Qeon,Paper Rex,0,0.5,2,1568.7279276562622,0.4,188.01100000000002,0.9649999999999999,69.161,124.52599999999998,1.9709999999999996,2.184,1716.3468402831074,0.6,196.55,0.983,69.89299999999999,129.785,2.1410000000000005,2.2239999999999998,-147.61891262684526,-0.19999999999999996,-8.538999999999987,-0.018000000000000127,-0.7319999999999851,-5.2590000000000146,-0.17000000000000082,-0.03999999999999959
594769,2026-02-16 01:00:00,FNATIC,Team Liquid,0,0.75,4,1688.8694882332456,0.8,196.59500000000003,1.018,70.10799999999999,129.07600000000002,2.294,2.0800000000000005,1635.2509693266393,0.8,192.60399999999998,0.9849999999999998,71.58,127.801,2.0330000000000004,2.1670000000000003,53.61851890660637,0.0,3.9910000000000423,0.03300000000000025,-1.4720000000000084,1.27500000000002,0.2609999999999997,-0.08699999999999974
596427,2026-02-16 06:00:00,MIBR,NRG,0,0.0,2,1528.9880271016623,0.4,202.28900000000002,1.0790000000000002,76.386,131.63600000000002,2.3879999999999995,1.8340000000000003,1670.6179349354886,0.6,197.57300000000004,1.066,73.93800000000002,128.4,2.0010000000000003,2.1149999999999998,-141.62990783382634,-0.19999999999999996,4.71599999999998,0.013000000000000123,2.447999999999979,3.2360000000000184,0.3869999999999991,-0.2809999999999995
625788,2026-03-01 01:00:00,Gentle Mates,EDward Gaming,1,0.5,0,1435.7389336055385,0.8,198.471,1.0050000000000001,71.52399999999999,129.389,2.141,2.277,1628.4938638177873,0.8,197.09099999999998,,,,,,-192.75493021224884,0.0,1.3800000000000239,,,,,
625791,2026-03-01 03:30:00,Xi Lai Gaming,NRG,0,0.5,0,1596.5006945161877,0.6,201.694,1.024,72.989,132.25799999999998,2.1529999999999996,1.9949999999999999,1680.4344134291334,0.6,197.972,1.0719999999999998,74.117,129.26899999999998,2.018,2.056,-83.93371891294578,0.0,3.72199999999998,-0.04799999999999982,-1.1280000000000001,2.9890000000000043,0.1349999999999998,-0.061000000000000165
625790,2026-03-02 01:00:00,G2 Esports,Paper Rex,0,0.5,2,1741.1477399628734,0.8,203.66,1.0470000000000002,73.316,132.71300000000002,2.193,1.9999999999999996,1725.9302842664422,0.8,196.702,0.983,70.113,130.012,2.1740000000000004,2.1340000000000003,15.217455696431216,0.0,6.957999999999998,0.06400000000000017,3.203000000000003,2.701000000000022,0.018999999999999684,-0.13400000000000079
625789,2026-03-02 03:05:00,T1,Team Liquid,0,0.5,0,1628.981553245436,1.0,197.594,0.986,71.24600000000001,127.58000000000001,2.276,2.274,1653.700775443023,1.0,196.421,1.004,73.067,130.221,2.0759999999999996,2.1900000000000004,-24.719222197586987,0.0,1.1730000000000018,-0.018000000000000016,-1.8209999999999837,-2.640999999999991,0.20000000000000018,0.08399999999999963
626529,2026-03-03 02:00:00,Paper Rex,NRG,1,1.0,1,1742.6306262149585,1.0,201.015,1.0110000000000001,70.73,133.152,2.1670000000000003,2.1270000000000002,1692.642602318114,0.8,196.112,1.057,73.727,128.099,2.018,2.096,49.988023896844425,0.19999999999999996,4.902999999999992,-0.04599999999999982,-2.997,5.052999999999997,0.14900000000000047,0.03100000000000014
626530,2026-03-03 05:30:00,Gentle Mates,Team Liquid,1,0.5,2,1459.8045984918488,0.8,196.89800000000002,1.018,70.987,128.01899999999998,2.134,2.27,1668.564330102468,1.0,198.11399999999998,1.0150000000000001,73.23,131.31400000000002,2.1689999999999996,2.167,-208.75973161061916,-0.19999999999999996,-1.2159999999999513,0.0029999999999998916,-2.243000000000009,-3.2950000000000443,-0.0349999999999997,0.1030000000000002
626532,2026-03-04 02:00:00,EDward Gaming,T1,0,0.3333333333333333,3,1604.428198931477,0.8,195.731,,,,,,1614.1179985859912,0.8,197.471,0.9880000000000001,70.606,128.037,2.266,2.294,-9.689799654514218,0.0,-1.740000000000009,,,,,
626533,2026-03-04 04:10:00,Xi Lai Gaming,G2 Esports,0,0.0,1,1584.292505627207,0.6,197.81099999999998,0.999,72.102,129.43099999999998,2.113,1.9919999999999998,1724.447398014357,0.6,204.94,1.0470000000000002,73.72599999999998,133.863,2.2429999999999994,1.8900000000000001,-140.15489238715008,0.0,-7.129000000000019,-0.048000000000000154,-1.623999999999981,-4.432000000000016,-0.12999999999999945,0.10199999999999965
626535,2026-03-05 02:00:00,NRG,Team Liquid,1,1.0,1,1678.9288818189877,0.6,197.12599999999998,1.066,74.354,128.579,2.0849999999999995,1.982,1643.9617638070781,0.8,198.73399999999998,1.0070000000000001,73.49,131.504,2.2390000000000003,2.0869999999999997,34.96711801190963,-0.20000000000000007,-1.608000000000004,0.05899999999999994,0.8640000000000043,-2.924999999999983,-0.1540000000000008,-0.10499999999999976
626534,2026-03-05 04:20:00,G2 Esports,T1,1,0.5,2,1734.3217525774796,0.8,206.92,1.0490000000000002,73.71599999999998,134.853,2.243,1.8599999999999999,1629.6718824817358,0.8,200.331,1.012,71.656,130.11700000000002,2.206,2.144,104.64987009574384,0.0,6.588999999999999,0.037000000000000144,2.059999999999974,4.73599999999999,0.03699999999999992,-0.28400000000000025
626539,2026-03-07 02:00:00,FURIA,Paper Rex,0,0.5,0,1430.7740873363796,0.8,179.88699999999997,0.8610000000000001,67.628,118.38199999999999,1.721,2.0510000000000006,1756.3443467140848,1.0,198.015,0.9990000000000002,70.38400000000001,131.459,2.1870000000000003,2.147,-325.57025937770527,-0.19999999999999996,-18.128000000000014,-0.13800000000000012,-2.7560000000000144,-13.077000000000012,-0.4660000000000002,-0.0959999999999992
626537,2026-03-07 05:00:00,Nongshim RedForce,Gentle Mates,1,0.5,0,1570.0848344991716,0.8,197.52,1.029,72.248,125.79800000000003,2.0740000000000003,2.165,1484.4071647872386,0.8,198.711,1.036,71.97999999999999,128.84199999999998,2.097,2.2399999999999998,85.67766971193305,0.0,-1.1910000000000025,-0.007000000000000117,0.2680000000000149,-3.0439999999999543,-0.022999999999999687,-0.07499999999999973
626540,2026-03-08 01:00:00,BBL Esports,NRG,0,0.5,0,1591.664356565934,0.8,200.309,1.0,70.21700000000001,132.023,2.158,2.159,1693.32400153692,0.8,197.39600000000002,1.0710000000000002,74.974,129.01899999999998,2.1849999999999996,1.842,-101.65964497098594,0.0,2.9129999999999825,-0.07100000000000017,-4.756999999999991,3.004000000000019,-0.02699999999999969,0.3169999999999997
626538,2026-03-08 04:30:00,All Gamers,G2 Esports,0,0.5,0,1486.8827712335858,0.8,198.50100000000003,,,,,,1745.643090625165,0.8,206.46999999999997,1.0370000000000004,73.29599999999999,135.04300000000003,2.1830000000000003,1.9799999999999998,-258.7603193915793,0.0,-7.968999999999937,,,,,
626546,2026-03-09 01:00:00,FURIA,BBL Esports,0,0.5,0,1426.5160324116039,0.8,181.23399999999998,0.867,67.715,119.58200000000002,1.735,2.0380000000000003,1580.2167737430486,0.8,198.24200000000002,0.986,69.297,130.496,2.118,2.219,-153.70074133144476,0.0,-17.008000000000038,-0.119,-1.5819999999999936,-10.913999999999987,-0.3829999999999998,-0.1809999999999996
626545,2026-03-09 04:30:00,Gentle Mates,All Gamers,0,0.5,0,1472.2746865124464,0.6,201.27100000000002,1.057,73.17999999999998,130.252,2.087,2.29,1480.9950861108316,0.8,195.14100000000002,,,,,,-8.720399598385256,-0.20000000000000007,6.1299999999999955,,,,,
626541,2026-03-10 02:00:00,Nongshim RedForce,G2 Esports,1,0.5,0,1582.2173127739638,1.0,201.327,1.055,73.161,128.45099999999996,2.221,2.072,1751.5307757479193,0.8,207.6,1.062,73.79299999999999,135.38,2.0930000000000004,1.923,-169.31346297395544,0.19999999999999996,-6.272999999999996,-0.007000000000000117,-0.6319999999999908,-6.9290000000000305,0.12799999999999967,0.14900000000000002
626542,2026-03-10 05:20:00,Paper Rex,NRG,0,1.0,1,1760.6024016388606,1.0,202.29199999999997,1.028,71.884,134.012,2.174,2.064,1704.7715843598053,0.8,196.939,1.065,74.46900000000001,129.226,2.234,1.8510000000000002,55.83081727905528,0.19999999999999996,5.35299999999998,-0.03699999999999992,-2.585000000000008,4.786000000000001,-0.06000000000000005,0.21299999999999986
626548,2026-03-11 02:00:00,G2 Esports,BBL Esports,1,0.5,0,1728.2973452783278,0.6,207.8,1.06,73.55300000000001,135.85399999999998,2.1060000000000003,1.9300000000000002,1589.5668460069812,0.8,197.352,0.978,69.05999999999999,130.036,2.0609999999999995,2.2560000000000002,138.73049927134662,-0.20000000000000007,10.448000000000008,0.08200000000000007,4.493000000000023,5.817999999999984,0.04500000000000082,-0.32600000000000007
626547,2026-03-11 04:10:00,Paper Rex,All Gamers,1,0.5,0,1742.053202095876,0.8,201.642,1.028,72.074,133.849,2.1870000000000003,2.114,1496.5935811777442,0.8,194.748,,,,,,245.4596209181318,0.0,6.8940000000000055,,,,,
626543,2026-03-14 01:00:00,Nongshim RedForce,NRG,1,0.5,0,1605.4507432435553,1.0,199.77000000000004,1.044,72.574,127.758,2.218,2.105,1723.3207839027898,0.8,195.98899999999998,1.047,73.71900000000001,129.47599999999997,2.2940000000000005,1.9310000000000003,-117.87004065923452,0.19999999999999996,3.7810000000000628,-0.0029999999999998916,-1.1450000000000102,-1.717999999999975,-0.07600000000000051,0.1739999999999997
626549,2026-03-14 03:25:00,Paper Rex,G2 Esports,1,0.5,2,1748.317668969561,0.8,206.35500000000002,1.065,74.15700000000001,136.74899999999997,2.2540000000000004,2.077,1738.227768480669,0.8,208.827,1.082,74.18300000000002,136.25400000000002,2.173,1.8470000000000002,10.089900488891999,0.0,-2.47199999999998,-0.017000000000000126,-0.02600000000001046,0.4949999999999477,0.0810000000000004,0.22999999999999976
626550,2026-03-15 01:00:00,NRG,Paper Rex,0,0.0,1,1702.0917577340185,0.6,195.756,1.0379999999999998,73.61600000000001,129.313,2.3140000000000005,1.9440000000000002,1763.8531424644596,0.8,208.635,1.08,74.54400000000001,138.449,2.287,2.024,-61.76138473044102,-0.20000000000000007,-12.87899999999999,-0.04200000000000026,-0.9279999999999973,-9.136000000000024,0.02700000000000058,-0.07999999999999985
626544,2026-03-16 02:00:00,Nongshim RedForce,Paper Rex,1,0.5,0,1626.6797694123266,1.0,199.21,1.041,72.88399999999999,127.61799999999998,2.228,2.0749999999999997,1777.0385106626422,0.8,209.888,1.0859999999999999,74.687,139.561,2.265,2.002,-150.3587412503157,0.19999999999999996,-10.677999999999997,-0.04499999999999993,-1.8030000000000115,-11.943000000000026,-0.03699999999999992,0.07299999999999995
642914,2026-03-31 17:00:00,Wuxi Titan Esports Club,All Gamers,0,0.5,0,1460.3396588924845,0.25,194.135,,,,,,1490.3291143040592,0.6,193.31099999999998,,,,,,-29.98945541157468,-0.35,0.8240000000000123,,,,,
642915,2026-03-31 20:30:00,Nova Esports,EDward Gaming,0,1.0,1,1377.4283155393875,0.2,181.87099999999998,,,,,,1588.8743150357325,0.6,192.50099999999998,,,,,,-211.44599949634494,-0.39999999999999997,-10.629999999999995,,,,,
642916,2026-04-01 17:00:00,JD Mall JDG Esports,FunPlus Phoenix,1,1.0,1,1433.0433271982033,0.4,190.34700000000004,,,,,,1422.944721831767,0.0,187.59,,,,,,10.098605366436232,0.4,2.7570000000000334,,,,,
642917,2026-04-01 20:10:00,Dragon Ranger Gaming,Xi Lai Gaming,0,1.0,1,1505.1283753203857,0.4,196.31900000000002,0.9550000000000001,70.17699999999999,128.78000000000003,2.178,2.133,1574.4181510640844,0.4,195.18099999999998,0.9690000000000001,70.619,127.93099999999997,2.0959999999999996,1.9989999999999999,-69.28977574369878,0.0,1.1380000000000337,-0.014000000000000012,-0.4420000000000073,0.8490000000000606,0.0820000000000003,0.13400000000000012
644709,2026-04-01 23:00:00,FNATIC,Eternal Fire,1,0.5,0,1670.4196821168618,0.6,194.548,0.9979999999999999,69.31499999999998,127.50300000000001,2.3400000000000003,2.1260000000000003,1500.0,0.5,,,,,,,170.41968211686185,0.09999999999999998,,,,,,
644710,2026-04-02 02:35:00,Team Liquid,Karmine Corp,1,0.75,4,1629.566644089146,0.6,196.48099999999997,0.9800000000000002,73.393,129.904,2.136,2.11,1427.094783203346,0.2,196.968,1.0100000000000002,71.38999999999999,128.984,2.0949999999999998,2.3329999999999997,202.47186088579997,0.39999999999999997,-0.4870000000000232,-0.030000000000000027,2.0030000000000143,0.9199999999999875,0.04100000000000037,-0.22299999999999986
642918,2026-04-02 17:00:00,Wolves Esports,Trace Esports,0,0.5,2,1462.4031355396155,0.4,181.502,,,,,,1514.3206675470262,0.4,190.59900000000002,,,,,,-51.91753200741073,0.0,-9.097000000000008,,,,,
642919,2026-04-02 19:30:00,Guangzhou Huadu Bilibili Gaming,TYLOO,0,1.0,2,1549.588875959637,0.6,189.309,0.9730000000000001,70.57999999999998,123.92699999999999,1.9600000000000002,2.212,1481.2072555905775,0.6,206.64299999999997,,,,,,68.38162036905965,0.0,-17.333999999999975,,,,,
644711,2026-04-02 23:00:00,Team Vitality,GIANTX,1,0.75,4,1520.1765205835086,0.4,196.026,1.001,70.779,130.644,2.05,2.063,1497.637326130743,0.4,184.426,0.9239999999999998,68.41,120.853,2.12,2.0599999999999996,22.539194452765514,0.0,11.600000000000023,0.07700000000000007,2.3689999999999998,9.791000000000011,-0.07000000000000028,0.0030000000000005578
644712,2026-04-03 01:05:00,Gentle Mates,FUT Esports,0,0.25,4,1456.6761914455337,0.6,200.77100000000002,1.052,73.37999999999998,130.012,2.0940000000000003,2.23,1450.0738423065359,0.0,185.974,0.914,67.277,121.45599999999999,1.9140000000000001,2.2670000000000003,6.602349138997852,0.6,14.797000000000025,0.138,6.10299999999998,8.556000000000012,0.18000000000000016,-0.037000000000000366
644652,2026-04-03 16:00:00,Gen.G,Global Esports,0,1.0,3,1562.602543914727,0.2,197.47,1.009,71.505,128.98599999999996,2.24,2.129,1397.0462341207694,0.4,199.243,0.9979999999999999,71.69700000000002,130.691,2.217,2.058,165.55630979395755,-0.2,-1.7729999999999961,0.01100000000000001,-0.1920000000000215,-1.705000000000041,0.02300000000000013,0.07100000000000017
642920,2026-04-03 17:00:00,Dragon Ranger Gaming,Nova Esports,1,0.75,4,1492.277645597854,0.2,195.43900000000002,0.9410000000000001,69.91,128.07299999999998,2.185,2.123,1370.1184621050327,0.2,183.031,,,,,,122.15918349282128,0.0,12.408000000000015,,,,,
644653,2026-04-03 18:15:00,T1,VARREL,1,0.5,0,1618.3505444340503,0.6,200.561,1.009,71.826,130.847,2.256,2.114,1457.4621857402522,0.0,182.25666666666666,0.86,65.71,120.15666666666668,2.3200000000000003,2.243333333333333,160.88835869379818,0.6,18.304333333333346,0.1489999999999999,6.116,10.690333333333328,-0.0640000000000005,-0.1293333333333333
642921,2026-04-03 19:10:00,FunPlus Phoenix,All Gamers,1,0.3333333333333333,3,1407.4096488731016,0.0,187.403,,,,,,1504.9514685542651,0.6,195.621,,,,,,-97.54181968116359,-0.6,-8.218000000000018,,,,,
644713,2026-04-03 23:00:00,Team Heretics,Natus Vincere,0,0.5,4,1613.540315641778,0.6,192.84699999999998,0.9619999999999997,70.21000000000001,125.62,2.2109999999999994,1.916,1491.646763317139,0.4,199.29699999999997,1.0059999999999998,71.60999999999999,132.381,1.9899999999999998,2.1599999999999997,121.89355232463913,0.19999999999999996,-6.449999999999989,-0.04400000000000004,-1.3999999999999773,-6.760999999999996,0.22099999999999964,-0.24399999999999977
644714,2026-04-04 02:55:00,BBL Esports,PCIFIC Esports,1,1.0,1,1579.63642280464,0.6,195.70499999999998,0.9629999999999999,68.50699999999998,129.19599999999997,1.9909999999999997,2.303,1453.7612861228777,0.0,183.65666666666667,0.9199999999999999,67.54666666666667,119.82333333333334,1.7666666666666666,2.3866666666666667,125.87513668176234,0.6,12.048333333333318,0.04299999999999993,0.9603333333333097,9.372666666666632,0.22433333333333305,-0.08366666666666678
644654,2026-04-04 16:00:00,Nongshim RedForce,Paper Rex,0,1.0,1,1649.2018708390776,1.0,204.36,1.0759999999999998,74.487,130.965,2.295,1.918,1754.5164092358912,0.6,206.73499999999999,1.0579999999999998,73.114,137.448,2.118,2.076,-105.31453839681353,0.4,-2.3749999999999716,0.018000000000000016,1.3729999999999905,-6.483000000000004,0.17700000000000005,-0.15800000000000014
642922,2026-04-04 17:00:00,TYLOO,Wuxi Titan Esports Club,1,1.0,1,1500.3163034289669,0.6,206.14600000000002,,,,,,1445.7173046422786,0.2,195.094,,,,,,54.5989987866883,0.39999999999999997,11.052000000000021,,,,,
644655,2026-04-04 19:10:00,FULL SENSE,DetonatioN FocusMe,1,0.0,1,1488.065182146246,0.4,196.44,0.976,73.252,128.346,1.8399999999999999,2.04,1417.0671983733537,0.6,191.77000000000004,0.944,68.83,125.167,1.934,2.107,70.99798377289221,-0.19999999999999996,4.669999999999959,0.03200000000000003,4.421999999999997,3.179000000000002,-0.09400000000000008,-0.06700000000000017
642923,2026-04-04 19:30:00,Wolves Esports,EDward Gaming,0,0.0,1,1448.7763879522488,0.2,182.84199999999998,,,,,,1596.1841684700873,0.6,197.171,,,,,,-147.40778051783855,-0.39999999999999997,-14.329000000000008,,,,,
644656,2026-04-05 16:00:00,Team Secret,KIWOOM DRX,0,0.5,2,1379.1633150012215,0.0,181.84300000000002,0.8640000000000001,67.11399999999999,119.15599999999999,1.577,2.34,1630.8217477678756,0.6,193.445,0.993,70.00699999999998,124.72200000000001,2.1610000000000005,2.1420000000000003,-251.6584327666542,-0.6,-11.601999999999975,-0.1289999999999999,-2.8929999999999865,-5.566000000000017,-0.5840000000000005,0.1979999999999995
642924,2026-04-05 17:00:00,Trace Esports,Xi Lai Gaming,0,0.0,1,1527.947415134393,0.6,193.539,,,,,,1587.2688807866161,0.4,199.531,0.9949999999999999,72.58900000000001,131.141,2.1260000000000003,1.959,-59.321465652223196,0.19999999999999996,-5.992000000000019,,,,,
644657,2026-04-05 18:30:00,Rex Regum Qeon,ZETA DIVISION,1,1.0,1,1559.1444836729274,0.4,187.51400000000004,0.951,68.861,123.896,1.9010000000000002,2.2239999999999998,1401.5253221791875,0.4,187.51600000000002,0.9019999999999999,67.23,121.53399999999999,1.8630000000000002,2.114,157.61916149373997,0.0,-0.001999999999981128,0.049000000000000044,1.6310000000000002,2.362000000000009,0.038000000000000034,0.10999999999999988
642925,2026-04-05 20:25:00,Guangzhou Huadu Bilibili Gaming,JD Mall JDG Esports,1,1.0,1,1530.4798281212477,0.4,189.827,0.9730000000000001,70.838,124.49499999999998,1.9200000000000004,2.2270000000000003,1448.5784001568688,0.6,193.12000000000003,,,,,,81.90142796437885,-0.19999999999999996,-3.293000000000035,,,,,
642927,2026-04-07 17:00:00,FunPlus Phoenix,TYLOO,1,0.0,2,1427.7872034452123,0.2,185.903,,,,,,1513.8224222483145,0.6,208.57600000000002,,,,,,-86.03521880310223,-0.39999999999999997,-22.67300000000003,,,,,
642928,2026-04-07 20:30:00,Wuxi Titan Esports Club,Guangzhou Huadu Bilibili Gaming,1,0.5,0,1432.211185822931,0.2,194.5616666666667,,,,,,1542.7764727203735,0.4,197.177,1.024,72.94800000000001,128.76500000000001,1.9400000000000002,2.1969999999999996,-110.56528689744255,-0.2,-2.6153333333332967,,,,,
642929,2026-04-08 17:00:00,Xi Lai Gaming,Nova Esports,1,1.0,1,1600.5632671409276,0.6,201.64800000000002,1.0150000000000001,73.709,132.39399999999995,2.213,1.9060000000000001,1359.5231959085615,0.0,184.01100000000002,,,,,,241.04007123236602,0.6,17.637,,,,,
642930,2026-04-08 19:30:00,EDward Gaming,Trace Esports,1,1.0,2,1605.775773696297,0.6,196.581,,,,,,1514.6530287800815,0.4,191.272,,,,,,91.12274491621542,0.19999999999999996,5.3089999999999975,,,,,
644716,2026-04-08 23:00:00,PCIFIC Esports,GIANTX,0,0.0,1,1443.3170679137581,0.0,181.41750000000002,0.9299999999999999,68.11,118.56750000000001,1.825,2.415,1482.6738407415405,0.4,182.39299999999997,0.8999999999999998,68.147,119.80300000000003,2.0599999999999996,2.113,-39.35677282778238,-0.4,-0.9754999999999541,0.030000000000000138,-0.03700000000000614,-1.235500000000016,-0.23499999999999965,0.30200000000000005
644717,2026-04-09 02:25:00,BBL Esports,Eternal Fire,0,0.5,0,1590.0806410137595,0.6,192.255,0.9549999999999998,67.86699999999999,127.41600000000001,2.0709999999999997,2.243,1491.2739033166647,0.0,173.2,0.84,61.93,112.93,2.07,2.8,98.80673769709483,0.6,19.055000000000007,0.11499999999999988,5.9369999999999905,14.486000000000004,0.0009999999999998899,-0.5569999999999999
642931,2026-04-09 17:00:00,JD Mall JDG Esports,All Gamers,0,1.0,1,1436.281755557743,0.6,192.407,,,,,,1484.5739139821544,0.4,192.138,,,,,,-48.292158424411355,0.19999999999999996,0.26900000000000546,,,,,
642932,2026-04-09 19:25:00,Dragon Ranger Gaming,Wolves Esports,1,0.0,1,1502.872911794325,0.4,197.97899999999998,0.97,71.247,129.316,2.1449999999999996,2.083,1439.1847827260392,0.2,185.392,,,,,,63.68812906828589,0.2,12.586999999999989,,,,,
644718,2026-04-09 23:00:00,FNATIC,Team Vitality,1,1.0,3,1679.1457788001971,0.6,198.518,1.025,70.285,129.71300000000002,2.35,2.1630000000000003,1535.1400059727112,0.4,198.18599999999998,1.0359999999999998,72.269,131.93400000000003,2.0800000000000005,1.9330000000000003,144.005772827486,0.19999999999999996,0.33200000000002206,-0.010999999999999899,-1.9840000000000089,-2.2210000000000036,0.2699999999999996,0.22999999999999998
644719,2026-04-10 01:30:00,Team Liquid,Team Heretics,1,0.0,1,1637.1719371396907,0.6,197.224,0.9920000000000002,73.67999999999999,129.48399999999998,2.163,2.12,1592.146421570279,0.4,190.7,0.951,69.69700000000002,124.793,2.2279999999999998,1.8690000000000002,45.02551556941171,0.19999999999999996,6.524000000000001,0.04100000000000026,3.9829999999999757,4.690999999999974,-0.06499999999999995,0.2509999999999999
644658,2026-04-10 16:00:00,DetonatioN FocusMe,T1,0,0.0,1,1404.2920131631013,0.4,189.98000000000002,0.9169999999999998,67.93,124.13700000000001,1.934,2.127,1627.4291648233348,0.6,205.26100000000002,1.049,73.386,133.577,2.2960000000000003,2.054,-223.13715166023349,-0.19999999999999996,-15.281000000000006,-0.13200000000000012,-5.455999999999989,-9.439999999999984,-0.3620000000000003,0.07299999999999995
642933,2026-04-10 17:00:00,Nova Esports,Trace Esports,0,0.0,2,1353.129561921217,0.0,183.154,,,,,,1502.75574398523,0.4,193.025,,,,,,-149.62618206401316,-0.4,-9.87100000000001,,,,,
644659,2026-04-10 18:35:00,Nongshim RedForce,KIWOOM DRX,0,0.0,2,1637.9085089103953,0.8,202.873,1.0469999999999997,72.814,129.998,2.235,2.0250000000000004,1636.90838811764,0.6,195.275,1.0050000000000001,70.72699999999999,126.332,2.1710000000000003,2.172,1.0001207927552969,0.20000000000000007,7.597999999999985,0.04199999999999959,2.0870000000000033,3.665999999999997,0.06399999999999961,-0.1469999999999998
642934,2026-04-10 19:30:00,FunPlus Phoenix,Guangzhou Huadu Bilibili Gaming,0,0.0,1,1447.6702249828666,0.4,186.00300000000001,,,,,,1521.8499472177102,0.2,199.43,1.026,73.23100000000001,130.435,2.027,2.2339999999999995,-74.17972223484367,0.2,-13.426999999999992,,,,,
644720,2026-04-10 23:00:00,FUT Esports,Natus Vincere,1,0.0,1,1466.377855126771,0.2,185.087,0.9010000000000001,66.89999999999999,120.73899999999999,1.9270000000000003,2.284,1513.040657388638,0.4,197.237,0.9989999999999999,70.877,130.768,1.97,2.167,-46.662802261867,-0.2,-12.150000000000006,-0.09799999999999975,-3.977000000000004,-10.02900000000001,-0.042999999999999705,0.11699999999999999
644721,2026-04-11 02:20:00,Gentle Mates,Karmine Corp,1,0.0,2,1440.3721786252986,0.4,199.478,1.051,72.81299999999999,129.54500000000002,2.121,2.21,1419.4894901528012,0.2,194.90099999999995,0.991,71.33000000000001,127.71400000000001,2.092,2.32,20.88268847249742,0.2,4.577000000000055,0.05999999999999994,1.4829999999999757,1.831000000000003,0.028999999999999915,-0.10999999999999988
645474,2026-04-11 05:00:00,Sentinels,KRÜ Esports,0,1.0,1,1572.3448543853633,0.2,190.64899999999997,0.9790000000000001,71.53200000000001,125.15299999999999,2.2049999999999996,2.197,1441.4029151854345,0.2,192.796,0.9970000000000001,72.207,126.247,1.9969999999999999,2.0740000000000003,130.9419391999288,0.0,-2.14700000000002,-0.018000000000000016,-0.674999999999983,-1.0940000000000083,0.20799999999999974,0.12299999999999978
645475,2026-04-11 07:40:00,G2 Esports,MIBR,0,0.6666666666666666,3,1722.6922949857706,0.6,207.24099999999999,1.077,73.17,135.441,2.1729999999999996,1.9,1519.1715486080175,0.4,199.485,1.0470000000000002,75.09,129.458,2.336,1.908,203.52074637775308,0.19999999999999996,7.755999999999972,0.029999999999999805,-1.9200000000000017,5.983000000000004,-0.16300000000000026,-0.008000000000000007
644660,2026-04-11 16:00:00,Team Secret,Global Esports,0,1.0,2,1373.076674651457,0.0,182.00300000000001,0.866,67.94399999999999,119.57599999999998,1.6670000000000003,2.32,1420.141333739491,0.6,202.56300000000005,1.035,73.13,132.68400000000003,2.167,2.0609999999999995,-47.06465908803398,-0.6,-20.56000000000003,-0.16899999999999993,-5.186000000000007,-13.108000000000047,-0.49999999999999956,0.25900000000000034
642935,2026-04-11 17:00:00,All Gamers,TYLOO,0,0.5,2,1498.3641901451267,0.6,196.128,,,,,,1493.9394007106603,0.6,209.74899999999997,,,,,,4.424789434466447,0.0,-13.620999999999981,,,,,
644661,2026-04-11 18:25:00,Rex Regum Qeon,VARREL,1,0.5,0,1568.3459797462,0.4,187.74200000000002,0.96,69.138,123.54099999999998,1.905,2.2199999999999998,1448.3835653509677,0.0,179.39249999999998,0.8400000000000001,63.9825,117.69250000000001,2.24,2.2075,119.96241439523237,0.4,8.349500000000035,0.11999999999999988,5.1555000000000035,5.848499999999973,-0.3350000000000002,0.012499999999999734
642936,2026-04-11 20:15:00,EDward Gaming,Dragon Ranger Gaming,1,0.6,5,1617.6730584911484,0.6,199.69099999999997,,,,,,1515.972380642611,0.4,197.94899999999998,0.976,71.584,129.099,2.18,2.0100000000000002,101.70067784853745,0.19999999999999996,1.7419999999999902,,,,,
645476,2026-04-12 05:00:00,100 Thieves,Evil Geniuses,1,1.0,3,1561.751989210761,0.6,198.454,1.027,73.006,128.82000000000002,2.316,2.1559999999999997,1513.6917094574776,0.4,188.48999999999998,0.9490000000000001,69.206,124.53299999999999,2.117,2.237,48.06027975328334,0.19999999999999996,9.964000000000027,0.07799999999999985,3.799999999999997,4.287000000000035,0.19899999999999984,-0.0810000000000004
645477,2026-04-12 08:35:00,ENVY,LOUD,0,0.5,0,1485.6318014679161,0.4,190.774,0.9360000000000002,69.748,123.35999999999999,2.234,2.434,1391.8032027913418,0.0,185.73700000000002,0.9129999999999999,68.077,122.02799999999998,2.054,2.2670000000000003,93.8285986765743,0.4,5.036999999999978,0.023000000000000242,1.6710000000000065,1.3320000000000078,0.18000000000000016,0.16699999999999982
644662,2026-04-12 16:00:00,FULL SENSE,ZETA DIVISION,1,1.0,1,1500.8403673564983,0.4,200.1833333333333,1.0033333333333332,74.41,130.805,1.8999999999999997,2.0,1392.3238261059148,0.2,188.75,0.909,67.617,122.41400000000002,1.8830000000000002,2.094,108.51654125058349,0.2,11.433333333333309,0.09433333333333316,6.792999999999992,8.390999999999991,0.01699999999999946,-0.09399999999999986
642937,2026-04-12 17:00:00,JD Mall JDG Esports,Wuxi Titan Esports Club,1,1.0,1,1422.4914793947707,0.4,191.247,,,,,,1453.1377113255942,0.2,195.5814285714286,,,,,,-30.646231930823433,0.2,-4.334428571428589,,,,,
644663,2026-04-12 17:50:00,Gen.G,Paper Rex,1,0.5,4,1539.5074442960054,0.2,193.7,0.9739999999999999,70.31500000000001,126.806,2.2199999999999998,2.129,1765.8097711645735,0.8,206.248,1.047,72.744,136.79500000000002,2.145,2.126,-226.30232686856812,-0.6000000000000001,-12.548000000000002,-0.07300000000000006,-2.428999999999988,-9.989000000000019,0.07499999999999973,0.0030000000000001137
642938,2026-04-12 19:35:00,Xi Lai Gaming,Wolves Esports,1,1.0,3,1606.9569011282722,0.6,202.25100000000003,1.0140000000000002,73.28200000000001,132.84699999999998,2.1630000000000003,1.953,1426.0853138777534,0.2,186.799,,,,,,180.87158725051881,0.39999999999999997,15.452000000000027,,,,,
645478,2026-04-13 05:00:00,Cloud9,LEVIATÁN,0,0.75,4,1540.1220449171155,0.6,193.03699999999998,0.976,72.33,125.14299999999999,2.074,2.274,1507.3352311334195,0.4,189.48700000000002,0.95,70.21000000000001,124.32300000000001,2.057,2.0359999999999996,32.78681378369606,0.19999999999999996,3.5499999999999545,0.026000000000000023,2.1199999999999903,0.819999999999979,0.016999999999999904,0.23800000000000043
645479,2026-04-13 07:05:00,FURIA,NRG,1,0.0,1,1417.1659601476713,0.6,186.80399999999997,0.9019999999999999,69.22200000000001,122.825,1.8479999999999996,2.0279999999999996,1688.9063895358358,0.6,196.736,1.025,73.206,129.753,2.2190000000000003,1.9890000000000003,-271.74042938816456,0.0,-9.932000000000016,-0.123,-3.9839999999999947,-6.927999999999983,-0.37100000000000066,0.03899999999999926
642939,2026-04-14 17:00:00,TYLOO,JD Mall JDG Esports,0,1.0,1,1510.1431587784496,0.6,206.372,1.062,73.273,135.208,2.15,2.05,1439.8991416671822,0.4,193.73700000000002,,,,,,70.24401711126734,0.19999999999999996,12.634999999999991,,,,,
642940,2026-04-14 19:55:00,Trace Esports,Dragon Ranger Gaming,0,0.3333333333333333,3,1512.26179669347,0.4,196.145,,,,,,1504.5265344197344,0.4,197.38899999999998,0.9730000000000001,71.11699999999999,128.79199999999997,2.067,1.937,7.735262273735543,0.0,-1.2439999999999714,,,,,
642941,2026-04-15 17:00:00,Wuxi Titan Esports Club,FunPlus Phoenix,1,0.5,0,1435.7300490531827,0.2,194.48375000000001,,,,,,1435.0353491134863,0.4,185.70300000000003,,,,,,0.6946999396964202,-0.2,8.780749999999983,,,,,
642942,2026-04-15 19:05:00,All Gamers,Guangzhou Huadu Bilibili Gaming,1,1.0,1,1482.1604320773374,0.4,192.46100000000004,0.9839999999999998,70.381,125.81799999999998,2.0349999999999997,2.0,1534.4848230870905,0.4,204.723,1.059,74.70400000000001,133.725,2.117,2.151,-52.32439100975307,0.0,-12.261999999999972,-0.07500000000000018,-4.3230000000000075,-7.907000000000011,-0.0820000000000003,-0.1509999999999998
644722,2026-04-15 23:00:00,BBL Esports,GIANTX,0,0.3333333333333333,3,1569.6492491283514,0.4,189.72199999999998,0.9410000000000001,66.98,125.65899999999999,1.9739999999999998,2.28,1496.8691071538153,0.4,183.23899999999998,0.9110000000000001,68.88000000000001,120.49000000000004,2.093,2.1069999999999998,72.78014197453604,0.0,6.483000000000004,0.029999999999999916,-1.9000000000000057,5.168999999999954,-0.11900000000000022,0.17300000000000004
644723,2026-04-16 02:20:00,Gentle Mates,Natus Vincere,1,0.5,2,1455.4116516813679,0.4,197.768,1.0399999999999998,73.24300000000001,128.752,2.1109999999999998,2.27,1494.9045841463385,0.2,196.41699999999997,0.9890000000000001,70.624,130.26100000000002,1.9760000000000002,2.194,-39.492932464970636,0.2,1.3510000000000275,0.05099999999999971,2.619000000000014,-1.5090000000000146,0.13499999999999956,0.07600000000000007
642943,2026-04-16 17:00:00,Nova Esports,Wolves Esports,1,0.75,4,1343.623509212977,0.0,182.497,,,,,,1417.7358012386887,0.0,186.599,,,,,,-74.11229202571167,0.0,-4.101999999999975,,,,,
642944,2026-04-16 19:15:00,EDward Gaming,Xi Lai Gaming,0,0.6666666666666666,3,1629.118904714025,0.8,202.25099999999998,,,,,,1615.3064137673368,0.8,203.038,1.0190000000000001,73.425,133.31,2.16,1.906,13.812490946688058,0.0,-0.7870000000000346,,,,,
644724,2026-04-16 23:00:00,Eternal Fire,Team Vitality,1,0.5,0,1511.7052952020729,0.5,193.5,1.0,69.415,123.965,2.485,2.05,1525.4163515684784,0.4,198.863,1.036,72.42599999999999,132.004,2.077,1.9600000000000004,-13.7110563664055,0.09999999999999998,-5.3629999999999995,-0.03600000000000003,-3.0109999999999815,-8.038999999999987,0.4079999999999999,0.08999999999999941
644725,2026-04-17 01:30:00,Karmine Corp,Team Heretics,0,0.0,1,1404.450017096732,0.2,194.24099999999999,0.99,71.57000000000001,126.34700000000001,2.0989999999999998,2.3,1578.2083927889596,0.4,191.42000000000002,0.958,70.37700000000001,124.86299999999999,2.2179999999999995,1.8690000000000002,-173.75837569222767,-0.2,2.8209999999999695,0.03200000000000003,1.1929999999999978,1.484000000000023,-0.11899999999999977,0.4309999999999996
644665,2026-04-17 16:00:00,FULL SENSE,VARREL,1,0.5,0,1511.9993995348148,0.4,202.35714285714286,1.0257142857142856,74.67999999999999,132.51857142857145,1.9714285714285713,1.9285714285714286,1437.6984871064699,0.0,182.714,0.868,64.766,119.854,2.332,2.306,74.30091242834487,0.4,19.643142857142863,0.15771428571428558,9.913999999999987,12.664571428571449,-0.36057142857142854,-0.37742857142857145
644666,2026-04-17 18:20:00,Team Secret,Paper Rex,0,1.0,2,1359.230921425534,0.0,178.46000000000004,0.844,67.31700000000001,117.396,1.6700000000000004,2.293,1740.6485170528379,0.6,206.56299999999996,1.045,72.98400000000001,137.055,2.1380000000000003,2.109,-381.41759562730385,-0.6,-28.102999999999923,-0.20099999999999996,-5.667000000000002,-19.659000000000006,-0.46799999999999997,0.18400000000000016
644726,2026-04-17 23:00:00,FUT Esports,Team Liquid,1,0.5,2,1484.5139283690705,0.4,189.49699999999999,0.9349999999999999,67.687,123.196,1.9740000000000002,2.277,1651.1099659210101,0.6,201.504,1.028,75.10999999999999,132.15400000000002,2.223,2.1,-166.59603755193962,-0.19999999999999996,-12.007000000000005,-0.09300000000000008,-7.422999999999988,-8.958000000000027,-0.24899999999999967,0.17700000000000005
644727,2026-04-18 01:40:00,PCIFIC Esports,FNATIC,0,0.5,0,1429.1218015014833,0.0,183.24,0.932,68.18199999999999,120.054,1.8739999999999999,2.452,1688.86943320443,0.6,199.46800000000002,1.022,70.63000000000001,130.28300000000002,2.4250000000000003,2.168,-259.7476317029466,-0.6,-16.22800000000001,-0.08999999999999997,-2.4480000000000217,-10.229000000000013,-0.5510000000000004,0.2839999999999998
645480,2026-04-18 05:00:00,Cloud9,ENVY,0,1.0,1,1522.6166224523765,0.4,191.02,0.9569999999999999,71.093,123.73299999999999,2.0170000000000003,2.2470000000000003,1465.4129046429493,0.2,190.31166666666664,0.9300000000000002,69.37833333333333,123.38833333333332,2.2066666666666666,2.4283333333333337,57.20371780942719,0.2,0.7083333333333712,0.02699999999999969,1.7146666666666732,0.3446666666666687,-0.1896666666666662,-0.18133333333333335
645481,2026-04-18 08:05:00,FURIA,Evil Geniuses,1,0.0,2,1443.628818023595,0.6,191.334,0.9480000000000001,70.542,125.335,1.988,2.0180000000000002,1499.8909576003025,0.4,188.00999999999996,0.937,68.846,124.143,2.067,2.237,-56.26213957670757,0.19999999999999996,3.3240000000000407,0.01100000000000001,1.695999999999998,1.191999999999993,-0.07900000000000018,-0.21899999999999986
644667,2026-04-18 16:00:00,KIWOOM DRX,Global Esports,1,1.0,2,1652.9544452549987,0.8,196.589,1.013,71.867,126.95900000000002,2.224,2.132,1433.9870869654142,0.6,204.136,1.0530000000000002,73.913,133.81400000000002,2.2339999999999995,2.0780000000000003,218.96735828958458,0.20000000000000007,-7.546999999999997,-0.04000000000000026,-2.0459999999999923,-6.855000000000004,-0.009999999999999343,0.053999999999999826
642947,2026-04-18 17:00:00,TYLOO,Dragon Ranger Gaming,1,0.6,5,1490.9516694787599,0.6,207.47200000000004,1.0619999999999998,73.36300000000001,136.098,2.16,2.13,1520.8826975660547,0.6,199.619,0.99,70.77,130.162,2.0800000000000005,1.957,-29.931028087294862,0.0,7.853000000000037,0.07199999999999984,2.5930000000000177,5.936000000000007,0.07999999999999963,0.17299999999999982
644668,2026-04-18 18:20:00,ZETA DIVISION,DetonatioN FocusMe,0,0.5,2,1381.1647939275983,0.2,189.803,0.907,68.354,123.124,1.8800000000000001,2.1670000000000003,1397.3547819628006,0.2,189.94,0.9089999999999998,67.94,124.18699999999998,1.954,2.167,-16.189988035202305,0.0,-0.13700000000000045,-0.0019999999999997797,0.4140000000000015,-1.0629999999999882,-0.07399999999999984,4.440892098500626e-16
642946,2026-04-18 19:15:00,JD Mall JDG Esports,EDward Gaming,0,0.0,2,1459.090630966872,0.6,196.577,,,,,,1612.4831509007267,0.8,202.33099999999996,1.029,71.80799999999999,131.938,2.069,1.941,-153.39251993385483,-0.20000000000000007,-5.753999999999962,,,,,
645482,2026-04-19 05:00:00,G2 Esports,LEVIATÁN,0,0.5,6,1698.262637271359,0.4,205.631,1.061,72.45,134.711,2.1729999999999996,1.95,1524.8406535981585,0.6,189.827,0.9670000000000002,70.61300000000001,124.41300000000001,2.037,2.033,173.42198367320043,-0.19999999999999996,15.804000000000002,0.09399999999999975,1.836999999999989,10.298000000000002,0.13599999999999968,-0.08299999999999996
645483,2026-04-19 08:30:00,MIBR,LOUD,1,1.0,1,1543.601206322429,0.4,201.365,1.059,74.537,131.09099999999998,2.393,1.9609999999999999,1412.0220996163087,0.2,189.137,0.9349999999999999,69.063,123.71399999999998,2.081,2.2540000000000004,131.57910670612046,0.2,12.228000000000009,0.124,5.474000000000004,7.376999999999995,0.31199999999999983,-0.2930000000000006
644669,2026-04-19 16:00:00,Rex Regum Qeon,T1,0,0.0,2,1579.031057990698,0.4,189.82700000000003,0.9709999999999999,69.828,124.381,2.005,2.26,1634.3663960236354,0.6,208.084,1.0699999999999998,74.013,135.457,2.296,2.117,-55.33533803293744,-0.19999999999999996,-18.256999999999977,-0.09899999999999998,-4.185000000000002,-11.075999999999993,-0.2909999999999999,0.1429999999999998
642948,2026-04-19 17:00:00,Wuxi Titan Esports Club,Trace Esports,0,0.5,0,1451.698056981313,0.4,196.85222222222222,,,,,,1495.9056335471496,0.4,197.465,,,,,,-44.20757656583669,0.0,-0.6127777777777794,,,,,
644670,2026-04-19 18:25:00,Nongshim RedForce,Gen.G,1,1.0,1,1621.8624517730366,0.6,204.17,1.06,73.941,131.478,2.322,2.028,1564.668698407741,0.4,196.02,0.9819999999999999,71.18900000000001,128.24,2.1999999999999997,2.162,57.193753365295606,0.19999999999999996,8.149999999999977,0.07800000000000018,2.7519999999999953,3.2379999999999995,0.12200000000000033,-0.1339999999999999
642945,2026-04-19 20:25:00,All Gamers,Xi Lai Gaming,0,0.5,2,1500.5520056207138,0.6,192.178,0.96,69.53099999999999,125.225,1.9920000000000002,2.037,1631.942167580635,1.0,202.738,1.004,73.148,132.53,2.177,1.9460000000000002,-131.39016195992122,-0.4,-10.560000000000002,-0.04400000000000004,-3.6170000000000044,-7.305000000000007,-0.18499999999999983,0.09099999999999975
645484,2026-04-20 05:00:00,NRG,KRÜ Esports,0,0.6666666666666666,3,1662.4435316599122,0.4,198.56599999999997,1.036,73.456,130.92299999999997,2.309,1.959,1463.1628496668154,0.2,191.676,0.9850000000000001,70.917,124.66699999999999,2.007,2.104,199.28068199309678,0.2,6.889999999999986,0.050999999999999934,2.5390000000000015,6.255999999999986,0.30200000000000005,-0.14500000000000002
645485,2026-04-20 07:20:00,100 Thieves,Sentinels,0,1.0,1,1575.552741067936,0.6,198.49400000000003,1.029,73.03599999999999,128.84,2.2359999999999998,2.186,1550.5849199039824,0.2,187.67899999999997,0.9440000000000002,69.845,123.62,2.1719999999999997,2.287,24.96782116395366,0.39999999999999997,10.815000000000055,0.08499999999999974,3.1909999999999883,5.219999999999999,0.06400000000000006,-0.10099999999999998
644728,2026-04-22 23:00:00,Eternal Fire,PCIFIC Esports,1,0.5,0,1528.3363851014801,0.6666666666666666,202.16666666666666,1.0366666666666668,71.14333333333333,129.94333333333336,2.3233333333333333,2.1333333333333333,1423.2613728577342,0.0,179.86666666666667,0.91,67.35166666666666,118.37833333333333,1.8116666666666665,2.4766666666666666,105.07501224374596,0.6666666666666666,22.299999999999983,0.12666666666666682,3.7916666666666714,11.565000000000026,0.5116666666666667,-0.34333333333333327
644729,2026-04-23 02:10:00,Natus Vincere,Team Liquid,0,0.6666666666666666,3,1477.0936602270326,0.2,194.40699999999998,0.975,69.824,129.361,1.886,2.284,1627.9764516395753,0.4,200.67399999999998,1.0110000000000001,74.597,131.597,2.16,2.23,-150.8827914125427,-0.2,-6.266999999999996,-0.03600000000000014,-4.772999999999996,-2.2360000000000184,-0.27400000000000024,0.053999999999999826
644730,2026-04-23 23:00:00,GIANTX,FNATIC,0,0.5,2,1516.1725773853432,0.4,181.539,0.907,69.17300000000002,119.89300000000003,2.053,2.097,1694.729861848179,0.6,200.788,1.045,71.69800000000001,131.097,2.4810000000000003,2.114,-178.55728446283592,-0.19999999999999996,-19.249000000000024,-0.1379999999999999,-2.5249999999999915,-11.20399999999998,-0.4280000000000004,-0.016999999999999904
644731,2026-04-24 02:00:00,Karmine Corp,FUT Esports,0,0.4,5,1395.8453613359718,0.2,190.928,0.953,70.397,123.81299999999999,2.0460000000000003,2.3529999999999998,1507.6474426505054,0.6,189.23,0.937,67.68999999999998,123.173,2.037,2.26,-111.80208131453355,-0.39999999999999997,1.6980000000000075,0.015999999999999903,2.707000000000022,0.6399999999999864,0.009000000000000341,0.09299999999999997
644671,2026-04-24 16:00:00,Rex Regum Qeon,FULL SENSE,1,0.5,0,1565.558014045945,0.4,189.33700000000002,0.975,69.52799999999999,123.931,2.025,2.26,1524.6289416550617,0.6,204.0625,1.04,74.7075,134.51625,1.9749999999999999,1.9875,40.92907239088322,-0.19999999999999996,-14.725499999999982,-0.06500000000000006,-5.179500000000004,-10.585250000000016,0.050000000000000044,0.27249999999999974
644672,2026-04-24 19:00:00,Paper Rex,Global Esports,1,1.0,4,1743.8531522334026,0.6,205.81299999999996,1.045,73.704,136.23499999999999,2.2479999999999998,2.109,1426.9185520873061,0.6,203.39600000000002,1.0590000000000002,73.463,133.124,2.284,2.048,316.9346001460965,0.0,2.4169999999999447,-0.014000000000000234,0.24099999999999966,3.11099999999999,-0.03600000000000003,0.06099999999999994
644732,2026-04-24 23:00:00,Gentle Mates,Team Heretics,0,0.0,1,1473.2225756006737,0.4,196.75799999999998,1.033,73.07300000000001,128.17199999999997,2.161,2.2,1586.8130485497197,0.4,193.52,0.9790000000000001,71.137,126.35,2.251,1.8290000000000002,-113.59047294904599,0.0,3.237999999999971,0.053999999999999826,1.936000000000007,1.8219999999999743,-0.08999999999999986,0.371
644733,2026-04-25 01:10:00,BBL Esports,Team Vitality,1,0.6666666666666666,3,1550.3457788968235,0.4,193.78199999999998,0.9710000000000001,68.887,128.259,2.101,2.227,1508.7852616690711,0.2,196.563,1.0160000000000002,71.55299999999998,131.16699999999997,2.054,2.0000000000000004,41.56051722775237,0.2,-2.781000000000006,-0.04500000000000015,-2.6659999999999826,-2.907999999999987,0.04700000000000015,0.22699999999999942
645486,2026-04-25 05:00:00,LEVIATÁN,ENVY,1,0.5,0,1548.2238105064412,0.8,186.473,0.938,69.72600000000001,122.053,2.0700000000000003,2.053,1484.023684585192,0.4,191.99142857142854,0.9457142857142858,69.70571428571428,124.83714285714284,2.262857142857143,2.3285714285714287,64.20012592124908,0.4,-5.5184285714285295,-0.007714285714285896,0.020285714285734002,-2.7841428571428395,-0.19285714285714262,-0.2755714285714288
645487,2026-04-25 06:40:00,G2 Esports,LOUD,1,0.0,1,1674.8794803630763,0.2,201.661,1.0399999999999998,71.31,132.238,2.13,2.0829999999999997,1401.8075571460636,0.2,184.38,0.907,67.37599999999999,120.737,1.984,2.257,273.0719232170127,0.0,17.281000000000006,0.13299999999999979,3.9340000000000117,11.501000000000005,0.1459999999999999,-0.17400000000000038
644673,2026-04-25 16:00:00,Gen.G,KIWOOM DRX,0,0.5,6,1551.279031686261,0.4,193.15699999999998,0.96,70.976,126.64000000000001,2.1769999999999996,2.2089999999999996,1660.0229801331068,0.8,197.099,1.005,72.247,127.46900000000001,2.154,2.1420000000000003,-108.7439484468457,-0.4,-3.9420000000000073,-0.04499999999999993,-1.2710000000000008,-0.8289999999999935,0.022999999999999687,0.06699999999999928
644674,2026-04-25 19:35:00,DetonatioN FocusMe,VARREL,1,0.5,0,1412.609744646393,0.2,194.58700000000002,0.9450000000000001,69.353,126.33,2.0340000000000003,2.074,1425.068944986223,0.0,182.91166666666666,0.87,64.555,120.645,2.3433333333333333,2.2550000000000003,-12.459200339829977,0.2,11.675333333333356,0.07500000000000007,4.797999999999988,5.685000000000002,-0.309333333333333,-0.1810000000000005
645488,2026-04-26 05:00:00,FURIA,KRÜ Esports,0,0.0,1,1462.1973726397343,0.6,193.341,0.968,70.922,126.49499999999998,2.081,1.9920000000000002,1487.450539287306,0.4,194.60299999999998,1.011,71.937,126.21699999999998,2.06,2.064,-25.25316664757156,0.19999999999999996,-1.261999999999972,-0.04299999999999993,-1.0150000000000006,0.2779999999999916,0.020999999999999908,-0.07199999999999984
645489,2026-04-26 07:05:00,NRG,100 Thieves,1,0.75,4,1638.1558420394217,0.2,194.57599999999996,0.9990000000000002,71.726,128.383,2.2590000000000003,2.0789999999999997,1558.404905659381,0.6,197.23399999999998,1.025,73.196,127.57000000000001,2.265999999999999,2.266,79.75093638004068,-0.39999999999999997,-2.6580000000000155,-0.02599999999999969,-1.4699999999999989,0.8130000000000024,-0.006999999999998785,-0.18700000000000028
644675,2026-04-26 16:00:00,T1,ZETA DIVISION,1,1.0,5,1647.8394399683884,0.8,209.81400000000002,1.091,74.47,136.52399999999997,2.3129999999999997,2.12,1365.909831244006,0.2,187.666,0.908,68.821,121.877,1.9369999999999998,2.147,281.92960872438243,0.6000000000000001,22.148000000000025,0.18299999999999994,5.649000000000001,14.646999999999977,0.3759999999999999,-0.02699999999999969
644676,2026-04-26 18:05:00,Nongshim RedForce,Team Secret,1,1.0,3,1635.2521184945165,0.6,204.92999999999998,1.0639999999999998,73.921,132.218,2.282,2.048,1356.0262862449692,0.0,178.687,0.8430000000000002,67.417,117.476,1.737,2.336,279.22583224954724,0.6,26.242999999999967,0.22099999999999964,6.504000000000005,14.74199999999999,0.5449999999999999,-0.2879999999999998
645490,2026-04-27 05:00:00,Evil Geniuses,Sentinels,0,0.3333333333333333,3,1481.322402984163,0.4,189.424,0.9489999999999998,68.913,125.223,2.087,2.277,1567.7327553125374,0.4,188.73199999999997,0.9440000000000002,69.852,124.333,2.225,2.3699999999999997,-86.4103523283743,0.0,0.6920000000000357,0.004999999999999671,-0.9390000000000072,0.8900000000000006,-0.1379999999999999,-0.09299999999999953
645491,2026-04-27 07:25:00,MIBR,Cloud9,0,0.5,6,1553.8157487926742,0.4,200.83499999999998,1.0550000000000002,74.637,130.871,2.403,1.991,1504.0058425101338,0.2,189.903,0.9530000000000001,70.44600000000001,122.59,1.964,2.24,49.809906282540396,0.2,10.931999999999988,0.10200000000000009,4.190999999999988,8.281000000000006,0.43900000000000006,-0.2490000000000001
644734,2026-04-29 23:00:00,Team Heretics,FUT Esports,1,0.75,4,1597.7607565081648,0.4,195.503,0.999,72.257,127.78300000000002,2.284,1.7759999999999998,1518.669417213316,0.8,192.103,0.969,69.11999999999999,125.303,2.204,2.203,79.09133929484892,-0.4,3.3999999999999773,0.030000000000000027,3.1370000000000147,2.480000000000018,0.07999999999999963,-0.42700000000000005
644735,2026-04-30 01:10:00,Team Vitality,PCIFIC Esports,1,0.5,0,1494.6901172628732,0.2,197.29,1.0210000000000001,72.48599999999999,131.144,2.1239999999999997,1.903,1411.9579328093325,0.0,182.94285714285715,0.9271428571428572,68.89142857142856,120.55285714285715,1.9342857142857142,2.4085714285714284,82.73218445354064,0.2,14.347142857142842,0.09385714285714297,3.5945714285714274,10.591142857142856,0.1897142857142855,-0.5055714285714283
644736,2026-04-30 23:00:00,Natus Vincere,Karmine Corp,1,1.0,4,1467.6358725893433,0.2,190.16400000000002,0.942,68.601,126.61399999999999,1.909,2.3270000000000004,1384.8233867731612,0.0,191.038,0.9630000000000001,70.797,123.90599999999999,2.0390000000000006,2.3299999999999996,82.81248581618206,0.2,-0.8739999999999952,-0.02100000000000013,-2.195999999999998,2.7079999999999984,-0.13000000000000056,-0.0029999999999992255
644737,2026-05-01 01:10:00,BBL Esports,FNATIC,0,0.0,1,1564.4409233030215,0.4,192.16199999999998,0.967,68.481,126.59299999999999,2.081,2.26,1703.1618464115563,0.8,201.861,1.0590000000000002,72.498,131.974,2.4740000000000006,2.097,-138.72092310853486,-0.4,-9.699000000000012,-0.09200000000000019,-4.01700000000001,-5.381,-0.3930000000000007,0.1629999999999998
644677,2026-05-01 16:00:00,Gen.G,Team Secret,0,0.5,2,1540.1295114298662,0.2,189.93400000000003,0.937,69.783,124.393,2.167,2.3560000000000003,1350.68368062625,0.0,175.794,0.829,67.071,116.18300000000002,1.7570000000000001,2.2889999999999997,189.44583080361622,0.2,14.140000000000015,0.1080000000000001,2.7120000000000033,8.20999999999998,0.4099999999999997,0.06700000000000061
659474,2026-05-01 17:00:00,Xi Lai Gaming,Wuxi Titan Esports Club,1,0.5,0,1642.1642750957753,1.0,200.901,0.99,72.578,131.007,2.194,1.959,1437.722975136514,0.4,197.0,,,,,,204.4412999592614,0.6,3.9010000000000105,,,,,
659475,2026-05-01 19:20:00,JD Mall JDG Esports,TYLOO,1,0.5,2,1449.728812152793,0.4,198.057,,,,,,1508.3266444600729,0.6,207.90199999999996,1.065,73.85300000000002,137.258,2.14,2.18,-58.59783230727999,-0.19999999999999996,-9.84499999999997,,,,,
644678,2026-05-01 19:20:00,VARREL,ZETA DIVISION,0,0.5,0,1408.4954234300371,0.0,183.62857142857143,0.8814285714285715,65.61857142857143,120.89571428571428,2.3614285714285717,2.237142857142857,1360.6361373662678,0.0,188.22600000000003,0.9110000000000001,69.31099999999999,122.30700000000002,1.9169999999999998,2.157,47.85928606376933,0.0,-4.597428571428594,-0.029571428571428693,-3.6924285714285645,-1.4112857142857393,0.44442857142857184,0.08014285714285707
644738,2026-05-01 23:00:00,GIANTX,Eternal Fire,0,0.5,0,1507.740592821966,0.4,187.062,0.9440000000000002,70.03,123.143,2.146,2.0599999999999996,1539.6398251498817,0.75,198.875,1.0075,70.34,127.62500000000001,2.2424999999999997,2.2675,-31.899232327915797,-0.35,-11.812999999999988,-0.06349999999999989,-0.3100000000000023,-4.4820000000000135,-0.09649999999999981,-0.20750000000000046
644739,2026-05-02 01:05:00,Gentle Mates,Team Liquid,0,1.0,1,1462.2748676422286,0.4,192.93799999999996,1.0010000000000001,72.07300000000001,125.76199999999999,2.061,2.2800000000000002,1637.4342392772646,0.6,200.87399999999997,1.012,74.09700000000001,131.36999999999998,2.1729999999999996,2.2030000000000003,-175.159371635036,-0.19999999999999996,-7.936000000000007,-0.010999999999999899,-2.024000000000001,-5.60799999999999,-0.11199999999999966,0.07699999999999996
645492,2026-05-02 05:00:00,Evil Geniuses,NRG,0,0.0,1,1469.2216783012332,0.2,190.94400000000002,0.969,69.363,126.843,2.1770000000000005,2.247,1650.5463481105476,0.2,195.48399999999998,1.006,72.114,128.76,2.248,2.098,-181.3246698093144,0.0,-4.539999999999964,-0.03700000000000003,-2.7510000000000048,-1.9169999999999874,-0.07099999999999973,0.14900000000000002
645493,2026-05-02 07:20:00,LEVIATÁN,MIBR,0,0.5,2,1561.3004820036806,0.8,189.643,0.9730000000000001,70.88300000000001,123.72999999999999,2.043,1.9529999999999998,1535.5375050158361,0.4,198.67499999999998,1.037,73.507,129.821,2.3930000000000002,2.071,25.762976987844468,0.4,-9.031999999999982,-0.06399999999999983,-2.6239999999999952,-6.091000000000008,-0.3500000000000001,-0.11800000000000033
644679,2026-05-02 16:00:00,T1,FULL SENSE,1,0.5,0,1653.1131338461266,0.8,211.44400000000002,1.092,74.9,137.134,2.303,2.0999999999999996,1510.5051241264134,0.6,201.9077777777778,1.021111111111111,73.73222222222222,132.59222222222223,1.97,2.0033333333333334,142.6080097197132,0.20000000000000007,9.536222222222221,0.070888888888889,1.1677777777777862,4.541777777777753,0.33299999999999996,0.09666666666666623
659476,2026-05-02 17:00:00,All Gamers,Trace Esports,1,0.0,1,1490.3298981055736,0.4,191.99200000000002,0.9569999999999999,68.964,124.505,1.905,2.051,1509.8807153919486,0.4,199.08499999999998,1.0,72.327,131.16899999999998,2.17,2.2139999999999995,-19.550817286374922,0.0,-7.092999999999961,-0.04300000000000015,-3.3629999999999995,-6.663999999999987,-0.2649999999999999,-0.16299999999999937
659477,2026-05-02 19:10:00,EDward Gaming,Dragon Ranger Gaming,1,0.6666666666666666,6,1621.8449697148058,0.8,203.298,1.0370000000000001,72.501,132.305,2.115,1.968,1503.5077225847417,0.6,198.776,0.9810000000000001,70.28299999999999,129.68900000000002,1.9930000000000003,2.027,118.33724713006404,0.20000000000000007,4.521999999999991,0.05600000000000005,2.2180000000000177,2.6159999999999854,0.12199999999999989,-0.05900000000000016
644680,2026-05-02 19:10:00,Nongshim RedForce,Global Esports,0,1.0,1,1640.5947241132358,0.6,205.496,1.063,73.868,132.58499999999998,2.288,2.035,1422.473621273886,0.4,202.276,1.044,73.393,132.214,2.194,2.048,218.12110283934976,0.19999999999999996,3.219999999999999,0.018999999999999906,0.4749999999999943,0.3709999999999809,0.09399999999999986,-0.0129999999999999
645494,2026-05-03 05:00:00,KRÜ Esports,100 Thieves,0,0.6666666666666666,3,1502.2896316362226,0.6,199.233,1.0479999999999998,72.927,128.867,2.0900000000000003,2.0040000000000004,1546.0143995882552,0.4,194.534,1.007,72.85,126.22999999999999,2.2,2.286,-43.72476795203261,0.19999999999999996,4.699000000000012,0.040999999999999925,0.07700000000001239,2.6370000000000005,-0.10999999999999988,-0.2819999999999996
645495,2026-05-03 08:00:00,FURIA,Sentinels,1,0.0,1,1447.3582802908177,0.4,194.161,0.967,71.06200000000001,127.06499999999998,2.071,2.072,1579.8334799954673,0.4,189.492,0.9570000000000001,69.852,124.883,2.205,2.4,-132.47519970464964,0.0,4.669000000000011,0.009999999999999898,1.210000000000008,2.181999999999988,-0.1339999999999999,-0.32799999999999985
644681,2026-05-03 16:00:00,Paper Rex,KIWOOM DRX,1,0.75,4,1748.2980830468227,0.6,210.71300000000002,1.075,74.887,139.375,2.2649999999999997,2.002,1671.1725003895017,0.8,199.434,1.018,72.76,129.35100000000003,2.229,2.1700000000000004,77.12558265732105,-0.20000000000000007,11.279000000000025,0.05699999999999994,2.1269999999999953,10.023999999999972,0.03599999999999959,-0.1680000000000006
659482,2026-05-03 17:00:00,Wuxi Titan Esports Club,TYLOO,0,0.0,2,1430.1832159048838,0.4,197.23,1.004,70.92699999999999,128.99399999999997,2.183,2.2540000000000004,1489.6534138012191,0.4,206.709,1.051,73.487,136.838,2.073,2.1930000000000005,-59.47019789633532,0.0,-9.479000000000013,-0.04699999999999993,-2.5600000000000023,-7.8440000000000225,0.10999999999999988,0.06099999999999994
644682,2026-05-03 18:00:00,Rex Regum Qeon,DetonatioN FocusMe,1,1.0,3,1579.6818315745932,0.6,189.97,0.9789999999999999,69.775,124.398,2.0249999999999995,2.28,1429.1832662025788,0.4,193.98,0.9400000000000001,69.036,125.53699999999999,1.9970000000000003,2.131,150.49856537201435,0.19999999999999996,-4.009999999999991,0.03899999999999981,0.7390000000000043,-1.1389999999999958,0.027999999999999137,0.14900000000000002
659483,2026-05-03 20:30:00,Trace Esports,Dragon Ranger Gaming,0,0.25,4,1492.981316102582,0.4,198.01200000000003,,,,,,1492.7559579203928,0.4,198.563,0.9789999999999999,70.66999999999999,129.422,1.98,1.967,0.22535818218921122,0.0,-0.5509999999999593,,,,,
645496,2026-05-04 05:00:00,LOUD,Cloud9,1,0.0,1,1396.3054238970205,0.2,183.32999999999998,0.892,66.89299999999999,119.92999999999999,1.937,2.287,1522.2840862869718,0.4,193.06,0.9770000000000001,71.513,124.973,2.074,2.243,-125.9786623899513,-0.2,-9.730000000000018,-0.08500000000000008,-4.620000000000019,-5.043000000000006,-0.1369999999999998,0.04400000000000004
645497,2026-05-04 08:00:00,G2 Esports,ENVY,1,0.5,0,1680.3816136121193,0.4,200.924,1.0390000000000001,71.167,131.731,2.1470000000000002,2.143,1470.9470130879527,0.2,189.21749999999997,0.9200000000000002,68.5175,122.90749999999998,2.13,2.3125,209.43460052416663,0.2,11.706500000000034,0.119,2.6495000000000033,8.82350000000001,0.017000000000000348,-0.1695000000000002
659478,2026-05-04 17:00:00,Xi Lai Gaming,JD Mall JDG Esports,1,1.0,2,1649.7040343274055,1.0,202.849,1.0050000000000001,72.984,132.957,2.2239999999999998,1.9330000000000003,1468.4020428116467,0.6,199.57,,,,,,181.3019915157588,0.4,3.2789999999999964,,,,,
659479,2026-05-04 19:00:00,All Gamers,EDward Gaming,0,0.0,1,1507.2292973949402,0.6,194.59999999999997,,,,,,1632.5967343791547,0.8,202.478,1.0390000000000001,72.72099999999999,131.49899999999997,2.095,2.0010000000000003,-125.36743698421446,-0.20000000000000007,-7.878000000000043,,,,,
659485,2026-05-05 17:00:00,JD Mall JDG Esports,Dragon Ranger Gaming,0,0.0,1,1460.0678102695576,0.6,195.163,,,,,,1508.7663360467552,0.4,200.28,0.999,71.53999999999999,130.31900000000002,1.9369999999999998,1.9939999999999998,-48.698525777197574,0.19999999999999996,-5.11699999999999,,,,,
659484,2026-05-05 19:00:00,All Gamers,TYLOO,1,0.3333333333333333,3,1496.7645073783765,0.4,195.62,,,,,,1502.941147123079,0.6,207.96299999999997,1.0579999999999998,74.18700000000001,137.54500000000002,2.18,2.1270000000000002,-6.17663974470247,-0.19999999999999996,-12.342999999999961,,,,,
666488,2026-05-07 16:00:00,Rex Regum Qeon,Global Esports,0,0.6666666666666666,3,1589.1543618386381,0.8,195.04699999999997,1.008,71.27499999999999,127.61499999999998,2.1449999999999996,2.287,1447.378222163239,0.6,202.156,1.038,73.133,132.314,2.287,2.018,141.77613967539924,0.20000000000000007,-7.109000000000037,-0.030000000000000027,-1.858000000000004,-4.699000000000012,-0.14200000000000035,0.26900000000000013
666489,2026-05-07 18:35:00,KIWOOM DRX,FULL SENSE,0,0.0,1,1658.6670515493963,0.8,198.087,1.003,72.01700000000001,129.08400000000003,2.086,2.24,1500.726919524648,0.6,200.537,1.0139999999999998,73.092,131.90000000000003,1.9600000000000002,2.016,157.9401320247482,0.20000000000000007,-2.450000000000017,-0.010999999999999899,-1.0749999999999886,-2.8160000000000025,0.12599999999999967,0.2240000000000002
660381,2026-05-07 23:00:00,Eternal Fire,Team Heretics,1,0.5,0,1554.174925121978,0.8,198.76,1.006,70.272,129.04000000000002,2.354,2.194,1610.1801045808652,0.6,201.403,1.035,74.14,130.95000000000002,2.287,1.723,-56.00517945888714,0.20000000000000007,-2.6430000000000007,-0.028999999999999915,-3.867999999999995,-1.9099999999999966,0.06700000000000017,0.47099999999999986
660382,2026-05-08 01:55:00,Team Liquid,Team Vitality,0,0.3333333333333333,3,1645.9882549444317,0.8,199.974,1.006,73.537,130.39,2.253,2.163,1506.9505738142689,0.4,195.47,1.007,71.78600000000002,129.184,2.1439999999999997,1.9330000000000003,139.0376811301628,0.4,4.503999999999991,-0.0009999999999998899,1.7509999999999906,1.2059999999999889,0.10900000000000043,0.22999999999999954
666490,2026-05-08 16:00:00,Paper Rex,Global Esports,0,1.0,5,1760.803531886928,0.8,213.046,1.0899999999999999,75.227,141.05199999999996,2.328,1.9049999999999998,1469.5674711447518,0.6,201.873,1.0350000000000001,72.296,132.477,2.2969999999999997,2.0509999999999997,291.2360607421763,0.20000000000000007,11.173000000000002,0.054999999999999716,2.9309999999999974,8.57499999999996,0.03100000000000014,-0.1459999999999999
659480,2026-05-08 17:00:00,Xi Lai Gaming,EDward Gaming,0,1.0,1,1658.0382668694945,1.0,207.18699999999998,1.03,73.79599999999999,135.003,2.178,1.8329999999999997,1643.0615243957184,0.8,203.34300000000002,1.04,73.05600000000001,131.86399999999998,2.0900000000000003,1.9610000000000003,14.976742473776085,0.19999999999999996,3.8439999999999657,-0.010000000000000009,0.7399999999999807,3.13900000000001,0.08799999999999963,-0.12800000000000056
659486,2026-05-08 19:10:00,All Gamers,Dragon Ranger Gaming,0,1.0,1,1513.048922187916,0.6,197.507,,,,,,1522.5382582190696,0.6,206.61999999999998,1.049,73.99999999999999,134.299,2.0469999999999997,1.934,-9.48933603115347,0.0,-9.112999999999971,,,,,
666491,2026-05-08 19:15:00,T1,FULL SENSE,0,1.0,1,1662.891338447892,1.0,211.93,1.0970000000000002,74.86,137.867,2.296,2.0669999999999997,1523.5375312476697,0.6,198.067,0.9899999999999999,71.902,129.99000000000004,2.0300000000000002,2.0460000000000003,139.35380720022226,0.4,13.863,0.10700000000000032,2.9579999999999984,7.876999999999953,0.26599999999999957,0.020999999999999464
660383,2026-05-08 23:00:00,FUT Esports,Eternal Fire,1,0.5,0,1506.2500691406156,0.8,187.74,0.9289999999999999,68.113,122.773,2.184,2.2059999999999995,1572.7319498848792,1.0,199.51166666666666,1.0116666666666667,70.515,129.655,2.283333333333333,2.1616666666666666,-66.48188074426366,-0.19999999999999996,-11.771666666666647,-0.08266666666666678,-2.402000000000001,-6.882000000000005,-0.09933333333333305,0.04433333333333289
660384,2026-05-09 01:55:00,FNATIC,Team Vitality,0,1.0,4,1713.0926471543946,1.0,203.39399999999998,1.076,72.828,132.717,2.3910000000000005,1.987,1529.0322570753876,0.4,198.524,1.028,72.86600000000001,131.437,2.1239999999999997,1.893,184.060390079007,0.6,4.869999999999976,0.04800000000000004,-0.038000000000010914,1.2800000000000011,0.2670000000000008,0.09400000000000008
645498,2026-05-09 05:00:00,KRÜ Esports,Evil Geniuses,1,1.0,1,1488.2926679182735,0.6,195.62,1.012,71.16,127.26400000000001,2.113,2.064,1460.8882503752404,0.0,185.764,0.932,68.333,123.753,2.1069999999999998,2.3369999999999997,27.404417543033105,0.6,9.855999999999995,0.07999999999999996,2.826999999999998,3.51100000000001,0.006000000000000227,-0.2729999999999997
645499,2026-05-09 08:20:00,FURIA,100 Thieves,0,0.5,2,1469.1795753951271,0.6,197.12400000000002,0.998,71.965,128.53499999999997,2.108,2.005,1560.0113633062042,0.4,194.454,1.009,72.877,126.45,2.1670000000000003,2.306,-90.83178791107707,0.19999999999999996,2.670000000000016,-0.010999999999999899,-0.9119999999999919,2.0849999999999653,-0.05900000000000016,-0.30100000000000016
666494,2026-05-09 16:00:00,Rex Regum Qeon,DetonatioN FocusMe,1,1.0,4,1566.9651128571252,0.6,194.147,0.994,71.12499999999999,127.44500000000001,2.2049999999999996,2.287,1419.7107359385336,0.4,195.18300000000002,0.953,69.46300000000001,126.32399999999998,2.0140000000000002,2.191,147.25437691859156,0.19999999999999996,-1.0360000000000298,0.041000000000000036,1.6619999999999777,1.1210000000000235,0.1909999999999994,0.09600000000000009
659487,2026-05-09 17:00:00,Xi Lai Gaming,Dragon Ranger Gaming,1,0.0,1,1641.3489892697062,0.8,208.86699999999996,1.0459999999999998,73.70599999999999,135.693,2.158,1.9129999999999998,1538.1013667763057,0.6,207.587,1.066,74.506,134.906,2.08,1.921,103.24762249340051,0.20000000000000007,1.2799999999999727,-0.02000000000000024,-0.8000000000000114,0.7870000000000061,0.07799999999999985,-0.00800000000000023
666495,2026-05-09 19:30:00,KIWOOM DRX,Nongshim RedForce,1,1.0,2,1635.8564398263748,0.6,196.044,0.9799999999999999,70.66,128.561,2.0829999999999997,2.237,1615.690123223883,0.4,201.74600000000004,1.029,72.16799999999999,130.778,2.278,2.088,20.16631660249186,0.19999999999999996,-5.702000000000027,-0.049000000000000044,-1.5079999999999956,-2.2169999999999845,-0.19500000000000028,0.14900000000000002
660387,2026-05-09 23:00:00,Team Heretics,BBL Esports,1,0.6666666666666666,3,1591.623079817964,0.6,198.81,1.017,73.537,129.48999999999998,2.207,1.786,1554.5101225601832,0.4,185.79199999999997,0.925,65.30099999999999,122.773,1.9610000000000003,2.3099999999999996,37.11295725778086,0.19999999999999996,13.018000000000029,0.09199999999999986,8.236000000000018,6.7169999999999845,0.24599999999999955,-0.5239999999999996
660388,2026-05-10 01:30:00,Team Liquid,Gentle Mates,0,0.5,2,1623.906571683313,0.6,197.421,0.984,72.43700000000001,129.016,2.259,2.1830000000000003,1453.7208519750616,0.4,192.04799999999997,0.986,71.90700000000001,124.756,2.0010000000000003,2.298,170.18571970825133,0.19999999999999996,5.373000000000019,-0.0020000000000000018,0.5300000000000011,4.259999999999991,0.25799999999999956,-0.11499999999999977
645500,2026-05-10 05:00:00,G2 Esports,Cloud9,1,1.0,5,1687.756975770268,0.4,205.584,1.0790000000000002,72.667,133.93099999999998,2.127,2.123,1500.7241122313628,0.2,191.46300000000002,0.9590000000000002,70.186,123.82300000000001,1.9740000000000002,2.2960000000000003,187.03286353890508,0.2,14.120999999999981,0.12,2.4809999999999945,10.107999999999976,0.15299999999999958,-0.17300000000000004
645501,2026-05-10 07:10:00,ENVY,MIBR,1,0.0,1,1463.571650929804,0.2,186.94888888888886,0.8955555555555557,67.51555555555555,121.30666666666664,2.071111111111111,2.2777777777777777,1552.7217642002993,0.6,197.69799999999998,1.0250000000000001,73.10400000000001,129.398,2.256,2.161,-89.15011327049524,-0.39999999999999997,-10.74911111111112,-0.12944444444444447,-5.5884444444444625,-8.091333333333353,-0.18488888888888866,0.11677777777777765
666496,2026-05-10 16:00:00,T1,Rex Regum Qeon,1,0.5,4,1640.797204712779,0.8,209.19,1.077,74.27,136.667,2.276,2.087,1576.562650342173,0.6,193.594,0.983,71.142,126.33500000000001,2.2079999999999997,2.36,64.23455437060602,0.20000000000000007,15.596000000000004,0.09399999999999997,3.128,10.331999999999994,0.06800000000000006,-0.2729999999999997
659481,2026-05-10 17:00:00,EDward Gaming,Xi Lai Gaming,1,0.5,4,1659.7508019955067,0.8,207.823,1.066,74.566,135.27400000000003,2.12,1.9210000000000005,1652.7294509499202,0.8,211.59699999999998,1.073,75.111,137.443,2.198,1.908,7.021351045586471,0.0,-3.7739999999999725,-0.006999999999999895,-0.5450000000000017,-2.1689999999999827,-0.07799999999999985,0.013000000000000567
666497,2026-05-10 19:30:00,Paper Rex,KIWOOM DRX,1,0.8,5,1733.8454798142009,0.6,212.95600000000005,1.0899999999999999,74.744,140.79500000000002,2.3409999999999997,1.7950000000000004,1650.9287881540333,0.6,198.574,1.0070000000000001,71.89699999999999,130.58100000000002,2.126,2.2070000000000003,82.91669166016754,0.0,14.382000000000033,0.08299999999999974,2.8470000000000084,10.213999999999999,0.21499999999999986,-0.4119999999999999
660389,2026-05-10 23:00:00,FNATIC,Team Heretics,0,0.4,5,1689.3293827497118,0.8,199.764,1.0459999999999998,71.838,130.677,2.4210000000000003,2.007,1605.9204360278995,0.8,200.89,1.0420000000000003,74.41699999999999,130.84999999999997,2.257,1.736,83.4089467218123,0.0,-1.1259999999999764,0.0039999999999995595,-2.5789999999999935,-0.1729999999999734,0.16400000000000015,0.27100000000000013
660390,2026-05-11 02:35:00,Eternal Fire,Gentle Mates,1,0.5,0,1553.707173637526,0.8,199.7242857142857,1.01,70.70857142857143,129.93285714285716,2.1857142857142855,2.185714285714286,1476.9862051373022,0.6,193.41099999999997,0.993,71.756,125.444,1.9100000000000001,2.259,76.72096850022376,0.20000000000000007,6.31328571428574,0.017000000000000015,-1.0474285714285685,4.488857142857157,0.27571428571428536,-0.07328571428571395
645502,2026-05-11 05:00:00,LOUD,LEVIATÁN,1,0.5,2,1417.8653979526296,0.4,188.627,0.9269999999999999,68.77999999999999,123.46300000000001,1.9600000000000002,2.2670000000000003,1544.1162228192177,0.6,189.16000000000003,0.9629999999999999,70.623,123.41299999999998,2.086,1.9299999999999997,-126.25082486658812,-0.19999999999999996,-0.5330000000000155,-0.03599999999999992,-1.8430000000000177,0.05000000000002558,-0.12599999999999967,0.33700000000000063
645503,2026-05-11 08:10:00,Sentinels,NRG,0,0.5,2,1558.0121848911579,0.4,189.68,0.954,69.627,125.39599999999999,2.2030000000000003,2.357,1658.8797760365403,0.4,195.36399999999998,0.9959999999999999,71.264,128.74,2.298,2.1079999999999997,-100.86759114538245,0.0,-5.683999999999969,-0.041999999999999926,-1.6370000000000005,-3.3440000000000225,-0.09499999999999975,0.24900000000000055
660369,2026-05-15 05:00:00,FURIA,LEVIATÁN,0,0.0,1,1457.269769852066,0.6,196.197,0.982,70.918,128.315,2.0680000000000005,2.0450000000000004,1522.545231709398,0.6,195.557,1.012,72.51,127.453,2.2459999999999996,1.9029999999999998,-65.27546185733195,0.0,0.6400000000000148,-0.030000000000000027,-1.5919999999999987,0.8619999999999948,-0.17799999999999905,0.14200000000000057
660370,2026-05-15 07:55:00,G2 Esports,100 Thieves,1,0.6666666666666666,6,1695.889485553114,0.6,204.684,1.0799999999999998,73.237,133.391,2.167,2.1229999999999998,1571.9211688492653,0.6,193.87999999999997,1.0,72.637,125.68400000000001,2.1470000000000002,2.3529999999999998,123.96831670384859,0.0,10.80400000000003,0.07999999999999985,0.5999999999999943,7.706999999999979,0.019999999999999574,-0.22999999999999998
666492,2026-05-15 18:00:00,Global Esports,FULL SENSE,0,0.5,0,1496.525523217479,0.6,201.07299999999998,1.031,71.989,131.8,2.1570000000000005,2.124,1545.6316649827827,0.6,199.027,0.9949999999999999,72.309,130.40000000000003,2.05,2.0230000000000006,-49.10614176530362,0.0,2.0459999999999923,0.03600000000000003,-0.3199999999999932,1.3999999999999773,0.10700000000000065,0.10099999999999953
666498,2026-05-15 20:20:00,T1,Paper Rex,0,0.0,6,1653.8723436762243,0.8,208.11599999999999,1.0719999999999998,73.71000000000001,135.727,2.263,2.027,1746.0979046400876,0.8,212.79000000000002,1.089,74.33099999999999,140.622,2.3470000000000004,1.7420000000000002,-92.22556096386324,0.0,-4.674000000000035,-0.017000000000000126,-0.6209999999999809,-4.89500000000001,-0.08400000000000052,0.2849999999999999
660385,2026-05-15 23:00:00,FUT Esports,Team Vitality,0,0.5,4,1525.2748453879688,0.8,189.36,0.942,68.81,123.33,2.207,2.1859999999999995,1552.7955214800704,0.6,201.93400000000003,1.061,74.006,133.697,2.1639999999999997,1.8830000000000002,-27.520676092101667,0.20000000000000007,-12.574000000000012,-0.119,-5.195999999999998,-10.367000000000004,0.04300000000000015,0.30299999999999927
660391,2026-05-16 02:45:00,Team Heretics,Eternal Fire,1,0.0,1,1625.6894296177068,0.8,202.58300000000003,1.062,75.024,131.80999999999997,2.284,1.7489999999999999,1566.230371302322,0.8,202.93375,1.03375,72.0575,132.95375,2.15,2.1750000000000003,59.45905831538471,0.0,-0.3507499999999766,0.02825000000000011,2.9664999999999964,-1.1437500000000398,0.1339999999999999,-0.4260000000000004
660371,2026-05-16 05:00:00,MIBR,LEVIATÁN,0,0.3333333333333333,3,1532.7040418382583,0.6,197.368,0.9959999999999999,72.11100000000002,128.805,2.1689999999999996,2.061,1535.5740624858995,0.6,198.377,1.0379999999999998,73.437,128.833,2.26,1.797,-2.8700206476412404,0.0,-1.0090000000000146,-0.041999999999999926,-1.3259999999999792,-0.027999999999991587,-0.09100000000000019,0.264
660372,2026-05-16 08:00:00,KRÜ Esports,G2 Esports,0,0.0,2,1503.0332585590759,0.8,196.447,1.014,71.214,127.638,2.1130000000000004,2.0840000000000005,1706.411074937769,0.8,207.474,1.1039999999999999,74.087,135.28099999999998,2.187,1.9829999999999999,-203.37781637869307,0.0,-11.026999999999987,-0.08999999999999986,-2.8730000000000047,-7.642999999999972,-0.0739999999999994,0.10100000000000064
666499,2026-05-16 18:00:00,Global Esports,Paper Rex,0,0.0,1,1482.772005426223,0.6,198.32999999999998,1.0030000000000001,70.586,130.53000000000003,2.16,2.1870000000000003,1757.947780894963,0.8,211.55,1.0859999999999999,73.917,139.78900000000002,2.354,1.7550000000000001,-275.1757754687401,-0.20000000000000007,-13.220000000000027,-0.08299999999999974,-3.331000000000003,-9.258999999999986,-0.19399999999999995,0.43200000000000016
660392,2026-05-17 00:00:00,FUT Esports,Team Heretics,0,0.0,3,1510.5395753394203,0.6,190.78300000000002,0.952,69.93999999999998,124.50300000000001,2.277,2.183,1638.9776611975144,0.8,199.686,1.041,74.08400000000002,130.243,2.2339999999999995,1.916,-128.43808585809415,-0.20000000000000007,-8.902999999999992,-0.08899999999999997,-4.144000000000034,-5.739999999999981,0.04300000000000059,0.2669999999999999
660375,2026-05-17 05:00:00,FURIA,NRG,0,0.5,2,1444.2409390755645,0.4,192.057,0.95,69.01500000000001,125.705,1.9549999999999996,2.092,1670.3609031147114,0.6,197.20999999999998,1.0020000000000002,71.624,129.61999999999998,2.3110000000000004,2.1079999999999997,-226.1199640391469,-0.19999999999999996,-5.152999999999992,-0.05200000000000027,-2.6089999999999804,-3.914999999999978,-0.35600000000000076,-0.01599999999999957
660376,2026-05-17 07:15:00,100 Thieves,LOUD,1,1.0,2,1561.3995794646103,0.4,190.40999999999997,0.966,71.247,123.28400000000002,2.037,2.293,1439.4363890624493,0.6,189.647,0.937,69.607,124.19000000000001,1.953,2.314,121.96319040216099,-0.19999999999999996,0.7629999999999768,0.028999999999999915,1.6400000000000006,-0.9059999999999917,0.08399999999999985,-0.020999999999999908
666493,2026-05-17 18:00:00,FULL SENSE,Paper Rex,0,0.5,0,1559.3851827740389,0.6,203.88700000000003,1.035,73.839,133.46,2.05,2.053,1763.3949555469735,0.8,212.88300000000004,1.097,74.32,140.731,2.356,1.7430000000000003,-204.00977277293464,-0.20000000000000007,-8.99600000000001,-0.062000000000000055,-0.48099999999999454,-7.270999999999987,-0.30600000000000005,0.3099999999999996
660386,2026-05-18 00:00:00,Team Vitality,Team Heretics,0,0.6,5,1567.530791528619,0.8,200.171,1.0319999999999998,72.989,132.07,2.2009999999999996,2.003,1649.3183493248328,0.8,205.631,1.0850000000000002,75.82900000000001,133.628,2.239,1.911,-81.78755779621383,0.0,-5.460000000000008,-0.05300000000000038,-2.8400000000000034,-1.5579999999999927,-0.038000000000000256,0.09200000000000008
660377,2026-05-18 05:00:00,KRÜ Esports,NRG,0,0.5,4,1495.4581601171376,0.6,194.007,0.9870000000000001,70.36399999999999,125.798,2.1130000000000004,2.104,1677.2052955284573,0.8,198.01000000000002,1.012,71.574,129.81,2.231,2.1679999999999993,-181.74713541131973,-0.20000000000000007,-4.003000000000014,-0.02499999999999991,-1.210000000000008,-4.0120000000000005,-0.11799999999999944,-0.06399999999999917
660378,2026-05-18 07:10:00,MIBR,100 Thieves,0,0.6,5,1516.836208167247,0.4,193.461,0.9750000000000002,70.78800000000001,126.59799999999998,2.1260000000000003,2.064,1572.0028430994696,0.6,195.57,1.01,71.67699999999999,127.02400000000003,2.087,2.133,-55.16663493222268,-0.19999999999999996,-2.1089999999999804,-0.03499999999999981,-0.8889999999999816,-0.42600000000004457,0.039000000000000146,-0.06899999999999995
660373,2026-05-23 05:00:00,LEVIATÁN,G2 Esports,1,0.0,1,1551.4418961569108,0.6,202.244,1.066,74.88699999999999,131.833,2.293,1.7939999999999998,1713.9861733797072,1.0,207.474,1.0950000000000002,74.36699999999999,136.191,2.2169999999999996,2.033,-162.54427722279638,-0.4,-5.22999999999999,-0.029000000000000137,0.519999999999996,-4.358000000000004,0.07600000000000051,-0.2390000000000001
660379,2026-05-23 08:05:00,NRG,100 Thieves,1,0.8,5,1685.5237437605797,1.0,198.913,1.034,72.107,130.16299999999998,2.1979999999999995,2.115,1585.4834629027132,0.8,197.39999999999995,1.022,72.687,128.324,2.067,2.0829999999999997,100.04028085786649,0.19999999999999996,1.513000000000062,0.01200000000000001,-0.5799999999999983,1.8389999999999702,0.13099999999999934,0.03200000000000047
660380,2026-05-24 05:00:00,G2 Esports,NRG,1,1.0,2,1691.0029341093355,0.8,206.17999999999998,1.0890000000000002,74.087,135.677,2.157,2.053,1697.0399543875908,1.0,199.733,1.044,72.357,130.103,2.1879999999999997,2.075,-6.037020278255341,-0.19999999999999996,6.446999999999974,0.04500000000000015,1.730000000000004,5.573999999999984,-0.030999999999999694,-0.02200000000000024
660374,2026-05-25 05:00:00,LEVIATÁN,G2 Esports,0,0.5,2,1574.4251354272826,0.6,202.481,1.061,74.86699999999999,132.23600000000002,2.26,1.827,1707.2809211909464,0.8,206.744,1.076,74.065,136.18099999999998,2.1369999999999996,2.1069999999999998,-132.8557857636638,-0.20000000000000007,-4.263000000000005,-0.015000000000000124,0.8019999999999925,-3.9449999999999648,0.12300000000000022,-0.2799999999999998
684613,2026-06-06 22:00:00,Xi Lai Gaming,NRG,0,0.0,1,1637.052752103346,0.6,208.76100000000002,1.0539999999999998,74.301,135.709,2.196,1.9159999999999997,1680.7619673059799,0.8,200.773,1.0530000000000002,72.807,130.817,2.1919999999999997,2.0349999999999997,-43.709215202633914,-0.20000000000000007,7.988000000000028,0.0009999999999996678,1.4939999999999998,4.891999999999996,0.004000000000000448,-0.119
684610,2026-06-07 00:30:00,Team Vitality,Dragon Ranger Gaming,1,0.5,0,1555.229183573516,0.8,204.11100000000002,1.0579999999999998,73.821,134.63000000000002,2.2969999999999997,2.009,1526.7209050960917,0.6,207.03199999999998,1.066,74.256,134.516,2.055,1.941,28.508278477424255,0.20000000000000007,-2.920999999999964,-0.00800000000000023,-0.4350000000000023,0.11400000000003274,0.24199999999999955,0.06799999999999984
684611,2026-06-07 22:00:00,FULL SENSE,FUT Esports,0,0.5,0,1551.8310977987162,0.6,203.007,1.028,73.773,132.847,2.023,2.1259999999999994,1500.198887212102,0.4,191.948,0.9530000000000001,69.615,125.638,2.282,2.178,51.63221058661429,0.19999999999999996,11.058999999999997,0.07499999999999996,4.158000000000001,7.209000000000003,-0.2589999999999999,-0.05200000000000049
684612,2026-06-08 00:00:00,LEVIATÁN,Global Esports,1,0.5,0,1564.261631050555,0.6,203.54299999999998,1.061,75.249,133.268,2.294,1.779,1477.3248307742124,0.6,197.22999999999996,0.985,70.393,129.643,2.0930000000000004,2.1470000000000002,86.93680027634264,0.0,6.313000000000017,0.07599999999999996,4.8559999999999945,3.625,0.20099999999999962,-0.3680000000000003
684614,2026-06-08 22:00:00,Team Vitality,FUT Esports,1,0.5,2,1569.9192672995437,0.8,207.50100000000003,1.0879999999999999,74.36800000000001,136.693,2.329999999999999,1.922,1518.5592876117107,0.4,197.531,1.006,71.505,129.245,2.3120000000000003,1.975,51.35997968783295,0.4,9.970000000000027,0.08199999999999985,2.8630000000000138,7.4480000000000075,0.017999999999998906,-0.05300000000000016
684615,2026-06-09 01:15:00,NRG,LEVIATÁN,0,0.5,2,1694.7596360333498,0.8,202.773,1.069,73.497,132.327,2.197,2.04,1576.339560233513,0.8,206.79300000000003,1.088,76.139,135.248,2.367,1.746,118.4200757998367,0.0,-4.020000000000039,-0.019000000000000128,-2.641999999999996,-2.9209999999999923,-0.16999999999999993,0.29400000000000004
684616,2026-06-09 22:00:00,Dragon Ranger Gaming,Xi Lai Gaming,0,0.5,2,1512.030821370064,0.6,200.002,1.012,70.99600000000001,130.30599999999998,1.955,2.001,1623.055083375976,0.4,206.664,1.0400000000000003,73.891,134.196,2.1390000000000002,1.9589999999999996,-111.02426200591208,0.19999999999999996,-6.661999999999978,-0.028000000000000247,-2.894999999999996,-3.890000000000015,-0.18400000000000016,0.04200000000000026
684617,2026-06-10 01:20:00,Global Esports,FULL SENSE,1,0.0,1,1465.2469015912543,0.4,195.397,0.976,70.166,128.42900000000003,2.053,2.153,1533.4706973991074,0.6,200.66699999999997,1.0190000000000001,71.683,130.777,1.9929999999999997,2.146,-68.2237958078531,-0.19999999999999996,-5.269999999999982,-0.04300000000000015,-1.5170000000000101,-2.3479999999999563,0.060000000000000275,0.007000000000000117
684619,2026-06-10 22:00:00,FUT Esports,NRG,1,0.5,0,1504.9074227439264,0.4,199.00400000000002,1.011,72.199,130.17199999999997,2.3449999999999998,1.9220000000000002,1673.507996968069,0.6,202.26299999999998,1.075,73.36,132.417,2.1670000000000003,2.0330000000000004,-168.60057422414252,-0.19999999999999996,-3.2589999999999577,-0.06400000000000006,-1.1610000000000014,-2.245000000000033,0.1779999999999995,-0.11100000000000021
684618,2026-06-11 01:40:00,Global Esports,Xi Lai Gaming,0,0.5,0,1484.3489551553414,0.4,193.19699999999997,0.951,69.446,126.922,2.0629999999999997,2.1900000000000004,1634.1094329800562,0.4,205.84699999999998,1.0290000000000001,73.49100000000001,134.196,2.116,1.9520000000000004,-149.76047782471483,0.0,-12.650000000000006,-0.07800000000000018,-4.045000000000016,-7.274000000000001,-0.05300000000000038,0.238
670466,2026-06-12 22:00:00,Paper Rex,LEVIATÁN,1,0.5,0,1770.9490405222962,0.8,217.36999999999998,1.1300000000000001,76.3,144.33800000000002,2.463,1.709,1597.591199298794,0.8,205.586,1.074,75.56199999999998,134.705,2.36,1.7760000000000002,173.3578412235022,0.0,11.783999999999963,0.05600000000000005,0.7380000000000138,9.63300000000001,0.1030000000000002,-0.06700000000000017
670467,2026-06-13 00:00:00,Team Heretics,Team Vitality,0,0.0,2,1661.6199572799358,1.0,206.46999999999997,1.0879999999999999,75.882,133.803,2.228,1.9739999999999998,1583.571132167328,0.8,206.44099999999997,1.0619999999999998,73.59100000000001,135.983,2.287,2.032,78.0488251126078,0.19999999999999996,0.028999999999996362,0.026000000000000023,2.290999999999997,-2.180000000000007,-0.05899999999999972,-0.058000000000000274
670465,2026-06-13 22:00:00,EDward Gaming,FUT Esports,1,1.0,1,1675.427500842081,1.0,212.09099999999998,1.1,75.828,138.62600000000003,2.178,1.9090000000000003,1528.1147091590472,0.4,198.75100000000003,1.008,71.793,130.15899999999996,2.332,2.008,147.31279168303377,0.6,13.339999999999947,0.09200000000000008,4.034999999999997,8.46700000000007,-0.15399999999999991,-0.09899999999999975
670464,2026-06-14 01:00:00,G2 Esports,Xi Lai Gaming,0,1.0,2,1717.444425567674,0.8,208.53700000000003,1.0870000000000002,74.945,137.414,2.162,2.138,1643.61032074255,0.6,205.433,1.032,73.105,134.39600000000002,2.122,1.959,73.83410482512409,0.20000000000000007,3.104000000000042,0.05500000000000016,1.8399999999999892,3.0179999999999723,0.040000000000000036,0.17899999999999983
670473,2026-06-14 22:00:00,LEVIATÁN,Team Heretics,1,0.5,2,1588.9720311180602,0.6,204.45300000000003,1.0630000000000002,75.29199999999999,134.312,2.3069999999999995,1.7389999999999997,1642.0849409838797,0.8,206.88000000000002,1.0829999999999997,75.232,134.18300000000002,2.198,1.954,-53.112909865819574,-0.20000000000000007,-2.4269999999999925,-0.019999999999999574,0.05999999999998806,0.12899999999999068,0.10899999999999954,-0.2150000000000003
670472,2026-06-15 01:00:00,G2 Esports,FUT Esports,0,0.5,0,1698.0945168352973,0.6,208.75000000000006,1.095,75.18199999999999,137.897,2.062,2.121,1518.5194308741243,0.4,197.74400000000003,0.999,71.93900000000001,129.872,2.3449999999999998,1.982,179.57508596117304,0.19999999999999996,11.006000000000029,0.09599999999999997,3.242999999999981,8.024999999999977,-0.2829999999999999,0.139
670468,2026-06-15 22:00:00,Xi Lai Gaming,EDward Gaming,0,0.5,2,1662.9602294749266,0.6,204.10600000000002,1.026,73.05199999999999,133.30899999999997,2.128,1.939,1685.0227791270038,1.0,208.901,1.069,75.12499999999999,136.65300000000002,2.1750000000000003,2.009,-22.062549652077223,-0.4,-4.7949999999999875,-0.04299999999999993,-2.0729999999999933,-3.344000000000051,-0.04700000000000015,-0.06999999999999984
670469,2026-06-16 01:15:00,Paper Rex,Team Vitality,1,0.5,0,1779.56820870303,1.0,217.877,1.142,76.86999999999999,145.14100000000002,2.346,1.7289999999999999,1603.106148463384,0.8,208.59099999999998,1.0919999999999999,74.30100000000002,137.84300000000002,2.3369999999999997,1.902,176.462060239646,0.19999999999999996,9.28600000000003,0.050000000000000044,2.568999999999974,7.298000000000002,0.009000000000000341,-0.17300000000000004
670475,2026-06-16 22:00:00,Xi Lai Gaming,LEVIATÁN,0,0.5,0,1647.9748839718536,0.6,200.766,1.011,72.42499999999998,131.222,2.074,2.006,1607.3990938894492,0.6,202.69,1.0530000000000002,74.515,133.162,2.327,1.7719999999999998,40.57579008240441,0.0,-1.9240000000000066,-0.04200000000000026,-2.0900000000000176,-1.9399999999999977,-0.2530000000000001,0.23399999999999999
670474,2026-06-17 00:05:00,Team Vitality,FUT Esports,1,0.6666666666666666,3,1594.5990493038817,0.6,208.87800000000001,1.0899999999999999,73.834,137.686,2.26,1.909,1542.1237807967755,0.6,198.56400000000002,1.001,71.61900000000001,130.392,2.265,2.032,52.47526850710619,0.0,10.313999999999993,0.08899999999999997,2.214999999999989,7.294000000000011,-0.0050000000000003375,-0.123
670470,2026-06-19 21:00:00,EDward Gaming,Paper Rex,0,1.0,2,1700.0081246300767,1.0,207.304,1.0710000000000002,75.025,135.61599999999999,2.205,1.9420000000000002,1788.0753078625323,1.0,218.36400000000003,1.1560000000000001,77.03,146.06099999999998,2.3199999999999994,1.689,-88.06718323245559,0.0,-11.06000000000003,-0.08499999999999996,-2.0049999999999955,-10.444999999999993,-0.11499999999999932,0.2530000000000001
670476,2026-06-20 00:35:00,Team Vitality,LEVIATÁN,0,0.0,2,1608.2006832741781,0.8,213.781,1.127,75.251,140.659,2.2300000000000004,1.866,1625.25922890744,0.8,206.74,1.094,75.47500000000001,136.192,2.287,1.7119999999999997,-17.05854563326193,0.0,7.040999999999997,0.03299999999999992,-0.22400000000000375,4.4669999999999845,-0.056999999999999496,0.15400000000000036
670477,2026-06-20 21:00:00,EDward Gaming,LEVIATÁN,0,1.0,1,1687.9790843759997,0.8,204.61700000000002,1.0479999999999998,73.088,134.259,2.1879999999999997,2.015,1640.474284492325,0.8,207.94300000000004,1.115,76.138,136.67200000000003,2.287,1.6189999999999998,47.50479988367465,0.0,-3.326000000000022,-0.06700000000000017,-3.0500000000000114,-2.4130000000000393,-0.0990000000000002,0.39600000000000035
670471,2026-06-21 22:20:00,Paper Rex,LEVIATÁN,0,1.0,1,1800.1043481166093,1.0,218.887,1.1590000000000003,77.07300000000001,146.394,2.303,1.682,1658.6484296529295,0.8,208.023,1.114,76.125,136.96499999999997,2.3329999999999997,1.645,141.45591846367984,0.19999999999999996,10.864000000000004,0.04500000000000015,0.9480000000000075,9.42900000000003,-0.029999999999999805,0.03699999999999992
701025,2026-07-09 16:00:00,Wolves Esports,Wuxi Titan Esports Club,1,0.0,1,1398.3736451444001,0.0,187.356,,,,,,1416.895482583024,0.2,197.59599999999998,0.9960000000000001,70.86,129.127,2.157,2.294,-18.521837438623834,-0.2,-10.23999999999998,,,,,
701026,2026-07-09 18:20:00,Dragon Ranger Gaming,Guangzhou Huadu Bilibili Gaming,1,0.3333333333333333,3,1500.9764717659837,0.4,200.615,1.012,71.242,130.96,1.968,2.041,1516.0932495437141,0.4,204.56,1.0539999999999998,74.15700000000001,133.51500000000001,2.034,2.068,-15.116777777730476,0.0,-3.944999999999993,-0.041999999999999815,-2.9150000000000063,-2.555000000000007,-0.06599999999999984,-0.027000000000000135
701027,2026-07-10 16:00:00,FunPlus Phoenix,Trace Esports,1,0.3333333333333333,3,1419.067341185356,0.4,183.33300000000003,,,,,,1476.9709379762196,0.4,197.67200000000003,,,,,,-57.9035967908635,0.0,-14.338999999999999,,,,,
701028,2026-07-10 18:10:00,JD Mall JDG Esports,TYLOO,0,1.0,1,1446.2958880972433,0.4,195.19300000000004,,,,,,1486.6567323135394,0.4,206.43299999999994,1.039,73.467,136.642,2.1870000000000003,2.08,-40.36084421629607,0.0,-11.239999999999895,,,,,
701029,2026-07-11 16:00:00,Dragon Ranger Gaming,Wuxi Titan Esports Club,1,0.5,0,1517.67218614945,0.4,202.595,1.027,71.85900000000001,132.15700000000004,2.021,2.074,1400.0433275609264,0.2,197.029,0.9950000000000001,71.187,128.8,2.1000000000000005,2.307,117.6288585885236,0.2,5.5660000000000025,0.031999999999999806,0.6720000000000113,3.3570000000000277,-0.07900000000000063,-0.2330000000000001
701030,2026-07-11 19:35:00,Guangzhou Huadu Bilibili Gaming,Wolves Esports,1,0.0,1,1499.3975351602478,0.4,203.64000000000001,1.038,73.20700000000001,132.645,2.0439999999999996,2.0780000000000003,1415.2258001664977,0.2,190.286,0.9580000000000002,70.09299999999999,125.78800000000001,2.0340000000000003,2.1130000000000004,84.17173499375008,0.2,13.354000000000013,0.07999999999999985,3.1140000000000185,6.856999999999999,0.009999999999999343,-0.03500000000000014
701031,2026-07-12 16:00:00,Nova Esports,FunPlus Phoenix,1,0.5,2,1362.9856653072657,0.2,184.57699999999997,,,,,,1437.7094832328105,0.6,189.07300000000004,,,,,,-74.72381792554484,-0.39999999999999997,-4.496000000000066,,,,,
701032,2026-07-12 18:10:00,TYLOO,Trace Esports,1,0.5,2,1500.806362829599,0.6,207.14600000000002,1.0559999999999998,74.167,136.91500000000002,2.247,2.043,1458.3287959287652,0.2,193.81900000000002,,,,,,42.477566900833835,0.39999999999999997,13.326999999999998,,,,,
701036,2026-07-14 17:00:00,Wolves Esports,All Gamers,0,1.0,1,1403.0279550325215,0.2,193.97899999999998,0.977,71.326,127.321,2.034,2.143,1497.48581363068,0.4,198.43400000000003,,,,,,-94.45785859815851,-0.2,-4.455000000000041,,,,,
701037,2026-07-14 19:15:00,Xi Lai Gaming,Wuxi Titan Esports Club,0,1.0,1,1630.1147489538628,0.6,194.396,0.9639999999999999,71.005,126.822,1.9540000000000002,2.066,1389.2624309294165,0.0,196.082,0.9840000000000002,70.253,128.787,2.0669999999999997,2.4,240.85231802444628,0.6,-1.686000000000007,-0.02000000000000035,0.7519999999999953,-1.9650000000000034,-0.11299999999999955,-0.3340000000000001
701038,2026-07-15 17:00:00,JD Mall JDG Esports,FunPlus Phoenix,0,1.0,2,1432.1462575811836,0.2,192.14000000000001,0.929,69.26,124.297,1.95,2.206,1418.3204188403683,0.4,187.06300000000005,,,,,,13.825838740815243,-0.2,5.07699999999997,,,,,
701039,2026-07-15 19:20:00,EDward Gaming,TYLOO,0,1.0,1,1669.8049392153953,0.6,201.324,1.0230000000000001,72.428,132.472,2.1539999999999995,2.0810000000000004,1514.8598872936197,0.6,209.84300000000002,1.0899999999999999,75.187,138.248,2.257,1.9929999999999999,154.94505192177553,0.0,-8.519000000000005,-0.06699999999999973,-2.7590000000000003,-5.775999999999982,-0.10300000000000065,0.08800000000000052
712803,2026-07-15 23:00:00,FUT Esports,Natus Vincere,0,0.5,2,1528.522146826479,0.4,195.35099999999997,0.9640000000000001,70.11900000000001,128.52200000000002,2.178,2.039,1479.8928333219433,0.4,193.19400000000002,0.9710000000000001,68.73400000000001,129.057,2.012,2.2969999999999997,48.62931350453573,0.0,2.156999999999954,-0.007000000000000006,1.3850000000000051,-0.5349999999999682,0.16599999999999993,-0.25799999999999956
712804,2026-07-16 01:10:00,Team Liquid,Eternal Fire,0,0.5,0,1600.6412185210722,0.4,195.23399999999998,0.967,71.33699999999999,127.71600000000004,2.219,2.0829999999999997,1552.9421397225144,0.6,201.99333333333334,1.0233333333333332,71.7988888888889,132.65555555555557,2.1855555555555553,2.177777777777778,47.69907879855782,-0.19999999999999996,-6.759333333333359,-0.056333333333333235,-0.46188888888890745,-4.939555555555529,0.03344444444444461,-0.0947777777777783
698884,2026-07-16 16:00:00,Gen.G,ZETA DIVISION,1,1.0,2,1516.178055700813,0.2,190.261,0.9410000000000001,70.373,124.57599999999998,2.1839999999999997,2.313,1378.826303565044,0.2,186.70300000000003,0.899,68.611,121.52000000000002,1.907,2.194,137.35175213576895,0.0,3.5579999999999643,0.04200000000000004,1.7620000000000005,3.0559999999999548,0.2769999999999997,0.11900000000000022
701040,2026-07-16 17:00:00,All Gamers,Guangzhou Huadu Bilibili Gaming,0,1.0,1,1509.2399660233882,0.6,200.584,,,,,,1511.595380294224,0.4,202.773,1.028,72.75300000000001,131.28500000000003,2.077,2.0249999999999995,-2.3554142708358086,0.19999999999999996,-2.188999999999993,,,,,
698885,2026-07-16 19:05:00,Team Secret,VARREL,0,0.5,0,1374.635136355303,0.2,181.671,0.8720000000000001,69.10799999999999,120.1,1.844,2.316,1390.3052572312608,0.0,185.275,0.8875,65.9,121.60875,2.325,2.2575,-15.670120875957764,0.2,-3.6040000000000134,-0.015499999999999847,3.207999999999984,-1.5087500000000063,-0.4810000000000001,0.058499999999999996
701041,2026-07-16 20:25:00,Xi Lai Gaming,Dragon Ranger Gaming,1,0.5,2,1604.5139142727915,0.4,188.993,0.933,69.758,124.205,2.037,2.133,1528.45308278096,0.4,203.22800000000004,1.0350000000000001,72.61300000000001,132.67000000000002,2.061,2.074,76.06083149183155,0.0,-14.235000000000042,-0.10200000000000009,-2.855000000000018,-8.465000000000018,-0.02400000000000002,0.05900000000000016
712805,2026-07-16 23:00:00,FNATIC,GIANTX,1,1.0,1,1669.5603891599046,0.6,199.55,1.044,71.578,130.723,2.341,2.034,1493.2054928498696,0.4,186.519,0.9380000000000001,70.05,123.006,2.136,2.1730000000000005,176.35489631003497,0.19999999999999996,13.031000000000006,0.10599999999999998,1.5280000000000058,7.717000000000013,0.20500000000000007,-0.13900000000000068
712806,2026-07-17 01:35:00,PCIFIC Esports,Gentle Mates,0,0.5,0,1399.6974762579368,0.0,179.12500000000003,0.89125,66.97999999999999,118.37125,1.8424999999999998,2.395,1464.4630074725062,0.4,192.671,0.967,71.54599999999999,125.76399999999998,1.9200000000000004,2.2089999999999996,-64.76553121456936,-0.4,-13.545999999999964,-0.07574999999999998,-4.5660000000000025,-7.392749999999978,-0.07750000000000057,0.1860000000000004
706349,2026-07-17 05:00:00,LEVIATÁN,FURIA,1,0.5,4,1680.8251340749391,1.0,208.456,1.1110000000000002,75.737,136.95299999999997,2.32,1.654,1437.3965466618185,0.2,189.524,0.9209999999999999,67.792,124.54499999999999,1.9449999999999998,2.1149999999999998,243.42858741312057,0.8,18.931999999999988,0.19000000000000028,7.944999999999993,12.407999999999987,0.375,-0.46099999999999985
706350,2026-07-17 08:20:00,Sentinels,Cloud9,1,1.0,4,1546.5310578129868,0.4,190.4,0.9550000000000001,69.32,126.00899999999999,2.229,2.4170000000000003,1492.5916024485168,0.2,192.943,0.9660000000000002,71.126,125.173,2.0140000000000002,2.296,53.93945536446995,0.2,-2.5430000000000064,-0.01100000000000012,-1.8060000000000116,0.8359999999999843,0.21499999999999986,0.12100000000000044
701042,2026-07-17 15:00:00,Nova Esports,JD Mall JDG Esports,1,0.5,0,1382.3747296997078,0.4,189.15699999999998,,,,,,1415.5098900506816,0.2,188.73,0.9090000000000001,68.36,121.97399999999998,1.8869999999999998,2.283,-33.13516035097382,0.2,0.4269999999999925,,,,,
698886,2026-07-17 16:00:00,FULL SENSE,Nongshim RedForce,1,0.0,1,1514.3686438350203,0.4,198.27,1.0030000000000001,70.88300000000001,129.27999999999997,1.9999999999999996,2.1659999999999995,1600.6177748962243,0.4,200.10600000000002,1.013,71.84700000000001,129.917,2.234,2.129,-86.24913106120403,0.0,-1.8360000000000127,-0.009999999999999787,-0.9639999999999986,-0.6370000000000289,-0.23400000000000043,0.03699999999999948
701043,2026-07-17 18:00:00,TYLOO,FunPlus Phoenix,1,0.3333333333333333,3,1537.5571485145533,0.8,209.62599999999998,1.0869999999999997,74.804,137.76100000000002,2.2340000000000004,1.936,1434.9567863708703,0.4,192.13300000000004,0.953,69.79100000000001,129.293,1.9469999999999998,2.126,102.60036214368301,0.4,17.492999999999938,0.13399999999999979,5.012999999999991,8.468000000000018,0.2870000000000006,-0.18999999999999995
698887,2026-07-17 19:00:00,KIWOOM DRX,DetonatioN FocusMe,1,1.0,4,1638.6763633281466,0.4,195.90699999999998,0.9880000000000001,70.963,129.307,2.039,2.233,1410.113198453486,0.4,190.94,0.9259999999999999,68.143,123.327,2.0269999999999997,2.2640000000000002,228.56316487466074,0.0,4.9669999999999845,0.062000000000000166,2.819999999999993,5.97999999999999,0.012000000000000455,-0.03100000000000014
701044,2026-07-17 21:30:00,Trace Esports,EDward Gaming,0,0.3333333333333333,6,1444.2752714647445,0.2,188.479,,,,,,1647.1076779944617,0.4,200.90400000000002,1.014,71.78099999999998,132.166,2.1870000000000003,2.021,-202.83240652971722,-0.2,-12.425000000000011,,,,,
712807,2026-07-17 23:00:00,Karmine Corp,Eternal Fire,1,0.5,0,1372.5664260405613,0.0,188.368,0.9440000000000002,70.314,122.399,1.9759999999999998,2.3,1571.1250658902582,0.6,205.344,1.051,72.619,135.15,2.207,2.06,-198.55863984969687,-0.6,-16.976,-0.10699999999999976,-2.305000000000007,-12.751000000000005,-0.2310000000000001,0.23999999999999977
712808,2026-07-18 01:25:00,Team Vitality,Natus Vincere,1,0.25,4,1592.985627689293,0.6,207.69099999999997,1.071,73.131,137.04899999999998,2.1000000000000005,1.986,1498.1177855287078,0.4,194.604,0.9770000000000001,68.83399999999999,129.627,1.9920000000000002,2.287,94.86784216058527,0.19999999999999996,13.08699999999996,0.09399999999999986,4.297000000000011,7.421999999999969,0.10800000000000032,-0.30099999999999993
706351,2026-07-18 05:00:00,ENVY,Evil Geniuses,0,0.5,2,1483.589373291845,0.4,193.43399999999997,0.933,68.974,125.26599999999999,1.964,2.25,1446.147659734438,0.0,187.581,0.9430000000000002,68.92,124.73299999999999,2.1639999999999997,2.2969999999999997,37.441713557406956,0.4,5.85299999999998,-0.01000000000000012,0.054000000000002046,0.5330000000000013,-0.19999999999999973,-0.04699999999999971
706352,2026-07-18 07:15:00,KRÜ Esports,LOUD,0,0.5,2,1487.1397118850152,0.4,191.87,0.9680000000000002,69.77699999999999,124.99100000000001,2.08,2.077,1428.83312542759,0.4,184.137,0.9039999999999999,67.727,120.473,1.886,2.3240000000000003,58.30658645742528,0.0,7.733000000000004,0.06400000000000028,2.049999999999983,4.518000000000015,0.19400000000000017,-0.24700000000000033
698888,2026-07-18 16:00:00,Rex Regum Qeon,Global Esports,0,0.5,4,1563.4875113787275,0.6,192.634,0.978,70.474,125.85999999999999,2.1760000000000006,2.356,1474.8480673928477,0.2,192.71000000000004,0.933,68.78299999999999,126.09200000000001,2.0629999999999997,2.213,88.63944398587978,0.39999999999999997,-0.07600000000005025,0.04499999999999993,1.6910000000000167,-0.23200000000002774,0.11300000000000088,0.1429999999999998
701045,2026-07-18 17:00:00,Wuxi Titan Esports Club,Guangzhou Huadu Bilibili Gaming,0,1.0,1,1414.8632656104878,0.2,196.149,0.9870000000000001,69.9,128.82700000000003,2.054,2.4130000000000003,1527.4869111202324,0.6,200.533,1.0070000000000001,71.75600000000001,130.69799999999998,2.097,2.1119999999999997,-112.62364550974462,-0.39999999999999997,-4.383999999999986,-0.020000000000000018,-1.8560000000000088,-1.8709999999999525,-0.04300000000000015,0.3010000000000006
698889,2026-07-18 18:35:00,Paper Rex,T1,0,0.5,4,1777.9276436945997,0.8,215.171,1.1340000000000001,75.92300000000002,144.41799999999998,2.289,1.722,1642.022467421349,0.6,206.64600000000002,1.068,74.063,134.30400000000003,2.2529999999999997,1.987,135.90517627325085,0.20000000000000007,8.524999999999977,0.06600000000000006,1.8600000000000136,10.113999999999947,0.036000000000000476,-0.2650000000000001
701046,2026-07-18 21:00:00,All Gamers,Xi Lai Gaming,0,0.3333333333333333,3,1493.3484351973798,0.4,204.85399999999998,,,,,,1617.0660888104987,0.4,193.123,0.9620000000000001,71.138,127.55500000000002,2.107,2.053,-123.71765361311896,0.0,11.730999999999995,,,,,
712809,2026-07-18 23:00:00,Gentle Mates,FUT Esports,0,0.0,1,1477.5145177994357,0.4,191.664,0.9570000000000001,70.966,125.47399999999998,1.9770000000000003,2.106,1510.2971946197144,0.4,197.59099999999998,0.9800000000000001,70.34899999999999,130.502,2.1580000000000004,2.0789999999999997,-32.782676820278766,0.0,-5.9269999999999925,-0.02300000000000002,0.6170000000000044,-5.028000000000034,-0.18100000000000005,0.027000000000000135
712810,2026-07-19 01:25:00,Team Heretics,Team Liquid,0,0.25,4,1623.6578782124907,0.6,202.38,1.0459999999999998,73.719,131.70300000000003,2.1510000000000002,2.034,1582.4582923533285,0.4,190.934,0.931,70.137,125.13600000000004,2.019,2.133,41.1995858591622,0.19999999999999996,11.445999999999998,0.11499999999999977,3.5819999999999936,6.566999999999993,0.13200000000000012,-0.0990000000000002
706353,2026-07-19 05:00:00,G2 Esports,100 Thieves,0,0.7142857142857143,7,1674.4901669126461,0.4,209.93,1.0849999999999997,75.572,138.7,2.095,2.098,1573.967252275702,0.6,194.403,0.9949999999999999,70.994,126.24399999999999,2.024,2.1529999999999996,100.52291463694405,-0.19999999999999996,15.527000000000015,0.08999999999999986,4.578000000000003,12.456000000000003,0.07100000000000017,-0.054999999999999716
706354,2026-07-19 08:30:00,NRG,MIBR,1,0.25,4,1650.3007105529482,0.4,203.796,1.087,74.12299999999999,133.10700000000003,2.2600000000000002,1.9929999999999999,1503.3555883640033,0.2,193.77100000000002,0.966,69.99800000000002,127.18499999999999,2.089,2.104,146.94512218894488,0.2,10.024999999999977,0.121,4.124999999999972,5.92200000000004,0.17100000000000026,-0.11100000000000021
701047,2026-07-19 15:00:00,Trace Esports,Nova Esports,0,1.0,1,1436.6820049619494,0.0,186.079,,,,,,1399.89605059665,0.6,189.864,,,,,,36.7859543652994,-0.6,-3.7849999999999966,,,,,
698890,2026-07-19 16:00:00,Nongshim RedForce,Gen.G,0,1.0,1,1580.7254839256163,0.4,198.73900000000003,1.011,71.287,128.664,2.0940000000000003,2.2159999999999997,1526.1629171456977,0.4,194.081,0.9530000000000001,71.18,127.079,2.1839999999999997,2.373,54.5625667799186,0.0,4.658000000000044,0.05799999999999983,0.10699999999999932,1.5849999999999937,-0.08999999999999941,-0.15700000000000047
701048,2026-07-19 18:25:00,Dragon Ranger Gaming,Wolves Esports,0,0.5,2,1515.9009082432526,0.4,203.37800000000001,1.033,72.68300000000002,132.98,2.0709999999999997,2.054,1391.2738026398133,0.2,193.49899999999997,0.975,71.219,127.09400000000001,1.934,2.2199999999999998,124.6271056034393,0.2,9.879000000000048,0.05799999999999994,1.464000000000027,5.8859999999999815,0.1369999999999998,-0.16599999999999993
698891,2026-07-19 19:05:00,KIWOOM DRX,Team Secret,0,1.0,2,1645.4453883651329,0.4,194.61399999999998,0.9720000000000002,70.22,128.517,1.9689999999999999,2.353,1359.356283167922,0.2,185.51399999999998,0.892,70.128,122.97999999999999,1.9509999999999998,2.2789999999999995,286.089105197211,0.2,9.099999999999994,0.08000000000000018,0.09199999999999875,5.537000000000006,0.018000000000000016,0.07400000000000073
701049,2026-07-19 21:45:00,EDward Gaming,JD Mall JDG Esports,1,1.0,2,1654.7009444972568,0.4,203.704,,,,,,1397.9885691537395,0.0,189.04299999999998,0.915,68.45000000000002,121.66399999999999,1.8669999999999998,2.323,256.71237534351735,0.4,14.66100000000003,,,,,
712811,2026-07-19 22:00:00,GIANTX,Karmine Corp,0,0.0,1,1484.6945403691589,0.4,188.05900000000003,0.9460000000000001,70.01,124.13600000000001,2.136,2.213,1396.829759653499,0.2,190.60099999999997,0.96,70.794,124.00600000000001,2.013,2.247,87.86478071565989,0.2,-2.5419999999999447,-0.013999999999999901,-0.7839999999999918,0.12999999999999545,0.12300000000000022,-0.03399999999999981
712812,2026-07-20 00:05:00,Team Vitality,BBL Esports,0,0.0,1,1604.7222346821573,0.6,206.564,1.06,72.684,136.47599999999997,2.086,2.0,1540.2127663502476,0.2,183.242,0.9040000000000001,64.551,121.43299999999999,1.871,2.3899999999999997,64.5094683319096,0.39999999999999997,23.322000000000003,0.15599999999999992,8.132999999999996,15.042999999999978,0.21499999999999986,-0.3899999999999997
701050,2026-07-20 17:00:00,Wuxi Titan Esports Club,All Gamers,0,0.0,1,1403.8754379278519,0.2,195.879,,,,,,1482.8166531695401,0.4,201.474,,,,,,-78.94121524168827,-0.2,-5.594999999999999,,,,,
701051,2026-07-20 19:25:00,Guangzhou Huadu Bilibili Gaming,Xi Lai Gaming,1,0.0,1,1538.4747388028684,0.6,203.03400000000002,,,,,,1627.5978708383384,0.4,193.333,,,,,,-89.12313203547001,0.19999999999999996,9.701000000000022,,,,,
701052,2026-07-21 17:00:00,JD Mall JDG Esports,Trace Esports,1,0.0,2,1392.0440341375872,0.0,189.72299999999998,,,,,,1418.9942511669194,0.0,186.77299999999997,,,,,,-26.95021702933218,0.0,2.950000000000017,,,,,
701053,2026-07-21 19:15:00,EDward Gaming,Nova Esports,0,1.0,2,1660.645479513409,0.4,204.594,,,,,,1417.5838043916801,0.8,190.971,,,,,,243.06167512172897,-0.4,13.62299999999999,,,,,
701054,2026-07-22 17:00:00,Xi Lai Gaming,Wolves Esports,1,1.0,4,1607.581312682884,0.4,193.076,,,,,,1412.7789773827017,0.4,193.733,,,,,,194.80233530018222,0.0,-0.6570000000000107,,,,,
701055,2026-07-22 20:20:00,All Gamers,Dragon Ranger Gaming,1,0.5,2,1495.2425691027,0.4,206.45100000000002,,,,,,1494.3957335003643,0.4,204.464,,,,,,0.8468356023356591,0.0,1.9870000000000232,,,,,
712814,2026-07-22 23:00:00,FUT Esports,PCIFIC Esports,1,0.5,0,1524.7919609828236,0.4,198.081,0.985,69.642,131.565,2.195,2.1290000000000004,1386.6459659310074,0.0,179.85222222222225,0.8922222222222221,66.99666666666666,118.68555555555557,1.7788888888888887,2.381111111111111,138.14599505181627,0.4,18.228777777777736,0.09277777777777785,2.6453333333333404,12.879444444444431,0.4161111111111111,-0.25211111111111073
712815,2026-07-23 02:15:00,FNATIC,Karmine Corp,1,0.8,5,1678.0713416406154,0.6,199.2,1.0340000000000003,71.108,130.853,2.3609999999999998,2.124,1416.7919712883395,0.4,194.001,0.99,71.884,126.66599999999998,2.0130000000000003,2.187,261.2793703522759,0.19999999999999996,5.198999999999984,0.04400000000000026,-0.7759999999999962,4.187000000000026,0.3479999999999994,-0.06299999999999972
698892,2026-07-23 16:00:00,Global Esports,FULL SENSE,1,0.5,2,1494.8437473231916,0.4,195.86,0.9490000000000001,69.17299999999999,128.33200000000002,2.1729999999999996,2.1930000000000005,1534.2609348056283,0.4,195.39,0.9840000000000002,70.126,127.19300000000001,2.007,2.176,-39.4171874824367,0.0,0.4700000000000273,-0.03500000000000014,-0.9530000000000172,1.13900000000001,0.16599999999999948,0.017000000000000348
701056,2026-07-23 17:00:00,TYLOO,Nova Esports,0,0.5,2,1548.964947562686,0.8,207.606,,,,,,1443.2495009106867,1.0,193.92100000000002,,,,,,105.71544665199917,-0.19999999999999996,13.684999999999974,,,,,
698893,2026-07-23 18:00:00,T1,VARREL,0,1.0,1,1663.9803147378648,0.6,202.69899999999998,1.044,72.866,132.18400000000003,2.286,2.13,1405.584110418642,0.2,187.49666666666667,0.9077777777777778,66.48111111111112,123.20777777777776,2.296666666666667,2.251111111111111,258.39620431922276,0.39999999999999997,15.202333333333314,0.13622222222222224,6.384888888888881,8.976222222222262,-0.010666666666666824,-0.12111111111111095
701057,2026-07-23 19:35:00,FunPlus Phoenix,EDward Gaming,0,0.5,4,1423.5489873227377,0.4,190.71600000000004,,,,,,1634.9797829944025,0.4,202.79399999999998,,,,,,-211.43079567166478,0.0,-12.077999999999946,,,,,
712816,2026-07-23 23:00:00,Eternal Fire,Team Heretics,0,1.0,1,1546.8617322773205,0.4,205.844,1.051,72.856,135.277,2.2199999999999998,2.0300000000000002,1605.7694105546948,0.4,202.34,1.035,73.209,131.613,2.101,2.174,-58.907678277374316,0.0,3.5039999999999907,0.016000000000000014,-0.35300000000000864,3.6639999999999873,0.11899999999999977,-0.14399999999999968
712817,2026-07-24 01:15:00,Gentle Mates,Natus Vincere,1,1.0,1,1463.0197514363265,0.4,191.53400000000005,0.9520000000000002,70.506,125.49399999999999,2.027,2.0759999999999996,1486.3811785358437,0.4,193.72400000000002,0.961,68.24100000000001,128.83999999999997,1.9460000000000002,2.3129999999999997,-23.361427099517186,0.0,-2.1899999999999693,-0.008999999999999786,2.2649999999999864,-3.3459999999999894,0.08099999999999996,-0.2370000000000001
706355,2026-07-24 05:00:00,Evil Geniuses,LEVIATÁN,0,0.0,1,1463.8652703540438,0.2,190.684,0.9600000000000002,70.297,126.79299999999998,2.184,2.21,1687.148713902725,1.0,207.34900000000002,1.097,74.92999999999999,136.35999999999999,2.273,1.6740000000000002,-223.28344354868113,-0.8,-16.66500000000002,-0.1369999999999998,-4.632999999999996,-9.567000000000007,-0.08899999999999997,0.5359999999999998
706356,2026-07-24 07:05:00,ENVY,MIBR,0,1.0,1,1465.8717626722394,0.4,192.29699999999997,0.915,68.874,124.83599999999998,1.877,2.27,1493.7460853405414,0.2,192.21200000000002,0.9570000000000001,69.674,126.27199999999998,2.072,2.133,-27.874322668302057,0.2,0.08499999999995111,-0.04200000000000004,-0.8000000000000114,-1.4359999999999928,-0.19500000000000006,0.137
698894,2026-07-24 16:00:00,Rex Regum Qeon,ZETA DIVISION,0,1.0,2,1543.4918314483837,0.4,195.19400000000002,0.991,70.14699999999999,127.97000000000003,2.136,2.4429999999999996,1368.8414421201594,0.2,186.32000000000002,0.889,68.201,120.843,1.9470000000000003,2.181,174.65038932822426,0.2,8.873999999999995,0.10199999999999998,1.945999999999998,7.127000000000024,0.18899999999999983,0.26199999999999957
701058,2026-07-24 17:00:00,Trace Esports,Wuxi Titan Esports Club,1,1.0,1,1401.7556310470773,0.0,186.973,,,,,,1391.449521994692,0.2,193.279,,,,,,10.306109052385182,-0.2,-6.305999999999983,,,,,
698895,2026-07-24 18:05:00,DetonatioN FocusMe,Paper Rex,0,0.3333333333333333,3,1403.3441734164996,0.4,192.493,0.932,68.69699999999999,124.227,2.0999999999999996,2.2169999999999996,1755.9697963780839,0.6,211.164,1.1069999999999998,75.08300000000001,141.675,2.3120000000000003,1.8850000000000002,-352.6256229615842,-0.19999999999999996,-18.670999999999992,-0.1749999999999997,-6.386000000000024,-17.448000000000008,-0.21200000000000063,0.3319999999999994
701059,2026-07-24 19:35:00,EDward Gaming,All Gamers,1,1.0,1,1642.2901300583999,0.6,201.85399999999998,,,,,,1511.2035709592444,0.6,205.344,,,,,,131.08655909915547,0.0,-3.490000000000009,,,,,
712818,2026-07-24 23:00:00,FUT Esports,BBL Esports,1,0.0,1,1534.745442734116,0.6,198.695,0.992,69.942,132.31900000000002,2.195,2.0150000000000006,1559.149862799484,0.4,183.83999999999997,0.907,64.893,122.30699999999999,1.8690000000000004,2.4,-24.404420065367958,0.19999999999999996,14.855000000000018,0.08499999999999996,5.048999999999992,10.012000000000029,0.3259999999999994,-0.38499999999999934
712819,2026-07-25 02:20:00,Team Liquid,FNATIC,1,0.25,4,1600.3467600111244,0.4,194.19400000000002,0.9560000000000001,70.737,128.046,2.069,2.173,1683.8896778787373,0.6,199.26899999999998,1.033,70.86,130.637,2.3619999999999997,2.1670000000000003,-83.54291786761291,-0.19999999999999996,-5.07499999999996,-0.07699999999999985,-0.12300000000000466,-2.591000000000008,-0.2929999999999997,0.005999999999999783
706357,2026-07-25 05:00:00,FURIA,NRG,0,0.3333333333333333,3,1431.0729668340327,0.2,192.387,0.931,68.55699999999999,126.77999999999997,1.9340000000000004,2.0909999999999997,1659.9102135764101,0.4,203.943,1.085,74.07000000000001,133.821,2.26,2.013,-228.83724674237737,-0.2,-11.556000000000012,-0.15399999999999991,-5.513000000000019,-7.041000000000025,-0.3259999999999994,0.07799999999999985
706358,2026-07-25 07:35:00,100 Thieves,KRÜ Esports,1,0.5,4,1594.4715142968782,0.6,199.32,1.035,72.101,130.397,2.0909999999999997,2.1830000000000003,1468.4795210143063,0.2,193.51,0.968,69.84400000000001,126.04400000000001,2.146,2.0629999999999997,125.99199328257191,0.39999999999999997,5.810000000000002,0.06699999999999995,2.256999999999991,4.35299999999998,-0.05500000000000016,0.12000000000000055
698897,2026-07-25 16:00:00,Nongshim RedForce,Global Esports,1,0.5,2,1562.2332397670502,0.2,197.406,1.0,71.22699999999999,128.224,2.04,2.2359999999999998,1512.6512276570465,0.6,200.57999999999998,1.0050000000000001,70.733,131.882,2.223,2.133,49.58201211000369,-0.39999999999999997,-3.173999999999978,-0.0050000000000001155,0.49399999999998556,-3.6580000000000155,-0.18299999999999983,0.10299999999999976
701060,2026-07-25 17:00:00,JD Mall JDG Esports,Dragon Ranger Gaming,0,0.0,2,1409.2826542574294,0.2,190.89299999999997,,,,,,1478.4347316438198,0.4,203.14100000000002,,,,,,-69.15207738639037,-0.2,-12.248000000000047,,,,,
698898,2026-07-25 18:45:00,Team Secret,T1,0,0.3333333333333333,3,1386.1872076814068,0.4,190.257,0.9289999999999999,71.761,126.05999999999999,1.998,2.196,1637.878076643972,0.4,203.86899999999997,1.05,73.236,132.974,2.2560000000000002,2.1599999999999997,-251.69086896256522,0.0,-13.611999999999966,-0.12100000000000011,-1.4750000000000085,-6.9140000000000015,-0.25800000000000023,0.036000000000000476
701061,2026-07-25 20:35:00,TYLOO,Xi Lai Gaming,0,0.5,0,1528.2414503297828,0.8,207.10299999999998,,,,,,1615.4455305795932,0.6,195.279,,,,,,-87.20408024981043,0.20000000000000007,11.823999999999984,,,,,
712820,2026-07-25 23:00:00,PCIFIC Esports,Team Vitality,0,0.0,1,1376.692484179715,0.0,180.95400000000004,0.8939999999999999,66.98999999999998,119.35,1.754,2.403,1585.7851382329209,0.4,205.17399999999998,1.0450000000000002,72.02399999999999,135.316,2.116,2.0,-209.09265405320593,-0.4,-24.219999999999942,-0.15100000000000025,-5.034000000000006,-15.966000000000008,-0.3620000000000001,0.403
712821,2026-07-26 01:00:00,Eternal Fire,GIANTX,0,1.0,1,1533.5488314873521,0.4,200.624,1.0050000000000001,70.976,132.427,2.07,2.12,1464.7323287343183,0.2,184.866,0.9219999999999999,69.143,122.19300000000001,2.053,2.21,68.81650275303377,0.2,15.757999999999981,0.08300000000000018,1.8329999999999984,10.23399999999998,0.016999999999999904,-0.08999999999999986
706359,2026-07-26 05:00:00,G2 Esports,Cloud9,1,1.0,6,1653.98590489147,0.4,207.63300000000004,1.068,74.882,137.313,2.105,2.105,1479.0558397017994,0.2,189.91000000000003,0.9340000000000002,70.51599999999999,123.83599999999998,2.0640000000000005,2.3559999999999994,174.9300651896706,0.2,17.723000000000013,0.1339999999999999,4.366000000000014,13.477000000000004,0.04099999999999948,-0.25099999999999945
706360,2026-07-26 06:55:00,Sentinels,LOUD,1,0.6666666666666666,3,1560.0668205597042,0.6,192.51999999999998,0.9720000000000001,69.767,127.18900000000001,2.2489999999999997,2.4100000000000006,1447.4933162982989,0.6,186.91,0.9179999999999999,68.32700000000001,121.97299999999998,1.9189999999999998,2.287,112.57350426140533,0.0,5.609999999999985,0.05400000000000016,1.4399999999999835,5.216000000000022,0.32999999999999985,0.12300000000000066
698899,2026-07-26 16:00:00,Paper Rex,KIWOOM DRX,1,0.8333333333333334,6,1759.6850482249345,0.6,212.504,1.1149999999999998,76.086,142.792,2.359,1.9949999999999999,1618.614463851648,0.4,194.52399999999997,0.9630000000000001,70.023,128.49999999999997,1.9260000000000002,2.3129999999999993,141.07058437328647,0.19999999999999996,17.980000000000018,0.1519999999999997,6.063000000000002,14.29200000000003,0.43299999999999983,-0.3179999999999994
701062,2026-07-26 17:00:00,FunPlus Phoenix,Wolves Esports,1,1.0,1,1416.2386402587404,0.4,191.14200000000002,,,,,,1404.9147594859924,0.4,194.92000000000002,,,,,,11.323880772747998,0.0,-3.7779999999999916,,,,,
698901,2026-07-26 17:50:00,Gen.G,Rex Regum Qeon,1,0.7142857142857143,7,1544.6551613042639,0.4,196.531,0.975,71.973,128.63899999999998,2.2269999999999994,2.2960000000000003,1520.0642227689473,0.2,193.214,0.9790000000000001,69.637,126.91,2.056,2.473,24.59093853531658,0.2,3.3170000000000073,-0.004000000000000115,2.3359999999999985,1.728999999999985,0.17099999999999937,-0.1769999999999996
701063,2026-07-26 19:30:00,Nova Esports,Guangzhou Huadu Bilibili Gaming,1,0.5,0,1463.9729981435898,1.0,196.11400000000003,,,,,,1558.491296958323,0.8,206.652,,,,,,-94.51829881473304,0.19999999999999996,-10.537999999999954,,,,,
712822,2026-07-26 23:00:00,BBL Esports,Natus Vincere,1,1.0,2,1542.0278424196945,0.4,184.567,0.9129999999999999,65.61999999999999,122.43999999999998,1.943,2.287,1469.3069634726728,0.4,194.464,0.9649999999999999,67.461,129.42,1.9260000000000002,2.343,72.72087894702167,0.0,-9.896999999999991,-0.051999999999999935,-1.8410000000000082,-6.980000000000004,0.016999999999999904,-0.05600000000000005
712823,2026-07-27 02:10:00,Team Heretics,Karmine Corp,0,0.75,4,1619.0823113446631,0.4,201.98,1.04,73.35900000000001,132.26299999999998,2.1310000000000002,2.114,1410.9736350502176,0.4,195.101,0.9950000000000001,71.951,127.57999999999997,2.1399999999999997,2.207,208.10867629444556,0.0,6.878999999999991,0.04499999999999993,1.4080000000000155,4.683000000000007,-0.008999999999999453,-0.09299999999999997
706361,2026-07-27 05:00:00,ENVY,LEVIATÁN,0,0.0,1,1451.1526755842124,0.2,189.65699999999998,0.8990000000000002,68.684,122.79599999999998,1.8369999999999997,2.2,1694.0813706666709,1.0,209.377,1.121,75.76799999999999,137.098,2.1990000000000003,1.6320000000000001,-242.9286950824585,-0.8,-19.720000000000027,-0.22199999999999975,-7.083999999999989,-14.302000000000035,-0.36200000000000054,0.5680000000000001
706362,2026-07-27 07:00:00,FURIA,MIBR,0,0.0,1,1424.3123586254383,0.0,190.75699999999998,0.929,68.22699999999999,125.35700000000001,1.9270000000000003,2.164,1508.4651724285684,0.2,197.81200000000004,1.0130000000000001,71.291,129.672,2.112,2.05,-84.15281380313013,-0.2,-7.055000000000064,-0.08400000000000007,-3.064000000000007,-4.3149999999999835,-0.18499999999999983,0.11400000000000032
712824,2026-07-29 23:00:00,GIANTX,Team Liquid,0,0.0,2,1483.8606427580921,0.2,187.21599999999998,0.9319999999999998,70.173,123.44299999999998,2.073,2.1399999999999997,1620.1215803226553,0.4,201.50400000000002,1.01,72.497,132.71599999999998,2.169,2.043,-136.26093756456316,-0.2,-14.28800000000004,-0.07800000000000018,-2.323999999999998,-9.272999999999996,-0.09600000000000009,0.09699999999999953
712825,2026-07-30 01:15:00,Gentle Mates,Team Vitality,0,0.0,1,1480.0939664994974,0.6,194.87700000000004,0.9760000000000002,71.343,127.48699999999997,2.077,2.083,1593.1716779603917,0.6,207.90699999999998,1.0660000000000003,73.22099999999999,136.823,2.109,1.8700000000000003,-113.0777114608943,0.0,-13.029999999999944,-0.09000000000000008,-1.877999999999986,-9.336000000000041,-0.03200000000000003,0.21299999999999986
698902,2026-07-30 16:00:00,VARREL,DetonatioN FocusMe,0,0.0,1,1431.6863485125348,0.4,189.397,0.923,66.85300000000001,124.08699999999999,2.297,2.286,1399.628921569649,0.2,191.4,0.9269999999999999,68.22999999999999,123.33699999999999,2.203,2.2570000000000006,32.05742694288574,0.2,-2.0030000000000143,-0.0039999999999998925,-1.3769999999999811,0.75,0.0940000000000003,0.02899999999999947
698903,2026-07-30 19:15:00,FULL SENSE,ZETA DIVISION,0,1.0,1,1516.4534544717733,0.2,189.10999999999999,0.9380000000000001,68.26599999999999,122.88300000000001,1.9769999999999999,2.1260000000000003,1392.2690507995958,0.4,192.8,0.9469999999999998,70.651,125.18299999999999,2.037,2.1710000000000003,124.1844036721775,-0.2,-3.690000000000026,-0.008999999999999786,-2.385000000000005,-2.299999999999983,-0.06000000000000005,-0.04499999999999993
712826,2026-07-30 23:00:00,Natus Vincere,PCIFIC Esports,1,0.5,0,1456.6078207892763,0.4,192.851,0.951,67.208,128.41299999999995,1.8590000000000004,2.33,1369.3059444522441,0.0,180.277,0.8780000000000001,66.32300000000001,119.78299999999999,1.677,2.47,87.30187633703213,0.4,12.574000000000012,0.07299999999999984,0.8849999999999909,8.629999999999967,0.18200000000000038,-0.14000000000000012
712827,2026-07-31 01:35:00,Eternal Fire,FNATIC,1,0.0,1,1514.4205174635783,0.2,196.374,0.976,69.936,130.137,2.02,2.12,1664.1148575672064,0.4,196.299,1.0130000000000001,69.883,128.87,2.229,2.1640000000000006,-149.69434010362806,-0.2,0.07499999999998863,-0.037000000000000144,0.05300000000001148,1.266999999999996,-0.20900000000000007,-0.04400000000000048
706364,2026-07-31 05:00:00,KRÜ Esports,G2 Esports,0,0.0,3,1458.0400348401977,0.2,189.77,0.9409999999999998,68.027,124.404,1.9959999999999998,2.16,1662.5481960509944,0.4,205.98300000000003,1.0699999999999998,74.752,137.103,2.115,2.065,-204.50816121079674,-0.2,-16.213000000000022,-0.129,-6.724999999999994,-12.699000000000012,-0.11900000000000044,0.0950000000000002
706365,2026-07-31 07:20:00,100 Thieves,Sentinels,1,0.5,2,1604.911000470987,0.8,200.72999999999996,1.0479999999999998,72.62100000000001,131.777,2.1609999999999996,2.093,1571.0567308299794,0.6,195.25000000000003,1.0,71.237,128.81900000000002,2.3389999999999995,2.29,33.85426964100748,0.20000000000000007,5.479999999999933,0.04799999999999982,1.3840000000000146,2.95799999999997,-0.17799999999999994,-0.19700000000000006
698904,2026-07-31 16:00:00,Team Secret,Paper Rex,0,0.6666666666666666,3,1380.1014875944609,0.4,189.387,0.925,70.921,125.92999999999999,1.998,2.166,1769.5234509750806,0.6,214.767,1.1369999999999998,76.96600000000001,144.685,2.346,1.985,-389.4219633806197,-0.19999999999999996,-25.379999999999995,-0.21199999999999974,-6.045000000000002,-18.75500000000001,-0.3480000000000001,0.18099999999999983
698905,2026-07-31 18:10:00,Global Esports,Gen.G,0,1.0,2,1498.9191883446208,0.6,197.54000000000002,0.985,69.386,130.102,2.1629999999999994,2.133,1559.5245939945912,0.6,196.69100000000003,0.9730000000000001,72.473,128.939,2.26,2.2560000000000002,-60.60540564997041,0.0,0.8489999999999895,0.0119999999999999,-3.0870000000000033,1.163000000000011,-0.09700000000000042,-0.12300000000000022
712828,2026-07-31 23:00:00,BBL Esports,Gentle Mates,1,0.0,1,1554.726985103091,0.4,185.66699999999997,0.9229999999999998,65.967,123.25999999999999,1.9900000000000002,2.213,1469.1249896017457,0.4,195.237,0.976,71.45,127.954,2.0970000000000004,2.13,85.6019955013453,0.0,-9.570000000000022,-0.05300000000000016,-5.483000000000004,-4.694000000000003,-0.1070000000000002,0.08300000000000018
712829,2026-08-01 03:30:00,GIANTX,Team Heretics,0,0.5,2,1473.8325964449457,0.2,189.536,0.9480000000000001,71.19300000000001,124.593,2.053,2.1799999999999997,1594.501081509527,0.2,197.66299999999998,1.0070000000000001,71.69200000000001,129.63299999999998,2.021,2.1510000000000002,-120.66848506458132,0.0,-8.126999999999981,-0.05900000000000005,-0.4989999999999952,-5.039999999999978,0.03200000000000003,0.02899999999999947
706366,2026-08-01 05:00:00,Cloud9,LOUD,0,0.5,2,1470.493548542275,0.2,186.823,0.9040000000000001,68.966,121.723,1.937,2.259,1436.5034060280236,0.6,185.01999999999998,0.9120000000000001,68.06700000000001,121.553,1.879,2.277,33.990142514251374,-0.39999999999999997,1.8030000000000257,-0.008000000000000007,0.8989999999999867,0.1700000000000017,0.05800000000000005,-0.018000000000000238
706367,2026-08-01 08:25:00,Evil Geniuses,MIBR,0,0.3333333333333333,3,1456.9326135900978,0.2,190.57399999999998,0.9469999999999998,69.09700000000001,126.883,2.1439999999999997,2.18,1520.6638397206978,0.4,200.25600000000003,1.03,72.137,131.82,2.224,2.026,-63.73122613059991,-0.2,-9.682000000000045,-0.08300000000000018,-3.039999999999992,-4.936999999999998,-0.08000000000000052,0.15400000000000036
698906,2026-08-01 16:00:00,T1,DetonatioN FocusMe,0,0.6666666666666666,3,1643.963796730918,0.6,204.65899999999996,1.0530000000000002,73.376,133.93400000000003,2.2560000000000007,2.1100000000000003,1417.101045359201,0.2,191.17,0.922,67.95,123.074,2.21,2.274,226.86275137171697,0.39999999999999997,13.488999999999976,0.13100000000000012,5.426000000000002,10.860000000000028,0.04600000000000071,-0.1639999999999997
698907,2026-08-01 19:25:00,FULL SENSE,Rex Regum Qeon,0,0.0,1,1494.966261212943,0.2,191.76299999999998,0.9510000000000002,68.78599999999999,125.17600000000002,2.044,2.14,1505.19479007862,0.2,194.14700000000002,0.974,69.824,127.744,2.049,2.4729999999999994,-10.228528865676935,0.0,-2.384000000000043,-0.0229999999999998,-1.038000000000011,-2.5679999999999836,-0.004999999999999893,-0.3329999999999993
712830,2026-08-01 23:00:00,FUT Esports,Team Vitality,0,0.4,5,1551.8674631139056,0.6,200.35,1.0110000000000001,70.71,133.17400000000004,2.1700000000000004,2.0770000000000004,1604.1406548581433,0.6,208.36700000000002,1.07,73.64200000000001,137.51000000000002,2.1260000000000003,1.8340000000000003,-52.27319174423769,0.0,-8.017000000000024,-0.05899999999999994,-2.9320000000000164,-4.335999999999984,0.04400000000000004,0.2430000000000001
712831,2026-08-02 02:10:00,Karmine Corp,Team Liquid,1,0.0,1,1435.5548648853537,0.6,199.334,1.0260000000000002,72.881,130.01299999999998,2.13,2.09,1630.1496266358017,0.6,202.644,1.012,72.807,134.13600000000002,2.199,1.973,-194.59476175044801,0.0,-3.3100000000000023,0.014000000000000234,0.07399999999999807,-4.123000000000047,-0.06899999999999995,0.11699999999999977
706368,2026-08-02 05:00:00,ENVY,FURIA,1,0.5,0,1444.8144821488625,0.2,183.67999999999998,0.8680000000000001,66.877,119.96599999999998,1.7639999999999998,2.24,1412.113691333309,0.0,190.60700000000003,0.924,68.68,125.854,1.8940000000000001,2.224,32.700790815553546,0.2,-6.927000000000049,-0.05599999999999994,-1.8030000000000115,-5.888000000000019,-0.13000000000000034,0.016000000000000014
706369,2026-08-02 09:00:00,LEVIATÁN,NRG,0,0.3333333333333333,3,1700.4195641020208,1.0,211.837,1.1380000000000001,76.898,138.348,2.226,1.565,1666.6708217850046,0.6,204.393,1.091,74.71000000000001,134.041,2.3,2.003,33.748742317016195,0.4,7.443999999999988,0.04700000000000015,2.187999999999988,4.307000000000016,-0.07399999999999984,-0.43800000000000017
698908,2026-08-02 16:00:00,VARREL,KIWOOM DRX,1,0.0,1,1414.2142247229829,0.4,192.434,0.9629999999999999,68.393,125.787,2.334,2.3129999999999997,1608.776061101502,0.4,188.714,0.9150000000000003,68.073,124.97999999999999,1.826,2.283,-194.56183637851905,0.0,3.719999999999999,0.0479999999999996,0.3200000000000074,0.8070000000000164,0.508,0.029999999999999805
698909,2026-08-02 19:00:00,ZETA DIVISION,Nongshim RedForce,0,0.0,1,1413.756244058426,0.6,193.53300000000002,0.9559999999999998,70.13399999999999,126.26299999999999,2.104,2.1310000000000002,1575.965279079476,0.2,198.45600000000002,1.0020000000000002,70.75999999999999,129.137,1.9600000000000002,2.2489999999999997,-162.20903502104989,0.39999999999999997,-4.923000000000002,-0.046000000000000374,-0.6260000000000048,-2.8740000000000094,0.1439999999999999,-0.11799999999999944
712832,2026-08-02 23:00:00,BBL Esports,PCIFIC Esports,0,1.0,1,1566.8627448573861,0.6,187.07999999999998,0.9480000000000001,67.02000000000001,123.93299999999999,2.067,2.133,1357.2438133389342,0.0,180.167,0.876,66.51599999999999,119.98299999999999,1.754,2.4270000000000005,209.61893151845197,0.6,6.9129999999999825,0.07200000000000006,0.5040000000000191,3.950000000000003,0.31300000000000017,-0.2940000000000005
712833,2026-08-03 02:00:00,FNATIC,Team Heretics,0,0.3333333333333333,6,1641.61828874976,0.4,195.049,0.992,69.223,128.26,2.149,2.227,1605.1572515134358,0.4,196.39299999999997,1.0070000000000001,72.022,129.393,1.9509999999999998,2.211,36.46103723632427,0.0,-1.3439999999999657,-0.015000000000000124,-2.7990000000000066,-1.1330000000000098,0.19800000000000018,0.016000000000000014
706370,2026-08-03 05:00:00,Cloud9,KRÜ Esports,0,0.3333333333333333,3,1452.9332194302926,0.0,188.49,0.9100000000000001,69.143,123.066,1.95,2.2060000000000004,1450.5024935712281,0.0,192.48,0.9549999999999998,69.14699999999999,126.36399999999999,2.086,2.1100000000000003,2.4307258590645233,0.0,-3.9899999999999807,-0.04499999999999971,-0.003999999999990678,-3.2979999999999876,-0.1359999999999999,0.09600000000000009
706371,2026-08-03 08:00:00,G2 Esports,Sentinels,0,0.5,2,1670.085737319964,0.4,204.763,1.0610000000000002,73.992,136.513,2.1250000000000004,2.085,1556.610862036244,0.4,194.19699999999997,0.983,69.95,128.31199999999998,2.352,2.293,113.47487528371994,0.0,10.566000000000031,0.07800000000000018,4.042000000000002,8.201000000000022,-0.22699999999999942,-0.20800000000000018
724619,2026-08-05 16:00:00,Trace Esports,A Team,0,0.5,0,1417.2811563433493,0.2,187.823,,,,,,1500.0,0.5,,,,,,,-82.71884365665073,-0.3,,,,,,
724620,2026-08-05 18:00:00,Wuxi Titan Esports Club,KeepBest Gaming,0,0.5,0,1375.92399669842,0.2,194.719,,,,,,1500.0,0.5,,,,,,,-124.07600330157993,-0.3,,,,,,
724621,2026-08-06 16:00:00,FunPlus Phoenix,JD Mall JDG Esports,0,0.3333333333333333,3,1431.7173408543338,0.4,193.90900000000002,,,,,,1396.4258284872296,0.2,,,,,,,35.29151236710413,0.2,,,,,,
724622,2026-08-06 19:00:00,Wolves Esports,Dragon Ranger Gaming,0,1.0,1,1389.436058890399,0.2,196.09,,,,,,1491.2915574140195,0.4,,,,,,,-101.85549852362055,-0.2,,,,,,
706372,2026-08-07 05:00:00,Evil Geniuses,FURIA,0,0.5,2,1443.8350641675509,0.2,189.05399999999997,0.9259999999999999,68.737,126.34299999999999,2.1239999999999997,2.17,1397.6151872726682,0.0,188.157,0.907,68.157,124.827,1.874,2.301,46.219876894882646,0.2,0.8969999999999629,0.018999999999999906,0.5799999999999983,1.5159999999999911,0.24999999999999956,-0.13100000000000023
706373,2026-08-07 08:00:00,ENVY,NRG,0,0.5,0,1459.3129862095032,0.4,184.49999999999997,0.8760000000000001,67.143,120.75899999999999,1.7440000000000002,2.193,1684.2201389872337,0.6,203.48700000000002,1.093,74.59,133.708,2.2670000000000003,2.043,-224.90715277773052,-0.19999999999999996,-18.98700000000005,-0.21699999999999986,-7.447000000000003,-12.949000000000012,-0.5230000000000001,0.1499999999999999
698910,2026-08-07 16:00:00,Team Secret,DetonatioN FocusMe,0,0.6666666666666666,3,1377.02729813687,0.4,189.477,0.9289999999999999,70.68100000000001,125.88,2.068,2.1760000000000006,1442.2796307368278,0.4,192.14000000000001,0.952,70.65,123.84699999999998,2.24,2.1740000000000004,-65.25233259995775,0.0,-2.663000000000011,-0.02300000000000002,0.03100000000000591,2.0330000000000155,-0.17200000000000015,0.002000000000000224
698911,2026-08-07 18:00:00,Gen.G,FULL SENSE,0,0.5,0,1572.761579618577,0.8,196.451,0.966,72.306,128.193,2.233,2.2030000000000003,1479.437166335295,0.2,193.823,0.9579999999999999,69.486,126.136,2.064,2.12,93.32441328328196,0.6000000000000001,2.627999999999986,0.008000000000000118,2.819999999999993,2.0570000000000164,0.16900000000000004,0.08300000000000018
706374,2026-08-08 05:00:00,100 Thieves,Cloud9,0,1.0,1,1619.3568692647223,0.8,202.587,1.064,73.148,133.31,2.064,2.0460000000000003,1436.8212821940413,0.0,,,,,,,182.535587070681,0.8,,,,,,
706375,2026-08-08 08:00:00,G2 Esports,LOUD,0,0.5,2,1649.0382384500992,0.4,,,,,,,1454.063735140006,0.6,188.85999999999996,0.9339999999999999,68.47999999999999,124.81299999999999,1.9259999999999997,2.263,194.97450331009327,-0.19999999999999996,,,,,,
698912,2026-08-08 16:00:00,KIWOOM DRX,T1,0,0.75,4,1584.6484936391948,0.2,188.20700000000002,0.915,68.013,124.71999999999998,1.7930000000000004,2.229,1618.785211353291,0.4,198.21599999999998,1.028,73.163,129.834,2.1960000000000006,2.02,-34.13671771409622,-0.2,-10.008999999999958,-0.11299999999999999,-5.1499999999999915,-5.1140000000000185,-0.40300000000000025,0.20900000000000007
698913,2026-08-08 18:00:00,Global Esports,ZETA DIVISION,0,0.0,1,1485.6822027206351,0.4,198.05,0.9879999999999999,69.923,130.105,2.1529999999999996,2.146,1404.7269804797643,0.6,,,,,,,80.95522224087085,-0.19999999999999996,,,,,,
706376,2026-08-09 05:00:00,KRÜ Esports,Sentinels,0,0.0,1,1466.6144308074795,0.2,,,,,,,1577.6583609061088,0.6,,,,,,,-111.04393009862929,-0.39999999999999997,,,,,,
706377,2026-08-09 08:00:00,LEVIATÁN,MIBR,0,0.3333333333333333,3,1682.8702468997917,0.8,210.984,1.127,76.938,137.301,2.2660000000000005,1.612,1533.7613891432447,0.6,202.22600000000003,1.041,73.087,133.55,2.1540000000000004,1.996,149.10885775654697,0.20000000000000007,8.757999999999981,0.08600000000000008,3.850999999999999,3.7509999999999764,0.1120000000000001,-0.3839999999999999
698914,2026-08-09 16:00:00,VARREL,Paper Rex,0,0.5,0,1438.3417921852897,0.6,193.654,0.9719999999999999,69.03999999999999,127.08699999999999,2.314,2.3200000000000003,1772.5976404326714,0.6,214.93699999999998,1.132,76.563,144.498,2.2960000000000003,2.035,-334.25584824738166,0.0,-21.282999999999987,-0.16000000000000003,-7.52300000000001,-17.411,0.017999999999999794,0.28500000000000014
698915,2026-08-09 18:00:00,Nongshim RedForce,Rex Regum Qeon,0,1.0,3,1584.9945426581378,0.4,,,,,,,1520.723884956268,0.2,193.93700000000004,0.968,68.997,128.054,1.9720000000000002,2.4099999999999997,64.27065770186982,0.2,,,,,,
706378,2026-08-10 05:00:00,Evil Geniuses,NRG,0,0.0,2,1425.7190282379513,0.2,,,,,,,1691.102170156404,0.8,,,,,,,-265.3831419184528,-0.6000000000000001,,,,,,
706379,2026-08-10 08:00:00,LOUD,100 Thieves,0,0.5,4,1478.2053943779342,0.6,,,,,,,1595.6474075112824,0.6,,,,,,,-117.44201313334815,0.0,,,,,,
