match_id,team1,team2,team1_elo_before,team2_elo_before,team1_elo_after,team2_elo_after,winner
173222,FNATIC,BBL Esports,1500.0,1500.0,1516.0,1484.0,FNATIC
173223,Team Heretics,Karmine Corp,1500.0,1500.0,1516.0,1484.0,Team Heretics
184461,ZETA DIVISION,Rex Regum Qeon,1500.0,1500.0,1516.0,1484.0,ZETA DIVISION
184462,TALON,T1,1500.0,1500.0,1484.0,1516.0,T1
183781,NRG,Sentinels,1500.0,1500.0,1516.0,1484.0,NRG
184471,Team Secret,Gen.G,1500.0,1500.0,1484.0,1516.0,Gen.G
183782,MIBR,KRÜ Esports,1500.0,1500.0,1516.0,1484.0,MIBR
318918,Karmine Corp,FUT Esports,1484.0,1500.0,1468.736306793522,1515.263693206478,FUT Esports
459841,Team Liquid,FUT Esports,1500.0,1515.263693206478,1516.7024671725246,1498.5612260339533,Team Liquid
459840,Natus Vincere,GIANTX,1500.0,1500.0,1516.0,1484.0,Natus Vincere
450071,JD Mall JDG Esports,Xi Lai Gaming,1500.0,1500.0,1484.0,1516.0,Xi Lai Gaming
183783,Evil Geniuses,100 Thieves,1500.0,1500.0,1484.0,1516.0,100 Thieves
318920,Team Liquid,Natus Vincere,1516.7024671725246,1516.0,1500.6701174078103,1532.0323497647144,Natus Vincere
318919,Team Vitality,Team Heretics,1500.0,1516.0,1516.736306793522,1499.263693206478,Team Vitality
459843,Apeks,FNATIC,1500.0,1516.0,1484.736306793522,1531.263693206478,FNATIC
459842,Team Vitality,Team Heretics,1516.736306793522,1499.263693206478,1499.9323408595199,1516.0676591404801,Team Heretics
450072,Dragon Ranger Gaming,TYLOO,1500.0,1500.0,1484.0,1516.0,TYLOO
318922,FNATIC,GIANTX,1531.263693206478,1484.0,1545.1004474267124,1470.1632457797655,FNATIC
318921,BBL Esports,Movistar KOI,1484.0,1500.0,1500.736306793522,1483.263693206478,BBL Esports
319771,JDG Esports,Nova Esports,1500.0,1500.0,1484.0,1516.0,Nova Esports
319772,FunPlus Phoenix,Dragon Ranger Gaming,1500.0,1484.0,1515.263693206478,1468.736306793522,FunPlus Phoenix
459844,Karmine Corp,Gentle Mates,1468.736306793522,1500.0,1486.1721796717984,1482.5641271217237,Karmine Corp
458823,Nongshim RedForce,Team Secret,1500.0,1484.0,1515.263693206478,1468.736306793522,Nongshim RedForce
459535,100 Thieves,2Game Esports,1516.0,1500.0,1531.263693206478,1484.736306793522,100 Thieves
450073,Wolves Esports,All Gamers,1500.0,1500.0,1516.0,1484.0,Wolves Esports
458824,KIWOOM DRX,BOOM Esports,1500.0,1500.0,1484.0,1516.0,BOOM Esports
459536,G2 Esports,LEVIATÁN,1500.0,1500.0,1516.0,1484.0,G2 Esports
450074,Bilibili Gaming,Trace Esports,1500.0,1500.0,1484.0,1516.0,Trace Esports
183949,Natus Vincere,Team Heretics,1532.0323497647144,1516.0676591404801,1547.2976655920158,1500.8023433131787,Natus Vincere
318923,Karmine Corp,Gentle Mates,1486.1721796717984,1482.5641271217237,1502.0060286842358,1466.7302781092862,Karmine Corp
314309,Gen.G,Paper Rex,1516.0,1500.0,1499.263693206478,1516.736306793522,Paper Rex
319773,All Gamers,Wolves Esports,1484.0,1516.0,1469.4695015289756,1530.5304984710244,Wolves Esports
314310,T1,KIWOOM DRX,1516.0,1484.0,1498.5304984710244,1501.4695015289756,KIWOOM DRX
319774,Trace Esports,Bilibili Gaming,1516.0,1484.0,1530.5304984710244,1469.4695015289756,Trace Esports
458825,T1,Rex Regum Qeon,1498.5304984710244,1484.0,1481.861734152009,1500.6687643190155,Rex Regum Qeon
459537,FURIA,Cloud9,1500.0,1500.0,1484.0,1516.0,Cloud9
450075,Titan Esports Club,Nova Esports,1500.0,1516.0,1516.736306793522,1499.263693206478,Titan Esports Club
450076,EDward Gaming,FunPlus Phoenix,1500.0,1515.263693206478,1516.7024671725246,1498.5612260339533,EDward Gaming
458826,Gen.G,Global Esports,1499.263693206478,1500.0,1515.2976013366472,1483.9660918698307,Gen.G
459538,Sentinels,LOUD,1484.0,1500.0,1500.736306793522,1483.263693206478,Sentinels
183950,KOI,FUT Esports,1500.0,1498.5612260339533,1483.9337423890202,1514.6274836449331,FUT Esports
183951,Team Liquid,FNATIC,1500.6701174078103,1545.1004474267124,1486.705128615426,1559.0654362190967,FNATIC
314311,Team Secret,ZETA DIVISION,1468.736306793522,1516.0,1486.8995525732876,1497.8367542202345,Team Secret
314628,G2 Esports,100 Thieves,1516.0,1531.263693206478,1500.7024671725246,1546.5612260339533,100 Thieves
319775,Dragon Ranger Gaming,Titan Esports Club,1468.736306793522,1516.736306793522,1486.9328313337994,1498.5397822532448,Dragon Ranger Gaming
314312,BLEED,Rex Regum Qeon,1500.0,1500.6687643190155,1484.0307976969978,1516.6379666220178,Rex Regum Qeon
314629,Sentinels,LEVIATÁN,1500.736306793522,1484.0,1483.9661669788793,1500.7701398146428,LEVIATÁN
319776,TYLOO,EDward Gaming,1516.0,1516.7024671725246,1500.0323497647144,1532.6701174078103,EDward Gaming
458827,TALON,ZETA DIVISION,1484.0,1497.8367542202345,1468.6368694111,1513.1998848091343,ZETA DIVISION
459539,VISA KRÜ,Evil Geniuses,1500.0,1484.0,1483.263693206478,1500.736306793522,Evil Geniuses
458828,DetonatioN FocusMe,Paper Rex,1500.0,1516.736306793522,1484.7701398146428,1531.9661669788793,Paper Rex
459540,NRG,MIBR,1516.0,1516.0,1500.0,1532.0,MIBR
183952,Giants Gaming,BBL Esports,1500.0,1500.736306793522,1516.0339081301693,1484.7023986633528,Giants Gaming
183953,Team Vitality,Karmine Corp,1499.9323408595199,1502.0060286842358,1516.0278365790089,1485.9105329647468,Team Vitality
184472,Paper Rex,KIWOOM DRX,1531.9661669788793,1501.4695015289756,1514.565339442422,1518.8703290654328,KIWOOM DRX
184473,Team Secret,Rex Regum Qeon,1486.8995525732876,1516.6379666220178,1472.2657224380596,1531.2717967572457,Rex Regum Qeon
314313,Gen.G,DetonatioN FocusMe,1515.2976013366472,1484.7701398146428,1529.8953664706066,1470.1723746806833,Gen.G
314630,KRÜ Esports,MIBR,1484.0,1532.0,1502.1965245402773,1513.8034754597227,KRÜ Esports
314314,Global Esports,TALON,1483.9660918698307,1468.6368694111,1467.2606128056134,1485.3423484753173,TALON
314631,NRG,FURIA,1500.0,1484.0,1515.263693206478,1468.736306793522,NRG
183785,Cloud9,100 Thieves,1516.0,1546.5612260339533,1533.4037778232891,1529.1574482106641,Cloud9
184474,T1,Gen.G,1481.861734152009,1529.8953664706066,1468.0597783075589,1543.6973223150567,Gen.G
183786,NRG,MIBR,1515.263693206478,1513.8034754597227,1499.1964480900904,1529.8707205761102,MIBR
184475,ZETA DIVISION,DetonatioN FocusMe,1513.1998848091343,1470.1723746806833,1527.228463095034,1456.1437963947837,ZETA DIVISION
314315,T1,Rex Regum Qeon,1468.0597783075589,1531.2717967572457,1486.9390990566662,1512.3924760081384,T1
314632,Cloud9,Evil Geniuses,1533.4037778232891,1500.736306793522,1547.9038028173154,1486.2362817994958,Cloud9
314316,BLEED,ZETA DIVISION,1484.0307976969978,1527.228463095034,1470.009935922054,1541.2493248699777,ZETA DIVISION
459845,Team Vitality,Apeks,1516.0278365790089,1484.736306793522,1530.5906921121732,1470.1734512603578,Team Vitality
183787,LEVIATÁN,Sentinels,1500.7701398146428,1483.9661669788793,1515.996891112422,1468.7394156811001,LEVIATÁN
184476,TALON,Global Esports,1485.3423484753173,1467.2606128056134,1468.5104047509165,1484.0925565300142,Global Esports
183788,Evil Geniuses,KRÜ Esports,1486.2362817994958,1502.1965245402773,1502.970761571349,1485.4620447684242,Evil Geniuses
318924,Gentle Mates,FNATIC,1466.7302781092862,1559.0654362190967,1454.8851090359628,1570.91060529242,FNATIC
459847,Gentle Mates,BBL Esports,1454.8851090359628,1484.7023986633528,1440.2548847029884,1499.3326229963272,BBL Esports
459846,Team Liquid,Movistar KOI,1486.705128615426,1483.263693206478,1502.5466498409608,1467.4221719809432,Team Liquid
473233,Titan Esports Club,Wolves Esports,1498.5397822532448,1530.5304984710244,1484.0088598535829,1545.0614208706863,Wolves Esports
473234,Xi Lai Gaming,Nova Esports,1516.0,1499.263693206478,1531.2298601853572,1484.0338330211207,Xi Lai Gaming
183789,LOUD,FURIA,1483.263693206478,1468.736306793522,1498.5950719527063,1453.4049280472937,LOUD
318926,BBL Esports,Team Heretics,1499.3326229963272,1500.8023433131787,1515.4003057144596,1484.7346605950463,BBL Esports
318925,Karmine Corp,Natus Vincere,1485.9105329647468,1547.2976655920158,1472.708460012371,1560.4997385443917,Natus Vincere
459849,Karmine Corp,FUT Esports,1472.708460012371,1514.6274836449331,1458.6295894254051,1528.706354231899,FUT Esports
459848,GIANTX,FNATIC,1470.1632457797655,1570.91060529242,1458.6770229890546,1582.396828083131,FNATIC
473235,Titan Esports Club,Dragon Ranger Gaming,1484.0088598535829,1486.9328313337994,1468.1435105374921,1502.7981806498901,Dragon Ranger Gaming
473236,Nova Esports,Trace Esports,1484.0338330211207,1530.5304984710244,1470.1623912666084,1544.4019402255367,Trace Esports
318928,Team Liquid,GIANTX,1502.5466498409608,1458.6770229890546,1516.5370474542303,1444.686625375785,Team Liquid
318927,Team Vitality,FUT Esports,1530.5906921121732,1528.706354231899,1546.503915996746,1512.7931303473263,Team Vitality
319777,Wolves Esports,Trace Esports,1545.0614208706863,1544.4019402255367,1529.0310507011075,1560.4323103951156,Trace Esports
319778,Nova Esports,FunPlus Phoenix,1470.1623912666084,1498.5612260339533,1455.4673011243906,1513.2563161761711,FunPlus Phoenix
459850,Natus Vincere,Team Heretics,1560.4997385443917,1484.7346605950463,1541.0649029656834,1504.1694961737546,Team Heretics
458830,Paper Rex,Global Esports,1514.565339442422,1484.0925565300142,1529.1656033134855,1469.4922926589509,Paper Rex
459541,G2 Esports,Cloud9,1500.7024671725246,1547.9038028173154,1518.862893705695,1529.7433762841451,G2 Esports
473237,Bilibili Gaming,Wolves Esports,1469.4695015289756,1529.0310507011075,1456.1858540180956,1542.3146982119874,Wolves Esports
458831,T1,TALON,1486.9390990566662,1468.5104047509165,1470.0912213280362,1485.3582824795465,TALON
473238,EDward Gaming,Xi Lai Gaming,1532.6701174078103,1531.2298601853572,1516.6037914915212,1547.2961861016463,Xi Lai Gaming
459542,MIBR,FURIA,1529.8707205761102,1453.4049280472937,1542.4051164256398,1440.870532197764,MIBR
183774,Sentinels,100 Thieves,1468.7394156811001,1529.1574482106641,1487.4940577505336,1510.4028061412307,Sentinels
184463,Team Secret,Paper Rex,1472.2657224380596,1529.1656033134855,1490.862880784039,1510.5684449675061,Team Secret
183775,KRÜ Esports,FURIA,1485.4620447684242,1440.870532197764,1467.4197313376997,1458.9128456284886,FURIA
184465,Gen.G,DetonatioN FocusMe,1543.6973223150567,1456.1437963947837,1555.7485684586002,1444.0925502512403,Gen.G
459832,Team Liquid,BBL Esports,1516.5370474542303,1515.4003057144596,1532.4846987493313,1499.4526544193586,Team Liquid
184037,Team Heretics,Team Liquid,1504.1694961737546,1532.4846987493313,1489.470580169446,1547.1836147536399,Team Liquid
318929,FNATIC,Movistar KOI,1582.396828083131,1467.4221719809432,1593.2872203463066,1456.5317797177674,FNATIC
314317,Gen.G,KIWOOM DRX,1555.7485684586002,1518.8703290654328,1538.0566121872848,1536.5622853367481,KIWOOM DRX
319779,Bilibili Gaming,All Gamers,1456.1858540180956,1469.4695015289756,1440.7972906904813,1484.8580648565899,All Gamers
314318,BLEED,DetonatioN FocusMe,1470.009935922054,1444.0925502512403,1484.8186051437362,1429.283881029558,BLEED
319780,Dragon Ranger Gaming,JDG Esports,1502.7981806498901,1484.0,1517.9333361915524,1468.8648444583378,Dragon Ranger Gaming
458832,KIWOOM DRX,Gen.G,1536.5622853367481,1538.0566121872848,1552.6311012070148,1521.9877963170181,KIWOOM DRX
459543,Sentinels,2Game Esports,1487.4940577505336,1484.736306793522,1503.3670612927006,1468.863303251355,Sentinels
473240,Bilibili Gaming,Trace Esports,1440.7972906904813,1560.4323103951156,1462.0987948522807,1539.1308062333162,Bilibili Gaming
459544,VISA KRÜ,100 Thieves,1483.263693206478,1510.4028061412307,1500.510959807451,1493.1555395402577,VISA KRÜ
473239,EDward Gaming,Dragon Ranger Gaming,1516.6037914915212,1517.9333361915524,1532.6650189887866,1501.872108694287,EDward Gaming
458833,Nongshim RedForce,ZETA DIVISION,1515.263693206478,1541.2493248699777,1532.4581493591638,1524.0548687172918,Nongshim RedForce
184039,FUT Esports,Giants Gaming,1512.7931303473263,1516.0339081301693,1496.9423693513643,1531.8846691261313,Giants Gaming
314319,Global Esports,Rex Regum Qeon,1469.4922926589509,1512.3924760081384,1487.4579395170451,1494.4268291500441,Global Esports
314634,Sentinels,MIBR,1503.3670612927006,1542.4051164256398,1521.1573026330004,1524.61487508534,Sentinels
319781,TYLOO,Nova Esports,1500.0323497647144,1455.4673011243906,1513.9912351980752,1441.5084156910298,TYLOO
314320,Team Secret,Paper Rex,1490.862880784039,1510.5684449675061,1507.7693837348986,1493.6619420166464,Team Secret
314635,Cloud9,LOUD,1529.7433762841451,1498.5950719527063,1544.312774621005,1484.0256736158465,Cloud9
319782,EDward Gaming,Titan Esports Club,1532.6650189887866,1468.1435105374921,1545.7273867591027,1455.081142767176,EDward Gaming
458834,DetonatioN FocusMe,BOOM Esports,1429.283881029558,1516.0,1417.196398274425,1528.087482755133,BOOM Esports
459545,Evil Geniuses,LOUD,1502.970761571349,1484.0256736158465,1518.0991717024308,1468.8972634847646,Evil Geniuses
458835,Rex Regum Qeon,Team Secret,1494.4268291500441,1507.7693837348986,1479.0409746142107,1523.155238270732,Team Secret
459546,LEVIATÁN,NRG,1515.996891112422,1499.1964480900904,1499.2238045845356,1515.9695346179767,NRG
184040,Karmine Corp,Natus Vincere,1458.6295894254051,1541.0649029656834,1446.356205695432,1553.3382866956565,Natus Vincere
183791,LOUD,Sentinels,1468.8972634847646,1521.1573026330004,1487.2859396468536,1502.7686264709114,LOUD
184041,BBL Esports,Team Vitality,1499.4526544193586,1546.503915996746,1517.6062953967319,1528.3502750193727,BBL Esports
184477,Paper Rex,Global Esports,1493.6619420166464,1487.4579395170451,1509.3762675056137,1471.743614028078,Paper Rex
183792,LEVIATÁN,MIBR,1499.2238045845356,1524.61487508534,1516.3910293273316,1507.447650342544,LEVIATÁN
184478,Gen.G,KIWOOM DRX,1521.9877963170181,1552.6311012070148,1507.3953248374723,1567.2235726865606,KIWOOM DRX
314321,T1,TALON,1470.0912213280362,1485.3582824795465,1454.7938433011288,1500.6556605064538,TALON
314636,KRÜ Esports,Evil Geniuses,1467.4197313376997,1518.0991717024308,1485.7371926996457,1499.781710340485,KRÜ Esports
314322,Gen.G,ZETA DIVISION,1507.3953248374723,1524.0548687172918,1524.1619377420832,1507.288255812681,Gen.G
314637,NRG,LEVIATÁN,1515.9695346179767,1516.3910293273316,1499.9889451571448,1532.3716187881635,LEVIATÁN
183793,KRÜ Esports,100 Thieves,1485.7371926996457,1493.1555395402577,1470.0787682905848,1508.8139639493186,100 Thieves
184479,T1,Rex Regum Qeon,1454.7938433011288,1479.0409746142107,1471.9086556587497,1461.9261622565898,T1
183794,Evil Geniuses,FURIA,1499.781710340485,1458.9128456284886,1481.908262465936,1476.7862935030375,FURIA
184480,Team Secret,DetonatioN FocusMe,1523.155238270732,1417.196398274425,1534.4215113585985,1405.9301251865586,Team Secret
314323,Team Secret,DetonatioN FocusMe,1534.4215113585985,1405.9301251865586,1544.7600521202144,1395.5915844249428,Team Secret
314638,G2 Esports,FURIA,1518.862893705695,1476.7862935030375,1532.934612632393,1462.7145745763394,G2 Esports
314324,Global Esports,Paper Rex,1471.743614028078,1509.3762675056137,1457.4699159090976,1523.649965624594,Paper Rex
314639,Cloud9,100 Thieves,1544.312774621005,1508.8139639493186,1526.683659075615,1526.4430794947086,100 Thieves
459852,BBL Esports,FUT Esports,1517.6062953967319,1496.9423693513643,1532.6558069053958,1481.8928578427003,BBL Esports
183795,NRG,Cloud9,1499.9889451571448,1526.683659075615,1485.2158687745878,1541.456735458172,Cloud9
184481,ZETA DIVISION,TALON,1507.288255812681,1500.6556605064538,1490.9828506101517,1516.9610657089831,TALON
183796,MIBR,Sentinels,1507.447650342544,1502.7686264709114,1491.2321863561833,1518.984090457272,Sentinels
318930,Team Liquid,Team Heretics,1547.1836147536399,1489.470580169446,1528.5500098858167,1508.1041850372692,Team Heretics
314640,Sentinels,Evil Geniuses,1518.984090457272,1481.908262465936,1501.2831371894667,1499.6092157337414,Evil Geniuses
314641,NRG,MIBR,1485.2158687745878,1491.2321863561833,1501.492902748593,1474.955152382178,NRG
459854,Gentle Mates,Movistar KOI,1440.2548847029884,1456.5317797177674,1425.0039155091754,1471.7827489115807,Movistar KOI
459853,GIANTX,Apeks,1444.686625375785,1470.1734512603578,1461.8582362605696,1453.0018403755732,GIANTX
183797,LEVIATÁN,100 Thieves,1532.3716187881635,1526.4430794947086,1516.0986259594274,1542.7160723234447,100 Thieves
183798,Evil Geniuses,LOUD,1499.6092157337414,1487.2859396468536,1483.0419457653716,1503.8532096152235,LOUD
318932,FNATIC,FUT Esports,1593.2872203463066,1481.8928578427003,1572.3261597142252,1502.8539184747817,FUT Esports
318931,Team Vitality,Gentle Mates,1528.3502750193727,1425.0039155091754,1507.7265690720992,1445.6276214564489,Gentle Mates
314642,G2 Esports,LEVIATÁN,1532.934612632393,1516.0986259594274,1516.1598930883954,1532.873345503425,LEVIATÁN
314643,KRÜ Esports,LOUD,1470.0787682905848,1503.8532096152235,1487.6292578705238,1486.3027200352844,KRÜ Esports
459855,Team Vitality,Natus Vincere,1507.7265690720992,1553.3382866956565,1493.815081745584,1567.2497740221718,Natus Vincere
475897,MIBR,100 Thieves,1474.955152382178,1542.7160723234447,1494.0366856881521,1523.6345390174706,MIBR
475898,Sentinels,Cloud9,1501.2831371894667,1541.456735458172,1519.124998477467,1523.6148741701718,Sentinels
183799,Cloud9,FURIA,1523.6148741701718,1462.7145745763394,1536.83868634421,1449.4907624023012,Cloud9
183800,NRG,KRÜ Esports,1501.492902748593,1487.6292578705238,1516.8547969427873,1472.2673636763295,NRG
318934,Team Vitality,GIANTX,1493.815081745584,1461.8582362605696,1508.347550814153,1447.3257671920005,Team Vitality
318933,BBL Esports,Natus Vincere,1532.6558069053958,1567.2497740221718,1550.2436740196565,1549.661906907911,BBL Esports
319783,Titan Esports Club,Bilibili Gaming,1455.081142767176,1462.0987948522807,1471.4042736466902,1445.7756639727666,Titan Esports Club
319784,Trace Esports,Dragon Ranger Gaming,1539.1308062333162,1501.872108694287,1521.4215271552312,1519.581387772372,Dragon Ranger Gaming
473833,TALON,Gen.G,1516.9610657089831,1524.1619377420832,1501.2926306469092,1539.8303728041572,Gen.G
475903,100 Thieves,NRG,1523.6345390174706,1516.8547969427873,1539.3223599799294,1501.1669759803285,100 Thieves
473834,KIWOOM DRX,T1,1567.2235726865606,1471.9086556587497,1578.9410595168606,1460.1911688284497,KIWOOM DRX
475904,Cloud9,Evil Geniuses,1536.83868634421,1483.0419457653716,1518.3808658575697,1501.4997662520118,Evil Geniuses
184042,Giants Gaming,Team Liquid,1531.8846691261313,1528.5500098858167,1515.731107108345,1544.703571903603,Team Liquid
318935,Karmine Corp,Movistar KOI,1446.356205695432,1471.7827489115807,1463.5250553112417,1454.613899295771,Karmine Corp
314325,BLEED,Paper Rex,1484.8186051437362,1523.649965624594,1470.5994463865138,1537.8691243818164,Paper Rex
319785,TYLOO,Wolves Esports,1513.9912351980752,1542.3146982119874,1499.2926970848075,1557.013236325255,Wolves Esports
314326,Global Esports,DetonatioN FocusMe,1457.4699159090976,1395.5915844249428,1470.650065481636,1382.4114348524045,Global Esports
319786,FunPlus Phoenix,EDward Gaming,1513.2563161761711,1545.7273867591027,1530.7473256238345,1528.2363773114394,FunPlus Phoenix
473837,BOOM Esports,Gen.G,1528.087482755133,1539.8303728041572,1512.6280569996102,1555.2897985596799,Gen.G
475899,VISA KRÜ,MIBR,1500.510959807451,1494.0366856881521,1484.2128429714849,1510.3348025241182,MIBR
473838,Rex Regum Qeon,KIWOOM DRX,1461.9261622565898,1578.9410595168606,1483.1199855357381,1557.7472362377123,Rex Regum Qeon
475900,G2 Esports,Sentinels,1516.1598930883954,1519.124998477467,1500.2964379227556,1534.9884536431068,Sentinels
184043,BBL Esports,Team Heretics,1550.2436740196565,1508.1041850372692,1564.312538938182,1494.0353201187438,BBL Esports
184044,KOI,Karmine Corp,1483.9337423890202,1463.5250553112417,1466.9949671148645,1480.4638305853973,Karmine Corp
314327,T1,ZETA DIVISION,1460.1911688284497,1490.9828506101517,1477.6054772227735,1473.5685422158278,T1
314644,G2 Esports,MIBR,1500.2964379227556,1510.3348025241182,1516.7585931028252,1493.8726473440486,G2 Esports
319787,All Gamers,Nova Esports,1484.8580648565899,1441.5084156910298,1498.8720349852756,1427.494445562344,All Gamers
314645,Sentinels,LOUD,1534.9884536431068,1486.3027200352844,1516.760953495752,1504.5302201826394,LOUD
314328,Team Secret,TALON,1544.7600521202144,1501.2926306469092,1526.7686824228174,1519.2840003443062,TALON
319788,Bilibili Gaming,JDG Esports,1445.7756639727666,1468.8648444583378,1462.8373974752546,1451.8031109558497,Bilibili Gaming
475906,VISA KRÜ,Evil Geniuses,1484.2128429714849,1501.4997662520118,1469.0082789134635,1516.7043303100331,Evil Geniuses
475905,G2 Esports,100 Thieves,1516.7585931028252,1539.3223599799294,1533.7962345613912,1522.2847185213634,G2 Esports
184045,FUT Esports,FNATIC,1502.8539184747817,1572.3261597142252,1490.0112652217647,1585.1688129672423,FNATIC
184046,Team Vitality,Natus Vincere,1508.347550814153,1549.661906907911,1494.241230003312,1563.768227718752,Natus Vincere
184482,T1,DetonatioN FocusMe,1477.6054772227735,1382.4114348524045,1489.328132233199,1370.6887798419789,T1
184483,ZETA DIVISION,Team Secret,1473.5685422158278,1526.7686824228174,1491.999529508576,1508.3376951300693,ZETA DIVISION
314329,BLEED,KIWOOM DRX,1470.5994463865138,1557.7472362377123,1458.530648427126,1569.8160341971002,KIWOOM DRX
314646,Cloud9,FURIA,1518.3808658575697,1449.4907624023012,1531.2492921024268,1436.6223361574441,Cloud9
314330,Gen.G,Rex Regum Qeon,1555.2897985596799,1483.1199855357381,1536.0132466023726,1502.3965374930453,Rex Regum Qeon
314647,NRG,Evil Geniuses,1501.1669759803285,1516.7043303100331,1485.882020983322,1531.9892853070396,Evil Geniuses
183776,LOUD,MIBR,1504.5302201826394,1493.8726473440486,1520.0395746975532,1478.3632928291347,LOUD
184466,Global Esports,KIWOOM DRX,1470.650065481636,1569.8160341971002,1459.0967271937527,1581.3693724849834,KIWOOM DRX
183777,Evil Geniuses,Cloud9,1531.9892853070396,1531.2492921024268,1515.9552074121323,1547.2833699973341,Cloud9
318911,Karmine Corp,GIANTX,1480.4638305853973,1447.3257671920005,1494.9423772071668,1432.847220570231,Karmine Corp
459834,FUT Esports,Gentle Mates,1490.0112652217647,1445.6276214564489,1503.9783692518163,1431.6605174263973,FUT Esports
459833,Apeks,Natus Vincere,1453.0018403755732,1563.768227718752,1441.9367473897703,1574.833320704555,Natus Vincere
450065,FunPlus Phoenix,Dragon Ranger Gaming,1530.7473256238345,1519.581387772372,1514.2332921457464,1536.09542125046,Dragon Ranger Gaming
183801,NRG,100 Thieves,1485.882020983322,1522.2847185213634,1503.5523195126718,1504.6144199920136,NRG
184484,Global Esports,Gen.G,1459.0967271937527,1536.0132466023726,1478.5821086992771,1516.5278650968482,Global Esports
183802,MIBR,FURIA,1478.3632928291347,1436.6223361574441,1460.450245976283,1454.5353830102958,FURIA
184485,Rex Regum Qeon,KIWOOM DRX,1502.3965374930453,1581.3693724849834,1489.9720050153544,1593.7939049626743,KIWOOM DRX
314648,KRÜ Esports,100 Thieves,1472.2673636763295,1504.6144199920136,1489.75271146288,1487.1290722054632,KRÜ Esports
183778,LEVIATÁN,NRG,1532.873345503425,1503.5523195126718,1547.5262588796318,1488.8994061364651,LEVIATÁN
318914,Team Vitality,Natus Vincere,1494.241230003312,1574.833320704555,1481.8874689826484,1587.1870817252186,Natus Vincere
318913,Movistar KOI,Team Liquid,1454.613899295771,1544.703571903603,1442.6721340698127,1556.6453371295613,Team Liquid
459836,Team Vitality,FNATIC,1481.8874689826484,1585.1688129672423,1470.5084307423394,1596.5478512075513,FNATIC
459835,Team Heretics,GIANTX,1494.0353201187438,1432.847220570231,1507.2462794848486,1419.6362612041262,Team Heretics
450066,Bilibili Gaming,Wolves Esports,1462.8373974752546,1557.013236325255,1483.071169558624,1536.7794642418858,Bilibili Gaming
318916,Team Liquid,FUT Esports,1556.6453371295613,1503.9783692518163,1538.2383420936262,1522.3853642877514,FUT Esports
318915,FNATIC,Team Heretics,1596.5478512075513,1507.2462794848486,1576.5235944456351,1527.2705362467648,Team Heretics
319765,Bilibili Gaming,TYLOO,1483.071169558624,1499.2926970848075,1499.8176561668192,1482.5462104766123,Bilibili Gaming
319766,Wolves Esports,Titan Esports Club,1536.7794642418858,1471.4042736466902,1517.8038609496373,1490.3798769389387,Titan Esports Club
459837,Movistar KOI,Karmine Corp,1442.6721340698127,1494.9423772071668,1429.0612696674898,1508.5532416094898,Karmine Corp
458817,Gen.G,DetonatioN FocusMe,1516.5278650968482,1370.6887798419789,1526.1802319617207,1361.0364129771065,Gen.G
459529,Evil Geniuses,Sentinels,1515.9552074121323,1516.760953495752,1499.9923133240272,1532.723847583857,Sentinels
450067,All Gamers,JD Mall JDG Esports,1498.8720349852756,1484.0,1482.1875704569288,1500.6844645283468,JD Mall JDG Esports
458818,Rex Regum Qeon,ZETA DIVISION,1489.9720050153544,1491.999529508576,1506.0653749089217,1475.9061596150086,Rex Regum Qeon
459530,100 Thieves,LOUD,1487.1290722054632,1520.0395746975532,1504.640140130613,1502.5285067724035,100 Thieves
450068,EDward Gaming,Titan Esports Club,1528.2363773114394,1490.3798769389387,1542.4998876120546,1476.1163666383234,EDward Gaming
183944,Team Vitality,FUT Esports,1470.5084307423394,1522.3853642877514,1456.8798546292305,1536.0139404008603,FUT Esports
318917,BBL Esports,Gentle Mates,1564.312538938182,1431.6605174263973,1542.4841801030184,1453.4888762615608,Gentle Mates
314301,Global Esports,ZETA DIVISION,1478.5821086992771,1475.9061596150086,1462.4588791265394,1492.0293891877463,ZETA DIVISION
319767,Dragon Ranger Gaming,All Gamers,1536.09542125046,1482.1875704569288,1517.6326049373952,1500.6503867699937,All Gamers
314302,Team Secret,KIWOOM DRX,1508.3376951300693,1593.7939049626743,1496.195612662751,1605.9359874299926,KIWOOM DRX
319768,EDward Gaming,JDG Esports,1542.4998876120546,1451.8031109558497,1554.4155049145138,1439.8874936533905,EDward Gaming
458819,Paper Rex,BOOM Esports,1537.8691243818164,1512.6280569996102,1520.7087709905704,1529.7884103908561,BOOM Esports
459531,2Game Esports,VISA KRÜ,1468.863303251355,1469.0082789134635,1452.869979626936,1485.0016025378827,VISA KRÜ
450069,Nova Esports,TYLOO,1427.494445562344,1482.5462104766123,1446.0086666904103,1464.031989348546,Nova Esports
458820,TALON,Nongshim RedForce,1519.2840003443062,1532.4581493591638,1535.8904017281732,1515.8517479752968,TALON
450070,Trace Esports,Xi Lai Gaming,1521.4215271552312,1547.2961861016463,1506.6109011858937,1562.1068120709838,Xi Lai Gaming
459532,G2 Esports,NRG,1533.7962345613912,1488.8994061364651,1547.7400914575026,1474.9555492403538,G2 Esports
183945,Natus Vincere,BBL Esports,1587.1870817252186,1542.4841801030184,1601.1397224239681,1528.5315394042689,Natus Vincere
183946,FNATIC,Team Heretics,1576.5235944456351,1527.2705362467648,1590.2704802565847,1513.5236504358152,FNATIC
314303,BLEED,TALON,1458.530648427126,1535.8904017281732,1446.0354676068998,1548.3855825483993,TALON
314622,Cloud9,LEVIATÁN,1547.2833699973341,1547.5262588796318,1563.2945554419045,1531.5150734350614,Cloud9
319769,Nova Esports,Trace Esports,1446.0086666904103,1506.6109011858937,1432.771539384153,1519.8480284921511,Trace Esports
319770,FunPlus Phoenix,Wolves Esports,1514.2332921457464,1517.8038609496373,1530.3977171272245,1501.6394359681592,FunPlus Phoenix
314304,T1,Paper Rex,1489.328132233199,1520.7087709905704,1474.7693471183577,1535.2675561054118,Paper Rex
314623,NRG,LOUD,1474.9555492403538,1502.5285067724035,1492.2226717691144,1485.2613842436429,NRG
458821,KIWOOM DRX,Global Esports,1605.9359874299926,1462.4588791265394,1615.6802537479543,1452.7146128085776,KIWOOM DRX
459533,FURIA,LEVIATÁN,1454.5353830102958,1531.5150734350614,1442.0235354927138,1544.0269209526434,LEVIATÁN
458822,T1,Team Secret,1474.7693471183577,1496.195612662751,1491.7548141322263,1479.2101456488824,T1
459534,Cloud9,MIBR,1563.2945554419045,1460.450245976283,1542.6920478093475,1481.05275360884,MIBR
183947,Team Liquid,Karmine Corp,1538.2383420936262,1508.5532416094898,1552.8746095411589,1493.9169741619571,Team Liquid
183948,KOI,Giants Gaming,1466.9949671148645,1515.731107108345,1453.2247435249562,1529.5013306982532,Giants Gaming
184467,Rex Regum Qeon,DetonatioN FocusMe,1506.0653749089217,1361.0364129771065,1515.749206456262,1351.3525814297661,Rex Regum Qeon
184468,T1,Paper Rex,1491.7548141322263,1535.2675561054118,1477.7482385525138,1549.2741316851243,Paper Rex
314305,Team Secret,Rex Regum Qeon,1479.2101456488824,1515.749206456262,1464.8866552469951,1530.0726968581494,Rex Regum Qeon
314624,G2 Esports,Evil Geniuses,1547.7400914575026,1499.9923133240272,1561.5549643898385,1486.1774403916913,G2 Esports
314625,Sentinels,100 Thieves,1532.723847583857,1504.640140130613,1547.4333544097963,1489.9306333046736,Sentinels
314306,Global Esports,KIWOOM DRX,1452.7146128085776,1615.6802537479543,1443.713551896491,1624.681314660041,KIWOOM DRX
183779,Cloud9,LOUD,1542.6920478093475,1485.2613842436429,1524.0710959856578,1503.8823360673325,LOUD
184469,ZETA DIVISION,Global Esports,1492.0293891877463,1443.713551896491,1505.8185957076807,1429.9243453765566,ZETA DIVISION
183780,LEVIATÁN,FURIA,1544.0269209526434,1442.0235354927138,1523.4599595455845,1462.5904968997727,FURIA
184470,TALON,KIWOOM DRX,1548.3855825483993,1624.681314660041,1535.8437217598519,1637.2231754485883,KIWOOM DRX
314307,Gen.G,TALON,1526.1802319617207,1535.8437217598519,1542.6251373916932,1519.3988163298793,Gen.G
314626,KRÜ Esports,FURIA,1489.75271146288,1462.5904968997727,1504.5043874630637,1447.8388208995889,KRÜ Esports
314308,T1,DetonatioN FocusMe,1477.7482385525138,1351.3525814297661,1456.1713871258644,1372.9294328564156,DetonatioN FocusMe
459839,Movistar KOI,BBL Esports,1429.0612696674898,1528.5315394042689,1417.520859435458,1540.0719496363006,BBL Esports
378662,Gen.G,Sentinels,1542.6251373916932,1547.4333544097963,1558.8465498333233,1531.2119419681662,Gen.G
378663,FunPlus Phoenix,Team Heretics,1530.3977171272245,1513.5236504358152,1513.6212480542827,1530.300119508757,Team Heretics
511566,Natus Vincere,FNATIC,1601.1397224239681,1590.2704802565847,1584.63933855561,1606.7708641249428,FNATIC
511565,Movistar KOI,Karmine Corp,1417.520859435458,1493.9169741619571,1404.9834052138744,1506.4544283835407,Karmine Corp
508834,Gen.G,Team Secret,1558.8465498333233,1464.8866552469951,1570.6220275613541,1453.1111775189643,Gen.G
506955,All Gamers,FunPlus Phoenix,1500.6503867699937,1513.6212480542827,1517.247439649025,1497.0241951752514,All Gamers
508835,TALON,T1,1519.3988163298793,1456.1713871258644,1532.5188088779485,1443.0513945777952,TALON
506956,Trace Esports,Titan Esports Club,1519.8480284921511,1476.1163666383234,1501.8446797106005,1494.119715419874,Titan Esports Club
247075,Paper Rex,KRÜ Esports,1549.2741316851243,1504.5043874630637,1563.2237446448999,1490.5547745032882,Paper Rex
247076,EDward Gaming,Giants Gaming,1554.4155049145138,1529.5013306982532,1569.2701273515934,1514.6467082611737,EDward Gaming
247095,FNATIC,Bilibili Gaming,1606.7708641249428,1499.8176561668192,1617.995388631547,1488.593131660215,FNATIC
378666,Gen.G,Sentinels,1570.6220275613541,1531.2119419681662,1552.8148701085777,1549.0190994209424,Sentinels
378660,FNATIC,KRÜ Esports,1617.995388631547,1490.5547745032882,1628.3763058717047,1480.1738572631305,FNATIC
508844,Rex Regum Qeon,Team Secret,1530.0726968581494,1453.1111775189643,1542.5853414222265,1440.598532954887,Rex Regum Qeon
509821,Sentinels,Evil Geniuses,1549.0190994209424,1486.1774403916913,1562.1562851702042,1473.0402546424295,Sentinels
527584,All Gamers,FunPlus Phoenix,1517.247439649025,1497.0241951752514,1532.3171751887005,1481.9544596355759,All Gamers
508845,T1,DetonatioN FocusMe,1443.0513945777952,1372.9294328564156,1455.865302874548,1360.1155245596628,T1
509822,LEVIATÁN,VISA KRÜ,1523.4599595455845,1485.0016025378827,1537.6960849697143,1470.765477113753,LEVIATÁN
527583,EDward Gaming,Trace Esports,1569.2701273515934,1501.8446797106005,1582.2034728235178,1488.911334238676,EDward Gaming
247103,Team Liquid,LOUD,1552.8746095411589,1503.8823360673325,1534.6332680226426,1522.1236775858488,LOUD
247089,FunPlus Phoenix,T1,1481.9544596355759,1455.865302874548,1464.7552626515755,1473.0644998585483,T1
247077,Paper Rex,EDward Gaming,1563.2237446448999,1582.2034728235178,1580.0969250125925,1565.3302924558252,Paper Rex
378672,LEVIATÁN,Team Vitality,1537.6960849697143,1456.8798546292305,1550.0400614799262,1444.5358781190187,LEVIATÁN
378677,EDward Gaming,Paper Rex,1565.3302924558252,1580.0969250125925,1582.009911843198,1563.4173056252196,EDward Gaming
509823,FURIA,G2 Esports,1447.8388208995889,1561.5549643898385,1436.8963226346575,1572.4974626547698,G2 Esports
509824,LOUD,100 Thieves,1522.1236775858488,1489.9306333046736,1504.645361479808,1507.4089494107145,100 Thieves
247078,KRÜ Esports,Giants Gaming,1480.1738572631305,1514.6467082611737,1465.7562015164933,1529.0643640078108,Giants Gaming
247096,ZETA DIVISION,NRG,1505.8185957076807,1492.2226717691144,1489.1927996728084,1508.8484678039868,NRG
247104,Natus Vincere,LOUD,1584.63933855561,1504.645361479808,1565.0192234765832,1524.2654765588347,LOUD
247090,FUT Esports,T1,1536.0139404008603,1473.0644998585483,1549.1463217993942,1459.9321184600144,FUT Esports
511575,Movistar KOI,Natus Vincere,1404.9834052138744,1565.0192234765832,1395.8728369711914,1574.1297917192662,Natus Vincere
530354,TALON,Nongshim RedForce,1532.5188088779485,1515.8517479752968,1547.7518505967025,1500.6187062565427,TALON
530355,Rex Regum Qeon,T1,1542.5853414222265,1459.9321184600144,1522.8492358311091,1479.6682240511318,T1
247079,EDward Gaming,Giants Gaming,1582.009911843198,1529.0643640078108,1595.5903795804772,1515.4838962705317,EDward Gaming
247098,Bilibili Gaming,NRG,1488.593131660215,1508.8484678039868,1505.524868992777,1491.9167304714247,Bilibili Gaming
378822,KIWOOM DRX,Sentinels,1637.2231754485883,1562.1562851702042,1617.8190239955713,1581.5604366232212,Sentinels
378823,Trace Esports,EDward Gaming,1488.911334238676,1595.5903795804772,1477.6753060972337,1606.8264077219196,EDward Gaming
511577,GIANTX,Team Heretics,1419.6362612041262,1530.300119508757,1408.5668953626246,1541.3694853502586,Team Heretics
511576,Apeks,FNATIC,1441.9367473897703,1628.3763058717047,1433.783503777518,1636.529549483957,FNATIC
530356,KIWOOM DRX,TALON,1617.8190239955713,1547.7518505967025,1598.6353554154605,1566.9355191768134,TALON
530357,Paper Rex,T1,1563.4173056252196,1479.6682240511318,1575.6335208382097,1467.4520088381416,Paper Rex
378824,G2 Esports,LEVIATÁN,1572.4974626547698,1550.0400614799262,1555.4646990128579,1567.0728251218382,LEVIATÁN
378825,Team Heretics,FNATIC,1541.3694853502586,1636.529549483957,1561.6453773753992,1616.2536574588164,Team Heretics
511580,FUT Esports,BBL Esports,1549.1463217993942,1540.0719496363006,1532.728526514365,1556.4897449213297,BBL Esports
511579,Gentle Mates,Team Vitality,1453.4888762615608,1444.5358781190187,1437.076666696294,1460.9480876842854,Team Vitality
530358,Nongshim RedForce,DetonatioN FocusMe,1500.6187062565427,1360.1155245596628,1510.4793777437376,1350.254853072468,Nongshim RedForce
530359,Rex Regum Qeon,Gen.G,1522.8492358311091,1552.8148701085777,1540.2257927035705,1535.4383132361163,Rex Regum Qeon
378831,KIWOOM DRX,Trace Esports,1598.6353554154605,1477.6753060972337,1609.279599505155,1467.0310620075393,KIWOOM DRX
378832,G2 Esports,FNATIC,1555.4646990128579,1616.2536574588164,1542.2359134817514,1629.482442989923,FNATIC
511581,Team Liquid,Karmine Corp,1534.6332680226426,1506.4544283835407,1517.3384224457352,1523.7492739604481,Karmine Corp
530360,T1,Nongshim RedForce,1467.4520088381416,1510.4793777437376,1485.4234241474237,1492.5079624344555,T1
509825,VISA KRÜ,NRG,1470.765477113753,1491.9167304714247,1455.7383267801915,1506.943880804986,NRG
530361,KIWOOM DRX,Rex Regum Qeon,1609.279599505155,1540.2257927035705,1590.140776395653,1559.3646158130725,Rex Regum Qeon
509826,100 Thieves,LEVIATÁN,1507.4089494107145,1567.0728251218382,1494.1298781613589,1580.3518963711938,LEVIATÁN
248270,FNATIC,LOUD,1629.482442989923,1524.2654765588347,1608.7799097892948,1544.9680097594628,LOUD
248271,Paper Rex,FUT Esports,1575.6335208382097,1532.728526514365,1589.6676557707892,1518.6943915817856,Paper Rex
378826,Sentinels,EDward Gaming,1581.5604366232212,1606.8264077219196,1566.7219308352135,1621.6649135099274,EDward Gaming
378827,LEVIATÁN,Team Heretics,1580.3518963711938,1561.6453773753992,1595.4912608149257,1546.5060129316673,LEVIATÁN
530362,TALON,Paper Rex,1566.9355191768134,1589.6676557707892,1551.9808814931112,1604.6222934544915,Paper Rex
509827,FURIA,Evil Geniuses,1436.8963226346575,1473.0402546424295,1422.5548335240921,1487.381743752995,Evil Geniuses
530363,T1,Rex Regum Qeon,1485.4234241474237,1559.3646158130725,1472.7780479304843,1572.009992030012,Rex Regum Qeon
509829,2Game Esports,Sentinels,1452.869979626936,1566.7219308352135,1441.9331099547123,1577.658800507437,Sentinels
248272,KIWOOM DRX,Bilibili Gaming,1590.140776395653,1505.524868992777,1602.319327599133,1493.346317789297,KIWOOM DRX
248273,Evil Geniuses,EDward Gaming,1487.381743752995,1621.6649135099274,1509.275140410091,1599.7715168528314,Evil Geniuses
378834,Sentinels,FNATIC,1577.658800507437,1608.7799097892948,1595.0881597958503,1591.3505505008816,Sentinels
378833,Team Heretics,KIWOOM DRX,1546.5060129316673,1602.319327599133,1565.0544269037964,1583.770913627004,Team Heretics
509830,G2 Esports,Cloud9,1542.2359134817514,1524.0710959856578,1557.4001540896334,1508.9068553777759,G2 Esports
509831,MIBR,LOUD,1481.05275360884,1544.9680097594628,1499.9633994094017,1526.057363958901,MIBR
248278,FNATIC,FUT Esports,1591.3505505008816,1518.6943915817856,1604.052546909169,1505.9923951734982,FNATIC
248279,Bilibili Gaming,EDward Gaming,1493.346317789297,1599.7715168528314,1482.099633648631,1611.0182009934974,EDward Gaming
378657,KIWOOM DRX,KRÜ Esports,1583.770913627004,1465.7562015164933,1594.53593749231,1454.9911776511872,KIWOOM DRX
378656,FNATIC,Bilibili Gaming,1604.052546909169,1482.099633648631,1614.6562299836844,1471.4959505741156,FNATIC
511567,Team Vitality,Team Heretics,1460.9480876842854,1565.0544269037964,1449.6038489505158,1576.398665637566,Team Heretics
508836,BOOM Esports,DetonatioN FocusMe,1529.7884103908561,1350.254853072468,1506.1855410230537,1373.8577224402704,DetonatioN FocusMe
509813,2Game Esports,FURIA,1441.9331099547123,1422.5548335240921,1457.0416315784032,1407.4463119004013,2Game Esports
506957,Nova Esports,Wolves Esports,1432.771539384153,1501.6394359681592,1451.902129638625,1482.5088457136872,Nova Esports
508837,Rex Regum Qeon,KIWOOM DRX,1572.009992030012,1594.53593749231,1557.0458990613358,1609.5000304609862,KIWOOM DRX
509814,LEVIATÁN,NRG,1595.4912608149257,1506.943880804986,1575.4995564409753,1526.9355851789364,NRG
506958,Dragon Ranger Gaming,Xi Lai Gaming,1517.6326049373952,1562.1068120709838,1535.669604041699,1544.06981296668,Dragon Ranger Gaming
248274,LOUD,Paper Rex,1526.057363958901,1604.6222934544915,1513.614980124341,1617.0646772890516,Paper Rex
248275,KIWOOM DRX,Evil Geniuses,1609.5000304609862,1509.275140410091,1589.0084083384552,1529.766762532622,Evil Geniuses
527580,Guangzhou Huadu Bilibili Gaming,TYLOO,1500.0,1464.031989348546,1514.3495039599698,1449.6824853885762,Guangzhou Huadu Bilibili Gaming
527579,Xi Lai Gaming,Dragon Ranger Gaming,1544.06981296668,1535.669604041699,1527.6830444103427,1552.0563725980362,Dragon Ranger Gaming
248281,LOUD,EDward Gaming,1513.614980124341,1611.0182009934974,1533.9866291214812,1590.6465519963572,LOUD
248280,KIWOOM DRX,FNATIC,1589.0084083384552,1614.6562299836844,1574.1873933467068,1629.4772449754328,FNATIC
530924,FNATIC,BBL Esports,1629.4772449754328,1556.4897449213297,1610.1646337474072,1575.8023561493553,BBL Esports
527585,TYLOO,EDward Gaming,1449.6824853885762,1590.6465519963572,1439.8399042896804,1600.489133095253,EDward Gaming
527586,Xi Lai Gaming,All Gamers,1527.6830444103427,1532.3171751887005,1543.8964413646877,1516.1037782343556,Xi Lai Gaming
530928,Team Heretics,BBL Esports,1576.398665637566,1575.8023561493553,1560.3712045977632,1591.8298171891581,BBL Esports
530925,GIANTX,Natus Vincere,1408.5668953626246,1574.1297917192662,1431.6622386556885,1551.0344484262023,GIANTX
536176,Pure Aim,Precise Defeat,1500.0,1500.0,1484.0,1516.0,Precise Defeat
530902,LEVIATÁN,Cloud9,1575.4995564409753,1508.9068553777759,1556.4698594206761,1527.936552398075,Cloud9
527581,Dragon Ranger Gaming,Guangzhou Huadu Bilibili Gaming,1552.0563725980362,1514.3495039599698,1566.3266928466144,1500.0791837113916,Dragon Ranger Gaming
527587,EDward Gaming,Xi Lai Gaming,1600.489133095253,1543.8964413646877,1613.9057505635967,1530.479823896344,EDward Gaming
530903,G2 Esports,100 Thieves,1557.4001540896334,1494.1298781613589,1570.5182374463843,1481.011794804608,G2 Esports
378828,EDward Gaming,LEVIATÁN,1613.9057505635967,1556.4698594206761,1627.2845644615343,1543.0910455227386,EDward Gaming
378835,Team Heretics,Sentinels,1560.3712045977632,1595.0881597958503,1577.9646795428555,1577.494684850758,Team Heretics
530926,FNATIC,Karmine Corp,1610.1646337474072,1523.7492739604481,1622.2651415250189,1511.6487661828364,FNATIC
530929,Team Liquid,GIANTX,1517.3384224457352,1431.6622386556885,1529.470965151601,1419.5296959498228,Team Liquid
530906,Sentinels,Cloud9,1577.494684850758,1527.936552398075,1591.2278017769881,1514.2034354718448,Sentinels
527588,Guangzhou Huadu Bilibili Gaming,EDward Gaming,1500.0791837113916,1627.2845644615343,1521.6887674060379,1605.674980766888,Guangzhou Huadu Bilibili Gaming
530907,NRG,G2 Esports,1526.9355851789364,1570.5182374463843,1512.9321790334902,1584.5216435918305,G2 Esports
378836,LEVIATÁN,Team Heretics,1543.0910455227386,1577.9646795428555,1528.6916639069623,1592.3640611586318,Team Heretics
530930,GIANTX,FNATIC,1419.5296959498228,1622.2651415250189,1443.9331964554144,1597.8616410194272,GIANTX
530927,Natus Vincere,Team Vitality,1551.0344484262023,1449.6038489505158,1562.4917270922404,1438.1465702844778,Natus Vincere
530904,LEVIATÁN,VISA KRÜ,1528.6916639069623,1455.7383267801915,1541.3805585329894,1443.0494321541644,LEVIATÁN
527582,Dragon Ranger Gaming,Guangzhou Huadu Bilibili Gaming,1566.3266928466144,1521.6887674060379,1548.28227688493,1539.7331833677222,Guangzhou Huadu Bilibili Gaming
530905,100 Thieves,Evil Geniuses,1481.011794804608,1529.766762532622,1499.242421418103,1511.5361359191268,100 Thieves
248276,Paper Rex,Evil Geniuses,1617.0646772890516,1511.5361359191268,1628.3490384484992,1500.2517747596792,Paper Rex
248282,FNATIC,LOUD,1597.8616410194272,1533.9866291214812,1578.952787240778,1552.8954829001304,LOUD
378829,EDward Gaming,Team Heretics,1605.674980766888,1592.3640611586318,1621.0622900058872,1576.9767519196325,EDward Gaming
530931,Team Heretics,Natus Vincere,1576.9767519196325,1562.4917270922404,1560.310078092148,1579.158400919725,Natus Vincere
530908,NRG,LEVIATÁN,1512.9321790334902,1541.3805585329894,1530.2393553078907,1524.073382258589,NRG
530909,Cloud9,100 Thieves,1514.2034354718448,1499.242421418103,1529.5148808497288,1483.930976040219,Cloud9
248283,Evil Geniuses,LOUD,1500.2517747596792,1552.8954829001304,1518.6577228761644,1534.4895347836452,Evil Geniuses
248277,Paper Rex,Evil Geniuses,1628.3490384484992,1518.6577228761644,1607.4589731865415,1539.547788138122,Evil Geniuses
530932,BBL Esports,Team Liquid,1591.8298171891581,1529.470965151601,1572.9885305483424,1548.3122517924166,Team Liquid
378667,LEVIATÁN,TALON,1524.073382258589,1551.9808814931112,1541.3558132041771,1534.698450547523,LEVIATÁN
378669,Team Vitality,Trace Esports,1438.1465702844778,1467.0310620075393,1423.4736941611711,1481.703938130846,Trace Esports
508838,Nongshim RedForce,Global Esports,1492.5079624344555,1429.9243453765566,1505.6566525456335,1416.7756552653786,Nongshim RedForce
509815,Sentinels,Cloud9,1591.2278017769881,1529.5148808497288,1604.415332802512,1516.327349824205,Sentinels
506959,TYLOO,JD Mall JDG Esports,1439.8399042896804,1500.6844645283468,1458.6136024338796,1481.9107663841476,TYLOO
508839,Paper Rex,ZETA DIVISION,1607.4589731865415,1489.1927996728084,1586.2136589472716,1510.4381139120783,ZETA DIVISION
509816,MIBR,100 Thieves,1499.9633994094017,1483.930976040219,1515.225602633095,1468.668772816526,MIBR
506960,Guangzhou Huadu Bilibili Gaming,EDward Gaming,1539.7331833677222,1621.0622900058872,1559.4115849113864,1601.383888462223,Guangzhou Huadu Bilibili Gaming
530514,Team World,Glory Once Again,1500.0,1500.0,1516.0,1484.0,Team World
530364,TALON,Rex Regum Qeon,1534.698450547523,1557.0458990613358,1519.726171676076,1572.0181779327827,Rex Regum Qeon
530933,GIANTX,Natus Vincere,1443.9331964554144,1579.158400919725,1465.864052132374,1557.2275452427655,GIANTX
530910,Sentinels,G2 Esports,1604.415332802512,1584.5216435918305,1587.5001944490878,1601.4367819452548,G2 Esports
530911,NRG,Cloud9,1530.2393553078907,1516.327349824205,1545.599025968531,1500.9676791635648,NRG
538583,Team France,Team EMEA,1500.0,1500.0,1484.0,1516.0,Team EMEA
530934,BBL Esports,GIANTX,1572.9885305483424,1465.864052132374,1552.2058714378752,1486.646711242841,GIANTX
530365,Paper Rex,Rex Regum Qeon,1586.2136589472716,1572.0181779327827,1601.5602964145005,1556.6715404655538,Paper Rex
536985,Team Alpha,Team Omega,1500.0,1500.0,1516.0,1484.0,Team Alpha
530912,Sentinels,NRG,1587.5001944490878,1545.599025968531,1569.5798754467103,1563.5193449709084,NRG
378674,G2 Esports,Paper Rex,1601.4367819452548,1601.5602964145005,1617.4424699965282,1585.554608363227,G2 Esports
378673,EDward Gaming,FUT Esports,1601.383888462223,1505.9923951734982,1613.0981016557544,1494.2781819799668,EDward Gaming
509817,G2 Esports,Evil Geniuses,1617.4424699965282,1539.547788138122,1629.9142064132727,1527.0760517213776,G2 Esports
509818,LOUD,VISA KRÜ,1534.4895347836452,1443.0494321541644,1514.3731688595465,1463.1657980782632,VISA KRÜ
378664,Gen.G,Team Heretics,1535.4383132361163,1560.310078092148,1520.5817477672576,1575.1666435610066,Team Heretics
378658,FNATIC,KIWOOM DRX,1578.952787240778,1574.1873933467068,1562.733346502593,1590.406834084892,KIWOOM DRX
511568,FUT Esports,Team Heretics,1494.2781819799668,1575.1666435610066,1481.937358011928,1587.5074675290455,Team Heretics
247100,Team Liquid,Natus Vincere,1548.3122517924166,1557.2275452427655,1532.7227261400853,1572.8170708950968,Natus Vincere
247101,KIWOOM DRX,LOUD,1590.406834084892,1514.3731688595465,1602.960201602179,1501.8198013422593,KIWOOM DRX
378670,LEVIATÁN,Trace Esports,1541.3558132041771,1481.703938130846,1522.6354211239907,1500.4243302110324,Trace Esports
378675,EDward Gaming,G2 Esports,1613.0981016557544,1629.9142064132727,1597.8719077477886,1645.1404003212385,G2 Esports
511570,Gentle Mates,GIANTX,1437.076666696294,1486.646711242841,1423.344087328006,1500.3792906111291,GIANTX
511569,Movistar KOI,Apeks,1395.8728369711914,1433.783503777518,1413.611791703374,1416.0445490453355,Movistar KOI
247087,FUT Esports,T1,1481.937358011928,1472.7780479304843,1497.5156538833069,1457.1997520591053,FUT Esports
247086,Evil Geniuses,FunPlus Phoenix,1527.0760517213776,1464.7552626515755,1540.2364627017885,1451.5948516711646,Evil Geniuses
247102,Natus Vincere,KIWOOM DRX,1572.8170708950968,1602.960201602179,1558.2017409189716,1617.5755315783042,KIWOOM DRX
378665,Sentinels,FunPlus Phoenix,1569.5798754467103,1451.5948516711646,1580.3461201849784,1440.8286069328965,Sentinels
378659,Bilibili Gaming,KRÜ Esports,1471.4959505741156,1454.9911776511872,1454.7364489243623,1471.7506793009404,KRÜ Esports
511572,Team Vitality,BBL Esports,1423.4736941611711,1552.2058714378752,1413.144851497226,1562.5347141018203,BBL Esports
511571,Natus Vincere,Karmine Corp,1558.2017409189716,1511.6487661828364,1572.0706354840609,1497.7798716177472,Natus Vincere
508840,Gen.G,Nongshim RedForce,1520.5817477672576,1505.6566525456335,1503.8948442124222,1522.343556100469,Nongshim RedForce
508841,TALON,Paper Rex,1519.726171676076,1585.554608363227,1506.7219209018306,1598.5588591374726,Paper Rex
247094,NRG,Bilibili Gaming,1563.5193449709084,1454.7364489243623,1542.6672365168297,1475.588557378441,Bilibili Gaming
247093,FNATIC,ZETA DIVISION,1562.733346502593,1510.4381139120783,1576.3430857694116,1496.8283746452596,FNATIC
247088,Evil Geniuses,FUT Esports,1540.2364627017885,1497.5156538833069,1554.2789521869836,1483.4731643981117,Evil Geniuses
378671,TALON,Team Vitality,1506.7219209018306,1413.144851497226,1486.513804120151,1433.3529682789056,Team Vitality
378676,FUT Esports,Paper Rex,1483.4731643981117,1598.5588591374726,1472.5873636835863,1609.444659851998,Paper Rex
511573,Team Liquid,FNATIC,1532.7227261400853,1576.3430857694116,1550.7210294193794,1558.3447824901175,Team Liquid
508842,KIWOOM DRX,Global Esports,1617.5755315783042,1416.7756552653786,1625.236767418299,1409.1144194253839,KIWOOM DRX
509819,Cloud9,2Game Esports,1500.9676791635648,1457.0416315784032,1514.9555195469832,1443.0537911949848,Cloud9
527577,All Gamers,TYLOO,1516.1037782343556,1458.6136024338796,1497.4801593869217,1477.2372212813134,TYLOO
508843,BOOM Esports,ZETA DIVISION,1506.1855410230537,1496.8283746452596,1489.754731742437,1513.2591839258764,ZETA DIVISION
509820,MIBR,NRG,1515.225602633095,1542.6672365168297,1500.486715235006,1557.4061239149187,NRG
527576,EDward Gaming,Dragon Ranger Gaming,1597.8719077477886,1548.28227688493,1579.6036032542859,1566.5505813784328,Dragon Ranger Gaming
428000,G2 Esports,LEVIATÁN,1645.1404003212385,1522.6354211239907,1655.7215638625228,1512.0542575827064,G2 Esports
429397,FUT Esports,FNATIC,1472.5873636835863,1558.3447824901175,1492.4583432145744,1538.4738029591294,FUT Esports
429398,BBL Esports,Team Liquid,1562.5347141018203,1550.7210294193794,1545.9908833879445,1567.2648601332553,Team Liquid
430530,Nongshim RedForce,Rex Regum Qeon,1522.343556100469,1556.6715404655538,1539.9192939761313,1539.0958025898915,Nongshim RedForce
427999,LOUD,Sentinels,1501.8198013422593,1580.3461201849784,1489.3757272882017,1592.790194239036,Sentinels
430531,DetonatioN FocusMe,Paper Rex,1373.8577224402704,1609.444659851998,1399.3019733178273,1584.0004089744411,DetonatioN FocusMe
596419,LOUD,Evil Geniuses,1489.3757272882017,1554.2789521869836,1476.3303422049494,1567.324337270236,Evil Geniuses
596420,KRÜ Esports,LEVIATÁN,1471.7506793009404,1512.0542575827064,1457.5984468126612,1526.2064900709856,LEVIATÁN
429390,Team Vitality,Team Liquid,1433.3529682789056,1567.2648601332553,1455.2315808663357,1545.3862475458252,Team Vitality
167348,KOI,NRG,1453.2247435249562,1557.4061239149187,1441.883667757602,1568.7471996822728,NRG
167349,DetonatioN FocusMe,Giants Gaming,1399.3019733178273,1515.4838962705317,1388.4614521923427,1526.3244173960163,Giants Gaming
167351,FunPlus Phoenix,Karmine Corp,1440.8286069328965,1497.7798716177472,1427.4280691865106,1511.180409364133,Karmine Corp
167352,BBL Esports,KIWOOM DRX,1545.9908833879445,1625.236767418299,1533.5782952518387,1637.6493555544048,KIWOOM DRX
167353,Cloud9,Paper Rex,1514.9555195469832,1584.0004089744411,1534.0939477985835,1564.8619807228408,Cloud9
167354,Team Heretics,Evil Geniuses,1587.5074675290455,1567.324337270236,1570.5790441641636,1584.2527606351177,Evil Geniuses
167355,MIBR,TALON,1500.486715235006,1486.513804120151,1483.843585599665,1503.156933755492,TALON
167350,Gen.G,LOUD,1503.8948442124222,1476.3303422049494,1486.6281086334914,1493.5970777838802,LOUD
296735,T1,BLEED,1457.1997520591053,1446.0354676068998,1472.6857946442888,1430.5494250217164,T1
295605,NRG,FURIA,1568.7471996822728,1407.4463119004013,1577.810385389355,1398.3831261933192,NRG
295606,Cloud9,MIBR,1534.0939477985835,1483.843585599665,1547.7958351269401,1470.1416982713083,Cloud9
296745,Gen.G,Rex Regum Qeon,1486.6281086334914,1539.0958025898915,1505.026133678918,1520.6977775444648,Gen.G
167356,NRG,Giants Gaming,1577.810385389355,1526.3244173960163,1591.4565735468054,1512.6782292385658,NRG
167357,LOUD,Karmine Corp,1493.5970777838802,1511.180409364133,1510.4061295147108,1494.3713576333025,LOUD
296730,ZETA DIVISION,Global Esports,1513.2591839258764,1409.1144194253839,1524.601802994055,1397.7718003572052,ZETA DIVISION
296731,Team Secret,TALON,1440.598532954887,1503.156933755492,1427.4487184562702,1516.306748254109,TALON
295610,LOUD,Sentinels,1510.4061295147108,1592.790194239036,1530.1305136449841,1573.0658101087627,LOUD
296736,KIWOOM DRX,DetonatioN FocusMe,1637.6493555544048,1388.4614521923427,1643.8064015300597,1382.3044062166878,KIWOOM DRX
295611,LEVIATÁN,100 Thieves,1526.2064900709856,1468.668772816526,1539.5807407745544,1455.294522112957,LEVIATÁN
167358,KIWOOM DRX,Cloud9,1643.8064015300597,1547.7958351269401,1655.494163549683,1536.1080731073168,KIWOOM DRX
167359,Evil Geniuses,TALON,1584.2527606351177,1516.306748254109,1565.163020525553,1535.3964883636736,TALON
296747,Gen.G,Paper Rex,1505.026133678918,1564.8619807228408,1491.7547523222167,1578.1333620795422,Paper Rex
296738,BLEED,Global Esports,1430.5494250217164,1397.7718003572052,1413.0444219863514,1415.2768033925702,Global Esports
295615,KRÜ Esports,G2 Esports,1457.5984468126612,1655.7215638625228,1449.8470640121902,1663.4729466629938,G2 Esports
296737,T1,ZETA DIVISION,1472.6857946442888,1524.601802994055,1491.0589784336141,1506.2286192047297,T1
430532,TALON,Nongshim RedForce,1535.3964883636736,1539.9192939761313,1551.6047594948984,1523.7110228449064,TALON
428007,Evil Geniuses,MIBR,1565.163020525553,1470.1416982713083,1544.8930621158834,1490.411656680978,MIBR
430533,Gen.G,DetonatioN FocusMe,1491.7547523222167,1382.3044062166878,1502.8747496794945,1371.18440885941,Gen.G
428008,NRG,KRÜ Esports,1591.4565735468054,1449.8470640121902,1569.2738511305301,1472.0297864284655,KRÜ Esports
167360,NRG,LOUD,1569.2738511305301,1530.1305136449841,1551.4788222205984,1547.9255425549159,LOUD
167361,KIWOOM DRX,TALON,1655.494163549683,1551.6047594948984,1666.8475482812985,1540.251374763283,KIWOOM DRX
296733,DetonatioN FocusMe,Team Secret,1371.18440885941,1427.4487184562702,1357.7530608331585,1440.8800664825217,Team Secret
295608,FURIA,MIBR,1398.3831261933192,1490.411656680978,1386.5247855711627,1502.2699973031345,MIBR
296732,KIWOOM DRX,TALON,1666.8475482812985,1540.251374763283,1677.26258621317,1529.8363368314115,KIWOOM DRX
295613,Sentinels,100 Thieves,1573.0658101087627,1455.294522112957,1583.840846314069,1444.5194859076507,Sentinels
448598,EDward Gaming,Team Liquid,1579.6036032542859,1545.3862475458252,1594.0329107615719,1530.9569400385392,EDward Gaming
448600,KIWOOM DRX,Sentinels,1677.26258621317,1583.840846314069,1689.061128595805,1572.042303931434,KIWOOM DRX
297401,FUT Esports,Team Heretics,1492.4583432145744,1570.5790441641636,1479.996507797304,1583.040879581434,Team Heretics
296749,Gen.G,Rex Regum Qeon,1502.8747496794945,1520.6977775444648,1519.6948112222701,1503.8777160016891,Gen.G
297402,GIANTX,Karmine Corp,1500.3792906111291,1494.3713576333025,1484.1026426467993,1510.6480055976324,Karmine Corp
296734,TALON,Team Secret,1529.8363368314115,1440.8800664825217,1509.8269795572762,1460.889423756657,Team Secret
296739,ZETA DIVISION,Global Esports,1506.2286192047297,1415.2768033925702,1518.1332589384685,1403.3721636588314,ZETA DIVISION
297406,Natus Vincere,BBL Esports,1572.0706354840609,1533.5782952518387,1586.3052149593311,1519.3437157765684,Natus Vincere
448599,Team Vitality,T1,1455.2315808663357,1491.0589784336141,1472.8756700739443,1473.4148892260055,Team Vitality
448597,G2 Esports,Trace Esports,1663.4729466629938,1500.4243302110324,1672.4709179072538,1491.4263589667723,G2 Esports
297407,Team Liquid,Movistar KOI,1530.9569400385392,1413.611791703374,1541.7495149332944,1402.8192168086186,Team Liquid
297254,Team Secret,Gen.G,1460.889423756657,1519.6948112222701,1447.5719449392336,1533.0122900396934,Gen.G
297412,Team Vitality,Gentle Mates,1472.8756700739443,1423.344087328006,1486.609985129547,1409.6097722724032,Team Vitality
298687,Trace Esports,TYLOO,1491.4263589667723,1477.2372212813134,1506.773288068201,1461.8902921798847,Trace Esports
297253,ZETA DIVISION,Team Secret,1518.1332589384685,1447.5719449392336,1498.9277415140562,1466.777462363646,Team Secret
298688,FunPlus Phoenix,Nova Esports,1427.4280691865106,1451.902129638625,1444.553280808396,1434.7769180167395,FunPlus Phoenix
297255,Gen.G,ZETA DIVISION,1533.0122900396934,1498.9277415140562,1547.4476548308405,1484.492376722909,Gen.G
449000,KIWOOM DRX,Team Vitality,1689.061128595805,1486.609985129547,1664.6671131054957,1511.0040006198565,Team Vitality
449001,EDward Gaming,G2 Esports,1594.0329107615719,1672.4709179072538,1613.5849704618556,1652.91885820697,EDward Gaming
167362,Team Liquid,Team Secret,1541.7495149332944,1466.777462363646,1522.3495334612153,1486.1774438357252,Team Secret
167363,Natus Vincere,KRÜ Esports,1586.3052149593311,1472.0297864284655,1597.224542428352,1461.1104589594447,Natus Vincere
167364,ZETA DIVISION,LEVIATÁN,1484.492376722909,1539.5807407745544,1471.008241658101,1553.0648758393625,LEVIATÁN
297409,BBL Esports,Movistar KOI,1519.3437157765684,1402.8192168086186,1498.1701056841146,1423.9928269010725,Movistar KOI
297403,Team Heretics,Karmine Corp,1583.040879581434,1510.6480055976324,1595.7544873702238,1497.9343978088425,Team Heretics
297404,FUT Esports,GIANTX,1479.996507797304,1484.1026426467993,1496.1855934917742,1467.9135569523291,FUT Esports
298692,JDG Esports,Titan Esports Club,1439.8874936533905,1494.119715419874,1426.3648917766288,1507.6423172966356,Titan Esports Club
298693,Dragon Ranger Gaming,All Gamers,1566.5505813784328,1497.4801593869217,1579.4110225653085,1484.619718200046,Dragon Ranger Gaming
298697,Bilibili Gaming,Wolves Esports,1475.588557378441,1482.5088457136872,1459.9072062950997,1498.1901967970284,Wolves Esports
297408,Natus Vincere,Team Liquid,1597.224542428352,1522.3495334612153,1609.8288284303806,1509.7452474591867,Natus Vincere
449002,T1,Trace Esports,1473.4148892260055,1506.773288068201,1490.9463970686786,1489.241780225528,T1
449003,Team Liquid,Sentinels,1509.7452474591867,1572.042303931434,1528.5837779634887,1553.2037734271319,Team Liquid
167365,Team Vitality,Global Esports,1511.0040006198565,1403.3721636588314,1522.200073742514,1392.176090536174,Team Vitality
167366,FUT Esports,Rex Regum Qeon,1496.1855934917742,1503.8777160016891,1512.5397709574968,1487.5235385359665,FUT Esports
167367,100 Thieves,EDward Gaming,1444.5194859076507,1613.5849704618556,1467.7438276574892,1590.3606287120172,100 Thieves
297414,Team Vitality,FNATIC,1522.200073742514,1538.4738029591294,1506.9489590777584,1553.724917623885,FNATIC
297256,T1,Paper Rex,1490.9463970686786,1578.1333620795422,1478.879294235229,1590.2004649129917,Paper Rex
298690,TYLOO,Nova Esports,1461.8902921798847,1434.7769180167395,1444.644203696971,1452.023006499653,Nova Esports
295607,NRG,Cloud9,1551.4788222205984,1536.1080731073168,1566.7714345112618,1520.8154608166535,NRG
297257,KIWOOM DRX,Gen.G,1664.6671131054957,1547.4476548308405,1643.4648637203998,1568.6499042159364,Gen.G
298695,JDG Esports,All Gamers,1426.3648917766288,1484.619718200046,1445.0227648432556,1465.9618451334193,JDG Esports
295612,LOUD,LEVIATÁN,1547.9255425549159,1553.0648758393625,1564.162200338399,1536.8282180558792,LOUD
449004,T1,KIWOOM DRX,1478.879294235229,1643.4648637203998,1501.9384358996738,1620.405722055955,T1
449005,G2 Esports,Team Liquid,1652.91885820697,1528.5837779634887,1663.4255430626279,1518.077093107831,G2 Esports
167368,Sentinels,FNATIC,1553.2037734271319,1553.724917623885,1537.2277729863076,1569.7009180647092,FNATIC
167369,T1,FURIA,1501.9384358996738,1386.5247855711627,1480.8106808311782,1407.6525406396584,FURIA
298698,Wolves Esports,EDward Gaming,1498.1901967970284,1590.3606287120172,1486.3379524662275,1602.212873042818,EDward Gaming
298689,Trace Esports,FunPlus Phoenix,1489.241780225528,1444.553280808396,1471.1950733139663,1462.5999877199577,FunPlus Phoenix
297258,Paper Rex,Gen.G,1590.2004649129917,1568.6499042159364,1573.2092957359105,1585.6410733930177,Gen.G
295617,G2 Esports,Evil Geniuses,1663.4255430626279,1544.8930621158834,1642.169285715232,1566.1493194632792,Evil Geniuses
298694,Titan Esports Club,Dragon Ranger Gaming,1507.6423172966356,1579.4110225653085,1494.90116802387,1592.152171838074,Dragon Ranger Gaming
297416,Team Vitality,Gentle Mates,1506.9489590777584,1409.6097722724032,1518.5800389513674,1397.9786923987942,Team Vitality
167370,Team Secret,Natus Vincere,1486.1774438357252,1609.8288284303806,1475.6429662887358,1620.36330597737,Natus Vincere
167371,LEVIATÁN,Team Vitality,1536.8282180558792,1518.5800389513674,1551.9886302424036,1503.419626764843,LEVIATÁN
307565,KOI,Team Vitality,1441.883667757602,1503.419626764843,1428.6882384311077,1516.6150560913375,Team Vitality
297405,Karmine Corp,FUT Esports,1497.9343978088425,1512.5397709574968,1514.6066041791044,1495.867564587235,Karmine Corp
298691,Trace Esports,Nova Esports,1471.1950733139663,1452.023006499653,1486.313062072792,1436.9050177408274,Trace Esports
297410,Team Liquid,Movistar KOI,1518.077093107831,1423.9928269010725,1497.847243099148,1444.2226769097554,Movistar KOI
295609,Cloud9,MIBR,1520.8154608166535,1502.2699973031345,1503.9622208638039,1519.1232372559841,MIBR
298696,Titan Esports Club,JDG Esports,1494.90116802387,1445.0227648432556,1508.6198338904658,1431.3040989766598,Titan Esports Club
295614,LEVIATÁN,Sentinels,1551.9886302424036,1537.2277729863076,1535.3092763377858,1553.9071268909254,Sentinels
298699,Wolves Esports,Bilibili Gaming,1486.3379524662275,1459.9072062950997,1469.1231142333932,1477.1220445279341,Bilibili Gaming
307567,Karmine Corp,Team Vitality,1514.6066041791044,1516.6150560913375,1530.6990957774885,1500.5225644929533,Karmine Corp
295619,G2 Esports,KRÜ Esports,1642.169285715232,1461.1104589594447,1650.512148800783,1452.7675958738937,G2 Esports
167372,FUT Esports,100 Thieves,1495.867564587235,1467.7438276574892,1478.5752399968337,1485.0361522478904,100 Thieves
167373,FNATIC,FURIA,1569.7009180647092,1407.6525406396584,1578.73617709223,1398.6172816121375,FNATIC
307564,Karmine Corp,KOI,1530.6990957774885,1428.6882384311077,1542.131818313644,1417.2555158949524,Karmine Corp
298830,Trace Esports,Titan Esports Club,1486.313062072792,1508.6198338904658,1503.3389176848616,1491.5939782783962,Trace Esports
307572,MIBR,Sentinels,1519.1232372559841,1553.9071268909254,1504.7197640136687,1568.3106001332408,Sentinels
307573,G2 Esports,MIBR,1650.512148800783,1504.7197640136687,1628.1663279046043,1527.0655849098475,MIBR
298831,Bilibili Gaming,Titan Esports Club,1477.1220445279341,1491.5939782783962,1493.7881165347678,1474.9279062715625,Bilibili Gaming
298832,Bilibili Gaming,Trace Esports,1493.7881165347678,1503.3389176848616,1478.2278364266897,1518.8991977929397,Trace Esports
307574,Sentinels,G2 Esports,1568.3106001332408,1628.1663279046043,1555.040107682109,1641.436820355736,G2 Esports
449008,EDward Gaming,T1,1602.212873042818,1480.8106808311782,1612.839044852549,1470.1845090214472,EDward Gaming
449009,Team Vitality,G2 Esports,1500.5225644929533,1641.436820355736,1490.6780291406146,1651.2813557080747,G2 Esports
167374,Natus Vincere,LEVIATÁN,1620.36330597737,1535.3092763377858,1632.5228375963818,1523.149744718774,Natus Vincere
167375,100 Thieves,FNATIC,1485.0361522478904,1578.73617709223,1473.249539168206,1590.5227901719145,FNATIC
449010,EDward Gaming,G2 Esports,1612.839044852549,1651.2813557080747,1598.602189452825,1665.5182111077986,G2 Esports
449012,T1,Team Vitality,1470.1845090214472,1490.6780291406146,1487.127177496555,1473.7353606655067,T1
428009,LEVIATÁN,MIBR,1523.149744718774,1527.0655849098475,1507.3300681884396,1542.885261440182,MIBR
428010,LOUD,KRÜ Esports,1564.162200338399,1452.7675958738937,1543.2011296348812,1473.7286665774116,KRÜ Esports
430524,T1,KIWOOM DRX,1487.127177496555,1620.405722055955,1476.9805437712873,1630.5523557812228,KIWOOM DRX
428001,Sentinels,G2 Esports,1555.040107682109,1665.5182111077986,1543.9629986028444,1676.5953201870632,G2 Esports
430534,TALON,Gen.G,1509.8269795572762,1585.6410733930177,1497.2639683067302,1598.2040846435636,Gen.G
428011,MIBR,KRÜ Esports,1542.885261440182,1473.7286665774116,1555.741887201993,1460.8720408156005,MIBR
429389,Team Vitality,Team Heretics,1473.7353606655067,1595.7544873702238,1495.1343798049922,1574.3554682307383,Team Vitality
429400,FUT Esports,Team Liquid,1478.5752399968337,1497.847243099148,1463.4618394157962,1512.9606436801855,Team Liquid
430535,T1,Gen.G,1476.9805437712873,1598.2040846435636,1498.3470715706644,1576.8375568441866,T1
428012,Sentinels,MIBR,1543.9629986028444,1555.741887201993,1560.505228743667,1539.1996570611705,Sentinels
429401,Team Heretics,Team Liquid,1574.3554682307383,1512.9606436801855,1555.5571977904053,1531.7589141205185,Team Liquid
430525,KIWOOM DRX,T1,1630.5523557812228,1498.3470715706644,1640.741848386956,1488.1575789649312,KIWOOM DRX
428002,G2 Esports,Sentinels,1676.5953201870632,1560.505228743667,1687.4396308794292,1549.660918051301,G2 Esports
644720,FUT Esports,Natus Vincere,1463.4618394157962,1632.5228375963818,1486.6860166804431,1609.298660331735,FUT Esports
644719,Team Liquid,Team Heretics,1531.7589141205185,1555.5571977904053,1548.8531547878977,1538.4629571230262,Team Liquid
644658,DetonatioN FocusMe,T1,1357.7530608331585,1488.1575789649312,1347.4914415922372,1498.4191982058526,T1
642933,Nova Esports,Trace Esports,1436.9050177408274,1518.8991977929397,1424.6124154495058,1531.1918000842613,Trace Esports
644659,Nongshim RedForce,KIWOOM DRX,1523.7110228449064,1640.741848386956,1512.905502344202,1651.5473688876605,KIWOOM DRX
642934,FunPlus Phoenix,Guangzhou Huadu Bilibili Gaming,1462.5999877199577,1559.4115849113864,1450.9464136862873,1571.0651589450567,Guangzhou Huadu Bilibili Gaming
644726,FUT Esports,Team Liquid,1486.6860166804431,1548.8531547878977,1505.5187521444454,1530.0204193238953,FUT Esports
644725,Karmine Corp,Team Heretics,1542.131818313644,1538.4629571230262,1525.9628672917934,1554.631908144877,Team Heretics
644665,FULL SENSE,VARREL,1500.0,1500.0,1516.0,1484.0,FULL SENSE
644666,Team Secret,Paper Rex,1475.6429662887358,1573.2092957359105,1464.0215650666003,1584.830696958046,Paper Rex
644732,Gentle Mates,Team Heretics,1397.9786923987942,1554.631908144877,1388.7407011483165,1563.8698993953547,Team Heretics
644731,Karmine Corp,FUT Esports,1525.9628672917934,1505.5187521444454,1509.0224661211125,1522.4591533151263,FUT Esports
644671,Rex Regum Qeon,FULL SENSE,1487.5235385359665,1516.0,1504.8319993923371,1498.6915391436294,Rex Regum Qeon
644672,Paper Rex,Global Esports,1584.830696958046,1392.176090536174,1592.7684785954011,1384.2383088988188,Paper Rex
644713,Team Heretics,Natus Vincere,1563.8698993953547,1609.298660331735,1549.9501295917573,1623.2184301353323,Natus Vincere
644712,Gentle Mates,FUT Esports,1388.7407011483165,1522.4591533151263,1378.611606477124,1532.5882479863187,FUT Esports
644652,Gen.G,Global Esports,1576.8375568441866,1384.2383088988188,1552.7772406962079,1408.2986250467975,Global Esports
642920,Dragon Ranger Gaming,Nova Esports,1592.152171838074,1424.6124154495058,1600.9838787412107,1415.7807085463692,Dragon Ranger Gaming
644653,T1,VARREL,1498.4191982058526,1484.0,1513.7555505671626,1468.66364763869,T1
642921,FunPlus Phoenix,All Gamers,1450.9464136862873,1465.9618451334193,1467.6374696640064,1449.2707891557002,FunPlus Phoenix
724638,TBD,TBD,1500.0,1500.0,1516.0,1484.0,TBD
724639,TBD,TBD,1484.0,1484.0,1500.0,1468.0,TBD
724644,TBD,TBD,1468.0,1468.0,1484.0,1452.0,TBD
724650,TBD,TBD,1452.0,1452.0,1468.0,1436.0,TBD
724623,All Gamers,TBD,1449.2707891557002,1436.0,1432.6599437685327,1452.6108453871675,TBD
698910,Team Secret,DetonatioN FocusMe,1464.0215650666003,1347.4914415922372,1442.8477230390681,1368.6652836197693,DetonatioN FocusMe
706372,Evil Geniuses,FURIA,1566.1493194632792,1398.6172816121375,1542.9813104745986,1421.7852906008181,FURIA
698911,Gen.G,FULL SENSE,1552.7772406962079,1498.6915391436294,1534.3064287390089,1517.1623511008283,FULL SENSE
724624,EDward Gaming,TBD,1598.602189452825,1452.6108453871675,1576.2486491679817,1474.9643856720108,TBD
706373,ENVY,NRG,1500.0,1566.7714345112618,1487.0376320984071,1579.7338024128546,NRG
594750,Gentle Mates,BBL Esports,1378.611606477124,1498.1701056841146,1367.9099733957307,1508.8717387655079,BBL Esports
594767,Team Heretics,Team Liquid,1549.9501295917573,1530.0204193238953,1533.0333378438559,1546.9372110717968,Team Liquid
595649,DetonatioN FocusMe,T1,1368.6652836197693,1513.7555505671626,1358.9838351508215,1523.4369990361104,T1
595640,Nongshim RedForce,Rex Regum Qeon,1512.905502344202,1504.8319993923371,1528.5337706997598,1489.2037310367793,Nongshim RedForce
594759,FNATIC,Team Vitality,1590.5227901719145,1495.1343798049922,1602.2371351529523,1483.4200348239544,FNATIC
594763,Team Heretics,Karmine Corp,1533.0333378438559,1509.0224661211125,1547.9293533337689,1494.1264506311995,Team Heretics
594764,Team Liquid,ULF Esports,1546.9372110717968,1500.0,1560.7887273830654,1486.1484836887314,Team Liquid
595647,FULL SENSE,DetonatioN FocusMe,1517.1623511008283,1358.9838351508215,1494.3427531105388,1381.803433141111,DetonatioN FocusMe
598940,Dragon Ranger Gaming,Guangzhou Huadu Bilibili Gaming,1600.9838787412107,1571.0651589450567,1583.6094663934236,1588.4395712928438,Guangzhou Huadu Bilibili Gaming
598948,TYLOO,EDward Gaming,1444.644203696971,1576.2486491679817,1434.4306755241237,1586.4621773408292,EDward Gaming
595648,Paper Rex,T1,1592.7684785954011,1523.4369990361104,1573.6173622347483,1542.5881153967632,T1
701027,FunPlus Phoenix,Trace Esports,1467.6374696640064,1531.1918000842613,1486.5320412386768,1512.297228509591,FunPlus Phoenix
701028,JD Mall JDG Esports,TYLOO,1481.9107663841476,1434.4306755241237,1463.7377381163287,1452.6037037919425,TYLOO
712807,Karmine Corp,Eternal Fire,1494.1264506311995,1500.0,1510.3969118107148,1483.7295388204848,Karmine Corp
712806,PCIFIC Esports,Gentle Mates,1500.0,1367.9099733957307,1478.1941009609784,1389.7158724347523,Gentle Mates
701042,Nova Esports,JD Mall JDG Esports,1415.7807085463692,1463.7377381163287,1433.9752914869932,1445.5431551757047,Nova Esports
698886,FULL SENSE,Nongshim RedForce,1494.3427531105388,1528.5337706997598,1511.9122443679785,1510.96427944232,FULL SENSE
706349,LEVIATÁN,FURIA,1507.3300681884396,1421.7852906008181,1519.4683093265041,1409.6470494627536,LEVIATÁN
701043,TYLOO,FunPlus Phoenix,1452.6037037919425,1486.5320412386768,1470.1612136948822,1468.974531335737,TYLOO
698887,KIWOOM DRX,DetonatioN FocusMe,1651.5473688876605,1381.803433141111,1657.1373344050992,1376.2134676236724,KIWOOM DRX
706350,Sentinels,Cloud9,1549.660918051301,1503.9622208638039,1563.5684681987514,1490.0546707163535,Sentinels
701044,Trace Esports,EDward Gaming,1512.297228509591,1586.4621773408292,1499.6617023886095,1599.0977034618106,EDward Gaming
712818,FUT Esports,BBL Esports,1532.5882479863187,1508.8717387655079,1547.4977556181168,1493.9622311337098,FUT Esports
712817,Gentle Mates,Natus Vincere,1389.7158724347523,1623.2184301353323,1415.0973565143588,1597.8369460557258,Gentle Mates
698894,Rex Regum Qeon,ZETA DIVISION,1489.2037310367793,1471.008241658101,1472.3665630127414,1487.845409682139,ZETA DIVISION
706355,Evil Geniuses,LEVIATÁN,1542.9813104745986,1519.4683093265041,1525.9001468364343,1536.5494729646684,LEVIATÁN
701058,Trace Esports,Wuxi Titan Esports Club,1499.6617023886095,1500.0,1515.6772815644256,1483.9844208241839,Trace Esports
698895,DetonatioN FocusMe,Paper Rex,1376.2134676236724,1573.6173622347483,1368.4377404711388,1581.3930893872819,Paper Rex
706356,ENVY,MIBR,1487.0376320984071,1539.1996570611705,1473.421894957293,1552.8153942022846,MIBR
701059,EDward Gaming,All Gamers,1599.0977034618106,1432.6599437685327,1607.970030449351,1423.7876167809923,EDward Gaming
712828,BBL Esports,Gentle Mates,1493.9622311337098,1415.0973565143588,1506.3914874215677,1402.6681002265009,BBL Esports
712827,Eternal Fire,FNATIC,1483.7295388204848,1602.2371351529523,1504.984773842255,1580.981900131182,Eternal Fire
698904,Team Secret,Paper Rex,1442.8477230390681,1581.3930893872819,1432.9099995671934,1591.3308128591566,Paper Rex
706364,KRÜ Esports,G2 Esports,1460.8720408156005,1687.4396308794292,1454.0415022511477,1694.270169443882,G2 Esports
698905,Global Esports,Gen.G,1408.2986250467975,1534.3064287390089,1397.859779020409,1544.7452747653974,Gen.G
706365,100 Thieves,Sentinels,1473.249539168206,1563.5684681987514,1493.3176507301325,1543.5003566368248,100 Thieves
670466,Paper Rex,LEVIATÁN,1591.3308128591566,1536.5494729646684,1604.82873923656,1523.051546587265,Paper Rex
670470,EDward Gaming,Paper Rex,1607.970030449351,1604.82873923656,1591.8253725846887,1620.9733971012224,Paper Rex
644738,GIANTX,Eternal Fire,1467.9135569523291,1504.984773842255,1453.614300270682,1519.2840305239022,Eternal Fire
644737,BBL Esports,FNATIC,1506.3914874215677,1580.981900131182,1493.7746834372006,1593.5987041155493,FNATIC
644677,Gen.G,Team Secret,1544.7452747653974,1432.9099995671934,1523.765868705894,1453.8894056266968,Team Secret
659474,Xi Lai Gaming,Wuxi Titan Esports Club,1530.479823896344,1483.9844208241839,1544.351322756644,1470.1129219638838,Xi Lai Gaming
659475,JD Mall JDG Esports,TYLOO,1445.5431551757047,1470.1612136948822,1462.6749651641921,1453.0294037063948,JD Mall JDG Esports
644678,VARREL,ZETA DIVISION,1468.66364763869,1487.845409682139,1453.546104004193,1502.962953316636,ZETA DIVISION
660385,FUT Esports,Team Vitality,1547.4977556181168,1483.4200348239544,1528.579876255897,1502.3379141861742,Team Vitality
660369,FURIA,LEVIATÁN,1409.6470494627536,1523.051546587265,1398.6916296614265,1534.006966388592,LEVIATÁN
666492,Global Esports,FULL SENSE,1397.859779020409,1511.9122443679785,1386.9312171727609,1522.8408062156266,FULL SENSE
660370,G2 Esports,100 Thieves,1694.270169443882,1493.3176507301325,1701.9262863584413,1485.6615338155732,G2 Esports
666498,T1,Paper Rex,1542.5881153967632,1620.9733971012224,1530.1378665933112,1633.4236459046745,Paper Rex
660383,FUT Esports,Eternal Fire,1528.579876255897,1519.2840305239022,1544.1518888614544,1503.7120179183448,FUT Esports
660382,Team Liquid,Team Vitality,1560.7887273830654,1502.3379141861742,1542.1220786735012,1521.0045628957384,Team Vitality
666490,Paper Rex,Global Esports,1633.4236459046745,1386.9312171727609,1607.6582137957027,1412.6966492817326,Global Esports
659480,Xi Lai Gaming,EDward Gaming,1544.351322756644,1591.8253725846887,1530.5240779555531,1605.6526173857796,EDward Gaming
659486,All Gamers,Dragon Ranger Gaming,1423.7876167809923,1583.6094663934236,1414.6690197229746,1592.7280634514414,Dragon Ranger Gaming
666491,T1,FULL SENSE,1530.1378665933112,1522.8408062156266,1513.8018739461738,1539.176798862764,FULL SENSE
430838,TYLOO,Titan Esports Club,1453.0294037063948,1474.9279062715625,1438.036533712637,1489.9207762653202,Titan Esports Club
430837,Xi Lai Gaming,Wolves Esports,1530.5240779555531,1469.1231142333932,1543.7255334443519,1455.9216587445944,Xi Lai Gaming
430839,JD Mall JDG Esports,Dragon Ranger Gaming,1462.6749651641921,1592.7280634514414,1452.3992389931661,1603.0037896224674,Dragon Ranger Gaming
430840,All Gamers,Nova Esports,1414.6690197229746,1433.9752914869932,1399.5571924178116,1449.0871187921562,Nova Esports
429381,BBL Esports,GIANTX,1493.7746834372006,1453.614300270682,1507.9334226650408,1439.4555610428417,BBL Esports
429380,Karmine Corp,Natus Vincere,1510.3969118107148,1597.8369460557258,1530.3407571258413,1577.8931007405993,Karmine Corp
430842,FunPlus Phoenix,Titan Esports Club,1468.974531335737,1489.9207762653202,1485.9379745822725,1472.9573330187848,FunPlus Phoenix
430841,Bilibili Gaming,Xi Lai Gaming,1478.2278364266897,1543.7255334443519,1497.2088858650502,1524.7444840059914,Bilibili Gaming
596399,ENVY,Evil Geniuses,1473.421894957293,1525.9001468364343,1491.8203952891304,1507.501646504597,ENVY
596398,LOUD,Cloud9,1543.2011296348812,1490.0546707163535,1524.7725574453202,1508.4832429059145,Cloud9
429379,Team Liquid,Movistar KOI,1542.1220786735012,1444.2226769097554,1553.7292937956688,1432.6154617875877,Team Liquid
429382,Apeks,Gentle Mates,1416.0445490453355,1402.6681002265009,1399.4288449995672,1419.2838042722692,Gentle Mates
430843,Trace Esports,Dragon Ranger Gaming,1515.6772815644256,1603.0037896224674,1535.616216054713,1583.06485513218,Trace Esports
427991,Evil Geniuses,LOUD,1507.501646504597,1524.7725574453202,1492.2963468719065,1539.9778570780109,LOUD
430844,EDward Gaming,Nova Esports,1605.6526173857796,1449.0871187921562,1614.893927005498,1439.8458091724378,EDward Gaming
427992,MIBR,100 Thieves,1552.8153942022846,1485.6615338155732,1533.760789075367,1504.7161389424907,100 Thieves
596400,KRÜ Esports,FURIA,1454.0415022511477,1398.6916296614265,1435.5138935547704,1417.2192383578038,FURIA
596401,100 Thieves,LEVIATÁN,1504.7161389424907,1534.006966388592,1522.0618447196707,1516.661260611412,100 Thieves
429385,FNATIC,BBL Esports,1593.5987041155493,1507.9334226650408,1573.73171956194,1527.80040721865,BBL Esports
430514,BOOM Esports,T1,1489.754731742437,1513.8018739461738,1474.860378605763,1528.6962270828478,T1
429384,Team Vitality,Karmine Corp,1521.0045628957384,1530.3407571258413,1537.4344070718896,1513.91091294969,Team Vitality
430851,Titan Esports Club,JD Mall JDG Esports,1472.9573330187848,1452.3992389931661,1456.0117011602742,1469.3448708516767,JD Mall JDG Esports
427994,2Game Esports,FURIA,1443.0537911949848,1417.2192383578038,1425.866253928717,1434.4067756240715,FURIA
430515,ZETA DIVISION,Nongshim RedForce,1502.962953316636,1510.96427944232,1487.331362873577,1526.595869885379,Nongshim RedForce
430853,Xi Lai Gaming,All Gamers,1524.7444840059914,1399.5571924178116,1535.2165784534611,1389.0850979703418,Xi Lai Gaming
427993,NRG,Cloud9,1579.7338024128546,1508.4832429059145,1560.4978302230043,1527.7192150957649,Cloud9
596402,NRG,Cloud9,1560.4978302230043,1527.7192150957649,1574.9927819787267,1513.2242633400424,NRG
596403,MIBR,ENVY,1533.760789075367,1491.8203952891304,1547.8386897257292,1477.7424946387682,MIBR
430516,Global Esports,Team Secret,1412.6966492817326,1453.8894056266968,1430.5848068094747,1436.0012480989546,Global Esports
430850,Dragon Ranger Gaming,TYLOO,1583.06485513218,1438.036533712637,1592.7487115795775,1428.3526772652394,Dragon Ranger Gaming
427995,KRÜ Esports,LOUD,1435.5138935547704,1539.9778570780109,1424.1847250237165,1551.3070256090648,LOUD
430517,DetonatioN FocusMe,Rex Regum Qeon,1368.4377404711388,1472.3665630127414,1357.086017871776,1483.7182856121042,Rex Regum Qeon
430849,Nova Esports,Wolves Esports,1439.8458091724378,1455.9216587445944,1456.5856015354145,1439.1818663816177,Nova Esports
427996,Sentinels,100 Thieves,1543.5003566368248,1522.0618447196707,1558.5143277972954,1507.0478735592,Sentinels
596404,Sentinels,FURIA,1558.5143277972954,1434.4067756240715,1537.0302576635013,1455.8908457578657,FURIA
596405,G2 Esports,100 Thieves,1701.9262863584413,1507.0478735592,1709.7879069049995,1499.1862530126418,G2 Esports
430521,KIWOOM DRX,Nongshim RedForce,1657.1373344050992,1526.595869885379,1667.3934590220595,1516.3397452684187,KIWOOM DRX
430845,Bilibili Gaming,FunPlus Phoenix,1497.2088858650502,1485.9379745822725,1512.690023218448,1470.4568372288747,Bilibili Gaming
427998,LEVIATÁN,FURIA,1516.661260611412,1455.8908457578657,1529.8908744964801,1442.6612318727975,LEVIATÁN
430518,Paper Rex,T1,1607.6582137957027,1528.6962270828478,1588.08322091062,1548.2712199679306,T1
430846,Trace Esports,EDward Gaming,1535.616216054713,1614.893927005498,1555.2050198916247,1595.3051231685863,Trace Esports
427997,G2 Esports,Cloud9,1709.7879069049995,1513.2242633400424,1717.5921406896168,1505.4200295554251,G2 Esports
430854,Nova Esports,Dragon Ranger Gaming,1456.5856015354145,1592.7487115795775,1446.5536773151398,1602.7806357998522,Dragon Ranger Gaming
430855,JD Mall JDG Esports,Xi Lai Gaming,1469.3448708516767,1535.2165784534611,1456.3425428743972,1548.2189064307406,Xi Lai Gaming
594740,Natus Vincere,Karmine Corp,1577.8931007405993,1513.91091294969,1590.9794747322678,1500.8245389580215,Natus Vincere
594741,FUT Esports,Gentle Mates,1544.1518888614544,1419.2838042722692,1522.6369327555208,1440.7987603782028,Gentle Mates
430856,FunPlus Phoenix,Dragon Ranger Gaming,1470.4568372288747,1602.7806357998522,1460.2720820357445,1612.9653909929825,Dragon Ranger Gaming
430857,EDward Gaming,Xi Lai Gaming,1595.3051231685863,1548.2189064307406,1609.1499016331056,1534.3741279662213,EDward Gaming
594742,PCIFIC Esports,BBL Esports,1478.1941009609784,1527.80040721865,1464.4631579454556,1541.5313502341728,BBL Esports
594743,ULF Esports,Team Vitality,1486.1484836887314,1537.4344070718896,1472.4932817514873,1551.0896090091337,Team Vitality
595630,Nongshim RedForce,Team Secret,1516.3397452684187,1436.0012480989546,1528.7045800381384,1423.636413329235,Nongshim RedForce
598923,Trace Esports,Wolves Esports,1555.2050198916247,1439.1818663816177,1534.0520932864126,1460.3347929868298,Wolves Esports
595631,ZETA DIVISION,FULL SENSE,1487.331362873577,1539.176798862764,1473.7013680893901,1552.8067936469508,FULL SENSE
598924,FunPlus Phoenix,TYLOO,1460.2720820357445,1428.3526772652394,1442.8062608246062,1445.8184984763777,TYLOO
429383,FUT Esports,Team Liquid,1522.6369327555208,1553.7292937956688,1540.0649786945103,1536.3012478566793,FUT Esports
429386,Team Heretics,Gentle Mates,1547.9293533337689,1440.7987603782028,1559.1464377995628,1429.5816759124089,Team Heretics
430847,Bilibili Gaming,Trace Esports,1512.690023218448,1534.0520932864126,1497.6725451027646,1549.069571402096,Trace Esports
430858,Dragon Ranger Gaming,EDward Gaming,1612.9653909929825,1609.1499016331056,1596.7896882777989,1625.3256043482893,EDward Gaming
594744,Team Heretics,Natus Vincere,1559.1464377995628,1590.9794747322678,1544.6083149176131,1605.5175976142175,Natus Vincere
594745,GIANTX,Gentle Mates,1439.4555610428417,1429.5816759124089,1423.0009742056052,1446.0362627496454,Gentle Mates
595632,VARREL,Global Esports,1453.546104004193,1430.5848068094747,1436.4902339549694,1447.6406768586983,Global Esports
598921,All Gamers,Nova Esports,1389.0850979703418,1446.5536773151398,1407.7077489961155,1427.9310262893662,All Gamers
595633,DetonatioN FocusMe,Gen.G,1357.086017871776,1523.765868705894,1380.2226243347525,1500.6292622429175,DetonatioN FocusMe
598922,JD Mall JDG Esports,Wuxi Titan Esports Club,1456.3425428743972,1470.1129219638838,1472.976360417566,1453.479104420715,JD Mall JDG Esports
429393,Karmine Corp,GIANTX,1500.8245389580215,1423.0009742056052,1481.2993913209189,1442.5261218427079,GIANTX
429392,FNATIC,Natus Vincere,1573.73171956194,1605.5175976142175,1591.191443036307,1588.0578741398506,FNATIC
430860,Bilibili Gaming,EDward Gaming,1497.6725451027646,1625.3256043482893,1487.300202823739,1635.6979466273149,EDward Gaming
428003,FURIA,Evil Geniuses,1442.6612318727975,1492.2963468719065,1428.9315888514072,1506.0259898932968,Evil Geniuses
428004,Cloud9,MIBR,1505.4200295554251,1547.8386897257292,1491.3638324295384,1561.8948868516159,MIBR
594746,FNATIC,BBL Esports,1591.191443036307,1541.5313502341728,1572.9199589593763,1559.8028343111037,BBL Esports
594747,Team Liquid,Team Vitality,1536.3012478566793,1551.0896090091337,1520.9818660748267,1566.4089907909863,Team Vitality
595634,T1,Nongshim RedForce,1548.2712199679306,1528.7045800381384,1531.3710943232147,1545.6047056828543,Nongshim RedForce
598927,Xi Lai Gaming,Wolves Esports,1534.3741279662213,1460.3347929868298,1547.0151834525172,1447.6937375005339,Xi Lai Gaming
596409,LOUD,100 Thieves,1551.3070256090648,1499.1862530126418,1532.9246203392465,1517.56865828246,100 Thieves
595635,KIWOOM DRX,FULL SENSE,1667.3934590220595,1552.8067936469508,1646.29990241034,1573.9003502586702,FULL SENSE
598928,EDward Gaming,TYLOO,1635.6979466273149,1445.8184984763777,1643.7314632123098,1437.7849818913828,EDward Gaming
596410,Evil Geniuses,Sentinels,1506.0259898932968,1537.0302576635013,1491.4500112134226,1551.6062363433755,Sentinels
429394,Team Liquid,Apeks,1520.9818660748267,1399.4288449995672,1531.6018763912593,1388.8088346831346,Team Liquid
430519,TALON,Global Esports,1497.2639683067302,1447.6406768586983,1510.9941448620295,1433.910500303399,TALON
429391,Gentle Mates,Movistar KOI,1446.0362627496454,1432.6154617875877,1461.418519246805,1417.233205290428,Gentle Mates
430848,Trace Esports,EDward Gaming,1549.069571402096,1643.7314632123098,1537.3241520633242,1655.4768825510816,EDward Gaming
428006,KRÜ Esports,2Game Esports,1424.1847250237165,1425.866253928717,1440.2621616868953,1409.7888172655382,KRÜ Esports
430520,Gen.G,Rex Regum Qeon,1500.6292622429175,1483.7182856121042,1515.8510974163082,1468.4964504387135,Gen.G
428005,100 Thieves,NRG,1517.56865828246,1574.9927819787267,1504.1893170146452,1588.3721232465416,NRG
595636,Paper Rex,Global Esports,1588.08322091062,1433.910500303399,1597.4153224729212,1424.5783987410978,Paper Rex
598925,Guangzhou Huadu Bilibili Gaming,All Gamers,1588.4395712928438,1407.7077489961155,1564.794049726449,1431.3532705625103,All Gamers
596411,KRÜ Esports,ENVY,1440.2621616868953,1477.7424946387682,1425.9815302787576,1492.0231260469059,ENVY
595637,Rex Regum Qeon,DetonatioN FocusMe,1468.4964504387135,1380.2226243347525,1480.5165619171935,1368.2025128562725,Rex Regum Qeon
598926,Dragon Ranger Gaming,JD Mall JDG Esports,1596.7896882777989,1472.976360417566,1607.3175793368323,1462.4484693585325,Dragon Ranger Gaming
596412,LEVIATÁN,Cloud9,1529.8908744964801,1491.3638324295384,1512.1238753666485,1509.13083155937,Cloud9
430526,Nongshim RedForce,BOOM Esports,1545.6047056828543,1474.860378605763,1558.391099335216,1462.0739849534011,Nongshim RedForce
430529,Paper Rex,ZETA DIVISION,1597.4153224729212,1473.7013680893901,1607.9472549591624,1463.169435603149,Paper Rex
596413,100 Thieves,Sentinels,1504.1893170146452,1551.6062363433755,1522.3594897163453,1533.4360636416754,100 Thieves
596414,ENVY,Cloud9,1492.0231260469059,1509.13083155937,1476.8103288937111,1524.3436287125649,Cloud9
430527,Rex Regum Qeon,Team Secret,1480.5165619171935,1423.636413329235,1493.9202883417097,1410.2326869047188,Rex Regum Qeon
430528,Global Esports,DetonatioN FocusMe,1424.5783987410978,1368.2025128562725,1406.0047411781866,1386.7761704191837,DetonatioN FocusMe
594751,Karmine Corp,Team Liquid,1481.2993913209189,1531.6018763912593,1467.5998547692752,1545.301412942903,Team Liquid
594752,FUT Esports,FNATIC,1540.0649786945103,1572.9199589593763,1525.5735124939322,1587.4114251599544,FNATIC
598932,Nova Esports,TYLOO,1427.9310262893662,1437.7849818913828,1412.384696077269,1453.33131210348,TYLOO
598933,Wuxi Titan Esports Club,Wolves Esports,1453.479104420715,1447.6937375005339,1469.2127030499903,1431.9601388712586,Wuxi Titan Esports Club
594753,PCIFIC Esports,GIANTX,1464.4631579454556,1442.5261218427079,1447.4542604475523,1459.5350193406111,GIANTX
594754,ULF Esports,Team Heretics,1472.4932817514873,1544.6083149176131,1459.7674167190214,1557.334179950079,Team Heretics
595641,Team Secret,DetonatioN FocusMe,1410.2326869047188,1386.7761704191837,1393.1541126324794,1403.854744691423,DetonatioN FocusMe
598934,Trace Esports,JD Mall JDG Esports,1537.3241520633242,1462.4484693585325,1549.9284084361218,1449.8442129857349,Trace Esports
595642,ZETA DIVISION,Global Esports,1463.169435603149,1406.0047411781866,1444.5604049374106,1424.613771843925,Global Esports
598935,FunPlus Phoenix,Guangzhou Huadu Bilibili Gaming,1442.8062608246062,1564.794049726449,1432.2040010911512,1575.396309459904,Guangzhou Huadu Bilibili Gaming
429388,BBL Esports,Team Heretics,1559.8028343111037,1557.334179950079,1543.6891504896198,1573.4478637715629,Team Heretics
429387,FUT Esports,Team Vitality,1525.5735124939322,1566.4089907909863,1511.4454439296198,1580.5370593552987,Team Vitality
594748,Natus Vincere,Gentle Mates,1588.0578741398506,1461.418519246805,1566.4711658656688,1483.005227520987,Gentle Mates
594749,BBL Esports,Team Vitality,1543.6891504896198,1580.5370593552987,1561.379725595165,1562.8464842497535,BBL Esports
595643,VARREL,KIWOOM DRX,1436.4902339549694,1646.29990241034,1429.1271184110838,1653.6630179542258,KIWOOM DRX
598936,TYLOO,Wuxi Titan Esports Club,1453.33131210348,1469.2127030499903,1470.0621682303579,1452.4818469231125,TYLOO
595644,Gen.G,T1,1515.8510974163082,1531.3710943232147,1500.5653446751203,1546.6568470644027,T1
598937,Trace Esports,Guangzhou Huadu Bilibili Gaming,1549.9284084361218,1575.396309459904,1535.0991524685044,1590.2255654275214,Guangzhou Huadu Bilibili Gaming
429395,Gentle Mates,FNATIC,1483.005227520987,1587.4114251599544,1471.673625361873,1598.7430273190685,FNATIC
429396,GIANTX,Team Liquid,1459.5350193406111,1545.301412942903,1447.4063879817709,1557.4300443017432,Team Liquid
430522,T1,TALON,1546.6568470644027,1510.9941448620295,1561.020262641085,1496.6307292853471,T1
430523,Gen.G,KIWOOM DRX,1500.5653446751203,1653.6630179542258,1491.1922809371747,1663.0360816921714,KIWOOM DRX
594755,Team Liquid,FNATIC,1557.4300443017432,1598.7430273190685,1543.3236611441207,1612.849410476691,FNATIC
594756,GIANTX,Team Heretics,1447.4063879817709,1573.4478637715629,1468.9689052375456,1551.8853465157881,GIANTX
595638,Nongshim RedForce,FULL SENSE,1558.391099335216,1573.9003502586702,1575.1048527086841,1557.186596885202,Nongshim RedForce
598942,Nova Esports,Wolves Esports,1412.384696077269,1431.9601388712586,1397.2852258252585,1447.059609123269,Wolves Esports
596406,NRG,MIBR,1588.3721232465416,1561.8948868516159,1571.1551564239521,1579.1118536742051,MIBR
595639,Paper Rex,Rex Regum Qeon,1607.9472549591624,1493.9202883417097,1586.8768731172347,1514.9906701836373,Rex Regum Qeon
598929,All Gamers,Dragon Ranger Gaming,1431.3532705625103,1607.3175793368323,1454.8282642071974,1583.8425856921451,All Gamers
596407,FURIA,G2 Esports,1428.9315888514072,1717.5921406896168,1455.8263475648057,1690.6973819762184,FURIA
314356,Paper Rex,DetonatioN FocusMe,1586.8768731172347,1403.854744691423,1595.1502189572643,1395.5813988513935,Paper Rex
353184,LOUD,MIBR,1532.9246203392465,1579.1118536742051,1551.039179252563,1560.9972947608887,LOUD
314357,KIWOOM DRX,TALON,1663.0360816921714,1496.6307292853471,1671.909604968162,1487.7572060093564,KIWOOM DRX
353185,LEVIATÁN,100 Thieves,1512.1238753666485,1522.3594897163453,1528.5951065047568,1505.888258578237,LEVIATÁN
235562,Trace Esports,FunPlus Phoenix,1535.0991524685044,1432.2040010911512,1514.4944973086092,1452.8086562510464,FunPlus Phoenix
235563,TYLOO,Attacking Soul Esports,1470.0621682303579,1500.0,1487.4374542184264,1482.6247140119315,TYLOO
353172,FUT Esports,GIANTX,1511.4454439296198,1468.9689052375456,1525.4990150436354,1454.91533412353,FUT Esports
353173,Team Heretics,KOI,1551.8853465157881,1417.2555158949524,1561.9781565271312,1407.1627058836093,Team Heretics
353174,FNATIC,Team Liquid,1612.849410476691,1543.3236611441207,1625.6896956184182,1530.4833760023935,FNATIC
353175,Natus Vincere,Gentle Mates,1566.4711658656688,1471.673625361873,1578.2107806617507,1459.9340105657911,Natus Vincere
353203,Team Vitality,Karmine Corp,1562.8464842497535,1467.5998547692752,1574.566890699962,1455.8794483190668,Team Vitality
365316,Gen.G,Rex Regum Qeon,1491.1922809371747,1514.9906701836373,1508.2865264437944,1497.8964246770176,Gen.G
365317,Team Secret,TALON,1393.1541126324794,1487.7572060093564,1381.4061768756274,1499.5051417662085,TALON
235558,Bilibili Gaming,EDward Gaming,1487.300202823739,1655.4768825510816,1478.4919206475486,1664.285164727272,EDward Gaming
365318,Paper Rex,Gen.G,1595.1502189572643,1508.2865264437944,1575.2313127383534,1528.2054326627053,Gen.G
365319,KIWOOM DRX,TALON,1671.909604968162,1499.5051417662085,1680.563378652083,1490.8513680822875,KIWOOM DRX
353197,Cloud9,KRÜ Esports,1524.3436287125649,1425.9815302787576,1503.93114921292,1446.3940097784025,KRÜ Esports
235564,TYLOO,FunPlus Phoenix,1487.4374542184264,1452.8086562510464,1469.847998897879,1470.3981115715937,FunPlus Phoenix
365320,Gen.G,KIWOOM DRX,1528.2054326627053,1680.563378652083,1550.8041222600823,1657.964689054706,Gen.G
353198,Evil Geniuses,MIBR,1491.4500112134226,1560.9972947608887,1478.6106790722538,1573.8366269020576,MIBR
353199,LEVIATÁN,FURIA,1528.5951065047568,1455.8263475648057,1541.2921381384929,1443.1293159310696,LEVIATÁN
365322,Paper Rex,TALON,1575.2313127383534,1490.8513680822875,1587.4201122120805,1478.6625686085604,Paper Rex
235565,Bilibili Gaming,FunPlus Phoenix,1478.4919206475486,1470.3981115715937,1494.1192543775721,1454.7707778415702,Bilibili Gaming
353200,LOUD,100 Thieves,1551.039179252563,1505.888258578237,1564.9715290947001,1491.9559087360997,LOUD
353201,Sentinels,G2 Esports,1533.4360636416754,1690.6973819762184,1524.2210576357932,1699.9123879821007,G2 Esports
508815,BOOM Esports,TALON,1462.0739849534011,1478.6625686085604,1446.8373374889711,1493.8992160729904,TALON
508816,Nongshim RedForce,Team Secret,1575.1048527086841,1381.4061768756274,1583.0068155094136,1373.5042140748978,Nongshim RedForce
232729,MIBR,KRÜ Esports,1573.8366269020576,1446.3940097784025,1552.217463277738,1468.013173402722,KRÜ Esports
235559,EDward Gaming,Bilibili Gaming,1664.285164727272,1494.1192543775721,1673.0205357381087,1485.3838833667355,EDward Gaming
371278,Team Vitality,Natus Vincere,1574.566890699962,1578.2107806617507,1590.7346918815801,1562.0429794801325,Team Vitality
371279,FNATIC,Karmine Corp,1625.6896956184182,1455.8794483190668,1634.4380750239486,1447.1310689135364,FNATIC
370723,Trace Esports,All Gamers,1514.4944973086092,1454.8282642071974,1527.773463135832,1441.5492983799747,Trace Esports
370722,JDG Esports,Bilibili Gaming,1431.3040989766598,1485.3838833667355,1417.7746449360386,1498.9133374073567,Bilibili Gaming
511543,Natus Vincere,Apeks,1562.0429794801325,1388.8088346831346,1570.6666326304244,1380.1851815328428,Natus Vincere
508817,T1,Paper Rex,1561.020262641085,1587.4201122120805,1546.2336862259872,1602.2066886271784,Paper Rex
508818,KIWOOM DRX,Gen.G,1657.964689054706,1550.8041222600823,1637.1805165550172,1571.588294759771,Gen.G
506936,Trace Esports,TYLOO,1527.773463135832,1469.847998897879,1509.1303415263922,1488.491120507319,TYLOO
232731,FURIA,KRÜ Esports,1443.1293159310696,1468.013173402722,1428.2733045022376,1482.869184831554,KRÜ Esports
232730,Sentinels,100 Thieves,1524.2210576357932,1491.9559087360997,1538.739449399291,1477.4375169726018,Sentinels
371280,Team Heretics,Team Vitality,1561.9781565271312,1590.7346918815801,1547.299428157413,1605.4134202512982,Team Vitality
371281,FUT Esports,FNATIC,1525.4990150436354,1634.4380750239486,1514.3576528476808,1645.5794372199032,FNATIC
370725,FunPlus Phoenix,Trace Esports,1454.7707778415702,1509.1303415263922,1441.2538993571777,1522.6472200107846,Trace Esports
370724,EDward Gaming,Bilibili Gaming,1673.0205357381087,1498.9133374073567,1681.6125653272852,1490.3213078181802,EDward Gaming
511545,FUT Esports,Gentle Mates,1514.3576528476808,1459.9340105657911,1527.8716515607248,1446.4200118527472,FUT Esports
511544,Team Vitality,GIANTX,1605.4134202512982,1454.91533412353,1582.885968912101,1477.4427854627274,GIANTX
508819,Rex Regum Qeon,Global Esports,1497.8964246770176,1424.613771843925,1478.5708060830384,1443.9393904379042,Global Esports
508820,ZETA DIVISION,DetonatioN FocusMe,1444.5604049374106,1395.5813988513935,1426.3196624182165,1413.8221413705876,DetonatioN FocusMe
506937,FunPlus Phoenix,Nova Esports,1441.2538993571777,1397.2852258252585,1455.2398078189478,1383.2993173634884,FunPlus Phoenix
232732,Cloud9,Sentinels,1503.93114921292,1538.739449399291,1521.528788917515,1521.1418096946961,Cloud9
237266,TALON,DetonatioN FocusMe,1493.8992160729904,1413.8221413705876,1506.2754703054816,1401.4458871380964,TALON
232733,LEVIATÁN,KRÜ Esports,1541.2921381384929,1482.869184831554,1522.6267368026627,1501.5345861673843,KRÜ Esports
371282,Team Vitality,FNATIC,1582.885968912101,1645.5794372199032,1569.7421767048306,1658.7232294271735,FNATIC
371284,Team Heretics,FUT Esports,1547.299428157413,1527.8716515607248,1562.4056773090213,1512.7654024091166,Team Heretics
370726,Trace Esports,EDward Gaming,1522.6472200107846,1681.6125653272852,1513.4964414909768,1690.763343847093,EDward Gaming
371266,KRÜ Esports,Cloud9,1501.5345861673843,1521.528788917515,1518.4543381211738,1504.6090369637254,KRÜ Esports
370728,FunPlus Phoenix,Bilibili Gaming,1455.2398078189478,1490.3213078181802,1472.8499024171404,1472.7112132199877,FunPlus Phoenix
371267,Sentinels,100 Thieves,1521.1418096946961,1477.4375169726018,1503.1397015607963,1495.4396251065016,100 Thieves
511547,Team Heretics,BBL Esports,1562.4056773090213,1561.379725595165,1578.3584306238988,1545.4269722802874,Team Heretics
511546,Team Liquid,Movistar KOI,1530.4833760023935,1417.233205290428,1541.4451972199633,1406.2713840728582,Team Liquid
508821,KIWOOM DRX,Nongshim RedForce,1637.1805165550172,1583.0068155094136,1650.7057488680678,1569.481583196363,KIWOOM DRX
506938,All Gamers,Wolves Esports,1441.5492983799747,1447.059609123269,1457.803036292929,1430.8058712103148,All Gamers
506939,JD Mall JDG Esports,Guangzhou Huadu Bilibili Gaming,1449.8442129857349,1590.2255654275214,1439.9787564465319,1600.0910219667244,Guangzhou Huadu Bilibili Gaming
508822,BOOM Esports,T1,1446.8373374889711,1546.2336862259872,1435.293787344999,1557.7772363699594,T1
235363,Team Heretics,KOI,1578.3584306238988,1407.1627058836093,1555.0562043211967,1430.4649321863114,KOI
232734,Cloud9,KRÜ Esports,1504.6090369637254,1518.4543381211738,1489.2462993518293,1533.81707573307,KRÜ Esports
237267,Rex Regum Qeon,Global Esports,1478.5708060830384,1443.9393904379042,1492.981231403713,1429.5289651172295,Rex Regum Qeon
232736,Sentinels,LEVIATÁN,1503.1397015607963,1522.6267368026627,1488.0361728295916,1537.7302655338674,LEVIATÁN
237268,Gen.G,TALON,1571.588294759771,1506.2754703054816,1584.6154642914473,1493.2483007738053,Gen.G
370729,Trace Esports,FunPlus Phoenix,1513.4964414909768,1472.8499024171404,1495.6330924743727,1490.7132514337445,FunPlus Phoenix
371268,LEVIATÁN,KRÜ Esports,1537.7302655338674,1533.81707573307,1553.550064103692,1517.9972771632454,LEVIATÁN
371269,G2 Esports,100 Thieves,1699.9123879821007,1495.4396251065016,1707.451103450236,1487.9009096383663,G2 Esports
511548,FNATIC,Karmine Corp,1658.7232294271735,1447.1310689135364,1666.0283385809241,1439.8259597597857,FNATIC
508823,Global Esports,Team Secret,1429.5289651172295,1373.5042140748978,1410.9710620773105,1392.0621171148168,Team Secret
509801,Cloud9,FURIA,1489.2462993518293,1428.2733045022376,1502.466864691696,1415.052739162371,Cloud9
506940,TYLOO,Titan Esports Club,1488.491120507319,1456.0117011602742,1502.9997299245001,1441.5030917430931,TYLOO
509802,LEVIATÁN,LOUD,1553.550064103692,1564.9715290947001,1538.0758526157713,1580.4457405826208,LOUD
506941,Trace Esports,EDward Gaming,1495.6330924743727,1690.763343847093,1519.780065782179,1666.6163705392867,Trace Esports
508824,Paper Rex,DetonatioN FocusMe,1602.2066886271784,1401.4458871380964,1609.8692352343478,1393.783340530927,Paper Rex
353186,NRG,G2 Esports,1571.1551564239521,1707.451103450236,1561.1284976965305,1717.4777621776575,G2 Esports
353187,Sentinels,Cloud9,1488.0361728295916,1502.466864691696,1504.7003488593634,1485.802688661924,Sentinels
235365,Natus Vincere,KOI,1570.6666326304244,1430.4649321863114,1548.539147656257,1452.5924171604788,KOI
235364,BBL Esports,Karmine Corp,1545.4269722802874,1439.8259597597857,1524.7082861097908,1460.5446459302823,Karmine Corp
237269,ZETA DIVISION,Rex Regum Qeon,1426.3196624182165,1492.981231403713,1445.3524170928602,1473.9484767290694,ZETA DIVISION
237270,Team Secret,Gen.G,1392.0621171148168,1584.6154642914473,1416.1208558000185,1560.5567256062457,Team Secret
371285,Team Vitality,Team Heretics,1569.7421767048306,1555.0562043211967,1585.0662651903244,1539.7321158357029,Team Vitality
365323,KIWOOM DRX,Paper Rex,1650.7057488680678,1609.8692352343478,1664.8337704060114,1595.7412136964042,KIWOOM DRX
370727,EDward Gaming,FunPlus Phoenix,1666.6163705392867,1490.7132514337445,1675.14357992123,1482.1860420518012,EDward Gaming
371270,LEVIATÁN,G2 Esports,1538.0758526157713,1717.4777621776575,1529.6740274432339,1725.879587350195,G2 Esports
371272,KRÜ Esports,100 Thieves,1517.9972771632454,1487.9009096383663,1532.6147445595682,1473.2834422420435,KRÜ Esports
508825,TALON,ZETA DIVISION,1493.2483007738053,1445.3524170928602,1507.056480796366,1431.5442370702995,TALON
509803,Evil Geniuses,2Game Esports,1478.6106790722538,1409.7888172655382,1491.4821276900582,1396.9173686477338,Evil Geniuses
506942,Dragon Ranger Gaming,All Gamers,1583.8425856921451,1457.803036292929,1594.2801464276652,1447.365475557409,Dragon Ranger Gaming
508826,Rex Regum Qeon,Gen.G,1473.9484767290694,1560.5567256062457,1493.856323061077,1540.648879274238,Rex Regum Qeon
506943,Xi Lai Gaming,Wolves Esports,1547.0151834525172,1430.8058712103148,1557.8545744423593,1419.9664802204727,Xi Lai Gaming
509804,MIBR,VISA KRÜ,1552.217463277738,1463.1657980782632,1532.2039890463057,1483.1792723096955,VISA KRÜ
235367,KOI,Giants Gaming,1452.5924171604788,1512.6782292385658,1439.332210957336,1525.9384354417086,Giants Gaming
235366,Giants Gaming,Karmine Corp,1525.9384354417086,1460.5446459302823,1538.9620052699288,1447.5210761020621,Giants Gaming
237271,ZETA DIVISION,Team Secret,1431.5442370702995,1416.1208558000185,1446.834430314528,1400.83066255579,ZETA DIVISION
237272,Rex Regum Qeon,Gen.G,1493.856323061077,1540.648879274238,1479.9982648985795,1554.5069374367356,Gen.G
371283,FNATIC,Team Vitality,1666.0283385809241,1585.0662651903244,1678.3659500600886,1572.72865371116,FNATIC
365321,Gen.G,KIWOOM DRX,1554.5069374367356,1664.8337704060114,1575.4235207288552,1643.9171871138917,Gen.G
371273,LEVIATÁN,KRÜ Esports,1529.6740274432339,1532.6147445595682,1545.8094492372552,1516.4793227655468,LEVIATÁN
509805,100 Thieves,NRG,1473.2834422420435,1561.1284976965305,1493.2448011892866,1541.1671387492875,100 Thieves
509806,Sentinels,G2 Esports,1504.7003488593634,1725.879587350195,1529.7016851536976,1700.8782510558608,Sentinels
235372,KOI,Natus Vincere,1439.332210957336,1548.539147656257,1428.202044768612,1559.669313844981,Natus Vincere
235371,Natus Vincere,Karmine Corp,1559.669313844981,1447.5210761020621,1570.6768948755005,1436.5134950715426,Natus Vincere
237273,Team Secret,Gen.G,1400.83066255579,1575.4235207288552,1424.256192629382,1551.9979906552633,Team Secret
371271,G2 Esports,LEVIATÁN,1700.8782510558608,1545.8094492372552,1678.1762901354882,1568.5114101576278,LEVIATÁN
235368,Giants Gaming,Natus Vincere,1538.9620052699288,1570.6768948755005,1556.4184867555025,1553.2204133899268,Giants Gaming
232737,Cloud9,LEVIATÁN,1485.802688661924,1568.5114101576278,1473.5412106088613,1580.7728882106906,LEVIATÁN
237274,ZETA DIVISION,Team Secret,1446.834430314528,1424.256192629382,1461.7961252552238,1409.294497688686,ZETA DIVISION
511549,Apeks,Karmine Corp,1380.1851815328428,1436.5134950715426,1366.7567049454353,1449.94197165895,Karmine Corp
506945,Titan Esports Club,Guangzhou Huadu Bilibili Gaming,1441.5030917430931,1600.0910219667244,1432.3381110023872,1609.2560027074303,Guangzhou Huadu Bilibili Gaming
232735,KRÜ Esports,LEVIATÁN,1516.4793227655468,1580.7728882106906,1535.4068104675785,1561.845400508659,KRÜ Esports
511551,Team Liquid,Natus Vincere,1541.4451972199633,1553.2204133899268,1557.987258433346,1536.6783521765442,Team Liquid
511550,GIANTX,BBL Esports,1477.4427854627274,1524.7082861097908,1495.6061129566172,1506.5449586159011,GIANTX
506946,FunPlus Phoenix,Dragon Ranger Gaming,1482.1860420518012,1594.2801464276652,1503.176210691089,1573.2899777883774,FunPlus Phoenix
511553,FUT Esports,Team Vitality,1512.7654024091166,1572.72865371116,1499.4997172410112,1585.9943388792653,Team Vitality
511552,Gentle Mates,Team Heretics,1446.4200118527472,1539.7321158357029,1434.6167683038957,1551.5353593845543,Team Heretics
508828,Gen.G,Global Esports,1551.9979906552633,1410.9710620773105,1561.8381057623244,1401.1309469702494,Gen.G
506947,Nova Esports,All Gamers,1383.2993173634884,1447.365475557409,1370.2166819542408,1460.4481109666565,All Gamers
508829,TALON,DetonatioN FocusMe,1507.056480796366,1393.783340530927,1486.017349129823,1414.82247219747,DetonatioN FocusMe
506948,TYLOO,EDward Gaming,1502.9997299245001,1675.14357992123,1494.3364813571065,1683.8068284886235,EDward Gaming
511554,Movistar KOI,FNATIC,1406.2713840728582,1678.3659500600886,1400.7435703972671,1683.8937637356796,FNATIC
508830,T1,ZETA DIVISION,1557.7772363699594,1461.7961252552238,1569.4662563531308,1450.1071052720524,T1
509807,2Game Esports,G2 Esports,1396.9173686477338,1678.1762901354882,1391.626647639255,1683.467011143967,G2 Esports
506949,Titan Esports Club,JD Mall JDG Esports,1432.3381110023872,1439.9787564465319,1416.6899190154834,1455.6269484334357,JD Mall JDG Esports
508831,Rex Regum Qeon,Nongshim RedForce,1479.9982648985795,1569.481583196363,1500.0303608950687,1549.4494871998738,Rex Regum Qeon
509808,FURIA,Sentinels,1415.052739162371,1529.7016851536976,1404.1488730848969,1540.6055512311716,Sentinels
506950,Guangzhou Huadu Bilibili Gaming,Trace Esports,1609.2560027074303,1519.780065782179,1589.2242250498023,1539.811843439807,Trace Esports
508832,KIWOOM DRX,Team Secret,1643.9171871138917,1409.294497688686,1650.5019175037269,1402.709767298851,KIWOOM DRX
509809,100 Thieves,VISA KRÜ,1493.2448011892866,1483.1792723096955,1508.7813960945093,1467.6426774044728,100 Thieves
506951,Wolves Esports,Dragon Ranger Gaming,1419.9664802204727,1573.2899777883774,1442.6020297261787,1550.6544282826715,Wolves Esports
508833,BOOM Esports,Paper Rex,1435.293787344999,1595.7412136964042,1426.1986520330597,1604.8363490083434,Paper Rex
509810,NRG,LOUD,1541.1671387492875,1580.4457405826208,1558.9683181408163,1562.644561191092,NRG
506952,Xi Lai Gaming,FunPlus Phoenix,1557.8545744423593,1503.176210691089,1571.3571272915472,1489.673657841901,Xi Lai Gaming
509811,Cloud9,Evil Geniuses,1473.5412106088613,1491.4821276900582,1490.366686794555,1474.6566515043644,Cloud9
509812,MIBR,LEVIATÁN,1532.2039890463057,1561.845400508659,1517.565724239837,1576.4836653151276,LEVIATÁN
235566,Trace Esports,Four Angry Men,1539.811843439807,1500.0,1553.98642277511,1485.825420664697,Trace Esports
235567,Monarch Effect,Royal Never Give Up,1500.0,1500.0,1516.0,1484.0,Monarch Effect
353188,Evil Geniuses,LEVIATÁN,1474.6566515043644,1576.4836653151276,1463.2161513590265,1587.9241654604655,LEVIATÁN
359621,All Gamers,Trace Esports,1460.4481109666565,1553.98642277511,1448.6545663097024,1565.779967432064,Trace Esports
353189,LOUD,FURIA,1562.644561191092,1404.1488730848969,1539.8130150308561,1426.9804192451327,FURIA
506930,EDward Gaming,Titan Esports Club,1683.8068284886235,1416.6899190154834,1689.4669042867984,1411.0298432173086,EDward Gaming
511562,FUT Esports,GIANTX,1499.4997172410112,1495.6061129566172,1515.3204176433615,1479.785412554267,FUT Esports
511564,Team Liquid,Apeks,1557.987258433346,1366.7567049454353,1565.9740700950417,1358.7698932837395,Team Liquid
511563,Gentle Mates,BBL Esports,1434.6167683038957,1506.5449586159011,1421.8826582426839,1519.279068677113,BBL Esports
506953,Nova Esports,Xi Lai Gaming,1370.2166819542408,1571.3571272915472,1362.5668640150834,1579.0069452307046,Xi Lai Gaming
506954,EDward Gaming,JD Mall JDG Esports,1689.4669042867984,1455.6269484334357,1696.0752301013529,1449.0186226188812,EDward Gaming
235568,TYLOO,Shenzhen NTER,1494.3364813571065,1500.0,1510.5972729303662,1483.7392084267403,TYLOO
235569,Weibo Gaming,Dragon Ranger Gaming,1500.0,1550.6544282826715,1518.3163336658965,1532.338094616775,Weibo Gaming
353166,Team Heretics,GIANTX,1551.5353593845543,1479.785412554267,1564.2773366874624,1467.043435251359,Team Heretics
353167,FUT Esports,Gentle Mates,1515.3204176433615,1421.8826582426839,1527.118273178177,1410.0848027078682,FUT Esports
353190,MIBR,100 Thieves,1517.565724239837,1508.7813960945093,1501.1612771558664,1525.18584317848,100 Thieves
359622,Titan Esports Club,FunPlus Phoenix,1411.0298432173086,1489.673657841901,1430.5909123975518,1470.1125886616578,Titan Esports Club
353191,NRG,KRÜ Esports,1558.9683181408163,1535.4068104675785,1573.8849309153413,1520.4901976930535,NRG
506931,Guangzhou Huadu Bilibili Gaming,TYLOO,1589.2242250498023,1510.5972729303662,1601.663893957563,1498.1576040226055,Guangzhou Huadu Bilibili Gaming
235552,Attacking Soul Esports,Trace Esports,1482.6247140119315,1565.779967432064,1470.3826709813773,1578.0220104626183,Trace Esports
235553,Bilibili Gaming,Monarch Effect,1472.7112132199877,1516.0,1490.6944833992252,1498.0167298207625,Bilibili Gaming
353168,KOI,Natus Vincere,1428.202044768612,1536.6783521765442,1449.041329308371,1515.8390676367853,KOI
353169,Team Liquid,Karmine Corp,1565.9740700950417,1449.94197165895,1576.82077428964,1439.0952674643518,Team Liquid
314358,Paper Rex,Rex Regum Qeon,1604.8363490083434,1500.0303608950687,1616.1511131748675,1488.7155967285446,Paper Rex
359623,TYLOO,JDG Esports,1498.1576040226055,1417.7746449360386,1478.520496993867,1437.411751964777,JDG Esports
359624,Dragon Ranger Gaming,Wolves Esports,1532.338094616775,1442.6020297261787,1512.2951003937244,1462.6450239492292,Wolves Esports
314359,Gen.G,Global Esports,1561.8381057623244,1401.1309469702494,1570.9235107202394,1392.0455420123344,Gen.G
506932,All Gamers,Xi Lai Gaming,1448.6545663097024,1579.0069452307046,1438.3908547077094,1589.2706568326976,Xi Lai Gaming
506933,Wolves Esports,FunPlus Phoenix,1462.6450239492292,1470.1125886616578,1446.9888650670562,1485.7687475438308,FunPlus Phoenix
235554,FunPlus Phoenix,TYLOO,1485.7687475438308,1478.520496993867,1469.4350016877154,1494.8542428499825,TYLOO
235555,EDward Gaming,Weibo Gaming,1696.0752301013529,1518.3163336658965,1704.5357868916615,1509.855776875588,EDward Gaming
353170,BBL Esports,Team Vitality,1519.279068677113,1585.9943388792653,1506.314207462882,1598.9592000934963,Team Vitality
353171,Team Heretics,Gentle Mates,1564.2773366874624,1410.0848027078682,1573.6086842963464,1400.7534550989842,Team Heretics
314360,KIWOOM DRX,DetonatioN FocusMe,1650.5019175037269,1414.82247219747,1657.0548912091326,1408.2694984920643,KIWOOM DRX
359625,Trace Esports,Titan Esports Club,1578.0220104626183,1430.5909123975518,1587.6127141613833,1421.0002086987868,Trace Esports
314361,ZETA DIVISION,TALON,1450.1071052720524,1486.017349129823,1467.7549693160502,1468.3694850858253,ZETA DIVISION
359626,EDward Gaming,Bilibili Gaming,1704.5357868916615,1490.6944833992252,1711.7681640633007,1483.462106227586,EDward Gaming
506934,Dragon Ranger Gaming,Nova Esports,1512.2951003937244,1362.5668640150834,1521.7972279977228,1353.064736411085,Dragon Ranger Gaming
506935,JD Mall JDG Esports,Trace Esports,1449.0186226188812,1587.6127141613833,1439.0828207932927,1597.5485159869718,Trace Esports
235560,Attacking Soul Esports,Monarch Effect,1470.3826709813773,1498.0167298207625,1487.6525896424378,1480.746811159702,Attacking Soul Esports
235561,FunPlus Phoenix,Weibo Gaming,1469.4350016877154,1509.855776875588,1487.2880941280025,1492.0026844353008,FunPlus Phoenix
314362,Gen.G,Team Secret,1570.9235107202394,1402.709767298851,1547.7304309571896,1425.9028470619007,Team Secret
353192,G2 Esports,KRÜ Esports,1683.467011143967,1520.4901976930535,1692.4676559999234,1511.489552837097,G2 Esports
359627,JDG Esports,All Gamers,1437.411751964777,1438.3908547077094,1453.4568411930247,1422.3457654794618,JDG Esports
359628,TYLOO,FunPlus Phoenix,1494.8542428499825,1487.2880941280025,1510.505863895191,1471.636473082794,TYLOO
314363,Paper Rex,ZETA DIVISION,1616.1511131748675,1467.7549693160502,1625.7045478287262,1458.2015346621915,Paper Rex
353193,LOUD,LEVIATÁN,1539.8130150308561,1587.9241654604655,1526.0145615475794,1601.7226189437422,LEVIATÁN
235556,Trace Esports,Bilibili Gaming,1597.5485159869718,1483.462106227586,1576.4756717296323,1504.5349504849255,Bilibili Gaming
314364,T1,BLEED,1569.4662563531308,1413.0444219863514,1578.7130023676368,1403.7976759718454,T1
353194,MIBR,FURIA,1501.1612771558664,1426.9804192451327,1481.7961030389351,1446.345593362064,FURIA
353195,NRG,Cloud9,1573.8849309153413,1490.366686794555,1554.1111836437724,1510.140434066124,Cloud9
235557,TYLOO,EDward Gaming,1510.505863895191,1711.7681640633007,1502.860128419233,1719.4138995392586,EDward Gaming
353196,Evil Geniuses,100 Thieves,1463.2161513590265,1525.18584317848,1450.0400782144682,1538.3619163230383,100 Thieves
219595,Weibo Gaming,Totoro Gaming,1492.0026844353008,1500.0,1476.3709093969544,1515.6317750383464,Totoro Gaming
219596,Number One Player,Douyu Gaming,1500.0,1500.0,1484.0,1516.0,Douyu Gaming
219598,Four Angry Men,Night Wings Gaming,1485.825420664697,1500.0,1470.4778222422854,1515.3475984224117,Night Wings Gaming
219594,Gank Gaming,Royal Never Give Up,1500.0,1484.0,1483.263693206478,1500.736306793522,Royal Never Give Up
348468,FUT Esports,FNATIC,1527.118273178177,1683.8937637356796,1549.8849064432543,1661.1271304706024,FUT Esports
348467,Paper Rex,EDward Gaming,1625.7045478287262,1719.4138995392586,1645.918334478828,1699.2001128891568,Paper Rex
490311,Guangzhou Huadu Bilibili Gaming,Sentinels,1601.663893957563,1540.6055512311716,1582.8806476524733,1559.3887975362613,Sentinels
490310,Paper Rex,Gen.G,1645.918334478828,1547.7304309571896,1625.5132678678804,1568.1354975681372,Gen.G
220297,FUT Esports,Evil Geniuses,1549.8849064432543,1450.0400782144682,1529.4094124364578,1470.5155722212646,Evil Geniuses
220296,KIWOOM DRX,Attacking Soul Esports,1657.0548912091326,1487.6525896424378,1665.8182061202076,1478.8892747313628,KIWOOM DRX
220292,EDward Gaming,T1,1699.2001128891568,1578.7130023676368,1677.8637050687933,1600.0494101880004,T1
490312,Team Heretics,Wolves Esports,1573.6086842963464,1446.9888650670562,1552.02276600358,1468.5747833598225,Wolves Esports
490313,Team Liquid,MIBR,1576.82077428964,1481.7961030389351,1588.5506726375336,1470.0662046910415,Team Liquid
220290,NRG,Natus Vincere,1554.1111836437724,1515.8390676367853,1568.3557820471551,1501.5944692334026,NRG
220298,KIWOOM DRX,Evil Geniuses,1665.8182061202076,1470.5155722212646,1641.6653540082064,1494.6684243332659,Evil Geniuses
490315,Guangzhou Huadu Bilibili Gaming,Wolves Esports,1582.8806476524733,1468.5747833598225,1561.7987148672573,1489.6567161450384,Wolves Esports
490314,Paper Rex,Team Liquid,1625.5132678678804,1588.5506726375336,1639.8174704063304,1574.2464700990836,Paper Rex
220293,NRG,T1,1568.3557820471551,1600.0494101880004,1585.8112925141972,1582.5938997209582,NRG
220299,Attacking Soul Esports,FUT Esports,1478.8892747313628,1529.4094124364578,1465.199553363573,1543.0991338042477,FUT Esports
220294,Natus Vincere,EDward Gaming,1501.5944692334026,1677.8637050687933,1493.0804358365313,1686.3777384656646,EDward Gaming
220300,KIWOOM DRX,FUT Esports,1641.6653540082064,1543.0991338042477,1653.2441906865788,1531.5202971258752,KIWOOM DRX
220295,T1,EDward Gaming,1582.5938997209582,1686.3777384656646,1571.2360631500612,1697.7355750365616,EDward Gaming
498622,G2 Esports,Paper Rex,1692.4676559999234,1639.8174704063304,1674.0614163315236,1658.2237100747302,Paper Rex
498621,Xi Lai Gaming,Sentinels,1589.2706568326976,1559.3887975362613,1571.8979294633316,1576.7615249056273,Sentinels
314340,ZETA DIVISION,KIWOOM DRX,1458.2015346621915,1653.2441906865788,1450.3455195455135,1661.1002058032568,KIWOOM DRX
314341,Team Secret,BLEED,1425.9028470619007,1403.7976759718454,1440.8862376839472,1388.8142853497989,Team Secret
359603,Titan Esports Club,JDG Esports,1421.0002086987868,1453.4568411930247,1406.4905590193346,1467.966490872477,JDG Esports
498623,Rex Regum Qeon,Wolves Esports,1488.7155967285446,1489.6567161450384,1472.758936773327,1505.6133761002561,Wolves Esports
498624,FNATIC,Gen.G,1661.1271304706024,1568.1354975681372,1640.9441202151836,1588.318507823556,Gen.G
220444,LOUD,Evil Geniuses,1526.0145615475794,1494.6684243332659,1508.5749226398386,1512.1080632410067,Evil Geniuses
220443,Team Liquid,EDward Gaming,1574.2464700990836,1697.7355750365616,1595.705390278274,1676.2766548573709,Team Liquid
314342,T1,Gen.G,1571.2360631500612,1588.318507823556,1556.0221055040545,1603.5324654695628,Gen.G
359604,All Gamers,TYLOO,1422.3457654794618,1502.860128419233,1441.988610687028,1483.2172832116667,All Gamers
359605,Bilibili Gaming,Wolves Esports,1504.5349504849255,1505.6133761002561,1520.5846136603466,1489.563712924835,Bilibili Gaming
314343,Paper Rex,TALON,1658.2237100747302,1468.3694850858253,1666.2581002965994,1460.335094863956,Paper Rex
498629,Xi Lai Gaming,G2 Esports,1571.8979294633316,1674.0614163315236,1560.4716622244623,1685.4876835703928,G2 Esports
498630,Rex Regum Qeon,FNATIC,1472.758936773327,1640.9441202151836,1463.9509670854281,1649.7520899030824,FNATIC
220442,FNATIC,NRG,1649.7520899030824,1585.8112925141972,1662.8403068250418,1572.7230755922378,FNATIC
220441,Paper Rex,KIWOOM DRX,1666.2581002965994,1661.1002058032568,1682.0205879255393,1645.337718174317,Paper Rex
314344,Rex Regum Qeon,DetonatioN FocusMe,1463.9509670854281,1408.2694984920643,1477.408471174132,1394.8119944033604,Rex Regum Qeon
314345,Team Secret,Global Esports,1440.8862376839472,1392.0455420123344,1454.6517400189423,1378.2800396773393,Team Secret
498626,Wolves Esports,Gen.G,1489.563712924835,1603.5324654695628,1510.631683006389,1582.4644953880088,Wolves Esports
498625,Sentinels,Paper Rex,1576.7615249056273,1682.0205879255393,1565.4658292006986,1693.3162836304678,Paper Rex
220450,EDward Gaming,LOUD,1676.2766548573709,1508.5749226398386,1685.1024009696455,1499.749176527564,EDward Gaming
220449,KIWOOM DRX,NRG,1645.337718174317,1572.7230755922378,1626.04154529369,1592.0192484728648,NRG
498631,Gen.G,G2 Esports,1582.4644953880088,1685.4876835703928,1571.0745579329184,1696.8776210254832,G2 Esports
498632,Sentinels,FNATIC,1565.4658292006986,1662.8403068250418,1553.8362533119086,1674.4698827138318,FNATIC
220446,Team Liquid,Evil Geniuses,1595.705390278274,1512.1080632410067,1575.9282038859765,1531.8852496333043,Evil Geniuses
220445,Paper Rex,FNATIC,1693.3162836304678,1674.4698827138318,1676.449225051414,1691.3369412928855,FNATIC
353153,FUT Esports,KOI,1531.5202971258752,1449.041329308371,1543.791779616829,1436.7698468174171,FUT Esports
219597,Invincible Gaming,Nova Esports,1500.0,1353.064736411085,1477.6098846078073,1375.4548518032777,Nova Esports
219599,TYLOO,Monarch Effect,1483.2172832116667,1480.746811159702,1499.1035156866506,1464.8605786847181,TYLOO
219601,Shenzhen NTER,Kingzone,1483.7392084267403,1500.0,1500.4874992656978,1483.2517091610425,Shenzhen NTER
219600,Dragon Ranger Gaming,Rare Atom,1521.7972279977228,1500.0,1536.794743463825,1485.0024845338978,Dragon Ranger Gaming
348470,100 Thieves,Gen.G,1538.3619163230383,1571.0745579329184,1523.8639532037166,1585.57252105224,Gen.G
348469,G2 Esports,Team Heretics,1696.8776210254832,1552.02276600358,1706.568222351478,1542.3321646775853,G2 Esports
220451,Team Liquid,NRG,1575.9282038859765,1592.0192484728648,1560.6686945078463,1607.278757850995,NRG
220452,Paper Rex,EDward Gaming,1676.449225051414,1685.1024009696455,1692.8476361540818,1668.7039898669777,Paper Rex
353154,BBL Esports,FNATIC,1506.314207462882,1691.3369412928855,1498.1113104990886,1699.5398382566789,FNATIC
353155,Team Heretics,Natus Vincere,1542.3321646775853,1493.0804358365313,1556.0791104937703,1479.3334900203463,Team Heretics
220447,FNATIC,Evil Geniuses,1699.5398382566789,1531.8852496333043,1708.3673190195937,1523.0577688703895,FNATIC
220453,NRG,Paper Rex,1607.278757850995,1692.8476361540818,1595.1415619188206,1704.9848320862561,Paper Rex
353157,GIANTX,Gentle Mates,1467.043435251359,1400.7534550989842,1480.0271814008493,1387.7697089494939,GIANTX
353156,Team Vitality,Team Liquid,1598.9592000934963,1560.6686945078463,1613.2029618240122,1546.4249327773305,Team Vitality
359606,Dragon Ranger Gaming,Nova Esports,1536.794743463825,1375.4548518032777,1513.8564706711734,1398.3931245959293,Nova Esports
359607,FunPlus Phoenix,Trace Esports,1471.636473082794,1576.4756717296323,1460.323107135909,1587.7890376765174,Trace Esports
498627,Paper Rex,Wolves Esports,1704.9848320862561,1510.631683006389,1712.864397368983,1502.7521177236622,Paper Rex
498633,G2 Esports,FNATIC,1706.568222351478,1708.3673190195937,1690.6510730743387,1724.284468296733,FNATIC
353159,BBL Esports,Karmine Corp,1498.1113104990886,1439.0952674643518,1479.4193619158755,1457.787216047565,Karmine Corp
353158,Natus Vincere,FUT Esports,1479.3334900203463,1543.791779616829,1466.2683089604786,1556.8569606766966,FUT Esports
314346,TALON,Rex Regum Qeon,1460.335094863956,1477.408471174132,1477.1207206117724,1460.6228454263157,TALON
359608,Titan Esports Club,All Gamers,1406.4905590193346,1441.988610687028,1392.1196399736625,1456.3595297327001,All Gamers
359609,EDward Gaming,Wolves Esports,1668.7039898669777,1502.7521177236622,1645.5942634194744,1525.8618441711656,Wolves Esports
314347,Paper Rex,KIWOOM DRX,1712.864397368983,1626.04154529369,1724.9472591423205,1613.9586835203525,Paper Rex
498634,Wolves Esports,FNATIC,1525.8618441711656,1724.284468296733,1518.12058382662,1732.0257286412784,FNATIC
314348,Global Esports,BLEED,1378.2800396773393,1388.8142853497989,1394.7650110157376,1372.3293140114006,Global Esports
353177,MIBR,LEVIATÁN,1470.0662046910415,1601.7226189437422,1459.8547566337163,1611.9340670010674,LEVIATÁN
359610,TYLOO,Trace Esports,1499.1035156866506,1587.7890376765174,1487.1011851847497,1599.7913681784182,Trace Esports
314349,DetonatioN FocusMe,ZETA DIVISION,1394.8119944033604,1450.3455195455135,1413.3478488550104,1431.8096650938635,DetonatioN FocusMe
353178,Sentinels,NRG,1553.8362533119086,1595.1415619188206,1571.7295216840541,1577.248293546675,Sentinels
359611,Nova Esports,Bilibili Gaming,1398.3931245959293,1520.5846136603466,1387.7991763260181,1531.1785619302577,Bilibili Gaming
507067,Team tarik,Team Toast,1500.0,1500.0,1484.0,1516.0,Team Toast
498628,Paper Rex,FNATIC,1724.9472591423205,1732.0257286412784,1741.2731896149924,1715.6997981686065,Paper Rex
220454,Evil Geniuses,Paper Rex,1523.0577688703895,1741.2731896149924,1547.965367476953,1716.365591008429,Evil Geniuses
314350,KIWOOM DRX,Rex Regum Qeon,1613.9586835203525,1460.6228454263157,1591.32266346404,1483.2588654826282,Rex Regum Qeon
353179,FURIA,100 Thieves,1446.345593362064,1523.8639532037166,1465.857365471387,1504.3521810943935,FURIA
314351,Team Secret,T1,1454.6517400189423,1556.0221055040545,1475.191910953607,1535.4819345693898,Team Secret
353180,LOUD,Evil Geniuses,1499.749176527564,1547.965367476953,1485.9554685577039,1561.759075446813,Evil Geniuses
220448,FNATIC,Evil Geniuses,1715.6997981686065,1561.759075446813,1725.0407305556769,1552.4181430597428,FNATIC
353181,G2 Esports,Cloud9,1690.6510730743387,1510.140434066124,1699.0134139660738,1501.778093174389,G2 Esports
353202,KOI,GIANTX,1436.7698468174171,1480.0271814008493,1454.7516908081097,1462.0453374101567,KOI
359612,JDG Esports,FunPlus Phoenix,1467.966490872477,1460.323107135909,1451.6145568173438,1476.675041191042,FunPlus Phoenix
353161,Team Heretics,FUT Esports,1556.0791104937703,1556.8569606766966,1572.1149317586362,1540.8211394118307,Team Heretics
353160,FNATIC,Team Vitality,1725.0407305556769,1613.2029618240122,1736.0612207867694,1602.1824715929197,FNATIC
359613,EDward Gaming,Dragon Ranger Gaming,1645.5942634194744,1513.8564706711734,1623.8024546529584,1535.6482794376893,Dragon Ranger Gaming
353162,BBL Esports,Team Liquid,1479.4193619158755,1546.4249327773305,1498.4673864228037,1527.3769082704023,BBL Esports
353163,Natus Vincere,GIANTX,1466.2683089604786,1462.0453374101567,1450.0738435101325,1478.2398028605028,GIANTX
359614,Nova Esports,Wolves Esports,1387.7991763260181,1518.12058382662,1409.5342217256834,1496.3855384269548,Nova Esports
359615,JDG Esports,Trace Esports,1451.6145568173438,1599.7913681784182,1474.0526590813013,1577.3532659144607,JDG Esports
353164,KOI,Gentle Mates,1454.7516908081097,1387.7697089494939,1435.704713205216,1406.8166865523876,Gentle Mates
353165,FNATIC,Karmine Corp,1736.0612207867694,1457.787216047565,1741.4282565997996,1452.4201802345347,FNATIC
314352,TALON,DetonatioN FocusMe,1477.1207206117724,1413.3478488550104,1490.2164153336566,1400.2521541331262,TALON
359616,Titan Esports Club,TYLOO,1392.1196399736625,1487.1011851847497,1380.3878969932664,1498.8329281651459,TYLOO
314353,ZETA DIVISION,Rex Regum Qeon,1431.8096650938635,1483.2588654826282,1418.1618203448493,1496.9067102316424,Rex Regum Qeon
359617,All Gamers,FunPlus Phoenix,1456.3595297327001,1476.675041191042,1441.2940288155528,1491.7405421081894,FunPlus Phoenix
221177,Dragon Ranger Gaming,Royal Never Give Up,1535.6482794376893,1500.736306793522,1550.045913183122,1486.3386730480895,Dragon Ranger Gaming
221176,Totoro Gaming,Shenzhen NTER,1515.6317750383464,1500.4874992656978,1530.9347967240142,1485.18447758003,Totoro Gaming
221178,Nova Esports,TYLOO,1409.5342217256834,1498.8329281651459,1397.5583548834472,1510.808795007382,TYLOO
221179,Night Wings Gaming,Douyu Gaming,1515.3475984224117,1516.0,1499.377642590044,1531.9699558323678,Douyu Gaming
348471,100 Thieves,Paper Rex,1504.3521810943935,1716.365591008429,1529.0607332575823,1691.65703884524,100 Thieves
348472,Team Heretics,FUT Esports,1572.1149317586362,1540.8211394118307,1586.6776839376957,1526.2583872327712,Team Heretics
314354,Global Esports,T1,1394.7650110157376,1535.4819345693898,1384.912731493679,1545.3342140914483,T1
353182,Evil Geniuses,FURIA,1552.4181430597428,1465.857365471387,1564.5123525197257,1453.7631560114041,Evil Geniuses
359618,Bilibili Gaming,Dragon Ranger Gaming,1531.1785619302577,1550.045913183122,1548.046582471498,1533.1778926418817,Bilibili Gaming
353183,Sentinels,KRÜ Esports,1571.7295216840541,1511.489552837097,1584.9828373928701,1498.2362371282811,Sentinels
314355,BLEED,Gen.G,1372.3293140114006,1585.57252105224,1365.0776459713136,1592.824189092327,Gen.G
359619,EDward Gaming,Nova Esports,1623.8024546529584,1397.5583548834472,1630.6430030662175,1390.7178064701882,EDward Gaming
221181,Number One Player,Kingzone,1484.0,1483.2517091610425,1499.9655399866626,1467.28616917438,Number One Player
221180,Gank Gaming,Invincible Gaming,1483.263693206478,1477.6098846078073,1499.003348678684,1461.8702291356012,Gank Gaming
221183,Weibo Gaming,Four Angry Men,1476.3709093969544,1470.4778222422854,1492.0995487270989,1454.749182912141,Weibo Gaming
221182,Rare Atom,Monarch Effect,1485.0024845338978,1464.8605786847181,1468.0759532440272,1481.7871099745887,Monarch Effect
221838,Royal Never Give Up,Nova Esports,1486.3386730480895,1390.7178064701882,1498.0430828424733,1379.0133966758044,Royal Never Give Up
221837,Weibo Gaming,Shenzhen NTER,1492.0995487270989,1485.18447758003,1507.781139975612,1469.502886331517,Weibo Gaming
221839,Night Wings Gaming,Gank Gaming,1499.377642590044,1499.003348678684,1515.3604057250982,1483.0205855436297,Night Wings Gaming
221840,Number One Player,Monarch Effect,1499.9655399866626,1481.7871099745887,1483.1291554267323,1498.623494534519,Monarch Effect
221841,Totoro Gaming,Douyu Gaming,1530.9347967240142,1531.9699558323678,1546.9824674215922,1515.9222851347897,Totoro Gaming
221842,Kingzone,Four Angry Men,1467.28616917438,1454.749182912141,1450.7090700754884,1471.3262820110324,Four Angry Men
221844,Invincible Gaming,Rare Atom,1461.8702291356012,1468.0759532440272,1478.1559829043688,1451.7901994752597,Invincible Gaming
221843,Dragon Ranger Gaming,TYLOO,1533.1778926418817,1510.808795007382,1516.1491786518106,1527.8375089974531,TYLOO
222364,Weibo Gaming,Night Wings Gaming,1507.781139975612,1515.3604057250982,1524.1301227049655,1499.0114229957446,Weibo Gaming
222367,Four Angry Men,Invincible Gaming,1471.3262820110324,1478.1559829043688,1487.6407608548864,1461.8415040605148,Four Angry Men
222365,Douyu Gaming,Royal Never Give Up,1515.9222851347897,1498.0430828424733,1499.0996434811855,1514.8657244960775,Royal Never Give Up
222368,Nova Esports,Gank Gaming,1379.0133966758044,1483.0205855436297,1367.6649781700114,1494.3690040494228,Gank Gaming
222366,Dragon Ranger Gaming,Monarch Effect,1516.1491786518106,1498.623494534519,1499.3427749190018,1515.4298982673279,Monarch Effect
222369,Shenzhen NTER,Number One Player,1469.502886331517,1483.1291554267323,1486.1300776699575,1466.5019640882917,Shenzhen NTER
348473,G2 Esports,Gen.G,1699.0134139660738,1592.824189092327,1678.2700080185275,1613.5675950398734,Gen.G
348474,100 Thieves,Team Heretics,1529.0607332575823,1586.6776839376957,1515.690032985236,1600.048384210042,Team Heretics
222530,Night Wings Gaming,Shenzhen NTER,1499.0114229957446,1486.1300776699575,1482.418486778171,1502.7230138875311,Shenzhen NTER
222531,Gank Gaming,Four Angry Men,1494.3690040494228,1487.6407608548864,1478.0591957269546,1503.9505691773545,Four Angry Men
222532,Dragon Ranger Gaming,Douyu Gaming,1499.3427749190018,1499.0996434811855,1515.3315783043424,1483.1108400958449,Dragon Ranger Gaming
348475,G2 Esports,Team Heretics,1678.2700080185275,1600.048384210042,1658.7274233252617,1619.5909689033078,Team Heretics
490309,Team Heretics,Paper Rex,1619.5909689033078,1691.65703884524,1606.862943389811,1704.3850643587368,Paper Rex
490307,Guangzhou Huadu Bilibili Gaming,Team Liquid,1561.7987148672573,1527.3769082704023,1576.218698338354,1512.9569247993056,Guangzhou Huadu Bilibili Gaming
359463,Team International,Team China,1500.0,1500.0,1484.0,1516.0,Team China
348476,Gen.G,Team Heretics,1613.5675950398734,1606.862943389811,1629.2588727422722,1591.1716656874123,Gen.G
490308,Sentinels,Wolves Esports,1584.9828373928701,1496.3855384269548,1596.9889773263,1484.3793984935248,Sentinels
490306,Gen.G,MIBR,1629.2588727422722,1459.8547566337163,1638.0221211850924,1451.091508190896,Gen.G
303093,Team Heretics,Natus Vincere,1591.1716656874123,1450.0738435101325,1601.0090001446333,1440.2365090529115,Team Heretics
303094,FNATIC,Karmine Corp,1741.4282565997996,1452.4201802345347,1714.5249200202636,1479.3235168140707,Karmine Corp
298833,FunPlus Phoenix,Dragon Ranger Gaming,1491.7405421081894,1515.3315783043424,1508.8252829299151,1498.2468374826167,FunPlus Phoenix
298834,EDward Gaming,Trace Esports,1630.6430030662175,1577.3532659144607,1644.2079850895484,1563.7882838911298,EDward Gaming
449013,EDward Gaming,T1,1644.2079850895484,1545.3342140914483,1623.7737431561222,1565.7684560248745,T1
450047,Xi Lai Gaming,Bilibili Gaming,1560.4716622244623,1548.046582471498,1543.8997099659573,1564.618534730003,Bilibili Gaming
312765,Karmine Corp,FunPlus Phoenix,1479.3235168140707,1508.8252829299151,1496.6788674656148,1491.469932278371,Karmine Corp
450048,Trace Esports,All Gamers,1563.7882838911298,1441.2940288155528,1574.3698846536959,1430.7124280529868,Trace Esports
312767,EDward Gaming,Paper Rex,1623.7737431561222,1704.3850643587368,1643.420821729729,1684.7379857851301,EDward Gaming
312766,Gen.G,LOUD,1638.0221211850924,1485.9554685577039,1647.4345683268912,1476.543021415905,Gen.G
450049,Dragon Ranger Gaming,Nova Esports,1498.2468374826167,1367.6649781700114,1508.5013416586037,1357.4104739940244,Dragon Ranger Gaming
450050,TYLOO,EDward Gaming,1527.8375089974531,1643.420821729729,1516.9722737092566,1654.2860570179255,EDward Gaming
312798,Sentinels,Karmine Corp,1596.9889773263,1496.6788674656148,1608.4937402161042,1485.1741045758106,Sentinels
312768,Sentinels,Team Heretics,1608.4937402161042,1601.0090001446333,1624.1491085098849,1585.3536318508527,Sentinels
450051,JD Mall JDG Esports,Wolves Esports,1439.0828207932927,1484.3793984935248,1425.1570663284901,1498.3051529583274,Wolves Esports
450052,FunPlus Phoenix,Titan Esports Club,1491.469932278371,1380.3878969932664,1502.5218756506747,1369.3359536209628,FunPlus Phoenix
312800,FunPlus Phoenix,LOUD,1502.5218756506747,1476.543021415905,1485.3277298711214,1493.7371671954584,LOUD
312797,EDward Gaming,Gen.G,1654.2860570179255,1647.4345683268912,1637.9705751977615,1663.7500501470552,Gen.G
312803,LOUD,EDward Gaming,1493.7371671954584,1637.9705751977615,1516.0223804073787,1615.6853619858412,LOUD
312799,Team Heretics,Paper Rex,1585.3536318508527,1684.7379857851301,1573.8095721734721,1696.2820454625107,Paper Rex
312802,Karmine Corp,Paper Rex,1485.1741045758106,1696.2820454625107,1477.853269696354,1703.6028803419674,Paper Rex
303095,Team Heretics,Karmine Corp,1573.8095721734721,1477.853269696354,1553.4996517176548,1498.1631901521712,Karmine Corp
298835,FunPlus Phoenix,EDward Gaming,1485.3277298711214,1615.6853619858412,1475.0642290914584,1625.9488627655041,EDward Gaming
450589,Team International,Team Thailand,1484.0,1500.0,1468.736306793522,1515.263693206478,Team Thailand
449011,G2 Esports,T1,1658.7274233252617,1565.7684560248745,1638.5458145916505,1585.9500647584857,T1
450053,Nova Esports,EDward Gaming,1357.4104739940244,1625.9488627655041,1383.7884200984101,1599.5709166611184,Nova Esports
312777,Gen.G,Paper Rex,1663.7500501470552,1703.6028803419674,1681.5773337281928,1685.7755967608298,Gen.G
450054,TYLOO,FunPlus Phoenix,1516.9722737092566,1475.0642290914584,1499.0516426111863,1492.9848601895287,FunPlus Phoenix
312778,Gen.G,Sentinels,1681.5773337281928,1624.1491085098849,1694.9564911815357,1610.769951056542,Gen.G
312776,Sentinels,LOUD,1610.769951056542,1516.0223804073787,1622.5117039721497,1504.280627491771,Sentinels
458805,DetonatioN FocusMe,Global Esports,1400.2521541331262,1384.912731493679,1383.546206247068,1401.6186793797372,Global Esports
459517,Cloud9,NRG,1501.778093174389,1577.248293546675,1521.1999726156262,1557.8264141054378,Cloud9
450055,Xi Lai Gaming,All Gamers,1543.8997099659573,1430.7124280529868,1554.8641403069619,1419.7479977119822,Xi Lai Gaming
458806,T1,ZETA DIVISION,1585.9500647584857,1418.1618203448493,1594.77262819973,1409.339256903605,T1
450056,Wolves Esports,Trace Esports,1498.3051529583274,1574.3698846536959,1517.7531496908807,1554.9218879211426,Wolves Esports
459518,VISA KRÜ,LOUD,1467.6426774044728,1504.280627491771,1485.3236908881208,1486.599614008123,VISA KRÜ
312781,Sentinels,Paper Rex,1622.5117039721497,1685.7755967608298,1641.3933361968207,1666.8939645361588,Sentinels
312780,Paper Rex,LOUD,1666.8939645361588,1486.599614008123,1675.2639985116637,1478.229580032618,Paper Rex
458807,KIWOOM DRX,Paper Rex,1591.32266346404,1675.2639985116637,1611.1148056107775,1655.4718563649262,KIWOOM DRX
459519,G2 Esports,FURIA,1638.5458145916505,1453.7631560114041,1646.7571447215157,1445.551825881539,G2 Esports
450057,Titan Esports Club,Dragon Ranger Gaming,1369.3359536209628,1508.5013416586037,1391.4226675953366,1486.4146276842298,Titan Esports Club
458808,TALON,Team Secret,1490.2164153336566,1475.191910953607,1505.5249423118412,1459.8833839754225,TALON
459520,MIBR,LEVIATÁN,1451.091508190896,1611.9340670010674,1474.0111732306348,1589.0144019613288,MIBR
450058,Bilibili Gaming,JD Mall JDG Esports,1564.618534730003,1425.1570663284901,1574.5201627786573,1415.2554382798357,Bilibili Gaming
321373,Team International,Team Spain,1468.736306793522,1500.0,1454.1721796717984,1514.5641271217237,Team Spain
458809,Gen.G,BOOM Esports,1694.9564911815357,1426.1986520330597,1668.5726931341824,1452.582450080413,BOOM Esports
459521,2Game Esports,Evil Geniuses,1391.626647639255,1564.5123525197257,1382.9903528832165,1573.1486472757642,Evil Geniuses
458810,Nongshim RedForce,Rex Regum Qeon,1549.4494871998738,1496.9067102316424,1563.0480822337709,1483.3081151977453,Nongshim RedForce
459522,Sentinels,100 Thieves,1641.3933361968207,1515.690032985236,1651.8445147025907,1505.238854479466,Sentinels
184456,ZETA DIVISION,KIWOOM DRX,1409.339256903605,1611.1148056107775,1401.710700217068,1618.7433622973144,KIWOOM DRX
184457,T1,Global Esports,1594.77262819973,1401.6186793797372,1602.6932653588815,1393.6980422205856,T1
312779,Gen.G,Sentinels,1668.5726931341824,1651.8445147025907,1651.8029267776033,1668.6142810591698,Sentinels
184458,Paper Rex,DetonatioN FocusMe,1655.4718563649262,1383.546206247068,1661.004117966619,1378.0139446453752,Paper Rex
184459,Team Secret,TALON,1459.8833839754225,1505.5249423118412,1477.9732474346424,1487.4350788526212,Team Secret
184460,Rex Regum Qeon,Gen.G,1483.3081151977453,1651.8029267776033,1474.5115188143877,1660.5995231609609,Gen.G
459826,Team Vitality,GIANTX,1602.1824715929197,1478.2398028605028,1612.7051036627693,1467.7171707906532,Team Vitality
459827,BBL Esports,Karmine Corp,1498.4673864228037,1498.1631901521712,1514.4533776704213,1482.1771989045535,BBL Esports
450059,JD Mall JDG Esports,Trace Esports,1415.2554382798357,1554.9218879211426,1405.3618768033248,1564.8154493976535,Trace Esports
173215,KOI,Natus Vincere,1435.704713205216,1440.2365090529115,1451.913398281783,1424.0278239763445,KOI
173214,FNATIC,Giants Gaming,1714.5249200202636,1556.4184867555025,1723.7080387492497,1547.2353680265164,FNATIC
459828,Team Heretics,Apeks,1553.4996517176548,1358.7698932837395,1561.366347989095,1350.9031970122994,Team Heretics
459829,FUT Esports,Movistar KOI,1526.2583872327712,1400.7435703972671,1536.7172033251304,1390.284754304908,FUT Esports
450060,Wolves Esports,Xi Lai Gaming,1517.7531496908807,1554.8641403069619,1503.4557039392953,1569.1615860585473,Xi Lai Gaming
173216,Team Heretics,FUT Esports,1561.366347989095,1536.7172033251304,1544.2331136031619,1553.8504377110635,FUT Esports
173217,Team Liquid,Team Vitality,1512.9569247993056,1612.7051036627693,1501.4283158656335,1624.2337125964414,Team Vitality
459830,FNATIC,Natus Vincere,1723.7080387492497,1424.0278239763445,1728.5469403610418,1419.1889223645524,FNATIC
459831,Team Liquid,Gentle Mates,1501.4283158656335,1406.8166865523876,1481.1758862928432,1427.069116125178,Gentle Mates
458811,Team Secret,ZETA DIVISION,1477.9732474346424,1401.710700217068,1458.516565085141,1421.1673825665694,ZETA DIVISION
459523,NRG,FURIA,1557.8264141054378,1445.551825881539,1568.8287435836207,1434.549496403356,NRG
450061,TYLOO,Titan Esports Club,1499.0516426111863,1391.4226675953366,1478.2478356504,1412.2264745561229,Titan Esports Club
458812,T1,Nongshim RedForce,1602.6932653588815,1563.0480822337709,1616.8754201996903,1548.865927392962,T1
459524,Sentinels,VISA KRÜ,1668.6142810591698,1485.3236908881208,1644.8781504924043,1509.0598214548863,VISA KRÜ
450062,Dragon Ranger Gaming,EDward Gaming,1486.4146276842298,1599.5709166611184,1475.4489114024075,1610.5366329429407,EDward Gaming
167391,LOUD,KIWOOM DRX,1478.229580032618,1618.7433622973144,1500.3693248399472,1596.6036174899853,LOUD
303087,Evil Geniuses,LOUD,1573.1486472757642,1500.3693248399472,1553.845213176555,1519.6727589391564,LOUD
303088,NRG,Sentinels,1568.8287435836207,1644.8781504924043,1556.2760673516066,1657.4308267244185,Sentinels
173218,Natus Vincere,Giants Gaming,1419.1889223645524,1547.2353680265164,1440.8324486740407,1525.591841717028,Natus Vincere
173219,Karmine Corp,BBL Esports,1482.1771989045535,1514.4533776704213,1499.6593107281362,1496.9712658468386,Karmine Corp
458813,Gen.G,Paper Rex,1660.5995231609609,1661.004117966619,1676.6181554319028,1644.9854856956772,Gen.G
459525,100 Thieves,Evil Geniuses,1505.238854479466,1553.845213176555,1523.4627700106346,1535.6212976453864,100 Thieves
450063,Nova Esports,FunPlus Phoenix,1383.7884200984101,1492.9848601895287,1404.6578152988848,1472.115464989054,Nova Esports
458814,KIWOOM DRX,DetonatioN FocusMe,1596.6036174899853,1378.0139446453752,1603.6841329143565,1370.933429221004,KIWOOM DRX
459526,G2 Esports,MIBR,1646.7571447215157,1474.0111732306348,1655.3985123677178,1465.3698055844327,G2 Esports
450064,All Gamers,Bilibili Gaming,1419.7479977119822,1574.5201627786573,1410.4386907928206,1583.829469697819,Bilibili Gaming
173220,Team Liquid,FUT Esports,1481.1758862928432,1553.8504377110635,1500.4747008943373,1534.5516231095694,Team Liquid
173221,KOI,Team Vitality,1451.913398281783,1624.2337125964414,1443.2565659842965,1632.8905448939279,Team Vitality
458815,TALON,Rex Regum Qeon,1487.4350788526212,1474.5115188143877,1470.8402012542888,1491.1063964127202,Rex Regum Qeon
459527,LOUD,2Game Esports,1519.6727589391564,1382.9903528832165,1497.6841074609745,1404.9790043613984,2Game Esports
458816,BOOM Esports,Global Esports,1452.582450080413,1393.6980422205856,1465.8963922986607,1380.384100002338,BOOM Esports
459528,LEVIATÁN,Cloud9,1589.0144019613288,1521.1999726156262,1569.9304959315327,1540.2838786454222,Cloud9
167392,Natus Vincere,FNATIC,1440.8324486740407,1728.5469403610418,1435.7037967462722,1733.6755922888103,FNATIC
303086,LOUD,Sentinels,1497.6841074609745,1657.4308267244185,1488.562690253107,1666.552243932286,Sentinels
180279,Team tarik,Team FRTTT,1484.0,1500.0,1468.736306793522,1515.263693206478,Team FRTTT
167393,LOUD,FNATIC,1488.562690253107,1733.6755922888103,1482.2881618466567,1739.9501206952605,FNATIC
183803,Cloud9,Sentinels,1540.2838786454222,1666.552243932286,1561.855579580121,1644.9805429975872,Cloud9
183804,LEVIATÁN,Evil Geniuses,1569.9304959315327,1535.6212976453864,1552.3556148004138,1553.1961787765053,Evil Geniuses
184486,TALON,Paper Rex,1470.8402012542888,1644.9854856956772,1462.2495495401238,1653.5761374098422,Paper Rex
318936,BBL Esports,GIANTX,1496.9712658468386,1467.7171707906532,1479.627239707488,1485.061196930004,GIANTX
341820,FNATIC,Team Heretics,1739.9501206952605,1544.2331136031619,1715.7831492700088,1568.4000850284135,Team Heretics
341819,FUT Esports,Team Heretics,1534.5516231095694,1568.4000850284135,1520.105489383319,1582.8462187546638,Team Heretics
337409,KRÜ Esports,G2 Esports,1498.2362371282811,1655.3985123677178,1489.017489784307,1664.617259711692,G2 Esports
342360,FunPlus Phoenix,EDward Gaming,1472.115464989054,1610.5366329429407,1494.172842400989,1588.4792555310057,FunPlus Phoenix
337410,LEVIATÁN,100 Thieves,1552.3556148004138,1523.4627700106346,1535.0281088980607,1540.7902759129877,100 Thieves
342361,Trace Esports,Dragon Ranger Gaming,1564.8154493976535,1475.4489114024075,1544.7883902228557,1495.4759705772053,Dragon Ranger Gaming
482507,Team Heretics,BBL Esports,1582.8462187546638,1479.627239707488,1594.2278895847721,1468.2455688773796,Team Heretics
482506,FUT Esports,Team Vitality,1520.105489383319,1632.8905448939279,1541.124364492359,1611.871669784888,FUT Esports
473843,Rex Regum Qeon,Paper Rex,1491.1063964127202,1653.5761374098422,1514.086856766193,1630.5956770563694,Rex Regum Qeon
184038,KOI,FNATIC,1443.2565659842965,1715.7831492700088,1437.7401154009553,1721.29959985335,FNATIC
184052,Giants Gaming,Team Vitality,1525.591841717028,1611.871669784888,1545.485462649508,1591.978048852408,Giants Gaming
341823,FNATIC,FUT Esports,1721.29959985335,1541.124364492359,1729.6738725426521,1532.7500918030569,FNATIC
341822,Karmine Corp,FUT Esports,1499.6593107281362,1532.7500918030569,1485.1786063361378,1547.2307961950553,FUT Esports
329913,T1,Gen.G,1616.8754201996903,1676.6181554319028,1603.5998754039465,1689.8937002276466,Gen.G
337411,G2 Esports,100 Thieves,1664.617259711692,1540.7902759129877,1643.1445954581397,1562.26294016654,100 Thieves
342362,EDward Gaming,Dragon Ranger Gaming,1588.4792555310057,1495.4759705772053,1600.2957453595143,1483.6594807486968,EDward Gaming
337413,KRÜ Esports,LEVIATÁN,1489.017489784307,1535.0281088980607,1475.1240568356702,1548.9215418466974,LEVIATÁN
482510,BBL Esports,FUT Esports,1468.2455688773796,1547.2307961950553,1487.8215785844118,1527.654786488023,BBL Esports
482508,Team Liquid,FNATIC,1500.4747008943373,1729.6738725426521,1493.725195357927,1736.4233780790623,FNATIC
473844,Gen.G,Rex Regum Qeon,1689.8937002276466,1514.086856766193,1666.4243765789456,1537.556180414894,Rex Regum Qeon
184053,FUT Esports,Natus Vincere,1527.654786488023,1435.7037967462722,1507.516458918012,1455.8421243162834,Natus Vincere
184054,Karmine Corp,FNATIC,1485.1786063361378,1736.4233780790623,1479.0802204739011,1742.521763941299,FNATIC
184493,Paper Rex,Gen.G,1630.5956770563694,1666.4243765789456,1648.2398255881412,1648.7802280471738,Paper Rex
184494,ZETA DIVISION,T1,1421.1673825665694,1603.5998754039465,1412.8731984045023,1611.8940595660135,T1
341821,Team Heretics,FNATIC,1594.2278895847721,1742.521763941299,1584.670509333292,1752.079144192779,FNATIC
329914,Paper Rex,Gen.G,1648.2398255881412,1648.7802280471738,1664.264712021,1632.755341614315,Paper Rex
337414,G2 Esports,LEVIATÁN,1643.1445954581397,1548.9215418466974,1654.9088013707733,1537.157335934064,G2 Esports
342363,FunPlus Phoenix,EDward Gaming,1494.172842400989,1600.2957453595143,1482.913462391452,1611.5551253690514,EDward Gaming
482509,Team Liquid,Natus Vincere,1493.725195357927,1455.8421243162834,1507.9874964569894,1441.579823217221,Team Liquid
184055,BBL Esports,Team Liquid,1487.8215785844118,1507.9874964569894,1472.749211956285,1523.0598630851161,Team Liquid
184495,Team Secret,KIWOOM DRX,1458.516565085141,1603.6841329143565,1480.8381210203004,1581.3625769791972,Team Secret
184056,KOI,Team Heretics,1437.7401154009553,1584.670509333292,1460.1300423063271,1562.2805824279203,KOI
184496,Global Esports,DetonatioN FocusMe,1380.384100002338,1370.933429221004,1395.9489878379113,1355.3685413854307,Global Esports
337412,100 Thieves,G2 Esports,1562.26294016654,1654.9088013707733,1582.431111551956,1634.7406299853571,100 Thieves
183812,FURIA,100 Thieves,1434.549496403356,1582.431111551956,1424.9762015474612,1592.0044064078509,100 Thieves
184497,TALON,Rex Regum Qeon,1462.2495495401238,1537.556180414894,1449.6642401425909,1550.141489812427,Rex Regum Qeon
183813,Evil Geniuses,MIBR,1553.1961787765053,1465.3698055844327,1565.2356274520016,1453.3303569089364,Evil Geniuses
184498,ZETA DIVISION,Gen.G,1412.8731984045023,1632.755341614315,1437.8336211606527,1607.7949188581647,ZETA DIVISION
183814,KRÜ Esports,Sentinels,1475.1240568356702,1644.9805429975872,1466.3773693021321,1653.7272305311253,Sentinels
184499,T1,KIWOOM DRX,1611.8940595660135,1581.3625769791972,1594.491640945572,1598.7649955996387,KIWOOM DRX
183815,NRG,LOUD,1556.2760673516066,1482.2881618466567,1568.919386941585,1469.6448422566784,NRG
184500,Team Secret,Global Esports,1480.8381210203004,1395.9489878379113,1493.0048097091665,1383.7822991490452,Team Secret
183816,LEVIATÁN,Cloud9,1537.157335934064,1561.855579580121,1522.2928200464164,1576.7200954677685,Cloud9
184501,TALON,DetonatioN FocusMe,1449.6642401425909,1355.3685413854307,1461.425335262018,1343.6074462660035,TALON
184502,Rex Regum Qeon,Paper Rex,1550.141489812427,1664.264712021,1539.2158588811706,1675.1903429522563,Paper Rex
482515,Team Heretics,FNATIC,1562.2805824279203,1752.079144192779,1554.2442640147524,1760.115462605947,FNATIC
482511,Team Liquid,BBL Esports,1523.0598630851161,1472.749211956285,1536.759031351191,1459.0500436902103,Team Liquid
184058,Team Heretics,Team Vitality,1554.2442640147524,1591.978048852408,1539.9751688066312,1606.247144060529,Team Vitality
184057,FNATIC,Natus Vincere,1760.115462605947,1441.579823217221,1764.5252350907401,1437.1700507324279,FNATIC
482512,Team Heretics,Team Liquid,1539.9751688066312,1536.759031351191,1555.8270644336305,1520.9071357241917,Team Heretics
184059,Karmine Corp,Giants Gaming,1479.0802204739011,1545.485462649508,1466.101593379034,1558.464089744375,Giants Gaming
184032,Sentinels,FURIA,1653.7272305311253,1424.9762015474612,1660.4904855897285,1418.212946488858,Sentinels
184513,ZETA DIVISION,Team Secret,1437.8336211606527,1493.0048097091665,1424.3532058594108,1506.4852250104084,Team Secret
184033,NRG,Evil Geniuses,1568.919386941585,1565.2356274520016,1584.7497499045235,1549.405264489063,NRG
184514,T1,Gen.G,1594.491640945572,1607.7949188581647,1611.1039803092203,1591.1825794945164,T1
482513,FNATIC,Team Heretics,1764.5252350907401,1555.8270644336305,1771.9246844397699,1548.4276150846008,FNATIC
183805,LOUD,KRÜ Esports,1469.6448422566784,1466.3773693021321,1485.494374002391,1450.5278375564196,LOUD
318938,Team Vitality,Movistar KOI,1606.247144060529,1390.284754304908,1581.4114013938793,1415.1204969715577,Movistar KOI
318937,Karmine Corp,Team Heretics,1466.101593379034,1548.4276150846008,1453.8234492632582,1560.7057592003766,Team Heretics
319789,EDward Gaming,All Gamers,1611.5551253690514,1410.4386907928206,1619.2057479093062,1402.7880682525658,EDward Gaming
459856,Team Liquid,Karmine Corp,1520.9071357241917,1453.8234492632582,1533.8556445605645,1440.8749404268854,Team Liquid
473241,Wolves Esports,Xi Lai Gaming,1503.4557039392953,1569.1615860585473,1490.44600681374,1582.1712831841025,Xi Lai Gaming
473242,EDward Gaming,Bilibili Gaming,1619.2057479093062,1583.829469697819,1601.582216891903,1601.453000715222,Bilibili Gaming
184060,KOI,Team Liquid,1460.1300423063271,1533.8556445605645,1447.4751730324854,1546.5105138344063,Team Liquid
184034,Cloud9,KRÜ Esports,1576.7200954677685,1450.5278375564196,1587.1514746234209,1440.0964584007672,Cloud9
184515,KIWOOM DRX,Team Secret,1598.7649955996387,1506.4852250104084,1610.6125434626224,1494.6376771474247,KIWOOM DRX
184061,BBL Esports,FUT Esports,1459.0500436902103,1507.516458918012,1445.2676387402728,1521.2988638679494,FUT Esports
184035,LEVIATÁN,LOUD,1522.2928200464164,1485.494374002391,1504.6044973914336,1503.1826966573738,LOUD
184516,Paper Rex,T1,1675.1903429522563,1611.1039803092203,1688.272078855638,1598.0222444058386,Paper Rex
184036,MIBR,100 Thieves,1453.3303569089364,1592.0044064078509,1475.3977080587872,1569.937055258,MIBR
184518,Team Secret,Gen.G,1494.6376771474247,1591.1825794945164,1482.9727253189935,1602.8475313229476,Gen.G
184517,T1,ZETA DIVISION,1598.0222444058386,1424.3532058594108,1606.6301357480843,1415.745314517165,T1
184519,KIWOOM DRX,Paper Rex,1610.6125434626224,1688.272078855638,1598.1305031969696,1700.7541191212908,Paper Rex
184520,T1,Gen.G,1606.6301357480843,1602.8475313229476,1622.4559472590556,1587.0217198119763,T1
213193,Giants Gaming,FUT Esports,1558.464089744375,1521.2988638679494,1540.7590661916063,1539.0038874207182,FUT Esports
348063,G2 Esports,T1,1634.7406299853571,1622.4559472590556,1650.1751350798304,1607.0214421645824,G2 Esports
348061,FunPlus Phoenix,FUT Esports,1482.913462391452,1539.0038874207182,1501.4743124433237,1520.4430373688465,FunPlus Phoenix
213195,FNATIC,FUT Esports,1771.9246844397699,1520.4430373688465,1778.016342332565,1514.3513794760513,FNATIC
213194,Team Liquid,Team Vitality,1546.5105138344063,1581.4114013938793,1564.1123747203242,1563.8095405079614,Team Liquid
189050,LEVIATÁN,FURIA,1504.6044973914336,1418.212946488858,1484.7060364989425,1438.1114073813492,FURIA
189051,NRG,Evil Geniuses,1584.7497499045235,1549.405264489063,1567.127667937994,1567.0273464555926,Evil Geniuses
348064,Gen.G,LEVIATÁN,1587.0217198119763,1484.7060364989425,1598.441551684266,1473.2862046266528,Gen.G
348059,Team Heretics,Dragon Ranger Gaming,1560.7057592003766,1483.6594807486968,1573.2146860927694,1471.150553856304,Team Heretics
213196,Natus Vincere,Team Liquid,1437.1700507324279,1564.1123747203242,1426.7690064708995,1574.5134189818525,Team Liquid
189052,LOUD,FURIA,1503.1826966573738,1438.1114073813492,1516.2206066849378,1425.0734973537851,LOUD
189053,Cloud9,Evil Geniuses,1587.1514746234209,1567.0273464555926,1570.2257592830779,1583.9530617959356,Evil Geniuses
348458,FunPlus Phoenix,Gen.G,1501.4743124433237,1598.441551684266,1489.82737625387,1610.0884878737197,Gen.G
348457,G2 Esports,Team Heretics,1650.1751350798304,1573.2146860927694,1662.6878265938105,1560.7019945787893,G2 Esports
213197,FNATIC,Team Liquid,1778.016342332565,1574.5134189818525,1785.5872775869232,1566.9424837274944,FNATIC
213200,FUT Esports,Team Vitality,1514.3513794760513,1563.8095405079614,1532.6137509263926,1545.54716905762,FUT Esports
189057,FURIA,NRG,1425.0734973537851,1567.127667937994,1415.2736308519031,1576.927534439876,NRG
213199,Natus Vincere,Giants Gaming,1426.7690064708995,1540.7590661916063,1447.8378593206523,1519.6902133418535,Natus Vincere
189056,Cloud9,LEVIATÁN,1570.2257592830779,1473.2862046266528,1581.8738760503895,1461.638087859341,Cloud9
348459,LEVIATÁN,T1,1461.638087859341,1607.0214421645824,1483.9680278344042,1584.6915021895193,LEVIATÁN
348460,Dragon Ranger Gaming,FUT Esports,1471.150553856304,1532.6137509263926,1457.9518765534767,1545.81242822922,FUT Esports
213202,Team Liquid,FUT Esports,1566.9424837274944,1545.81242822922,1581.9706066531444,1530.78430530357,Team Liquid
214088,Team Bunny,Team SuperBusS,1500.0,1500.0,1516.0,1484.0,Team Bunny
213201,Natus Vincere,FUT Esports,1447.8378593206523,1530.78430530357,1435.5867295339183,1543.035435090304,FUT Esports
184521,KIWOOM DRX,T1,1598.1305031969696,1584.6915021895193,1613.5119228021385,1569.3100825843503,KIWOOM DRX
189054,LOUD,Evil Geniuses,1516.2206066849378,1583.9530617959356,1535.3008777408259,1564.8727907400475,LOUD
189058,Cloud9,NRG,1581.8738760503895,1576.927534439876,1565.6461039896265,1593.155306500639,NRG
348462,FunPlus Phoenix,Team Heretics,1489.82737625387,1560.7019945787893,1477.046740250584,1573.4826305820752,Team Heretics
348461,FUT Esports,LEVIATÁN,1543.035435090304,1483.9680278344042,1556.3411881120876,1470.6622748126206,FUT Esports
213198,FNATIC,Team Liquid,1785.5872775869232,1581.9706066531444,1761.1544290309816,1606.403455209086,Team Liquid
184522,Paper Rex,KIWOOM DRX,1700.7541191212908,1613.5119228021385,1712.818832232001,1601.4472096914283,Paper Rex
189059,Evil Geniuses,NRG,1564.8727907400475,1593.155306500639,1550.172379394647,1607.8557178460396,NRG
189055,LOUD,NRG,1535.3008777408259,1607.8557178460396,1554.5944134033807,1588.5621821834848,LOUD
318940,Team Liquid,Gentle Mates,1606.403455209086,1427.069116125178,1614.8076905915536,1418.6648807427102,Team Liquid
318939,Natus Vincere,FNATIC,1435.5867295339183,1761.1544290309816,1463.328620212017,1733.4125383528828,Natus Vincere
329907,Team Secret,T1,1482.9727253189935,1569.3100825843503,1470.8688385762682,1581.4139693270756,T1
329908,Paper Rex,TALON,1712.818832232001,1461.425335262018,1718.9129931884472,1455.331174305572,Paper Rex
319790,Wolves Esports,JDG Esports,1490.44600681374,1474.0526590813013,1473.6916249990443,1490.807040895997,JDG Esports
459857,FNATIC,Team Heretics,1733.4125383528828,1573.4826305820752,1710.5270801775337,1596.3680887574244,Team Heretics
473835,TALON,Nongshim RedForce,1455.331174305572,1548.865927392962,1475.5374770904978,1528.6596246080362,TALON
475901,MIBR,Sentinels,1475.3977080587872,1660.4904855897285,1467.1972704627833,1668.6909231857323,Sentinels
473243,Wolves Esports,Bilibili Gaming,1473.6916249990443,1601.453000715222,1463.3236532984008,1611.8209724158655,Bilibili Gaming
473836,T1,Paper Rex,1581.4139693270756,1718.9129931884472,1571.4349305140474,1728.8920320014754,Paper Rex
475907,G2 Esports,Evil Geniuses,1662.6878265938105,1550.172379394647,1673.680148465611,1539.1800575228465,G2 Esports
348465,100 Thieves,FUT Esports,1569.937055258,1556.3411881120876,1585.3112618345253,1540.9669815355624,100 Thieves
348466,FNATIC,Gen.G,1710.5270801775337,1610.0884878737197,1690.0263938392627,1630.5891742119907,Gen.G
348463,Paper Rex,G2 Esports,1728.8920320014754,1673.680148465611,1710.3706197364227,1692.2015607306637,G2 Esports
348464,EDward Gaming,Team Heretics,1601.582216891903,1596.3680887574244,1585.342115442866,1612.6081902064614,Team Heretics
184047,Team Vitality,FNATIC,1545.54716905762,1690.0263938392627,1535.8419530322928,1699.73160986459,FNATIC
318941,BBL Esports,FUT Esports,1445.2676387402728,1540.9669815355624,1433.566582216805,1552.66803805903,FUT Esports
329909,Gen.G,T1,1630.5891742119907,1571.4349305140474,1611.8910418234746,1590.1330629025636,T1
319791,Dragon Ranger Gaming,TYLOO,1457.9518765534767,1478.2478356504,1442.8854782854482,1493.3142339184285,TYLOO
329910,KIWOOM DRX,Paper Rex,1601.4472096914283,1710.3706197364227,1590.3051932383771,1721.5126361894738,Paper Rex
319792,Bilibili Gaming,FunPlus Phoenix,1611.8209724158655,1477.046740250584,1589.9080398126323,1498.9596728538172,FunPlus Phoenix
314650,Sentinels,FURIA,1668.6909231857323,1415.2736308519031,1674.7278156670063,1409.2367383706292,Sentinels
473839,KIWOOM DRX,TALON,1590.3051932383771,1475.5374770904978,1601.204145157695,1464.63852517118,KIWOOM DRX
475908,MIBR,G2 Esports,1467.1972704627833,1692.2015607306637,1460.3182594160414,1699.0805717774056,G2 Esports
473244,Xi Lai Gaming,Bilibili Gaming,1582.1712831841025,1589.9080398126323,1598.5275151138976,1573.5518078828372,Xi Lai Gaming
473840,BOOM Esports,Paper Rex,1465.8963922986607,1721.5126361894738,1459.9212555799359,1727.4877729081986,Paper Rex
184048,FUT Esports,Karmine Corp,1552.66803805903,1440.8749404268854,1563.690386291309,1429.8525921946064,FUT Esports
184049,KOI,BBL Esports,1447.4751730324854,1433.566582216805,1430.8350006925991,1450.2067545566913,BBL Esports
329912,T1,Paper Rex,1590.1330629025636,1727.4877729081986,1580.1483184202368,1737.4725173905254,Paper Rex
314651,NRG,100 Thieves,1588.5621821834848,1585.3112618345253,1572.4124761377798,1601.4609678802303,100 Thieves
319793,Nova Esports,Titan Esports Club,1404.6578152988848,1412.2264745561229,1421.0063098132673,1395.8779800417403,Nova Esports
329911,Gen.G,KIWOOM DRX,1611.8910418234746,1601.204145157695,1627.3990471996142,1585.6961397815553,Gen.G
319794,Trace Esports,EDward Gaming,1544.7883902228557,1585.342115442866,1530.6475228429456,1599.4829828227762,EDward Gaming
314652,KRÜ Esports,LEVIATÁN,1440.0964584007672,1470.6622748126206,1425.5004459912902,1485.2582872220976,LEVIATÁN
475902,Sentinels,G2 Esports,1674.7278156670063,1699.0805717774056,1659.8474685093163,1713.9609189350956,G2 Esports
184050,Natus Vincere,Team Liquid,1463.328620212017,1614.8076905915536,1485.8936852060547,1592.242625597516,Natus Vincere
184051,Giants Gaming,Team Heretics,1519.6902133418535,1612.6081902064614,1507.8700632781665,1624.4283402701483,Team Heretics
184488,TALON,Gen.G,1464.63852517118,1627.3990471996142,1487.6298237016329,1604.4077486691613,TALON
184489,ZETA DIVISION,Paper Rex,1415.745314517165,1737.4725173905254,1411.404930643038,1741.8129012646525,Paper Rex
314653,Cloud9,MIBR,1565.6461039896265,1460.3182594160414,1576.9389061775219,1449.025457228146,Cloud9
314654,G2 Esports,LOUD,1713.9609189350956,1554.5944134033807,1691.0966161740675,1577.4587161644088,LOUD
183807,Evil Geniuses,Sentinels,1539.1800575228465,1659.8474685093163,1560.5238435733247,1638.503682458838,Evil Geniuses
184490,Rex Regum Qeon,Global Esports,1539.2158588811706,1383.7822991490452,1548.500053562687,1374.4981044675287,Rex Regum Qeon
183808,Cloud9,MIBR,1576.9389061775219,1449.025457228146,1587.3007433296007,1438.6636200760672,Cloud9
184491,Team Secret,T1,1470.8688385762682,1580.1483184202368,1459.7417034517366,1591.2754535447684,T1
183809,LOUD,100 Thieves,1577.4587161644088,1601.4609678802303,1594.5623055977328,1584.3573784469063,LOUD
183810,LEVIATÁN,KRÜ Esports,1485.2582872220976,1425.5004459912902,1498.5331565362987,1412.225576677089,LEVIATÁN
184492,KIWOOM DRX,DetonatioN FocusMe,1585.6961397815553,1343.6074462660035,1592.0589466506271,1337.2446393969317,KIWOOM DRX
341816,FNATIC,Team Liquid,1699.73160986459,1592.242625597516,1710.9336692915713,1581.0405661705347,FNATIC
342356,Trace Esports,All Gamers,1530.6475228429456,1402.7880682525658,1541.011537880492,1392.4240532150195,Trace Esports
342357,Dragon Ranger Gaming,Nova Esports,1442.8854782854482,1421.0063098132673,1457.8792351224247,1406.0125529762909,Dragon Ranger Gaming
482503,BBL Esports,Natus Vincere,1450.2067545566913,1485.8936852060547,1467.84444305966,1468.255996703086,BBL Esports
183811,NRG,FURIA,1572.4124761377798,1409.2367383706292,1581.4057151581248,1400.243499350284,NRG
341818,Karmine Corp,FNATIC,1429.8525921946064,1710.9336692915713,1424.5573487577271,1716.2289127284505,FNATIC
341817,Natus Vincere,Team Heretics,1468.255996703086,1624.4283402701483,1458.9998052033388,1633.6845317698956,Team Heretics
337407,Cloud9,G2 Esports,1587.3007433296007,1691.0966161740675,1575.943414293461,1702.4539452102072,G2 Esports
342358,FunPlus Phoenix,Trace Esports,1498.9596728538172,1541.011537880492,1516.886831365335,1523.0843793689742,FunPlus Phoenix
337408,100 Thieves,LOUD,1584.3573784469063,1594.5623055977328,1600.8271976094438,1578.0924864351953,100 Thieves
342359,EDward Gaming,Dragon Ranger Gaming,1599.4829828227762,1457.8792351224247,1609.3004861291713,1448.0617318160296,EDward Gaming
482505,Natus Vincere,Karmine Corp,1458.9998052033388,1424.5573487577271,1473.4188469928317,1410.1383069682342,Natus Vincere
482504,FNATIC,FUT Esports,1716.2289127284505,1563.690386291309,1725.6233230376458,1554.2959759821138,FNATIC
473841,Gen.G,Rex Regum Qeon,1604.4077486691613,1548.500053562687,1617.8550987630317,1535.0527034688166,Gen.G
473842,KIWOOM DRX,Paper Rex,1592.0589466506271,1741.8129012646525,1582.5578080462767,1751.314039869003,Paper Rex
645478,Cloud9,LEVIATÁN,1575.943414293461,1498.5331565362987,1556.4363809686813,1518.0401898610785,LEVIATÁN
645479,FURIA,NRG,1400.243499350284,1581.4057151581248,1423.9043065153055,1557.7449079931034,FURIA
645484,NRG,KRÜ Esports,1557.7449079931034,1412.225576677089,1535.4096869632522,1434.5607977069403,KRÜ Esports
645485,100 Thieves,Sentinels,1600.8271976094438,1638.503682458838,1586.5554944749258,1652.775385593356,Sentinels
645490,Evil Geniuses,Sentinels,1560.5238435733247,1652.775385593356,1548.6750832707426,1664.6241458959382,Sentinels
645491,MIBR,Cloud9,1438.6636200760672,1556.4363809686813,1427.8886444666462,1567.2113565781024,Cloud9
724629,TBD,TBD,1474.9643856720108,1474.9643856720108,1490.9643856720108,1458.9643856720108,TBD
706378,Evil Geniuses,NRG,1548.6750832707426,1535.4096869632522,1532.0644858715782,1552.0202843624165,NRG
724630,TBD,TBD,1458.9643856720108,1458.9643856720108,1474.9643856720108,1442.9643856720108,TBD
706379,LOUD,100 Thieves,1578.0924864351953,1586.5554944749258,1562.4821452950798,1602.1658356150413,100 Thieves
712833,FNATIC,Team Heretics,1725.6233230376458,1633.6845317698956,1705.4855196525211,1653.8223351550203,Team Heretics
706370,Cloud9,KRÜ Esports,1567.2113565781024,1434.5607977069403,1545.3830561622094,1456.3890981228333,KRÜ Esports
706371,G2 Esports,Sentinels,1702.4539452102072,1664.6241458959382,1684.7186706664586,1682.3594204396868,Sentinels
594769,FNATIC,Team Liquid,1705.4855196525211,1581.0405661705347,1683.98774158315,1602.5383442399059,Team Liquid
596427,MIBR,NRG,1427.8886444666462,1552.0202843624165,1417.3736935388772,1562.5352352901855,NRG
596415,NRG,100 Thieves,1562.5352352901855,1602.1658356150413,1580.352417552275,1584.3486533529517,NRG
596416,G2 Esports,Cloud9,1684.7186706664586,1545.3830561622094,1694.6252532081396,1535.4764736205284,G2 Esports
598950,Guangzhou Huadu Bilibili Gaming,EDward Gaming,1576.218698338354,1609.3004861291713,1561.7375835236032,1623.781600943922,EDward Gaming
712812,Team Vitality,BBL Esports,1535.8419530322928,1467.84444305966,1516.7499298738735,1486.9364662180794,BBL Esports
701050,Wuxi Titan Esports Club,All Gamers,1452.4818469231125,1392.4240532150195,1433.7433056029884,1411.1625945351436,All Gamers
701051,Guangzhou Huadu Bilibili Gaming,Xi Lai Gaming,1561.7375835236032,1598.5275151138976,1579.4255184383949,1580.839580199106,Guangzhou Huadu Bilibili Gaming
712823,Team Heretics,Karmine Corp,1653.8223351550203,1410.1383069682342,1628.1384573623247,1435.8221847609298,Karmine Corp
706361,ENVY,LEVIATÁN,1476.8103288937111,1518.0401898610785,1462.7001713348795,1532.15034741991,LEVIATÁN
706362,FURIA,MIBR,1423.9043065153055,1417.3736935388772,1407.6035960876602,1433.6744039665225,MIBR
670468,Xi Lai Gaming,EDward Gaming,1580.839580199106,1623.781600943922,1566.8071246332627,1637.8140565097654,EDward Gaming
670472,G2 Esports,FUT Esports,1694.6252532081396,1554.2959759821138,1672.49275548297,1576.4284737072833,FUT Esports
684614,Team Vitality,FUT Esports,1516.7499298738735,1576.4284737072833,1535.47151457675,1557.7068890044068,Team Vitality
684612,LEVIATÁN,Global Esports,1532.15034741991,1374.4981044675287,1541.3505951396583,1365.2978567477805,LEVIATÁN
626544,Nongshim RedForce,Paper Rex,1528.6596246080362,1751.314039869003,1553.707283123688,1726.266381353351,Nongshim RedForce
625790,G2 Esports,Paper Rex,1672.49275548297,1726.266381353351,1658.9495366058711,1739.80960023045,Paper Rex
625789,T1,Team Liquid,1591.2754535447684,1602.5383442399059,1575.7939472178173,1618.019850566857,Team Liquid
626546,FURIA,BBL Esports,1407.6035960876602,1486.9364662180794,1395.1948122150684,1499.3452500906712,BBL Esports
626545,Gentle Mates,All Gamers,1418.6648807427102,1411.1625945351436,1402.3194413828264,1427.5080338950274,All Gamers
660390,Eternal Fire,Gentle Mates,1503.7120179183448,1402.3194413828264,1515.1709065046182,1390.860552796553,Eternal Fire
645502,LOUD,LEVIATÁN,1562.4821452950798,1541.3505951396583,1577.5101996432052,1526.322540791533,LOUD
645503,Sentinels,NRG,1682.3594204396868,1580.352417552275,1661.7923060169028,1600.919531975059,NRG
660386,Team Vitality,Team Heretics,1535.47151457675,1628.1384573623247,1523.6405909035127,1639.969381035562,Team Heretics
660377,KRÜ Esports,NRG,1456.3890981228333,1600.919531975059,1446.6858752287726,1610.6227548691197,NRG
660378,MIBR,100 Thieves,1433.6744039665225,1584.3486533529517,1424.208616292642,1593.8144410268321,100 Thieves
660374,LEVIATÁN,G2 Esports,1526.322540791533,1658.9495366058711,1516.1499000516203,1669.1221773457837,G2 Esports
645496,LOUD,Cloud9,1577.5101996432052,1535.4764736205284,1591.5838643502234,1521.4028089135102,LOUD
659478,Xi Lai Gaming,JD Mall JDG Esports,1566.8071246332627,1405.3618768033248,1575.8649128924055,1396.304088544182,Xi Lai Gaming
659479,All Gamers,EDward Gaming,1427.5080338950274,1637.8140565097654,1420.1611032392946,1645.1609871654982,EDward Gaming
645497,G2 Esports,ENVY,1669.1221773457837,1462.7001713348795,1676.5964228859411,1455.2259257947221,G2 Esports
542270,FNATIC,NRG,1683.98774158315,1610.6227548691197,1664.6584953583485,1629.9520010939211,NRG
542278,KIWOOM DRX,Paper Rex,1582.5578080462767,1739.80960023045,1605.342442230798,1717.0249660459287,KIWOOM DRX
542279,FNATIC,KIWOOM DRX,1664.6584953583485,1605.342442230798,1677.9531238417712,1592.0478137473754,FNATIC
542272,NRG,FNATIC,1629.9520010939211,1677.9531238417712,1648.148576364174,1659.7565485715184,NRG
644721,Gentle Mates,Karmine Corp,1390.860552796553,1435.8221847609298,1408.9196308587495,1417.7631066987333,Gentle Mates
644660,Team Secret,Global Esports,1459.7417034517366,1365.2978567477805,1439.4964556831653,1385.5431045163518,Global Esports
645474,Sentinels,KRÜ Esports,1661.7923060169028,1446.6858752287726,1636.9839978709963,1471.494183374679,KRÜ Esports
642935,All Gamers,TYLOO,1420.1611032392946,1493.3142339184285,1407.4810143639459,1505.9943227937772,TYLOO
644661,Rex Regum Qeon,VARREL,1535.0527034688166,1429.1271184110838,1546.3203739923204,1417.8594478875798,Rex Regum Qeon
645475,G2 Esports,MIBR,1676.5964228859411,1424.208616292642,1650.6623955380023,1450.142643640581,MIBR
642936,EDward Gaming,Dragon Ranger Gaming,1645.1609871654982,1448.0617318160296,1652.947041433324,1440.2756775482037,EDward Gaming
644727,PCIFIC Esports,FNATIC,1447.4542604475523,1659.7565485715184,1440.1721706525034,1667.0386383665673,FNATIC
644667,KIWOOM DRX,Global Esports,1592.0478137473754,1385.5431045163518,1599.519332427891,1378.0715858358362,KIWOOM DRX
645480,Cloud9,ENVY,1521.4028089135102,1455.2259257947221,1502.3915785878085,1474.2371561204238,ENVY
642947,TYLOO,Dragon Ranger Gaming,1505.9943227937772,1440.2756775482037,1519.0034526897373,1427.2665476522436,TYLOO
644668,ZETA DIVISION,DetonatioN FocusMe,1411.404930643038,1337.2446393969317,1392.0406617701162,1356.6089082698534,DetonatioN FocusMe
642946,JD Mall JDG Esports,EDward Gaming,1396.304088544182,1652.947041433324,1390.357618991499,1658.893510986007,EDward Gaming
645481,FURIA,Evil Geniuses,1395.1948122150684,1532.0644858715782,1417.1908780229194,1510.0684200637272,FURIA
644733,BBL Esports,Team Vitality,1499.3452500906712,1523.6405909035127,1516.4622717783357,1506.5235692158483,BBL Esports
644673,Gen.G,KIWOOM DRX,1617.8550987630317,1599.519332427891,1601.0114885683595,1616.3629426225632,KIWOOM DRX
645486,LEVIATÁN,ENVY,1516.1499000516203,1474.2371561204238,1530.2290556608898,1460.1580005111543,LEVIATÁN
645487,G2 Esports,LOUD,1650.6623955380023,1591.5838643502234,1663.9676508122348,1578.278609075991,G2 Esports
644674,DetonatioN FocusMe,VARREL,1356.6089082698534,1417.8594478875798,1375.4007369145213,1399.0676192429119,DetonatioN FocusMe
644714,BBL Esports,PCIFIC Esports,1516.4622717783357,1440.1721706525034,1529.0043797705766,1427.6300626602624,BBL Esports
644654,Nongshim RedForce,Paper Rex,1553.707283123688,1717.0249660459287,1544.7193263684153,1726.0129228012015,Paper Rex
642922,TYLOO,Wuxi Titan Esports Club,1519.0034526897373,1433.7433056029884,1531.154040400167,1421.5927178925585,TYLOO
644655,FULL SENSE,DetonatioN FocusMe,1557.186596885202,1375.4007369145213,1565.5036729046128,1367.0836608951106,FULL SENSE
642923,Wolves Esports,EDward Gaming,1463.3236532984008,1658.893510986007,1455.4856127354576,1666.7315515489502,EDward Gaming
712830,FUT Esports,Team Vitality,1557.7068890044068,1506.5235692158483,1539.366714732073,1524.863743488182,Team Vitality
712829,GIANTX,Team Heretics,1485.061196930004,1639.969381035562,1475.7570577360987,1649.2735202294673,Team Heretics
698906,T1,DetonatioN FocusMe,1575.7939472178173,1367.0836608951106,1551.192999842288,1391.68460827064,DetonatioN FocusMe
706366,Cloud9,LOUD,1502.3915785878085,1578.278609075991,1489.8317710582571,1590.8384166055423,LOUD
698907,FULL SENSE,Rex Regum Qeon,1565.5036729046128,1546.3203739923204,1548.6211459789938,1563.2029009179394,Rex Regum Qeon
706367,Evil Geniuses,MIBR,1510.0684200637272,1450.142643640581,1491.3357806432134,1468.8752830610947,MIBR
724640,TBD,TBD,1442.9643856720108,1442.9643856720108,1458.9643856720108,1426.9643856720108,TBD
724641,TBD,TBD,1426.9643856720108,1426.9643856720108,1442.9643856720108,1410.9643856720108,TBD
724651,TBD,TBD,1410.9643856720108,1410.9643856720108,1426.9643856720108,1394.9643856720108,TBD
698912,KIWOOM DRX,T1,1616.3629426225632,1551.192999842288,1597.3964654284675,1570.1594770363836,T1
724625,TBD,TBD,1394.9643856720108,1394.9643856720108,1410.9643856720108,1378.9643856720108,TBD
706374,100 Thieves,Cloud9,1593.8144410268321,1489.8317710582571,1573.163893255809,1510.4823188292803,Cloud9
698913,Global Esports,ZETA DIVISION,1378.0715858358362,1392.0406617701162,1362.7145391398635,1407.397708466089,ZETA DIVISION
724626,TBD,TBD,1378.9643856720108,1378.9643856720108,1394.9643856720108,1362.9643856720108,TBD
706375,G2 Esports,LOUD,1663.9676508122348,1590.8384166055423,1644.648792796122,1610.157274621655,LOUD
595658,DetonatioN FocusMe,Paper Rex,1391.68460827064,1726.0129228012015,1387.6092415710575,1730.088289500784,Paper Rex
596425,100 Thieves,Cloud9,1573.163893255809,1510.4823188292803,1586.3082157452336,1497.3379963398556,100 Thieves
595650,Rex Regum Qeon,T1,1563.2029009179394,1570.1594770363836,1547.5232202824773,1585.8391576718457,T1
596408,MIBR,FURIA,1468.8752830610947,1417.1908780229194,1450.5125313823025,1435.5536297017115,FURIA
594768,Team Vitality,Team Liquid,1524.863743488182,1618.019850566857,1513.0538094818237,1629.8297845732154,Team Liquid
594765,Natus Vincere,Team Heretics,1473.4188469928317,1649.2735202294673,1464.8898931453202,1657.8024740769788,Team Heretics
594766,GIANTX,Team Liquid,1475.7570577360987,1629.8297845732154,1466.4211505885248,1639.1656917207893,Team Liquid
598949,Dragon Ranger Gaming,EDward Gaming,1427.2665476522436,1666.7315515489502,1420.826399923279,1673.1716992779147,EDward Gaming
595653,KIWOOM DRX,ZETA DIVISION,1597.3964654284675,1407.397708466089,1605.4258504542474,1399.368323440309,KIWOOM DRX
596421,ENVY,Evil Geniuses,1460.1580005111543,1491.3357806432134,1445.5899487228842,1505.9038324314836,Evil Geniuses
598931,All Gamers,Xi Lai Gaming,1407.4810143639459,1575.8649128924055,1430.6803449549807,1552.6655823013707,All Gamers
595654,Global Esports,Gen.G,1362.7145391398635,1601.0114885683595,1388.2397341210713,1575.4862935871517,Global Esports
596422,Sentinels,LEVIATÁN,1636.9839978709963,1530.2290556608898,1616.2168409014428,1550.9962126304433,LEVIATÁN
701029,Dragon Ranger Gaming,Wuxi Titan Esports Club,1420.826399923279,1421.5927178925585,1436.861690112703,1405.5574277031346,Dragon Ranger Gaming
701030,Guangzhou Huadu Bilibili Gaming,Wolves Esports,1579.4255184383949,1455.4856127354576,1589.9482628387884,1444.962868335064,Guangzhou Huadu Bilibili Gaming
712809,Gentle Mates,FUT Esports,1408.9196308587495,1539.366714732073,1398.6597196259277,1549.6266259648949,FUT Esports
712808,Team Vitality,Natus Vincere,1513.0538094818237,1464.8898931453202,1526.8498790611634,1451.0938235659805,Team Vitality
698888,Rex Regum Qeon,Global Esports,1547.5232202824773,1388.2397341210713,1524.6620373399548,1411.1009170635937,Global Esports
706351,ENVY,Evil Geniuses,1445.5899487228842,1505.9038324314836,1432.3399364860609,1519.1538446683069,Evil Geniuses
701045,Wuxi Titan Esports Club,Guangzhou Huadu Bilibili Gaming,1405.5574277031346,1589.9482628387884,1397.3323217325885,1598.1733688093345,Guangzhou Huadu Bilibili Gaming
698889,Paper Rex,T1,1730.088289500784,1585.8391576718457,1707.8024639295722,1608.1249832430574,T1
706352,KRÜ Esports,LOUD,1471.494183374679,1610.157274621655,1461.561102441229,1620.0903555551051,LOUD
701046,All Gamers,Xi Lai Gaming,1430.6803449549807,1552.6655823013707,1420.0779810909771,1563.2679461653743,Xi Lai Gaming
712820,PCIFIC Esports,Team Vitality,1427.6300626602624,1526.8498790611634,1416.0790125195363,1538.4009292018895,Team Vitality
712819,Team Liquid,FNATIC,1639.1656917207893,1667.0386383665673,1656.4465416706983,1649.7577884166583,Team Liquid
698897,Nongshim RedForce,Global Esports,1544.7193263684153,1411.1009170635937,1554.852408304547,1400.967835127462,Nongshim RedForce
706357,FURIA,NRG,1435.5536297017115,1648.148576364174,1428.2810117676554,1655.4211942982301,NRG
701060,JD Mall JDG Esports,Dragon Ranger Gaming,1390.357618991499,1436.861690112703,1376.4865122439148,1450.7327968602872,Dragon Ranger Gaming
698898,Team Secret,T1,1439.4964556831653,1608.1249832430574,1430.7047681539177,1616.916670772305,T1
706358,100 Thieves,KRÜ Esports,1586.3082157452336,1461.561102441229,1596.7981692927424,1451.0711488937202,100 Thieves
701061,TYLOO,Xi Lai Gaming,1531.154040400167,1563.2679461653743,1516.6287430789027,1577.7932434866386,Xi Lai Gaming
670465,EDward Gaming,FUT Esports,1673.1716992779147,1549.6266259648949,1683.7105018130462,1539.0878234297634,EDward Gaming
670467,Team Heretics,Team Vitality,1657.8024740769788,1538.4009292018895,1636.5105435184294,1559.692859760439,Team Vitality
670476,Team Vitality,LEVIATÁN,1559.692859760439,1550.9962126304433,1543.2924479820128,1567.3966244088695,LEVIATÁN
670477,EDward Gaming,LEVIATÁN,1683.7105018130462,1567.3966244088695,1662.545578768432,1588.5615474534836,LEVIATÁN
684613,Xi Lai Gaming,NRG,1577.7932434866386,1655.4211942982301,1565.3098189869568,1667.904618797912,NRG
626543,Nongshim RedForce,NRG,1554.852408304547,1667.904618797912,1575.8823731308566,1646.8746539716024,Nongshim RedForce
626549,Paper Rex,G2 Esports,1707.8024639295722,1644.648792796122,1720.9257432347106,1631.5255134909837,Paper Rex
626539,FURIA,Paper Rex,1428.2810117676554,1720.9257432347106,1423.273411362374,1725.933343639992,Paper Rex
626537,Nongshim RedForce,Gentle Mates,1575.8823731308566,1398.6597196259277,1584.362155439472,1390.1799373173124,Nongshim RedForce
660391,Team Heretics,Eternal Fire,1636.5105435184294,1515.1709065046182,1647.1392712909515,1504.542178732096,Team Heretics
660371,MIBR,LEVIATÁN,1450.5125313823025,1588.5615474534836,1440.555220994177,1598.5188578416091,LEVIATÁN
666499,Global Esports,Paper Rex,1400.967835127462,1725.933343639992,1396.6969129727636,1730.2042657946904,Paper Rex
660372,KRÜ Esports,G2 Esports,1451.0711488937202,1631.5255134909837,1442.7068068384272,1639.8898555462767,G2 Esports
644739,Gentle Mates,Team Liquid,1390.1799373173124,1656.4465416706983,1384.4970211121374,1662.1294578758732,Team Liquid
644679,T1,FULL SENSE,1616.916670772305,1548.6211459789938,1629.8114382585954,1535.7263784927034,T1
645492,Evil Geniuses,NRG,1519.1538446683069,1646.8746539716024,1508.7842362219249,1657.2442624179844,NRG
659476,All Gamers,Trace Esports,1420.0779810909771,1523.0843793689742,1440.6873346123737,1502.4750258475776,All Gamers
659477,EDward Gaming,Dragon Ranger Gaming,1662.545578768432,1450.7327968602872,1669.8435308191906,1443.4348448095286,EDward Gaming
644680,Nongshim RedForce,Global Esports,1584.362155439472,1396.6969129727636,1560.472604208787,1420.5864642034485,Global Esports
645493,LEVIATÁN,MIBR,1598.5188578416091,1440.555220994177,1575.7073598329212,1463.366719002865,MIBR
660373,LEVIATÁN,G2 Esports,1575.7073598329212,1639.8898555462767,1594.629903530393,1620.967311848805,LEVIATÁN
660379,NRG,100 Thieves,1657.2442624179844,1596.7981692927424,1670.4883664308177,1583.554065279909,NRG
660387,Team Heretics,BBL Esports,1647.1392712909515,1529.0043797705766,1657.8993537177585,1518.2442973437696,Team Heretics
660384,FNATIC,Team Vitality,1649.7577884166583,1543.2924479820128,1629.0027871883003,1564.0474492103708,Team Vitality
666494,Rex Regum Qeon,DetonatioN FocusMe,1524.6620373399548,1387.6092415710575,1534.6587242272328,1377.6125546837795,Rex Regum Qeon
645498,KRÜ Esports,Evil Geniuses,1442.7068068384272,1508.7842362219249,1461.7136191363452,1489.7774239240068,KRÜ Esports
659487,Xi Lai Gaming,Dragon Ranger Gaming,1565.3098189869568,1443.4348448095286,1575.9166832515891,1432.8279805448963,Xi Lai Gaming
666495,KIWOOM DRX,Nongshim RedForce,1605.4258504542474,1560.472604208787,1619.3671521741055,1546.531302488929,KIWOOM DRX
645499,FURIA,100 Thieves,1423.273411362374,1583.554065279909,1414.1720249450414,1592.6554516972417,100 Thieves
530935,Team Liquid,GIANTX,1662.1294578758732,1466.4211505885248,1669.9627827104146,1458.5878257539835,Team Liquid
530913,G2 Esports,NRG,1620.967311848805,1670.4883664308177,1639.232521673337,1652.2231566062856,G2 Esports
542196,GIANTX,Sentinels,1458.5878257539835,1616.2168409014428,1481.3867015262495,1593.4179651291768,GIANTX
542195,Paper Rex,Xi Lai Gaming,1730.2042657946904,1575.9166832515891,1739.5319970422138,1566.5889520040657,Paper Rex
542205,Team Liquid,KIWOOM DRX,1669.9627827104146,1619.3671521741055,1651.649100095367,1637.680834789153,KIWOOM DRX
542207,NRG,EDward Gaming,1652.2231566062856,1669.8435308191906,1669.033909842468,1653.0327775830083,NRG
542212,Dragon Ranger Gaming,T1,1432.8279805448963,1629.8114382585954,1425.0379983564549,1637.6014204470368,T1
542201,Rex Regum Qeon,FNATIC,1534.6587242272328,1629.0027871883003,1522.8996999571996,1640.7618114583336,FNATIC
542211,G2 Esports,Team Heretics,1639.232521673337,1657.8993537177585,1624.0913348547706,1673.040540536325,Team Heretics
542200,Guangzhou Huadu Bilibili Gaming,MIBR,1598.1733688093345,1463.366719002865,1576.2591472516242,1485.2809405605753,MIBR
542197,Paper Rex,GIANTX,1739.5319970422138,1481.3867015262495,1745.436710545481,1475.4819880229823,Paper Rex
542202,MIBR,FNATIC,1485.2809405605753,1640.7618114583336,1475.9985406826054,1650.0442113363035,FNATIC
542208,KIWOOM DRX,NRG,1637.680834789153,1669.033909842468,1623.1207906089712,1683.5939540226498,NRG
542213,Team Heretics,T1,1673.040540536325,1637.6014204470368,1687.4141453933394,1623.2278155900224,Team Heretics
542209,Team Liquid,EDward Gaming,1651.649100095367,1653.0327775830083,1667.712820461616,1636.9690572167592,Team Liquid
542198,Xi Lai Gaming,Sentinels,1566.5889520040657,1593.4179651291768,1583.822023778423,1576.1848933548195,Xi Lai Gaming
542203,Guangzhou Huadu Bilibili Gaming,Rex Regum Qeon,1576.2591472516242,1522.8996999571996,1557.8209934543347,1541.337853754489,Rex Regum Qeon
542199,GIANTX,Xi Lai Gaming,1475.4819880229823,1583.822023778423,1496.3155704265887,1562.9884413748166,GIANTX
542214,G2 Esports,Dragon Ranger Gaming,1624.0913348547706,1425.0379983564549,1631.8113084303698,1417.3180247808557,G2 Esports
542210,KIWOOM DRX,Team Liquid,1623.1207906089712,1667.712820461616,1641.1631274732765,1649.6704835973107,KIWOOM DRX
542204,MIBR,Rex Regum Qeon,1475.9985406826054,1541.337853754489,1494.972548868219,1522.3638455688754,MIBR
542215,T1,G2 Esports,1623.2278155900224,1631.8113084303698,1607.6230196421272,1647.416104378265,G2 Esports
542265,Paper Rex,G2 Esports,1745.436710545481,1647.416104378265,1757.038765223553,1635.814049700193,Paper Rex
542267,NRG,GIANTX,1683.5939540226498,1496.3155704265887,1691.7178939580933,1488.1916304911451,NRG
542264,FNATIC,KIWOOM DRX,1650.0442113363035,1641.1631274732765,1665.6353113654498,1625.5720274441303,FNATIC
542266,Team Heretics,MIBR,1687.4141453933394,1494.972548868219,1663.359248098768,1519.0274461627905,MIBR
542273,KIWOOM DRX,G2 Esports,1625.5720274441303,1635.814049700193,1642.0435534211015,1619.3425237232218,KIWOOM DRX
542274,Team Heretics,GIANTX,1663.359248098768,1488.1916304911451,1671.9129662698049,1479.6379123201082,Team Heretics
542268,FNATIC,Paper Rex,1665.6353113654498,1757.038765223553,1685.7501012187563,1736.9239753702464,FNATIC
542269,MIBR,NRG,1519.0274461627905,1691.7178939580933,1510.384062259557,1700.361277861327,NRG
542277,Paper Rex,Team Heretics,1736.9239753702464,1671.9129662698049,1749.9645663455967,1658.8723752944545,Paper Rex
542276,MIBR,KIWOOM DRX,1510.384062259557,1642.0435534211015,1500.1727373523004,1652.254878328358,KIWOOM DRX
644662,FULL SENSE,ZETA DIVISION,1535.7263784927034,1399.368323440309,1545.7505758507498,1389.3441260822626,FULL SENSE
645476,100 Thieves,Evil Geniuses,1592.6554516972417,1489.7774239240068,1604.051519806395,1478.3813558148536,100 Thieves
642937,JD Mall JDG Esports,Wuxi Titan Esports Club,1376.4865122439148,1397.3323217325885,1393.4453469578384,1380.373487018665,JD Mall JDG Esports
644663,Gen.G,Paper Rex,1575.4862935871517,1749.9645663455967,1598.9076827274878,1726.5431772052607,Gen.G
642938,Xi Lai Gaming,Wolves Esports,1562.9884413748166,1444.962868335064,1573.7530186233432,1434.1982910865374,Xi Lai Gaming
645477,ENVY,LOUD,1432.3399364860609,1620.0903555551051,1424.2324561439445,1628.1978358972215,LOUD
644669,Rex Regum Qeon,T1,1522.3638455688754,1607.6230196421272,1510.2132156431521,1619.7736495678505,T1
645482,G2 Esports,LEVIATÁN,1619.3425237232218,1594.629903530393,1602.2063808827947,1611.76604637082,LEVIATÁN
642948,Wuxi Titan Esports Club,Trace Esports,1380.373487018665,1502.4750258475776,1369.7758689654152,1513.0726439008274,Trace Esports
644670,Nongshim RedForce,Gen.G,1546.531302488929,1598.9076827274878,1564.9252166806784,1580.5137685357383,Nongshim RedForce
642945,All Gamers,Xi Lai Gaming,1440.6873346123737,1573.7530186233432,1430.5322083291262,1583.9081449065907,Xi Lai Gaming
645483,MIBR,LOUD,1500.1727373523004,1628.1978358972215,1521.8154028775853,1606.5551703719366,MIBR
644675,T1,ZETA DIVISION,1619.7736495678505,1389.3441260822626,1626.4855118800501,1382.632263770063,T1
645488,FURIA,KRÜ Esports,1414.1720249450414,1461.7136191363452,1400.347833235227,1475.5378108461596,KRÜ Esports
644676,Nongshim RedForce,Team Secret,1564.9252166806784,1430.7047681539177,1575.0343167302892,1420.595668104307,Nongshim RedForce
645489,NRG,100 Thieves,1700.361277861327,1604.051519806395,1712.0362653949292,1592.3765322727927,NRG
644656,Team Secret,KIWOOM DRX,1420.595668104307,1652.254878328358,1413.9212743428936,1658.9292720897713,KIWOOM DRX
642924,Trace Esports,Xi Lai Gaming,1513.0726439008274,1583.9081449065907,1500.2902793707415,1596.6905094366766,Xi Lai Gaming
644657,Rex Regum Qeon,ZETA DIVISION,1510.2132156431521,1382.632263770063,1520.5884679920355,1372.2570114211796,Rex Regum Qeon
642925,Guangzhou Huadu Bilibili Gaming,JD Mall JDG Esports,1557.8209934543347,1393.4453469578384,1566.7696393929143,1384.4967010192588,Guangzhou Huadu Bilibili Gaming
724646,TBD,TBD,1362.9643856720108,1362.9643856720108,1378.9643856720108,1346.9643856720108,TBD
724647,TBD,TBD,1346.9643856720108,1346.9643856720108,1362.9643856720108,1330.9643856720108,TBD
712832,BBL Esports,PCIFIC Esports,1518.2442973437696,1416.0790125195363,1497.6704885497281,1436.6528213135778,PCIFIC Esports
712831,Karmine Corp,Team Liquid,1417.7631066987333,1649.6704835973107,1443.096255866215,1624.337334429829,Karmine Corp
698908,VARREL,KIWOOM DRX,1399.0676192429119,1658.9292720897713,1425.2103320381425,1632.7865592945407,VARREL
706368,ENVY,FURIA,1424.2324561439445,1400.347833235227,1439.134258071879,1385.4460313072925,ENVY
698909,ZETA DIVISION,Nongshim RedForce,1372.2570114211796,1575.0343167302892,1364.661907781878,1582.629420369591,Nongshim RedForce
706369,LEVIATÁN,NRG,1611.76604637082,1712.0362653949292,1600.259591390893,1723.5427203748561,NRG
724645,TBD,TBD,1330.9643856720108,1330.9643856720108,1346.9643856720108,1314.9643856720108,TBD
724627,TBD,TBD,1314.9643856720108,1314.9643856720108,1330.9643856720108,1298.9643856720108,TBD
698914,VARREL,Paper Rex,1425.2103320381425,1726.5431772052607,1420.4103738085846,1731.3431354348186,Paper Rex
706376,KRÜ Esports,Sentinels,1475.5378108461596,1576.1848933548195,1464.0473373081234,1587.6753668928557,Sentinels
724628,TBD,TBD,1298.9643856720108,1298.9643856720108,1314.9643856720108,1282.9643856720108,TBD
698915,Nongshim RedForce,Rex Regum Qeon,1582.629420369591,1520.5884679920355,1563.8023141854173,1539.415574176209,Rex Regum Qeon
706377,LEVIATÁN,MIBR,1600.259591390893,1521.8154028775853,1580.7072610589576,1541.3677332095208,MIBR
595645,DetonatioN FocusMe,Global Esports,1377.6125546837795,1420.5864642034485,1395.581545426819,1402.617473460409,DetonatioN FocusMe
598943,JD Mall JDG Esports,FunPlus Phoenix,1384.4967010192588,1516.886831365335,1406.3145968148756,1495.0689355697182,JD Mall JDG Esports
595646,KIWOOM DRX,T1,1632.7865592945407,1626.4855118800501,1616.4964171471108,1642.77565402748,T1
598930,Xi Lai Gaming,EDward Gaming,1596.6905094366766,1636.9690572167592,1614.5371396151359,1619.1224270383,Xi Lai Gaming
594760,Gentle Mates,FNATIC,1384.4970211121374,1685.7501012187563,1411.6951892033621,1658.5519331275316,Gentle Mates
595659,Rex Regum Qeon,Paper Rex,1539.415574176209,1731.3431354348186,1531.4527856614957,1739.305923949532,Paper Rex
596426,NRG,100 Thieves,1723.5427203748561,1592.3765322727927,1733.7737992936295,1582.1454533540193,NRG
596418,MIBR,G2 Esports,1541.3677332095208,1602.2063808827947,1528.1411672520069,1615.4329468403087,G2 Esports
596423,100 Thieves,Evil Geniuses,1582.1454533540193,1478.3813558148536,1593.5041225267746,1467.0226866420983,100 Thieves
595655,FULL SENSE,KIWOOM DRX,1545.7505758507498,1616.4964171471108,1532.9642491176382,1629.2827438802224,KIWOOM DRX
598941,Xi Lai Gaming,Guangzhou Huadu Bilibili Gaming,1614.5371396151359,1566.7696393929143,1628.3511212585772,1552.955657749473,Xi Lai Gaming
595656,Paper Rex,Global Esports,1739.305923949532,1402.617473460409,1743.333218107754,1398.590179302187,Paper Rex
596424,Cloud9,LEVIATÁN,1497.3379963398556,1580.7072610589576,1517.105263862309,1560.9399935365043,Cloud9
596417,NRG,G2 Esports,1733.7737992936295,1615.4329468403087,1712.5254157911213,1636.6813303428169,G2 Esports
701031,Nova Esports,FunPlus Phoenix,1406.0125529762909,1495.0689355697182,1426.0262307816697,1475.0552577643393,Nova Esports
701032,TYLOO,Trace Esports,1516.6287430789027,1500.2902793707415,1531.876883167015,1485.0421392826293,TYLOO
712811,GIANTX,Karmine Corp,1479.6379123201082,1443.096255866215,1461.96128450054,1460.7728836857832,Karmine Corp
712810,Team Heretics,Team Liquid,1658.8723752944545,1624.337334429829,1641.2871951530435,1641.92251457124,Team Liquid
701047,Trace Esports,Nova Esports,1485.0421392826293,1426.0262307816697,1466.3501967195498,1444.7181733447492,Nova Esports
698890,Nongshim RedForce,Gen.G,1563.8023141854173,1580.5137685357383,1548.571312150462,1595.7447705706936,Gen.G
706353,G2 Esports,100 Thieves,1636.6813303428169,1593.5041225267746,1618.7031198160619,1611.4823330535296,100 Thieves
701048,Dragon Ranger Gaming,Wolves Esports,1417.3180247808557,1434.1982910865374,1402.0947786839529,1449.4215371834403,Wolves Esports
698891,KIWOOM DRX,Team Secret,1629.2827438802224,1413.9212743428936,1604.466253638518,1438.737764584598,Team Secret
706354,NRG,MIBR,1712.5254157911213,1528.1411672520069,1720.7507534642493,1519.9158295788789,NRG
701049,EDward Gaming,JD Mall JDG Esports,1619.1224270383,1406.3145968148756,1626.3881604854664,1399.0488633677091,EDward Gaming
712822,BBL Esports,Natus Vincere,1497.6704885497281,1451.0938235659805,1511.5383115029756,1437.226000612733,BBL Esports
712821,Eternal Fire,GIANTX,1504.542178732096,1461.96128450054,1486.5910153901305,1479.9124478425056,GIANTX
698899,Paper Rex,KIWOOM DRX,1743.333218107754,1604.466253638518,1753.258262023743,1594.541209722529,Paper Rex
706359,G2 Esports,Cloud9,1618.7031198160619,1517.105263862309,1630.1533179038138,1505.655065774557,G2 Esports
701062,FunPlus Phoenix,Wolves Esports,1475.0552577643393,1449.4215371834403,1489.8769186100953,1434.5998763376842,FunPlus Phoenix
698901,Gen.G,Rex Regum Qeon,1595.7447705706936,1531.4527856614957,1608.817353218401,1518.3802030137883,Gen.G
706360,Sentinels,LOUD,1587.6753668928557,1606.5551703719366,1604.5439591914253,1589.686578073367,Sentinels
701063,Nova Esports,Guangzhou Huadu Bilibili Gaming,1444.7181733447492,1552.955657749473,1465.547463709559,1532.1263673846631,Nova Esports
670473,LEVIATÁN,Team Heretics,1560.9399935365043,1641.2871951530435,1580.5755389275675,1621.6516497619803,LEVIATÁN
670464,G2 Esports,Xi Lai Gaming,1630.1533179038138,1628.3511212585772,1614.0703244255653,1644.4341147368257,Xi Lai Gaming
670471,Paper Rex,LEVIATÁN,1753.258262023743,1580.5755389275675,1729.9019264609462,1603.9318744903644,LEVIATÁN
684611,FULL SENSE,FUT Esports,1532.9642491176382,1539.0878234297634,1517.2462209392697,1554.805851608132,FUT Esports
684610,Team Vitality,Dragon Ranger Gaming,1564.0474492103708,1402.0947786839529,1573.0862809925104,1393.0559469018133,Team Vitality
625788,Gentle Mates,EDward Gaming,1411.6951892033621,1626.3881604854664,1436.4902187786158,1601.5931309102127,Gentle Mates
625791,Xi Lai Gaming,NRG,1644.4341147368257,1720.7507534642493,1631.8931717462428,1733.2916964548322,NRG
626550,NRG,Paper Rex,1733.2916964548322,1729.9019264609462,1717.135596730719,1746.0580261850594,Paper Rex
626540,BBL Esports,NRG,1511.5383115029756,1717.135596730719,1504.0368357364582,1724.6370724972364,NRG
626538,All Gamers,G2 Esports,1430.5322083291262,1614.0703244255653,1422.277070019412,1622.3254627352796,G2 Esports
660389,FNATIC,Team Heretics,1658.5519331275316,1621.6516497619803,1640.8589730525468,1639.344609836965,Team Heretics
660388,Team Liquid,Gentle Mates,1641.92251457124,1436.4902187786158,1617.4294461323927,1460.9832872174632,Gentle Mates
666496,T1,Rex Regum Qeon,1642.77565402748,1518.3802030137883,1653.2798865716334,1507.875970469635,T1
645500,G2 Esports,Cloud9,1622.3254627352796,1505.655065774557,1633.1458371028166,1494.83469140702,G2 Esports
659481,EDward Gaming,Xi Lai Gaming,1601.5931309102127,1631.8931717462428,1618.9849725128408,1614.5013301436147,EDward Gaming
645501,ENVY,MIBR,1439.134258071879,1519.9158295788789,1458.7887687658751,1500.2613188848827,ENVY
666497,Paper Rex,KIWOOM DRX,1746.0580261850594,1594.541209722529,1755.4915156389181,1585.1077202686702,Paper Rex
660392,FUT Esports,Team Heretics,1554.805851608132,1639.344609836965,1542.6239500479483,1651.5265113971486,Team Heretics
660375,FURIA,NRG,1385.4460313072925,1724.6370724972364,1381.4691802003572,1728.6139236041718,NRG
666493,FULL SENSE,Paper Rex,1517.2462209392697,1755.4915156389181,1510.7698800662206,1761.9678565119673,Paper Rex
660376,100 Thieves,LOUD,1611.4823330535296,1589.686578073367,1626.4799160883165,1574.68899503858,100 Thieves
660380,G2 Esports,NRG,1633.1458371028166,1728.6139236041718,1653.4348978840978,1708.3248628228905,G2 Esports
644681,Paper Rex,KIWOOM DRX,1761.9678565119673,1585.1077202686702,1770.4606516977317,1576.6149250829058,Paper Rex
645494,KRÜ Esports,100 Thieves,1464.0473373081234,1626.4799160883165,1455.0264119568815,1635.5008414395584,100 Thieves
659482,Wuxi Titan Esports Club,TYLOO,1369.7758689654152,1531.876883167015,1360.742574512474,1540.9101776199561,TYLOO
644682,Rex Regum Qeon,DetonatioN FocusMe,1507.875970469635,1395.581545426819,1518.8774755710097,1384.5800403254443,Rex Regum Qeon
645495,FURIA,Sentinels,1381.4691802003572,1604.5439591914253,1406.5299979903757,1579.4831414014068,FURIA
659483,Trace Esports,Dragon Ranger Gaming,1466.3501967195498,1393.0559469018133,1447.0240671407912,1412.3820764805719,Dragon Ranger Gaming
644724,Eternal Fire,Team Vitality,1486.5910153901305,1573.0862809925104,1506.4939686423807,1553.1833277402602,Eternal Fire
644723,Gentle Mates,Natus Vincere,1460.9832872174632,1437.226000612733,1475.8909257193843,1422.318362110812,Gentle Mates
642943,Nova Esports,Wolves Esports,1465.547463709559,1434.5998763376842,1480.1260319795738,1420.0213080676695,Nova Esports
642944,EDward Gaming,Xi Lai Gaming,1618.9849725128408,1614.5013301436147,1602.778504612663,1630.7077980437925,Xi Lai Gaming
644711,Team Vitality,GIANTX,1553.1833277402602,1479.9124478425056,1565.8582278910287,1467.237547691737,Team Vitality
644710,Team Liquid,Karmine Corp,1617.4294461323927,1460.7728836857832,1626.667310790091,1451.535019028085,Team Liquid
642918,Wolves Esports,Trace Esports,1420.0213080676695,1447.0240671407912,1405.2623333091728,1461.7830418992878,Trace Esports
642919,Guangzhou Huadu Bilibili Gaming,TYLOO,1532.1263673846631,1540.9101776199561,1516.5307906332341,1556.5057543713851,TYLOO
644730,GIANTX,FNATIC,1467.237547691737,1640.8589730525468,1458.6279315977085,1649.4685891465754,FNATIC
644729,Natus Vincere,Team Liquid,1422.318362110812,1626.667310790091,1414.7755386031963,1634.2101342977066,Team Liquid
644736,Natus Vincere,Karmine Corp,1414.7755386031963,1451.535019028085,1432.4620867842364,1433.8484708470448,Natus Vincere
644735,Team Vitality,PCIFIC Esports,1565.8582278910287,1436.6528213135778,1576.1680246669507,1426.3430245376558,Team Vitality
644718,FNATIC,Team Vitality,1649.4685891465754,1576.1680246669507,1662.1421813350146,1563.4944324785115,FNATIC
644717,BBL Esports,Eternal Fire,1504.0368357364582,1506.4939686423807,1488.149989001988,1522.380815376851,Eternal Fire
642931,JD Mall JDG Esports,All Gamers,1399.0488633677091,1422.277070019412,1384.1169708996774,1437.2089624874436,All Gamers
642932,Dragon Ranger Gaming,Wolves Esports,1412.3820764805719,1405.2623333091728,1428.0542460783795,1389.5901637113652,Dragon Ranger Gaming
724648,TBD,TBD,1282.9643856720108,1282.9643856720108,1298.9643856720108,1266.9643856720108,TBD
724649,TBD,TBD,1266.9643856720108,1266.9643856720108,1282.9643856720108,1250.9643856720108,TBD
724621,FunPlus Phoenix,JD Mall JDG Esports,1489.8769186100953,1384.1169708996774,1469.1515507074841,1404.8423388022886,JD Mall JDG Esports
724622,Wolves Esports,Dragon Ranger Gaming,1389.5901637113652,1428.0542460783795,1375.3542987449234,1442.2901110448213,Dragon Ranger Gaming
595657,KIWOOM DRX,Paper Rex,1576.6149250829058,1770.4606516977317,1568.7179984090087,1778.3575783716287,Paper Rex
594757,Natus Vincere,FNATIC,1432.4620867842364,1662.1421813350146,1425.7273137096652,1668.8769544095858,FNATIC
594758,Team Vitality,GIANTX,1563.4944324785115,1458.6279315977085,1574.8066490138044,1447.3157150624156,Team Vitality
595651,Team Secret,ZETA DIVISION,1438.737764584598,1364.661907781878,1419.3772123391102,1384.0224600273657,ZETA DIVISION
598946,TYLOO,Trace Esports,1556.5057543713851,1461.7830418992878,1568.2485709843158,1450.040225286357,TYLOO
595652,VARREL,Gen.G,1420.4103738085846,1608.817353218401,1412.3257506679304,1616.9019763590552,Gen.G
598947,EDward Gaming,JD Mall JDG Esports,1602.778504612663,1404.8423388022886,1610.536210376724,1397.0846330382276,EDward Gaming
712805,FNATIC,GIANTX,1668.8769544095858,1447.3157150624156,1675.8636015685972,1440.3290679034042,FNATIC
712804,Team Liquid,Eternal Fire,1634.2101342977066,1522.380815376851,1613.2309759696495,1543.359973704908,Eternal Fire
698884,Gen.G,ZETA DIVISION,1616.9019763590552,1384.0224600273657,1623.539339905305,1377.3850964811159,Gen.G
701040,All Gamers,Guangzhou Huadu Bilibili Gaming,1437.2089624874436,1516.5307906332341,1424.799695726676,1528.9400573940018,Guangzhou Huadu Bilibili Gaming
698885,Team Secret,VARREL,1419.3772123391102,1412.3257506679304,1403.0525251087238,1428.6504378983168,VARREL
701041,Xi Lai Gaming,Dragon Ranger Gaming,1630.7077980437925,1442.2901110448213,1638.7920487688973,1434.2058603197165,Xi Lai Gaming
712816,Eternal Fire,Team Heretics,1543.359973704908,1651.5265113971486,1532.18629431901,1662.7001907830468,Team Heretics
712815,FNATIC,Karmine Corp,1675.8636015685972,1433.8484708470448,1682.2285673675344,1427.4835050481076,FNATIC
698892,Global Esports,FULL SENSE,1398.590179302187,1510.7698800662206,1419.5839060924811,1489.7761532759264,Global Esports
701056,TYLOO,Nova Esports,1568.2485709843158,1480.1260319795738,1548.2752191271552,1500.0993838367344,Nova Esports
698893,T1,VARREL,1653.2798865716334,1428.6504378983168,1628.1705572076564,1453.7597672622937,VARREL
701057,FunPlus Phoenix,EDward Gaming,1469.1515507074841,1610.536210376724,1459.3254623747941,1620.362298709414,EDward Gaming
712826,Natus Vincere,PCIFIC Esports,1425.7273137096652,1426.3430245376558,1441.7556682114648,1410.3146700358561,Natus Vincere
712825,Gentle Mates,Team Vitality,1475.8909257193843,1574.8066490138044,1464.3269511792664,1586.3706235539223,Team Vitality
698902,VARREL,DetonatioN FocusMe,1453.7597672622937,1384.5800403254443,1434.6153688822765,1403.7244387054616,DetonatioN FocusMe
698903,FULL SENSE,ZETA DIVISION,1489.7761532759264,1377.3850964811159,1468.7736429839154,1398.387606773127,ZETA DIVISION
701025,Wolves Esports,Wuxi Titan Esports Club,1375.3542987449234,1360.742574512474,1390.6818004129168,1345.4150728444806,Wolves Esports
701026,Dragon Ranger Gaming,Guangzhou Huadu Bilibili Gaming,1434.2058603197165,1528.9400573940018,1454.463535145305,1508.6823825684132,Dragon Ranger Gaming
684618,Global Esports,Xi Lai Gaming,1419.5839060924811,1638.7920487688973,1412.5230015422235,1645.8529533191552,Xi Lai Gaming
626535,NRG,Team Liquid,1708.3248628228905,1613.2309759696495,1720.0518008634408,1601.5040379290992,NRG
626534,G2 Esports,T1,1653.4348978840978,1628.1705572076564,1668.2734783601745,1613.3319767315797,G2 Esports
660381,Eternal Fire,Team Heretics,1532.18629431901,1662.7001907830468,1553.929063729199,1640.9574213728577,Eternal Fire
666488,Rex Regum Qeon,Global Esports,1518.8774755710097,1412.5230015422235,1498.1271294428748,1433.2733476703584,Global Esports
666489,KIWOOM DRX,FULL SENSE,1568.7179984090087,1468.7736429839154,1548.23827995988,1489.2533614330441,FULL SENSE
642939,TYLOO,JD Mall JDG Esports,1548.2752191271552,1397.0846330382276,1525.7212063978009,1419.638645767582,JD Mall JDG Esports
642940,Trace Esports,Dragon Ranger Gaming,1450.040225286357,1454.463535145305,1434.2439152282222,1470.25984520344,Dragon Ranger Gaming
642927,FunPlus Phoenix,TYLOO,1459.3254623747941,1525.7212063978009,1478.3464134691048,1506.7002553034902,FunPlus Phoenix
642928,Wuxi Titan Esports Club,Guangzhou Huadu Bilibili Gaming,1345.4150728444806,1508.6823825684132,1368.4252417465304,1485.6722136663634,Wuxi Titan Esports Club
724631,TBD,TBD,1250.9643856720108,1250.9643856720108,1266.9643856720108,1234.9643856720108,TBD
724632,TBD,TBD,1234.9643856720108,1234.9643856720108,1250.9643856720108,1218.9643856720108,TBD
598944,Trace Esports,Wolves Esports,1434.2439152282222,1390.6818004129168,1448.2482524375664,1376.6774632035726,Trace Esports
598938,Dragon Ranger Gaming,TYLOO,1470.25984520344,1506.7002553034902,1487.9318615140596,1489.0282389928705,Dragon Ranger Gaming
701036,Wolves Esports,All Gamers,1376.6774632035726,1424.799695726676,1362.879510405003,1438.5976485252456,All Gamers
701037,Xi Lai Gaming,Wuxi Titan Esports Club,1645.8529533191552,1368.4252417465304,1619.241785457282,1395.0364096084036,Wuxi Titan Esports Club
701052,JD Mall JDG Esports,Trace Esports,1419.638645767582,1448.2482524375664,1436.953196989612,1430.9337012155363,JD Mall JDG Esports
701053,EDward Gaming,Nova Esports,1620.362298709414,1500.0993838367344,1599.0350689544587,1521.4266135916898,Nova Esports
670475,Xi Lai Gaming,LEVIATÁN,1619.241785457282,1603.9318744903644,1602.5371939933232,1620.6364659543233,LEVIATÁN
670469,Paper Rex,Team Vitality,1778.3575783716287,1586.3706235539223,1786.3183220571366,1578.4098798684145,Paper Rex
684616,Dragon Ranger Gaming,Xi Lai Gaming,1487.9318615140596,1602.5371939933232,1477.0261906430603,1613.4428648643225,Xi Lai Gaming
684615,NRG,LEVIATÁN,1720.0518008634408,1620.6364659543233,1699.5945445040527,1641.0937223137114,LEVIATÁN
626541,Nongshim RedForce,G2 Esports,1548.571312150462,1668.2734783601745,1569.8755688565157,1646.969221654121,Nongshim RedForce
626542,Paper Rex,NRG,1786.3183220571366,1699.5945445040527,1766.4054732128104,1719.5073933483789,NRG
626529,Paper Rex,NRG,1766.4054732128104,1719.5073933483789,1780.2587591162842,1705.654107444905,Paper Rex
626530,Gentle Mates,Team Liquid,1464.3269511792664,1601.5040379290992,1486.3351816428253,1579.4958074655403,Gentle Mates
642914,Wuxi Titan Esports Club,All Gamers,1395.0364096084036,1438.5976485252456,1381.0320326899612,1452.602025443688,All Gamers
642915,Nova Esports,EDward Gaming,1521.4266135916898,1599.0350689544587,1508.9423346518188,1611.5193478943297,EDward Gaming
659485,JD Mall JDG Esports,Dragon Ranger Gaming,1436.953196989612,1477.0261906430603,1422.79048650723,1491.1889011254423,Dragon Ranger Gaming
659484,All Gamers,TYLOO,1452.602025443688,1489.0282389928705,1470.2733951157481,1471.3568693208103,All Gamers
644709,FNATIC,Eternal Fire,1682.2285673675344,1553.929063729199,1692.5748397927835,1543.58279130395,FNATIC
642916,JD Mall JDG Esports,FunPlus Phoenix,1422.79048650723,1478.3464134691048,1441.3273466763326,1459.8095533000023,JD Mall JDG Esports
642917,Dragon Ranger Gaming,Xi Lai Gaming,1491.1889011254423,1613.4428648643225,1480.5975013151094,1624.0342646746553,Xi Lai Gaming
644722,BBL Esports,GIANTX,1488.149989001988,1440.3290679034042,1469.9615564962664,1458.5175004091257,GIANTX
642941,Wuxi Titan Esports Club,FunPlus Phoenix,1381.0320326899612,1459.8095533000023,1400.5989537445446,1440.242632245419,Wuxi Titan Esports Club
642942,All Gamers,Guangzhou Huadu Bilibili Gaming,1470.2733951157481,1485.6722136663634,1486.982072939129,1468.9635358429825,All Gamers
644728,Eternal Fire,PCIFIC Esports,1543.58279130395,1410.3146700358561,1553.729840801649,1400.167620538157,Eternal Fire
644734,Team Heretics,FUT Esports,1640.9574213728577,1542.6239500479483,1652.5461599631453,1531.0352114576606,Team Heretics
644716,PCIFIC Esports,GIANTX,1400.167620538157,1458.5175004091257,1386.829749991181,1471.8553709561015,GIANTX
642929,Xi Lai Gaming,Nova Esports,1624.0342646746553,1508.9423346518188,1634.9198075823465,1498.0567917441276,Xi Lai Gaming
642930,EDward Gaming,Trace Esports,1611.5193478943297,1430.9337012155363,1619.87902193373,1422.574027176136,EDward Gaming
724633,TBD,TBD,1218.9643856720108,1218.9643856720108,1234.9643856720108,1202.9643856720108,TBD
724634,TBD,TBD,1202.9643856720108,1202.9643856720108,1218.9643856720108,1186.9643856720108,TBD
724642,TBD,TBD,1186.9643856720108,1186.9643856720108,1202.9643856720108,1170.9643856720108,TBD
724643,TBD,TBD,1170.9643856720108,1170.9643856720108,1186.9643856720108,1154.9643856720108,TBD
724619,Trace Esports,A Team,1422.574027176136,1500.0,1410.0817494298883,1512.4922777462477,A Team
724620,Wuxi Titan Esports Club,KeepBest Gaming,1400.5989537445446,1500.0,1389.0556031462095,1511.543350598335,KeepBest Gaming
594761,Karmine Corp,FUT Esports,1427.4835050481076,1531.0352114576606,1448.1158763664448,1510.4028401393234,Karmine Corp
594762,PCIFIC Esports,ULF Esports,1386.829749991181,1459.7674167190214,1374.140164615383,1472.4570020948195,ULF Esports
598945,Wuxi Titan Esports Club,JD Mall JDG Esports,1389.0556031462095,1441.3273466763326,1375.444806298875,1454.9381435236671,JD Mall JDG Esports
598939,EDward Gaming,Guangzhou Huadu Bilibili Gaming,1619.87902193373,1468.9635358429825,1597.3355557024063,1491.5070020743062,Guangzhou Huadu Bilibili Gaming
712803,FUT Esports,Natus Vincere,1510.4028401393234,1441.7556682114648,1491.2820267020616,1460.8764816487267,Natus Vincere
701038,JD Mall JDG Esports,FunPlus Phoenix,1454.9381435236671,1440.242632245419,1438.2617935112798,1456.9189822578062,FunPlus Phoenix
701039,EDward Gaming,TYLOO,1597.3355557024063,1471.3568693208103,1575.7755806753585,1492.9168443478584,TYLOO
712814,FUT Esports,PCIFIC Esports,1491.2820267020616,1374.140164615383,1502.0829732146549,1363.3392181027896,FUT Esports
701054,Xi Lai Gaming,Wolves Esports,1634.9198075823465,1362.879510405003,1640.4490499664153,1357.3502680209342,Xi Lai Gaming
701055,All Gamers,Dragon Ranger Gaming,1486.982072939129,1480.5975013151094,1502.6880856413927,1464.8914886128457,All Gamers
712824,GIANTX,Team Liquid,1471.8553709561015,1579.4958074655403,1460.6596581541187,1590.6915202675232,Team Liquid
684619,FUT Esports,NRG,1502.0829732146549,1705.654107444905,1526.5143071500813,1681.2227735094787,FUT Esports
684617,Global Esports,FULL SENSE,1433.2733476703584,1489.2533614330441,1451.8292430965612,1470.6974660068413,Global Esports
670474,Team Vitality,FUT Esports,1578.4098798684145,1526.5143071500813,1592.0376164786157,1512.88657053988,Team Vitality
626548,G2 Esports,BBL Esports,1646.969221654121,1469.9615564962664,1655.456719620437,1461.4740585299503,G2 Esports
626547,Paper Rex,All Gamers,1780.2587591162842,1502.6880856413927,1785.6439043141233,1497.3029404435536,Paper Rex
626532,EDward Gaming,T1,1575.7755806753585,1613.3319767315797,1561.498411571188,1627.6091458357503,T1
626533,Xi Lai Gaming,G2 Esports,1640.4490499664153,1655.456719620437,1625.1397491668058,1670.7660204200465,G2 Esports
