match_id,team,avg_rating,avg_acs,avg_kast,avg_adr,avg_fk,avg_fd
167348,KOI,0.88,170.5,68.1,112.6,1.6,3.0
167348,NRG,1.1,196.2,76.9,126.6,3.0,1.6
167349,DetonatioN FocusMe,0.73,167.0,60.6,108.8,1.5,2.2
167349,Giants Gaming,1.27,217.8,84.2,148.8,2.2,1.5
167350,Gen.G,1.0,200.7,73.3,125.1,2.4,2.4
167350,LOUD,1.06,208.5,72.7,139.9,2.4,2.4
167351,FunPlus Phoenix,0.9,185.07,70.87,118.87,1.2,2.73
167351,Karmine Corp,1.09,211.33,74.47,131.87,2.73,1.2
167352,BBL Esports,0.85,175.93,66.53,115.93,1.73,2.27
167352,KIWOOM DRX,1.18,220.27,81.47,142.73,2.27,1.73
167353,Cloud9,1.25,231.4,86.5,148.8,2.2,1.6
167353,Paper Rex,0.78,176.2,68.9,123.1,1.6,2.2
167354,Evil Geniuses,1.13,221.5,80.1,140.4,2.3,1.9
167354,Team Heretics,0.94,193.5,72.8,125.3,1.9,2.3
167355,MIBR,1.02,208.2,70.9,135.0,2.3,2.2
167355,TALON,1.01,214.0,71.4,137.1,2.2,2.3
167356,Giants Gaming,0.86,182.67,69.07,122.87,1.73,2.2
167356,NRG,1.13,215.8,81.33,139.6,2.27,1.8
167357,Karmine Corp,0.96,196.1,70.2,128.1,1.8,2.6
167357,LOUD,1.06,205.7,74.5,137.6,2.6,1.8
167358,Cloud9,0.96,189.33,67.53,122.27,1.33,2.07
167358,KIWOOM DRX,1.07,209.13,72.8,138.13,2.07,1.33
167359,Evil Geniuses,0.97,193.7,71.2,126.1,2.1,2.6
167359,TALON,1.07,211.5,77.0,139.0,2.6,2.1
167360,LOUD,1.11,218.33,75.2,144.73,2.4,2.8
167360,NRG,0.93,202.13,71.47,132.8,2.8,2.4
167361,KIWOOM DRX,1.1,212.0,76.27,135.4,1.93,2.4
167361,TALON,0.92,187.2,68.47,127.53,2.4,1.93
167362,Team Liquid,0.88,198.8,67.1,123.8,1.8,2.3
167362,Team Secret,1.14,214.8,79.5,136.0,2.3,1.8
167363,KRÜ Esports,0.73,153.6,63.0,103.7,1.9,2.2
167363,Natus Vincere,1.28,226.1,83.5,151.3,2.2,1.9
167364,LEVIATÁN,1.2,212.4,80.4,135.7,2.9,1.1
167364,ZETA DIVISION,0.74,159.2,63.7,106.2,1.2,3.0
167365,Global Esports,0.84,180.73,67.13,114.87,2.0,1.87
167365,Team Vitality,1.16,217.2,77.73,139.2,1.87,2.0
167366,FUT Esports,1.12,214.4,78.3,139.3,2.3,1.7
167366,Rex Regum Qeon,0.88,189.3,69.7,125.5,1.7,2.3
167367,100 Thieves,1.05,203.33,68.93,137.13,1.87,2.87
167367,EDward Gaming,0.97,205.0,70.53,134.2,2.87,1.87
167368,FNATIC,1.21,214.9,79.9,132.7,2.4,1.5
167368,Sentinels,0.76,160.7,65.6,108.5,1.5,2.4
167369,FURIA,1.22,223.6,78.0,143.0,2.6,1.4
167369,T1,0.8,178.2,67.0,115.4,1.4,2.6
167370,Natus Vincere,1.3,242.7,82.4,159.8,2.7,1.1
167370,Team Secret,0.68,159.6,53.9,103.0,1.1,2.7
167371,LEVIATÁN,1.16,224.1,73.7,145.7,2.6,2.0
167371,Team Vitality,0.86,195.2,67.0,129.3,2.0,2.6
167372,100 Thieves,1.1,216.27,78.0,141.87,2.47,2.0
167372,FUT Esports,0.94,204.4,68.67,131.47,2.0,2.47
167373,FNATIC,1.14,212.0,74.5,140.1,2.8,2.8
167373,FURIA,0.88,186.7,67.5,117.9,2.8,2.8
167374,LEVIATÁN,0.72,164.5,63.5,110.4,1.8,2.1
167374,Natus Vincere,1.22,213.8,81.6,132.6,2.0,1.7
167375,100 Thieves,0.69,167.4,62.1,111.7,1.2,2.5
167375,FNATIC,1.32,241.4,87.2,156.4,2.5,1.2
167391,KIWOOM DRX,0.94,195.4,68.96,126.36,1.76,2.24
167391,LOUD,1.07,205.24,74.48,133.36,2.24,1.76
167392,FNATIC,1.14,208.13,76.67,135.93,1.93,2.4
167392,Natus Vincere,0.85,172.47,66.6,118.07,2.4,1.93
167393,FNATIC,1.03,209.08,73.64,137.56,2.16,2.24
167393,LOUD,0.96,193.16,70.28,127.96,2.24,2.16
173214,FNATIC,1.18,214.7,82.0,137.6,2.3,1.7
173214,Giants Gaming,0.82,178.8,65.7,119.4,1.7,2.3
173215,KOI,1.14,210.3,73.1,140.8,3.2,2.6
173215,Natus Vincere,0.92,187.7,71.6,129.7,2.6,3.2
173216,FUT Esports,1.28,233.9,80.1,149.8,2.5,1.4
173216,Team Heretics,0.73,172.8,60.6,115.4,1.4,2.5
173217,Team Liquid,1.08,196.53,74.13,127.27,2.4,1.4
173217,Team Vitality,0.9,177.53,63.53,115.6,1.4,2.4
173218,Giants Gaming,0.98,198.07,71.07,130.33,2.67,2.67
173218,Natus Vincere,1.0,202.07,73.87,132.6,2.67,2.67
173219,BBL Esports,0.84,179.2,66.9,120.6,2.2,3.9
173219,Karmine Corp,1.16,216.8,77.8,146.8,3.8,2.1
173220,FUT Esports,0.89,184.8,66.67,121.73,1.8,2.27
173220,Team Liquid,1.15,224.67,79.87,143.33,2.27,1.8
173221,KOI,0.93,198.2,72.3,132.3,1.9,3.1
173221,Team Vitality,1.06,208.7,76.4,135.9,3.1,1.9
173222,BBL Esports,0.94,198.2,72.47,131.07,2.27,2.07
173222,FNATIC,1.07,208.93,75.13,137.27,2.07,2.27
173223,Karmine Corp,0.78,167.5,62.2,109.8,1.6,1.7
173223,Team Heretics,1.14,218.4,82.3,140.7,1.7,1.6
180279,Team FRTTT,,,,,,
180279,Team tarik,,,,,,
183774,100 Thieves,0.93,185.4,68.47,121.2,3.07,2.0
183774,Sentinels,1.1,214.6,74.47,142.93,2.0,3.07
183775,FURIA,1.16,213.3,76.8,140.5,2.0,2.2
183775,KRÜ Esports,0.88,190.5,68.6,123.9,2.2,2.0
183776,LOUD,1.12,215.07,77.93,137.53,2.47,1.93
183776,MIBR,0.92,184.13,65.2,122.2,1.93,2.47
183777,Cloud9,1.06,217.8,75.5,143.4,2.5,2.1
183777,Evil Geniuses,1.03,210.8,71.4,142.0,2.1,2.5
183778,LEVIATÁN,1.16,202.8,78.2,129.3,2.5,1.5
183778,NRG,0.85,181.2,70.1,124.0,1.6,2.6
183779,Cloud9,0.93,190.67,67.27,123.33,2.13,1.93
183779,LOUD,1.1,217.27,73.93,148.33,1.93,2.13
183780,FURIA,1.05,198.87,78.07,128.8,2.13,2.2
183780,LEVIATÁN,0.95,190.93,70.4,127.87,2.2,2.13
183781,NRG,1.25,221.5,82.8,144.3,2.8,1.0
183781,Sentinels,0.72,172.8,62.0,120.1,1.0,2.8
183782,KRÜ Esports,0.98,196.8,68.53,128.4,2.2,2.6
183782,MIBR,1.03,209.67,74.13,133.13,2.6,2.2
183783,100 Thieves,1.25,223.8,77.8,146.8,2.1,1.9
183783,Evil Geniuses,0.79,176.0,65.5,115.9,1.9,2.1
183785,100 Thieves,0.91,193.0,67.6,127.1,1.5,3.1
183785,Cloud9,1.12,206.6,77.6,141.4,3.1,1.5
183786,MIBR,1.08,210.47,74.13,140.13,2.53,3.0
183786,NRG,0.92,199.33,72.87,127.47,3.0,2.53
183787,LEVIATÁN,1.06,204.0,74.67,132.2,2.47,2.0
183787,Sentinels,0.95,192.07,68.73,126.73,2.0,2.47
183788,Evil Geniuses,1.1,208.0,77.8,136.4,2.2,2.33
183788,KRÜ Esports,0.93,188.93,71.33,122.07,2.33,2.2
183789,FURIA,0.83,176.3,61.0,116.9,1.4,2.5
183789,LOUD,1.13,216.9,84.0,136.4,2.5,1.4
183791,LOUD,1.0,196.07,74.2,123.33,2.2,2.07
183791,Sentinels,1.01,195.87,68.13,128.93,2.07,2.2
183792,LEVIATÁN,1.37,229.9,86.2,144.5,2.0,1.3
183792,MIBR,0.64,151.0,61.0,105.8,1.3,2.0
183793,100 Thieves,1.01,197.47,69.0,133.4,2.07,1.87
183793,KRÜ Esports,1.04,208.53,76.33,136.73,1.87,2.07
183794,Evil Geniuses,0.99,200.47,70.53,130.6,1.93,2.8
183794,FURIA,1.01,203.67,69.8,134.2,2.8,1.93
183795,Cloud9,1.16,216.5,80.2,142.0,2.0,2.2
183795,NRG,0.82,182.4,71.1,121.8,2.2,2.0
183796,MIBR,0.9,194.2,69.2,128.2,1.6,2.1
183796,Sentinels,1.11,218.8,79.5,143.5,2.1,1.6
183797,100 Thieves,1.03,199.4,75.67,130.0,2.47,2.6
183797,LEVIATÁN,0.98,190.53,72.07,125.6,2.6,2.47
183798,Evil Geniuses,0.89,189.0,68.67,125.93,1.27,2.2
183798,LOUD,1.12,221.67,84.33,144.33,2.2,1.27
183799,Cloud9,1.1,207.3,75.4,135.5,2.3,2.0
183799,FURIA,0.9,194.9,71.9,128.9,2.0,2.3
183800,KRÜ Esports,0.73,157.3,56.4,102.7,1.7,2.3
183800,NRG,1.24,222.1,80.2,138.6,2.3,1.7
183801,100 Thieves,0.8,184.4,70.6,122.9,1.4,2.2
183801,NRG,1.23,227.9,81.4,150.4,2.2,1.4
183802,FURIA,1.1,199.9,77.9,129.1,2.6,1.8
183802,MIBR,0.9,175.0,68.0,115.9,1.8,2.6
183803,Cloud9,1.25,226.1,81.5,145.1,2.0,1.6
183803,Sentinels,0.76,168.6,59.0,112.1,1.6,2.0
183804,Evil Geniuses,1.0,190.07,68.27,128.53,2.47,2.13
183804,LEVIATÁN,1.02,199.8,73.13,132.4,2.13,2.47
183805,KRÜ Esports,0.97,186.73,69.07,125.33,2.13,2.53
183805,LOUD,1.04,200.13,73.0,132.0,2.53,2.13
183807,Evil Geniuses,1.21,213.7,78.8,139.7,2.2,1.5
183807,Sentinels,0.83,174.7,61.3,117.7,1.5,2.2
183808,Cloud9,1.29,219.7,83.8,141.2,2.1,1.4
183808,MIBR,0.71,159.5,61.9,109.8,1.4,2.1
183809,100 Thieves,0.9,177.7,70.3,119.6,2.4,2.2
183809,LOUD,1.11,208.1,73.8,133.1,2.2,2.4
183810,KRÜ Esports,0.66,150.6,58.4,99.4,1.0,2.4
183810,LEVIATÁN,1.36,233.1,83.3,149.1,2.4,1.0
183811,FURIA,0.93,190.33,70.87,123.8,2.13,2.27
183811,NRG,1.03,196.6,76.13,123.73,2.33,2.2
183812,100 Thieves,1.09,199.47,75.2,129.87,2.6,1.87
183812,FURIA,0.9,179.27,68.67,119.53,1.87,2.6
183813,Evil Geniuses,1.43,241.6,84.1,160.9,2.3,1.1
183813,MIBR,0.62,153.5,58.4,106.4,1.0,2.2
183814,KRÜ Esports,0.94,192.5,70.5,127.4,2.1,2.8
183814,Sentinels,1.08,212.3,79.0,144.1,2.8,2.1
183815,LOUD,0.82,181.3,65.7,118.6,1.5,2.5
183815,NRG,1.16,216.9,83.0,143.3,2.5,1.5
183816,Cloud9,1.09,202.3,76.2,132.9,2.4,1.3
183816,LEVIATÁN,0.93,190.0,70.1,121.5,1.3,2.4
183944,FUT Esports,1.18,213.1,79.7,135.5,2.0,2.0
183944,Team Vitality,0.83,181.9,64.9,121.0,2.0,2.0
183945,BBL Esports,0.88,184.0,64.8,121.1,2.1,2.3
183945,Natus Vincere,1.12,206.2,76.4,133.6,2.3,2.1
183946,FNATIC,1.3,230.9,89.4,150.9,2.7,0.8
183946,Team Heretics,0.7,154.5,54.8,103.4,0.8,2.7
183947,Karmine Corp,0.62,133.1,55.3,85.4,1.3,2.0
183947,Team Liquid,1.36,227.5,81.7,140.5,2.0,1.3
183948,Giants Gaming,1.3,231.9,84.7,148.2,2.4,1.4
183948,KOI,0.7,161.5,59.1,108.9,1.4,2.4
183949,Natus Vincere,1.29,232.6,84.2,152.87,2.0,1.53
183949,Team Heretics,0.74,165.87,60.6,110.0,1.53,2.0
183950,FUT Esports,1.06,205.0,74.6,135.6,2.4,2.0
183950,KOI,0.94,200.0,73.8,123.4,2.0,2.4
183951,FNATIC,1.32,228.9,82.5,152.0,2.4,1.4
183951,Team Liquid,0.67,154.0,57.0,101.0,1.4,2.4
183952,BBL Esports,0.76,173.0,60.8,115.8,1.4,2.5
183952,Giants Gaming,1.24,224.2,81.1,155.0,2.5,1.4
183953,Karmine Corp,0.7,154.6,58.0,97.7,1.2,2.2
183953,Team Vitality,1.3,216.3,81.7,141.8,2.2,1.2
184032,FURIA,0.99,195.0,73.47,125.8,2.47,2.47
184032,Sentinels,0.98,195.47,72.87,129.53,2.47,2.47
184033,Evil Geniuses,0.92,201.4,70.3,132.9,2.1,2.1
184033,NRG,1.1,213.3,74.4,141.2,2.1,2.1
184034,Cloud9,0.98,200.33,72.47,131.33,2.13,2.47
184034,KRÜ Esports,1.05,211.33,75.47,138.4,2.47,2.13
184035,LEVIATÁN,0.75,152.3,55.1,105.6,1.4,2.4
184035,LOUD,1.25,207.9,84.2,141.9,2.4,1.4
184036,100 Thieves,0.95,190.8,72.2,125.07,2.07,2.27
184036,MIBR,1.07,206.07,74.67,133.8,2.27,2.07
184037,Team Heretics,0.86,189.6,65.1,126.6,2.9,2.4
184037,Team Liquid,1.12,216.3,73.4,137.6,2.4,2.9
184038,FNATIC,1.25,216.7,81.3,145.7,2.7,1.2
184038,KOI,0.76,151.9,58.6,98.3,1.2,2.7
184039,FUT Esports,0.82,185.8,61.9,121.6,2.0,2.2
184039,Giants Gaming,1.2,227.9,74.4,151.1,2.2,2.0
184040,Karmine Corp,0.84,172.7,70.0,114.2,1.8,2.6
184040,Natus Vincere,1.14,199.2,79.4,130.8,2.6,1.8
184041,BBL Esports,1.15,210.3,76.7,138.4,2.8,1.6
184041,Team Vitality,0.84,176.2,62.9,116.4,1.5,2.7
184042,Giants Gaming,0.91,185.13,67.87,120.0,2.0,2.73
184042,Team Liquid,1.1,208.13,72.93,134.4,2.73,2.0
184043,BBL Esports,1.16,217.93,82.33,143.2,2.53,1.8
184043,Team Heretics,0.85,177.8,67.33,115.13,1.73,2.47
184044,KOI,0.94,188.13,72.13,121.8,1.6,2.67
184044,Karmine Corp,1.05,205.8,73.27,133.8,2.67,1.6
184045,FNATIC,1.29,225.1,81.7,145.0,2.1,1.5
184045,FUT Esports,0.67,159.1,64.1,103.0,1.5,2.1
184046,Natus Vincere,1.1,201.0,72.2,135.6,2.4,2.2
184046,Team Vitality,0.89,180.3,64.3,119.8,2.2,2.4
184047,FNATIC,1.08,208.5,74.4,133.0,2.9,1.8
184047,Team Vitality,0.93,182.4,65.8,120.2,1.8,2.9
184048,FUT Esports,1.2,219.8,80.1,141.0,2.2,1.7
184048,Karmine Corp,0.8,177.7,66.7,113.3,1.7,2.2
184049,BBL Esports,1.12,205.0,78.0,131.27,1.73,1.67
184049,KOI,0.88,179.47,67.4,115.67,1.67,1.73
184050,Natus Vincere,1.03,202.0,71.4,131.1,2.8,2.0
184050,Team Liquid,0.96,198.3,71.5,128.2,2.0,2.8
184051,Giants Gaming,0.98,199.0,70.3,134.3,2.8,2.4
184051,Team Heretics,1.06,205.9,72.5,140.6,2.4,2.8
184052,Giants Gaming,1.14,213.33,78.4,141.47,2.13,2.2
184052,Team Vitality,0.9,194.33,66.33,131.33,2.2,2.13
184053,FUT Esports,0.96,197.0,70.8,123.6,2.2,2.2
184053,Natus Vincere,1.05,220.2,79.0,145.4,2.2,2.2
184054,FNATIC,1.23,210.6,84.8,130.3,2.3,1.5
184054,Karmine Corp,0.71,152.6,58.3,101.6,1.5,2.3
184055,BBL Esports,0.99,193.4,72.0,130.4,2.4,1.6
184055,Team Liquid,1.06,202.7,75.0,129.1,1.6,2.4
184056,KOI,1.07,204.73,76.53,134.07,2.53,1.87
184056,Team Heretics,0.92,191.53,69.4,124.53,1.87,2.53
184057,FNATIC,1.14,217.4,76.3,143.7,2.0,2.3
184057,Natus Vincere,0.85,181.6,66.6,119.7,2.3,2.0
184058,Team Heretics,0.9,183.1,67.3,120.3,2.8,2.3
184058,Team Vitality,1.12,211.6,76.8,141.9,2.3,2.8
184059,Giants Gaming,1.1,203.6,72.9,136.2,1.8,3.0
184059,Karmine Corp,0.88,177.7,67.9,114.5,3.0,1.8
184060,KOI,0.89,184.0,66.53,116.67,1.67,2.67
184060,Team Liquid,1.12,217.07,76.4,144.33,2.67,1.67
184061,BBL Esports,0.84,189.0,74.4,125.6,1.9,1.8
184061,FUT Esports,1.11,205.9,79.1,135.8,1.9,2.0
184456,KIWOOM DRX,1.18,216.8,76.1,130.6,1.8,1.8
184456,ZETA DIVISION,0.76,172.0,69.4,111.2,1.8,1.8
184457,Global Esports,0.91,186.4,74.2,120.47,2.07,1.8
184457,T1,1.08,205.0,74.8,131.2,1.8,2.07
184458,DetonatioN FocusMe,1.06,213.5,76.8,146.3,2.4,1.8
184458,Paper Rex,0.98,210.1,68.0,138.8,1.8,2.4
184459,TALON,0.91,196.27,69.4,128.13,1.8,1.87
184459,Team Secret,1.12,218.53,75.73,141.73,1.87,1.8
184460,Gen.G,1.16,223.8,75.5,146.5,2.0,2.1
184460,Rex Regum Qeon,0.9,191.0,69.4,117.0,2.1,2.0
184461,Rex Regum Qeon,0.96,192.0,70.8,122.2,1.73,2.47
184461,ZETA DIVISION,1.05,208.47,79.0,138.6,2.53,1.8
184462,T1,1.16,214.8,77.9,133.7,1.9,2.1
184462,TALON,0.82,190.5,62.6,127.1,2.1,1.9
184463,Paper Rex,0.98,191.87,67.6,128.47,2.0,2.73
184463,Team Secret,1.04,198.27,75.73,128.73,2.73,2.0
184465,DetonatioN FocusMe,1.11,211.33,81.0,141.4,1.87,2.07
184465,Gen.G,0.93,194.47,72.53,130.33,2.07,1.87
184466,Global Esports,1.06,199.1,75.3,123.6,3.1,2.4
184466,KIWOOM DRX,0.97,196.4,69.1,128.6,2.4,3.1
184467,DetonatioN FocusMe,0.69,169.2,67.7,112.4,1.5,2.2
184467,Rex Regum Qeon,1.32,240.1,82.0,157.6,2.2,1.5
184468,Paper Rex,1.27,226.1,80.3,145.4,2.4,1.1
184468,T1,0.73,167.2,59.9,108.1,1.1,2.4
184469,Global Esports,0.98,195.2,75.73,125.27,2.2,2.4
184469,ZETA DIVISION,1.06,210.93,78.33,136.33,2.4,2.2
184470,KIWOOM DRX,1.3,232.9,82.3,149.2,2.3,1.6
184470,TALON,0.72,165.0,57.4,112.2,1.6,2.3
184471,Gen.G,1.06,211.7,73.4,131.7,2.4,2.1
184471,Team Secret,0.98,198.3,72.4,129.5,2.1,2.4
184472,KIWOOM DRX,1.12,206.2,76.6,134.8,2.1,2.0
184472,Paper Rex,0.91,185.8,68.9,118.8,2.0,2.1
184473,Rex Regum Qeon,1.16,206.5,75.2,139.6,2.6,1.7
184473,Team Secret,0.86,167.6,63.3,109.1,1.7,2.6
184474,Gen.G,1.25,223.9,82.0,142.6,2.2,1.4
184474,T1,0.79,176.4,59.0,120.5,1.4,2.2
184475,DetonatioN FocusMe,0.78,160.5,70.6,102.4,1.5,2.5
184475,ZETA DIVISION,1.24,223.7,82.8,143.5,2.5,1.5
184476,Global Esports,1.12,222.6,73.5,143.2,2.4,2.0
184476,TALON,0.91,191.7,62.6,125.2,1.9,2.3
184477,Global Esports,0.96,202.87,66.67,127.33,1.8,2.13
184477,Paper Rex,1.04,212.6,68.87,140.67,2.13,1.8
184478,Gen.G,0.97,187.13,73.47,122.87,2.27,1.73
184478,KIWOOM DRX,1.03,194.2,70.73,125.33,1.73,2.27
184479,Rex Regum Qeon,0.82,177.3,73.5,116.0,2.1,1.8
184479,T1,1.18,216.5,78.9,139.3,1.8,2.1
184480,DetonatioN FocusMe,0.93,187.7,70.3,122.0,2.0,2.5
184480,Team Secret,1.1,207.4,74.4,137.3,2.5,2.0
184481,TALON,1.05,207.4,76.4,136.9,2.3,2.7
184481,ZETA DIVISION,0.97,205.5,75.2,134.3,2.8,2.4
184482,DetonatioN FocusMe,0.93,195.27,70.73,126.0,1.87,2.67
184482,T1,1.03,197.67,73.13,131.47,2.6,1.8
184483,Team Secret,0.97,195.07,70.47,128.73,2.07,2.47
184483,ZETA DIVISION,1.03,202.47,71.8,129.4,2.4,2.0
184484,Gen.G,0.89,187.2,69.3,121.4,1.5,2.7
184484,Global Esports,1.16,219.8,78.4,142.1,2.7,1.5
184485,KIWOOM DRX,1.16,211.2,78.33,132.53,2.4,1.6
184485,Rex Regum Qeon,0.85,173.0,60.4,111.93,1.53,2.33
184486,Paper Rex,1.16,217.93,78.33,140.87,2.6,1.67
184486,TALON,0.9,184.93,65.93,125.93,1.67,2.6
184488,Gen.G,0.92,189.9,67.8,123.2,1.6,2.5
184488,TALON,1.12,218.2,75.5,146.7,2.5,1.6
184489,Paper Rex,1.15,208.2,82.9,129.0,2.7,1.4
184489,ZETA DIVISION,0.84,172.4,67.6,111.4,1.4,2.7
184490,Global Esports,0.91,197.5,68.7,129.3,1.9,2.8
184490,Rex Regum Qeon,1.1,214.2,79.6,137.4,2.8,1.9
184491,T1,1.27,224.2,84.9,146.5,2.5,1.3
184491,Team Secret,0.72,159.7,60.1,108.0,1.3,2.5
184492,DetonatioN FocusMe,0.84,177.4,63.5,116.5,2.2,1.6
184492,KIWOOM DRX,1.16,212.8,75.2,132.7,1.6,2.2
184493,Gen.G,0.73,161.9,62.9,107.2,1.3,2.2
184493,Paper Rex,1.24,210.6,79.0,134.9,2.2,1.3
184494,T1,1.12,216.8,77.2,139.0,2.73,1.47
184494,ZETA DIVISION,0.85,189.67,61.13,122.33,1.47,2.73
184495,KIWOOM DRX,0.98,198.4,69.3,126.9,2.0,2.5
184495,Team Secret,1.06,208.3,75.0,133.9,2.5,2.0
184496,DetonatioN FocusMe,0.79,164.4,63.6,109.9,1.8,2.1
184496,Global Esports,1.18,199.4,76.3,126.9,2.1,1.8
184497,Rex Regum Qeon,1.07,208.87,75.0,135.13,2.07,1.47
184497,TALON,0.95,199.13,69.73,131.4,1.47,2.07
184498,Gen.G,0.94,189.0,69.8,124.27,1.8,1.87
184498,ZETA DIVISION,1.08,211.93,74.07,136.07,1.87,1.8
184499,KIWOOM DRX,1.0,189.4,69.7,123.1,2.3,2.2
184499,T1,0.98,189.2,71.7,122.6,2.2,2.3
184500,Global Esports,0.9,190.5,63.2,127.1,1.8,2.7
184500,Team Secret,1.13,208.8,79.6,135.0,2.7,1.8
184501,DetonatioN FocusMe,0.86,189.3,68.3,124.1,2.3,1.8
184501,TALON,1.16,217.3,77.8,144.4,1.8,2.3
184502,Paper Rex,1.1,215.3,77.8,139.3,2.5,2.1
184502,Rex Regum Qeon,0.92,195.7,65.7,130.8,2.1,2.5
184513,Team Secret,,,,,,
184513,ZETA DIVISION,,,,,,
184514,Gen.G,0.91,189.47,69.27,122.4,1.47,2.87
184514,T1,1.1,213.67,74.13,139.8,2.87,1.47
184515,KIWOOM DRX,1.18,220.0,77.87,140.8,2.07,1.73
184515,Team Secret,0.88,181.13,62.87,116.33,1.73,2.07
184516,Paper Rex,1.15,215.4,78.3,140.5,2.7,1.9
184516,T1,0.86,184.3,63.9,126.7,1.9,2.7
184517,T1,1.04,200.6,73.47,128.33,2.27,2.53
184517,ZETA DIVISION,0.98,194.27,70.73,126.53,2.53,2.27
184518,Gen.G,1.12,212.2,77.33,136.53,2.93,1.6
184518,Team Secret,0.93,194.53,71.53,130.8,1.6,2.93
184519,KIWOOM DRX,0.74,166.2,61.7,109.6,1.6,2.1
184519,Paper Rex,1.25,225.6,81.6,141.5,2.1,1.6
184520,Gen.G,0.86,189.8,69.2,123.0,1.7,2.9
184520,T1,1.16,218.9,80.5,140.8,2.9,1.7
184521,KIWOOM DRX,1.0,189.64,76.12,121.96,2.32,2.16
184521,T1,1.0,193.16,75.64,126.44,2.2,2.36
184522,KIWOOM DRX,0.9,186.32,69.6,123.04,1.84,2.36
184522,Paper Rex,1.13,209.96,78.36,137.64,2.36,1.84
189050,FURIA,1.12,207.13,77.33,135.0,2.27,2.73
189050,LEVIATÁN,0.89,182.33,69.6,118.93,2.73,2.27
189051,Evil Geniuses,1.06,206.27,74.27,135.07,2.4,2.4
189051,NRG,0.94,188.8,73.4,122.67,2.4,2.4
189052,FURIA,0.7,153.8,59.4,102.8,1.5,2.0
189052,LOUD,1.28,221.9,86.8,147.2,2.0,1.5
189053,Cloud9,0.61,151.9,55.0,101.5,1.1,2.2
189053,Evil Geniuses,1.41,239.8,84.2,150.3,2.2,1.1
189054,Evil Geniuses,0.89,195.73,67.53,129.8,2.13,1.93
189054,LOUD,1.12,216.73,73.53,139.67,2.0,2.2
189055,LOUD,1.04,203.47,71.67,128.53,2.47,2.2
189055,NRG,0.94,190.87,65.8,126.47,2.2,2.47
189056,Cloud9,1.06,202.47,76.67,132.93,2.13,1.93
189056,LEVIATÁN,0.92,199.33,71.0,130.47,1.93,2.13
189057,FURIA,0.94,183.6,69.1,122.8,1.8,2.7
189057,NRG,1.07,197.3,75.5,132.3,2.7,1.8
189058,Cloud9,1.01,196.73,70.8,131.33,2.4,2.33
189058,NRG,1.01,199.73,70.93,130.53,2.33,2.4
189059,Evil Geniuses,0.88,178.95,69.35,118.45,1.8,2.45
189059,NRG,1.14,210.45,81.05,138.75,2.45,1.8
213193,FUT Esports,1.1,206.0,74.1,131.3,1.8,2.6
213193,Giants Gaming,0.92,190.7,69.3,129.1,2.6,1.8
213194,Team Liquid,1.0,196.8,70.93,125.8,2.27,2.2
213194,Team Vitality,1.01,194.73,68.93,127.53,2.2,2.27
213195,FNATIC,1.31,237.4,81.07,154.2,2.07,1.33
213195,FUT Esports,0.71,162.27,58.8,107.33,1.33,2.07
213196,Natus Vincere,0.98,190.1,66.5,124.6,2.5,2.2
213196,Team Liquid,1.0,191.8,68.4,126.5,2.2,2.5
213197,FNATIC,1.14,207.9,78.2,132.7,2.1,2.4
213197,Team Liquid,0.82,180.2,62.7,118.9,2.4,2.1
213198,FNATIC,0.96,189.35,69.65,121.9,2.3,2.35
213198,Team Liquid,1.04,196.05,71.15,127.25,2.35,2.3
213199,Giants Gaming,0.86,185.3,66.5,125.2,1.7,2.7
213199,Natus Vincere,1.16,218.6,77.3,148.7,2.7,1.7
213200,FUT Esports,1.07,202.6,74.27,130.4,2.33,1.87
213200,Team Vitality,0.92,179.2,67.0,117.67,1.87,2.33
213201,FUT Esports,1.1,213.9,73.7,134.4,1.9,2.2
213201,Natus Vincere,0.89,191.2,66.7,125.1,2.2,1.9
213202,FUT Esports,0.8,175.4,68.13,111.67,2.07,2.47
213202,Team Liquid,1.17,222.87,79.07,144.8,2.47,2.07
214088,Team Bunny,1.21,235.8,72.8,154.4,1.2,2.6
214088,Team SuperBusS,0.79,196.8,59.8,128.6,2.6,1.2
219594,Gank Gaming,0.97,198.67,68.27,131.07,2.27,2.13
219594,Royal Never Give Up,1.07,205.8,78.53,138.13,2.13,2.27
219595,Totoro Gaming,1.1,225.9,76.4,144.8,2.8,2.4
219595,Weibo Gaming,0.94,199.0,66.8,130.4,2.4,2.8
219596,Douyu Gaming,1.15,218.0,77.0,138.0,2.9,1.4
219596,Number One Player,0.87,189.1,65.3,125.8,1.4,2.9
219597,Invincible Gaming,0.81,189.0,64.7,121.2,1.5,2.0
219597,Nova Esports,1.17,220.4,76.4,139.0,2.0,1.5
219598,Four Angry Men,0.98,197.6,67.67,127.87,2.53,2.8
219598,Night Wings Gaming,1.01,201.6,70.73,130.07,2.8,2.53
219599,Monarch Effect,1.0,213.2,74.53,137.33,2.27,2.73
219599,TYLOO,1.02,208.0,72.67,137.8,2.73,2.27
219600,Dragon Ranger Gaming,1.03,203.87,78.8,136.13,2.53,2.13
219600,Rare Atom,1.01,195.4,72.93,128.4,2.13,2.53
219601,Kingzone,0.54,141.7,46.1,96.7,0.6,2.4
219601,Shenzhen NTER,1.48,245.9,92.7,161.0,2.4,0.6
220290,NRG,1.06,198.6,74.2,132.07,1.93,2.47
220290,Natus Vincere,0.95,183.27,67.13,123.07,2.47,1.93
220292,EDward Gaming,1.08,218.27,81.8,142.47,2.53,2.07
220292,T1,0.92,194.33,68.33,128.33,2.07,2.53
220293,NRG,1.05,200.2,71.4,135.53,2.53,2.0
220293,T1,0.99,195.4,70.87,129.47,2.0,2.53
220294,EDward Gaming,0.96,202.5,71.3,132.8,2.6,3.2
220294,Natus Vincere,1.05,210.5,76.1,141.8,3.2,2.6
220295,EDward Gaming,1.26,219.1,85.6,139.9,2.3,1.3
220295,T1,0.73,166.1,62.0,109.4,1.3,2.3
220296,Attacking Soul Esports,0.88,191.5,72.7,124.7,2.7,1.6
220296,KIWOOM DRX,1.2,223.5,79.5,145.1,1.6,2.7
220297,Evil Geniuses,1.13,214.3,74.5,141.8,2.0,2.4
220297,FUT Esports,0.87,183.1,63.6,119.8,2.4,2.0
220298,Evil Geniuses,1.18,214.2,78.6,140.5,2.4,1.6
220298,KIWOOM DRX,0.86,186.6,66.6,126.8,1.6,2.4
220299,Attacking Soul Esports,0.95,197.47,65.2,132.07,1.8,2.07
220299,FUT Esports,1.09,215.87,73.47,138.2,2.07,1.8
220300,FUT Esports,0.92,181.27,71.53,116.33,1.87,2.13
220300,KIWOOM DRX,1.12,210.0,76.27,137.2,2.13,1.87
220441,KIWOOM DRX,0.91,186.9,70.2,120.9,1.8,2.8
220441,Paper Rex,1.1,205.4,79.3,131.5,2.8,1.8
220442,FNATIC,1.31,222.3,85.5,137.1,2.4,1.5
220442,NRG,0.66,148.0,56.7,100.1,1.5,2.4
220443,EDward Gaming,0.98,191.6,73.13,124.8,2.67,1.8
220443,Team Liquid,1.0,196.73,72.0,126.6,1.8,2.67
220444,Evil Geniuses,1.23,228.7,80.6,150.6,2.2,1.6
220444,LOUD,0.8,177.4,63.4,115.0,1.6,2.2
220445,FNATIC,1.21,223.8,77.5,148.8,2.1,1.7
220445,Paper Rex,0.83,179.4,66.8,115.5,1.7,2.1
220446,Evil Geniuses,1.19,216.8,79.1,145.8,2.1,1.6
220446,Team Liquid,0.8,183.0,68.1,120.2,1.6,2.1
220447,Evil Geniuses,0.83,174.73,64.27,111.93,1.6,2.53
220447,FNATIC,1.17,217.67,75.8,137.93,2.53,1.6
220448,Evil Geniuses,0.88,180.0,67.33,116.93,2.53,2.2
220448,FNATIC,1.14,208.6,74.0,131.73,2.2,2.53
220449,KIWOOM DRX,0.8,177.5,64.8,111.7,2.5,1.7
220449,NRG,1.2,214.0,82.1,135.2,1.7,2.5
220450,EDward Gaming,1.12,217.2,77.8,139.3,2.1,2.1
220450,LOUD,0.9,188.7,66.4,120.5,2.1,2.1
220451,NRG,1.07,199.53,73.27,136.13,2.0,2.33
220451,Team Liquid,0.95,188.07,71.27,119.0,2.33,2.0
220452,EDward Gaming,0.98,204.4,74.27,131.33,2.13,2.47
220452,Paper Rex,1.03,207.2,75.0,134.93,2.47,2.13
220453,NRG,1.06,205.07,76.73,137.07,2.33,2.4
220453,Paper Rex,0.95,194.8,69.47,127.87,2.4,2.33
220454,Evil Geniuses,1.11,210.68,75.16,140.12,2.56,1.8
220454,Paper Rex,0.93,193.76,68.04,127.88,1.8,2.56
221176,Shenzhen NTER,0.9,202.4,72.2,128.2,2.4,3.3
221176,Totoro Gaming,1.16,227.3,79.2,152.8,3.3,2.4
221177,Dragon Ranger Gaming,1.12,208.0,74.5,135.8,2.1,2.4
221177,Royal Never Give Up,0.9,184.8,68.7,122.2,2.4,2.1
221178,Nova Esports,0.74,168.1,54.9,109.2,1.6,2.2
221178,TYLOO,1.21,222.6,75.7,142.0,2.2,1.6
221179,Douyu Gaming,1.13,215.1,79.1,140.7,2.1,2.0
221179,Night Wings Gaming,0.92,192.0,63.8,125.0,2.0,2.1
221180,Gank Gaming,1.25,223.3,77.2,145.8,2.2,2.5
221180,Invincible Gaming,0.76,175.8,64.8,119.0,2.5,2.2
221181,Kingzone,0.9,192.2,65.3,124.6,2.4,2.2
221181,Number One Player,1.12,215.3,74.2,144.0,2.2,2.4
221182,Monarch Effect,1.03,205.47,76.47,133.87,2.47,2.27
221182,Rare Atom,0.99,203.6,69.67,132.4,2.27,2.47
221183,Four Angry Men,0.83,176.93,56.93,116.4,1.67,2.4
221183,Weibo Gaming,1.15,213.4,76.4,135.53,2.4,1.67
221837,Shenzhen NTER,0.97,194.2,69.6,127.7,2.0,2.7
221837,Weibo Gaming,1.06,212.6,74.1,139.6,2.7,2.0
221838,Nova Esports,0.92,184.67,66.67,117.8,2.07,2.27
221838,Royal Never Give Up,1.09,201.0,72.4,133.27,2.27,2.07
221839,Gank Gaming,1.04,198.2,75.5,126.6,2.9,2.1
221839,Night Wings Gaming,0.92,188.4,68.4,120.5,2.1,2.9
221840,Monarch Effect,1.11,217.27,77.8,139.87,2.33,2.93
221840,Number One Player,0.93,203.2,69.93,134.93,2.93,2.33
221841,Douyu Gaming,0.8,169.7,60.5,109.1,1.4,2.6
221841,Totoro Gaming,1.25,222.6,80.8,146.0,2.6,1.4
221842,Four Angry Men,1.26,227.3,84.5,142.3,1.9,1.5
221842,Kingzone,0.73,170.3,63.1,113.3,1.5,1.9
221843,Dragon Ranger Gaming,0.8,175.1,63.3,116.9,1.8,2.4
221843,TYLOO,1.22,226.7,80.6,150.8,2.4,1.8
221844,Invincible Gaming,1.22,225.9,78.5,145.1,2.6,1.3
221844,Rare Atom,0.77,171.8,52.8,115.3,1.3,2.6
222364,Night Wings Gaming,0.76,173.5,61.0,115.4,1.3,2.7
222364,Weibo Gaming,1.25,230.1,83.7,148.0,2.7,1.3
222365,Douyu Gaming,1.0,196.8,69.5,124.4,2.5,2.5
222365,Royal Never Give Up,1.0,198.1,72.7,126.8,2.5,2.5
222366,Dragon Ranger Gaming,0.93,197.87,70.0,129.0,2.13,2.07
222366,Monarch Effect,1.07,209.0,76.67,130.0,2.07,2.13
222367,Four Angry Men,1.22,224.73,83.8,142.47,2.33,1.33
222367,Invincible Gaming,0.75,167.6,59.2,112.13,1.33,2.33
222368,Gank Gaming,0.97,202.4,75.0,130.8,2.27,1.8
222368,Nova Esports,1.05,208.6,77.13,143.0,1.8,2.27
222369,Number One Player,0.83,139.5,77.6,89.2,1.2,1.9
222369,Shenzhen NTER,1.06,164.0,84.5,112.2,1.9,1.2
222530,Night Wings Gaming,0.99,201.0,73.2,128.87,2.53,2.2
222530,Shenzhen NTER,1.06,214.13,75.87,139.47,2.2,2.53
222531,Four Angry Men,1.07,203.07,79.73,131.73,2.73,2.07
222531,Gank Gaming,0.92,198.2,75.13,131.67,2.07,2.73
222532,Douyu Gaming,0.86,186.4,65.7,122.1,2.0,2.2
222532,Dragon Ranger Gaming,1.16,219.9,77.9,144.9,2.2,2.0
232729,KRÜ Esports,1.14,208.8,77.1,132.3,2.1,2.0
232729,MIBR,0.88,183.0,66.6,124.3,2.0,2.1
232730,100 Thieves,0.92,190.53,68.87,125.53,2.07,2.33
232730,Sentinels,1.09,205.53,73.93,139.2,2.33,2.07
232731,FURIA,0.91,195.33,68.87,125.6,2.13,2.33
232731,KRÜ Esports,1.07,203.47,75.53,129.27,2.33,2.13
232732,Cloud9,1.03,200.53,72.87,131.53,1.93,2.07
232732,Sentinels,1.01,204.2,74.0,135.07,2.07,1.93
232733,KRÜ Esports,1.19,213.9,81.0,143.7,2.6,1.2
232733,LEVIATÁN,0.83,182.2,64.2,124.6,1.2,2.6
232734,Cloud9,0.9,189.2,69.8,126.93,1.53,2.0
232734,KRÜ Esports,1.12,209.47,77.33,139.53,2.0,1.53
232735,KRÜ Esports,1.06,195.7,75.7,128.25,2.2,1.85
232735,LEVIATÁN,0.92,181.0,68.85,122.8,1.85,2.2
232736,LEVIATÁN,1.22,224.0,81.1,143.9,2.3,1.5
232736,Sentinels,0.78,175.8,64.3,119.0,1.5,2.3
232737,Cloud9,0.91,185.16,68.52,120.96,1.76,2.6
232737,LEVIATÁN,1.1,213.04,78.6,140.76,2.6,1.76
235363,KOI,1.16,209.33,77.93,135.53,2.4,1.8
235363,Team Heretics,0.83,172.8,69.8,112.93,1.8,2.4
235364,BBL Esports,0.93,187.13,65.07,126.6,1.8,3.13
235364,Karmine Corp,1.07,198.33,73.6,130.6,3.13,1.8
235365,KOI,1.27,221.5,82.1,139.7,1.6,1.9
235365,Natus Vincere,0.72,168.1,63.9,115.6,1.9,1.6
235366,Giants Gaming,1.11,209.0,77.9,138.6,2.2,2.0
235366,Karmine Corp,0.89,187.4,69.2,124.3,2.0,2.2
235367,Giants Gaming,1.17,208.1,81.9,135.3,2.7,1.7
235367,KOI,0.82,165.4,62.1,106.5,1.7,2.7
235368,Giants Gaming,1.15,219.4,76.93,145.13,2.47,1.93
235368,Natus Vincere,0.85,184.4,67.33,123.87,1.93,2.47
235371,Karmine Corp,0.92,181.4,67.47,119.2,2.0,1.93
235371,Natus Vincere,1.12,206.8,74.6,138.73,1.93,2.0
235372,KOI,0.89,180.2,67.87,119.6,2.27,2.47
235372,Natus Vincere,1.11,203.0,73.27,136.33,2.47,2.27
235552,Attacking Soul Esports,,207.6,,,,
235552,Trace Esports,,203.13,,,,
235553,Bilibili Gaming,,220.0,,,,
235553,Monarch Effect,,182.2,,,,
235554,FunPlus Phoenix,,195.9,,,,
235554,TYLOO,,207.0,,,,
235555,EDward Gaming,,219.8,,,,
235555,Weibo Gaming,,189.6,,,,
235556,Bilibili Gaming,,216.33,,,,
235556,Trace Esports,,171.0,,,,
235557,EDward Gaming,,226.47,,,,
235557,TYLOO,,159.93,,,,
235558,Bilibili Gaming,,176.53,,,,
235558,EDward Gaming,,225.93,,,,
235559,Bilibili Gaming,,168.93,,,,
235559,EDward Gaming,,223.4,,,,
235560,Attacking Soul Esports,,236.7,,,,
235560,Monarch Effect,,178.9,,,,
235561,FunPlus Phoenix,,214.8,,,,
235561,Weibo Gaming,,190.1,,,,
235562,FunPlus Phoenix,,202.47,,,,
235562,Trace Esports,,191.33,,,,
235563,Attacking Soul Esports,,210.53,,,,
235563,TYLOO,,191.53,,,,
235564,FunPlus Phoenix,,204.8,,,,
235564,TYLOO,,199.4,,,,
235565,Bilibili Gaming,,211.92,,,,
235565,FunPlus Phoenix,,193.6,,,,
235566,Four Angry Men,,195.0,,,,
235566,Trace Esports,,229.0,,,,
235567,Monarch Effect,,224.53,,,,
235567,Royal Never Give Up,,189.53,,,,
235568,Shenzhen NTER,,181.0,,,2.5,
235568,TYLOO,,228.6,,,4.5,
235569,Dragon Ranger Gaming,,191.67,,,5.0,
235569,Weibo Gaming,,212.6,,,4.33,
237266,DetonatioN FocusMe,0.87,181.9,65.8,118.7,1.7,2.4
237266,TALON,1.14,211.9,73.8,134.8,2.4,1.7
237267,Global Esports,0.99,201.6,71.8,131.7,2.8,1.8
237267,Rex Regum Qeon,1.02,202.8,70.6,128.7,1.8,2.8
237268,Gen.G,1.05,202.6,72.33,131.2,2.47,2.53
237268,TALON,0.98,199.07,69.4,130.93,2.53,2.47
237269,Rex Regum Qeon,1.11,210.8,76.53,138.73,2.4,2.67
237269,ZETA DIVISION,0.93,189.4,71.27,124.53,2.67,2.4
237270,Gen.G,0.84,179.0,64.1,119.6,1.6,2.4
237270,Team Secret,1.22,220.2,80.9,144.7,2.4,1.6
237271,Team Secret,0.84,171.1,57.6,116.0,1.6,2.6
237271,ZETA DIVISION,1.14,215.7,75.9,137.6,2.6,1.6
237272,Gen.G,0.99,195.47,73.47,125.47,2.2,1.4
237272,Rex Regum Qeon,1.01,192.53,71.53,126.53,1.4,2.2
237273,Gen.G,0.88,181.2,66.4,118.3,1.75,2.3
237273,Team Secret,1.15,203.7,76.7,136.1,2.3,1.75
237274,Team Secret,0.94,191.15,68.35,130.6,2.15,2.2
237274,ZETA DIVISION,1.08,211.15,77.9,137.45,2.2,2.15
247075,KRÜ Esports,0.89,177.6,66.5,118.2,2.0,2.1
247075,Paper Rex,1.1,204.5,78.4,132.8,2.1,2.0
247076,EDward Gaming,0.99,206.93,72.8,133.87,2.33,2.53
247076,Giants Gaming,1.04,211.73,75.13,138.93,2.53,2.33
247077,EDward Gaming,0.86,183.0,65.5,124.3,2.0,3.0
247077,Paper Rex,1.16,210.4,77.5,139.3,3.0,2.0
247078,Giants Gaming,1.12,204.3,72.1,138.8,2.5,2.4
247078,KRÜ Esports,0.91,182.6,67.3,125.4,2.4,2.5
247079,EDward Gaming,1.14,220.1,77.8,143.7,2.1,1.8
247079,Giants Gaming,0.89,183.6,66.6,124.6,1.8,2.1
247086,Evil Geniuses,1.13,209.3,74.7,140.3,2.4,1.8
247086,FunPlus Phoenix,0.88,187.6,66.1,121.2,1.8,2.4
247087,FUT Esports,1.21,233.9,84.0,150.1,2.3,1.4
247087,T1,0.81,184.4,60.1,122.1,1.4,2.3
247088,Evil Geniuses,1.06,208.7,70.0,140.6,2.8,2.2
247088,FUT Esports,1.0,206.9,68.8,133.3,2.2,2.8
247089,FunPlus Phoenix,0.92,188.2,70.2,124.2,2.0,2.3
247089,T1,1.06,198.0,70.5,128.4,2.3,2.0
247090,FUT Esports,1.16,209.6,73.4,140.2,2.9,2.0
247090,T1,0.89,191.3,65.5,123.7,2.0,2.9
247093,FNATIC,1.25,226.0,82.2,149.7,2.5,1.2
247093,ZETA DIVISION,0.72,163.9,58.5,103.7,1.2,2.5
247094,Bilibili Gaming,1.09,215.4,74.4,134.3,2.0,2.7
247094,NRG,0.92,202.7,71.9,129.9,2.7,2.0
247095,Bilibili Gaming,0.75,169.3,60.3,112.1,1.4,2.2
247095,FNATIC,1.25,220.1,79.8,147.6,2.2,1.4
247096,NRG,1.4,226.8,83.2,144.4,2.2,0.6
247096,ZETA DIVISION,0.57,144.4,48.6,89.0,0.6,2.2
247098,Bilibili Gaming,1.12,214.6,72.9,135.0,2.3,1.8
247098,NRG,0.9,192.5,71.6,127.4,1.8,2.3
247100,Natus Vincere,1.02,193.1,71.5,131.5,2.8,2.8
247100,Team Liquid,0.96,188.2,68.6,123.8,2.8,2.8
247101,KIWOOM DRX,1.03,205.0,67.27,133.53,1.87,2.67
247101,LOUD,0.99,196.27,71.47,126.2,2.67,1.87
247102,KIWOOM DRX,1.0,191.0,71.27,121.87,2.8,2.33
247102,Natus Vincere,1.01,194.4,76.53,133.07,2.27,2.73
247103,LOUD,1.18,207.8,77.2,137.8,2.1,1.5
247103,Team Liquid,0.78,169.4,64.3,113.1,1.5,2.1
247104,LOUD,1.05,201.53,73.0,131.13,2.6,2.2
247104,Natus Vincere,0.92,187.6,67.93,122.0,2.2,2.6
248270,FNATIC,0.92,181.0,65.0,123.3,2.2,2.1
248270,LOUD,1.06,195.4,73.6,126.9,2.1,2.2
248271,FUT Esports,0.8,177.4,65.2,126.4,1.7,2.3
248271,Paper Rex,1.16,218.5,76.3,139.1,2.3,1.7
248272,Bilibili Gaming,0.94,190.8,70.4,121.3,1.7,2.8
248272,KIWOOM DRX,1.1,204.5,76.1,134.3,2.8,1.7
248273,EDward Gaming,0.87,183.8,65.8,121.93,1.4,2.73
248273,Evil Geniuses,1.17,220.4,76.27,145.27,2.73,1.4
248274,LOUD,1.14,213.4,77.93,136.93,2.33,2.07
248274,Paper Rex,0.88,185.87,68.53,122.6,2.07,2.33
248275,Evil Geniuses,1.23,218.2,81.3,140.7,1.7,2.2
248275,KIWOOM DRX,0.77,175.0,65.5,116.3,2.2,1.7
248276,Evil Geniuses,0.96,198.6,69.2,133.4,2.67,2.2
248276,Paper Rex,1.05,209.87,74.27,139.0,2.2,2.67
248277,Evil Geniuses,1.11,213.7,75.45,142.4,2.15,2.25
248277,Paper Rex,0.92,191.95,66.5,128.35,2.25,2.15
248278,FNATIC,1.22,213.7,76.9,137.7,2.9,1.1
248278,FUT Esports,0.74,154.9,53.1,103.3,1.1,2.9
248279,Bilibili Gaming,0.88,195.0,69.4,126.67,2.67,1.87
248279,EDward Gaming,1.1,209.53,76.47,137.33,1.87,2.67
248280,FNATIC,1.0,186.93,71.13,120.47,2.27,1.4
248280,KIWOOM DRX,0.98,181.47,64.73,119.0,1.4,2.27
248281,EDward Gaming,0.93,189.2,65.47,127.4,1.8,2.6
248281,LOUD,1.11,212.0,73.6,139.87,2.6,1.8
248282,FNATIC,0.9,189.27,66.73,128.2,1.53,2.4
248282,LOUD,1.1,206.93,78.13,134.13,2.4,1.53
248283,Evil Geniuses,1.01,206.08,74.52,134.8,2.0,2.2
248283,LOUD,1.02,208.68,73.72,135.96,2.2,2.0
295605,FURIA,0.9,178.0,68.3,115.0,1.7,2.7
295605,NRG,1.1,203.1,79.2,136.0,2.7,1.7
295606,Cloud9,1.06,204.2,76.27,132.07,2.13,2.4
295606,MIBR,0.94,189.93,73.93,126.27,2.4,2.13
295607,Cloud9,0.89,192.2,70.5,126.1,2.1,2.5
295607,NRG,1.14,212.1,76.7,141.9,2.5,2.1
295608,FURIA,0.96,188.3,66.7,127.0,2.5,2.1
295608,MIBR,1.03,194.7,70.0,130.6,2.1,2.5
295609,Cloud9,0.98,192.6,72.3,127.7,2.6,2.2
295609,MIBR,1.05,202.7,74.4,134.5,2.2,2.6
295610,LOUD,1.06,191.9,74.6,122.4,2.2,2.4
295610,Sentinels,0.97,194.1,72.8,126.5,2.4,2.2
295611,100 Thieves,1.01,203.93,74.8,134.47,2.0,2.13
295611,LEVIATÁN,0.99,198.53,70.27,130.27,2.13,2.0
295612,LEVIATÁN,0.9,187.93,70.0,127.53,1.67,2.87
295612,LOUD,1.09,205.33,76.07,134.93,2.8,1.6
295613,100 Thieves,0.87,180.13,68.87,120.67,1.73,2.13
295613,Sentinels,1.16,213.67,75.87,144.33,2.13,1.73
295614,LEVIATÁN,0.93,194.13,71.47,128.6,1.47,2.33
295614,Sentinels,1.07,209.0,77.73,136.0,2.33,1.47
295615,G2 Esports,1.05,203.27,71.87,132.4,1.93,2.6
295615,KRÜ Esports,0.97,194.47,68.53,131.4,2.6,1.93
295617,Evil Geniuses,1.05,203.3,69.2,133.1,3.0,2.2
295617,G2 Esports,0.95,195.9,72.1,131.5,2.2,3.0
295619,G2 Esports,1.15,211.6,78.9,144.0,2.1,2.1
295619,KRÜ Esports,0.89,178.9,68.0,117.3,2.1,2.1
296730,Global Esports,0.74,164.7,63.9,111.8,2.1,2.2
296730,ZETA DIVISION,1.2,205.2,73.9,139.5,2.2,2.1
296731,TALON,1.29,225.2,83.6,142.7,2.4,1.3
296731,Team Secret,0.74,154.6,59.3,107.3,1.3,2.4
296732,KIWOOM DRX,1.14,206.1,77.7,138.2,2.6,1.8
296732,TALON,0.84,175.2,69.4,115.3,1.8,2.6
296733,DetonatioN FocusMe,0.94,184.6,65.1,125.2,2.1,2.3
296733,Team Secret,1.06,197.9,72.6,131.9,2.3,2.1
296734,TALON,0.77,177.0,63.6,117.5,1.4,2.7
296734,Team Secret,1.27,225.0,84.8,149.6,2.7,1.4
296735,BLEED,0.86,192.2,68.6,127.2,2.7,2.6
296735,T1,1.13,217.9,74.1,144.3,2.6,2.7
296736,DetonatioN FocusMe,0.82,179.5,67.1,118.9,1.9,2.3
296736,KIWOOM DRX,1.12,212.8,77.6,137.8,2.3,1.9
296737,T1,1.12,213.07,79.33,137.07,2.4,1.67
296737,ZETA DIVISION,0.87,181.6,61.53,119.67,1.67,2.4
296738,BLEED,0.98,189.0,71.33,125.4,2.33,2.33
296738,Global Esports,0.99,194.27,72.07,127.73,2.27,2.27
296739,Global Esports,0.72,155.4,53.3,103.1,1.2,2.5
296739,ZETA DIVISION,1.24,218.4,78.3,142.7,2.5,1.2
296745,Gen.G,1.04,211.8,75.07,139.07,2.87,1.73
296745,Rex Regum Qeon,0.97,199.4,69.87,127.6,1.73,2.87
296747,Gen.G,0.92,198.93,65.67,129.6,2.0,2.4
296747,Paper Rex,1.09,215.93,73.93,148.4,2.4,2.0
296749,Gen.G,1.05,201.47,75.67,132.2,2.33,2.13
296749,Rex Regum Qeon,0.92,185.4,66.07,118.67,2.13,2.33
297253,Team Secret,1.3,238.1,85.1,154.3,2.2,1.3
297253,ZETA DIVISION,0.74,184.9,64.2,120.8,1.3,2.2
297254,Gen.G,0.9,187.53,65.0,122.13,2.13,2.4
297254,Team Secret,1.1,207.93,73.0,138.93,2.4,2.13
297255,Gen.G,1.3,233.3,78.8,155.4,2.0,1.6
297255,ZETA DIVISION,0.7,167.7,61.3,109.6,1.6,2.0
297256,Paper Rex,1.08,205.1,77.0,130.1,2.0,2.9
297256,T1,0.91,194.4,73.1,124.3,2.9,2.0
297257,Gen.G,1.1,209.6,78.2,142.3,2.0,2.7
297257,KIWOOM DRX,0.94,191.8,70.3,125.4,2.7,2.0
297258,Gen.G,1.09,212.0,78.35,141.3,2.0,1.8
297258,Paper Rex,0.92,188.25,69.3,124.05,1.8,2.0
297401,FUT Esports,1.0,205.0,74.5,136.5,2.2,2.5
297401,Team Heretics,1.04,203.7,72.0,138.2,2.5,2.2
297402,GIANTX,0.91,186.0,66.33,121.67,1.93,2.33
297402,Karmine Corp,1.1,205.73,73.87,136.27,2.33,1.93
297403,Karmine Corp,0.72,160.8,66.6,108.1,1.1,2.3
297403,Team Heretics,1.31,233.6,83.8,152.8,2.3,1.1
297404,FUT Esports,1.12,211.8,78.13,136.2,2.27,1.73
297404,GIANTX,0.88,186.47,66.2,124.6,1.73,2.27
297405,FUT Esports,1.04,209.33,73.4,140.73,2.27,2.73
297405,Karmine Corp,0.98,202.2,73.13,135.47,2.73,2.27
297406,BBL Esports,0.89,188.93,69.4,123.47,2.0,1.93
297406,Natus Vincere,1.14,222.0,76.67,150.4,1.93,2.0
297407,Movistar KOI,0.92,192.3,68.2,126.1,2.6,2.1
297407,Team Liquid,1.06,205.6,77.0,140.3,2.1,2.6
297408,Natus Vincere,1.1,208.5,68.5,136.6,1.7,2.3
297408,Team Liquid,0.86,184.2,66.5,125.1,2.3,1.7
297409,BBL Esports,0.82,180.9,66.6,119.2,1.7,2.4
297409,Movistar KOI,1.18,211.5,80.9,137.8,2.4,1.7
297410,Movistar KOI,1.03,194.67,69.8,128.87,2.0,2.87
297410,Team Liquid,0.94,192.33,70.4,129.47,2.87,2.0
297412,Gentle Mates,0.84,171.9,68.4,113.1,1.9,2.4
297412,Team Vitality,1.14,202.8,75.7,137.2,2.4,1.9
297414,FNATIC,1.16,220.7,77.0,143.3,2.7,1.7
297414,Team Vitality,0.82,175.7,62.9,114.0,1.7,2.7
297416,Gentle Mates,0.99,201.93,71.6,133.6,2.2,1.87
297416,Team Vitality,0.97,191.53,68.07,124.93,1.87,2.2
298687,TYLOO,,183.9,,,,
298687,Trace Esports,,239.6,,,,
298688,FunPlus Phoenix,,213.7,,,,
298688,Nova Esports,,184.0,,,,
298689,FunPlus Phoenix,,201.87,,,,
298689,Trace Esports,,200.8,,,,
298690,Nova Esports,,205.1,,,,
298690,TYLOO,,206.0,,,,
298691,Nova Esports,,164.6,,,,
298691,Trace Esports,,232.3,,,,
298692,JDG Esports,,197.5,,,,
298692,Titan Esports Club,,207.9,,,,
298693,All Gamers,,192.0,,,,
298693,Dragon Ranger Gaming,,219.1,,,,
298694,Dragon Ranger Gaming,,205.13,,,,
298694,Titan Esports Club,,206.8,,,,
298695,All Gamers,,190.3,,,,
298695,JDG Esports,,208.8,,,,
298696,JDG Esports,,203.07,,,,
298696,Titan Esports Club,,185.2,,,,
298697,Bilibili Gaming,,177.0,,,,
298697,Wolves Esports,,198.6,,,,
298698,EDward Gaming,,201.4,,,,
298698,Wolves Esports,,204.67,,,,
298699,Bilibili Gaming,,208.5,,,,
298699,Wolves Esports,,194.8,,,,
298830,Titan Esports Club,,191.07,,,,
298830,Trace Esports,,217.87,,,,
298831,Bilibili Gaming,,228.3,,,,
298831,Titan Esports Club,,182.2,,,,
298832,Bilibili Gaming,,199.33,,,,
298832,Trace Esports,,199.4,,,,
298833,Dragon Ranger Gaming,,175.2,,,,
298833,FunPlus Phoenix,,214.3,,,,
298834,EDward Gaming,,210.9,,,,
298834,Trace Esports,,190.3,,,,
298835,EDward Gaming,,208.25,,,,
298835,FunPlus Phoenix,,197.15,,,,
303086,LOUD,0.94,192.08,68.48,127.4,1.96,2.04
303086,Sentinels,1.07,213.56,77.24,139.48,2.04,1.96
303087,Evil Geniuses,0.93,191.47,65.6,127.13,1.73,2.13
303087,LOUD,1.06,204.2,76.33,132.27,2.13,1.73
303088,NRG,0.88,188.87,69.6,122.27,1.6,2.87
303088,Sentinels,1.13,212.87,74.6,138.67,2.87,1.6
303093,Natus Vincere,0.8,175.7,62.7,115.9,1.9,2.8
303093,Team Heretics,1.2,220.1,79.6,145.3,2.8,1.9
303094,FNATIC,0.89,186.9,68.0,125.2,2.1,2.2
303094,Karmine Corp,1.12,198.7,75.6,133.2,2.2,2.1
303095,Karmine Corp,1.16,218.35,76.5,143.55,2.0,2.0
303095,Team Heretics,0.87,189.5,63.75,127.1,2.0,2.0
307564,KOI,0.72,165.2,61.7,109.5,1.2,2.5
307564,Karmine Corp,1.24,218.9,80.4,141.8,2.5,1.2
307565,KOI,0.82,163.5,63.5,106.8,1.7,2.3
307565,Team Vitality,1.12,195.4,72.0,126.1,2.4,1.8
307567,Karmine Corp,1.04,204.9,72.7,136.8,2.8,2.1
307567,Team Vitality,0.98,198.7,70.4,130.9,2.1,2.8
307572,MIBR,0.81,179.8,62.6,118.2,1.5,2.4
307572,Sentinels,1.2,220.6,78.5,143.3,2.4,1.5
307573,G2 Esports,0.93,190.0,69.67,127.8,2.47,2.4
307573,MIBR,1.05,204.6,73.73,136.53,2.4,2.47
307574,G2 Esports,1.0,194.93,71.87,126.33,2.33,2.0
307574,Sentinels,1.0,194.67,68.73,130.2,2.0,2.33
312765,FunPlus Phoenix,0.9,197.0,69.1,133.8,2.7,1.7
312765,Karmine Corp,1.14,216.5,73.3,148.0,1.7,2.7
312766,Gen.G,0.99,192.8,66.07,127.6,2.27,1.87
312766,LOUD,1.01,198.4,72.27,133.53,1.93,2.33
312767,EDward Gaming,1.07,204.87,72.4,138.13,2.67,1.6
312767,Paper Rex,0.93,196.4,68.8,127.13,1.67,2.73
312768,Sentinels,0.99,201.6,70.07,132.67,2.0,2.27
312768,Team Heretics,1.03,205.4,77.8,131.33,2.27,2.0
312776,LOUD,1.03,204.93,72.47,138.27,2.4,2.2
312776,Sentinels,0.99,202.93,71.0,132.13,2.2,2.4
312777,Gen.G,1.1,214.3,79.0,146.0,2.7,1.6
312777,Paper Rex,0.94,192.4,69.0,130.6,1.6,2.7
312778,Gen.G,1.07,199.67,74.13,135.33,1.93,1.67
312778,Sentinels,0.94,188.0,71.13,120.27,1.67,1.93
312779,Gen.G,0.93,194.16,69.16,128.96,1.8,2.56
312779,Sentinels,1.08,207.76,77.88,135.72,2.6,1.84
312780,LOUD,0.94,193.6,67.6,128.6,1.6,2.9
312780,Paper Rex,1.07,207.9,72.5,134.1,2.9,1.6
312781,Paper Rex,0.87,184.7,62.65,119.95,1.75,2.2
312781,Sentinels,1.14,221.25,77.95,139.85,2.2,1.75
312797,EDward Gaming,0.92,193.33,72.67,129.27,1.73,2.13
312797,Gen.G,1.07,212.07,75.2,138.73,2.13,1.73
312798,Karmine Corp,0.84,162.5,65.9,105.1,2.3,2.2
312798,Sentinels,1.13,205.0,80.5,129.7,2.2,2.3
312799,Paper Rex,1.02,199.87,71.93,128.2,2.2,2.2
312799,Team Heretics,1.0,196.33,69.33,131.6,2.2,2.2
312800,FunPlus Phoenix,0.78,173.5,58.5,117.7,2.2,2.0
312800,LOUD,1.2,220.5,76.8,143.4,2.0,2.2
312802,Karmine Corp,1.05,201.0,75.33,130.53,2.33,2.2
312802,Paper Rex,0.95,194.33,67.6,128.47,2.2,2.33
312803,EDward Gaming,0.65,155.3,51.8,108.2,0.9,2.2
312803,LOUD,1.34,224.9,83.1,156.7,2.2,0.9
314301,Global Esports,0.83,188.8,63.73,130.2,1.93,1.93
314301,ZETA DIVISION,1.18,218.93,77.07,147.13,1.93,1.93
314302,KIWOOM DRX,1.18,215.8,76.5,139.1,1.9,2.3
314302,Team Secret,0.82,184.0,66.2,118.5,2.3,1.9
314303,BLEED,0.91,178.13,71.8,117.4,2.07,2.07
314303,TALON,1.03,196.6,72.93,129.13,2.0,2.0
314304,Paper Rex,1.08,213.2,79.4,136.9,2.9,2.0
314304,T1,0.92,190.8,72.2,125.8,2.0,2.9
314305,Rex Regum Qeon,0.95,198.27,72.0,131.33,2.0,2.53
314305,Team Secret,1.06,204.53,75.33,134.53,2.53,2.0
314306,Global Esports,0.84,181.3,67.5,116.5,2.1,1.9
314306,KIWOOM DRX,1.16,204.1,81.8,139.3,1.9,2.1
314307,Gen.G,1.13,203.3,76.0,129.0,2.3,2.0
314307,TALON,0.85,167.6,61.8,106.6,2.0,2.3
314308,DetonatioN FocusMe,1.02,198.2,76.0,131.73,1.8,2.53
314308,T1,1.01,192.87,72.47,127.27,2.53,1.8
314309,Gen.G,0.89,189.2,68.07,125.13,1.87,2.6
314309,Paper Rex,1.13,213.0,79.33,142.87,2.6,1.87
314310,KIWOOM DRX,1.19,218.73,82.67,140.27,2.4,1.53
314310,T1,0.81,165.07,62.13,107.53,1.53,2.4
314311,Team Secret,1.02,202.27,68.93,134.53,2.13,1.87
314311,ZETA DIVISION,1.03,210.73,75.93,136.87,1.87,2.13
314312,BLEED,0.68,165.4,62.1,110.2,1.3,2.0
314312,Rex Regum Qeon,1.25,222.3,84.6,146.8,2.0,1.3
314313,DetonatioN FocusMe,0.82,163.4,61.9,103.4,1.6,2.6
314313,Gen.G,1.12,196.7,78.5,127.1,2.5,1.5
314314,Global Esports,1.01,193.6,73.73,126.2,1.87,2.27
314314,TALON,0.93,188.47,66.27,127.0,2.27,1.87
314315,Rex Regum Qeon,0.8,174.0,63.8,115.2,1.6,2.4
314315,T1,1.18,208.1,79.5,140.0,2.4,1.6
314316,BLEED,1.0,197.87,74.6,126.33,2.0,2.33
314316,ZETA DIVISION,0.99,196.27,71.8,126.93,2.33,2.0
314317,Gen.G,0.9,180.73,68.07,120.47,2.0,2.33
314317,KIWOOM DRX,1.1,200.27,77.6,131.93,2.33,2.0
314318,BLEED,1.13,201.6,78.47,132.2,2.07,1.87
314318,DetonatioN FocusMe,0.86,167.07,69.67,112.0,1.87,2.07
314319,Global Esports,1.1,202.9,71.8,131.6,2.4,1.6
314319,Rex Regum Qeon,0.84,174.6,62.1,114.9,1.6,2.4
314320,Paper Rex,0.85,187.2,68.9,126.1,1.4,3.0
314320,Team Secret,1.16,226.6,82.3,146.0,2.9,1.3
314321,T1,0.94,185.9,73.2,120.2,2.2,2.5
314321,TALON,1.06,198.0,71.6,131.2,2.5,2.2
314322,Gen.G,1.1,203.6,69.8,134.0,2.2,2.5
314322,ZETA DIVISION,0.92,178.6,65.9,120.5,2.5,2.2
314323,DetonatioN FocusMe,0.79,181.13,67.33,115.07,1.73,1.87
314323,Team Secret,1.23,225.13,80.53,149.27,1.87,1.73
314324,Global Esports,0.86,190.6,65.8,129.5,1.9,1.8
314324,Paper Rex,1.2,221.5,80.9,146.1,1.8,1.9
314325,BLEED,0.78,177.5,65.3,119.3,1.3,2.4
314325,Paper Rex,1.17,219.0,83.8,141.3,2.4,1.3
314326,DetonatioN FocusMe,0.89,181.4,62.93,119.67,1.8,2.53
314326,Global Esports,1.12,208.2,77.13,140.93,2.53,1.8
314327,T1,1.04,206.33,76.27,137.87,2.87,1.73
314327,ZETA DIVISION,0.99,196.67,70.8,128.53,1.73,2.87
314328,TALON,1.05,200.33,73.33,134.8,2.53,2.2
314328,Team Secret,0.95,187.53,70.47,124.93,2.2,2.53
314329,BLEED,0.8,171.5,67.4,111.8,2.0,1.9
314329,KIWOOM DRX,1.18,215.2,74.3,140.5,1.9,2.0
314330,Gen.G,1.0,196.33,71.87,133.73,2.13,2.07
314330,Rex Regum Qeon,0.99,194.13,69.27,126.8,2.07,2.13
314340,KIWOOM DRX,1.22,225.67,80.73,150.67,1.73,1.87
314340,ZETA DIVISION,0.79,175.13,64.27,113.27,1.87,1.73
314341,BLEED,0.93,185.07,70.8,120.53,1.93,2.4
314341,Team Secret,1.11,199.07,75.33,130.67,2.4,1.93
314342,Gen.G,0.95,186.47,69.53,120.87,2.2,2.33
314342,T1,1.03,208.33,76.87,133.93,2.33,2.2
314343,Paper Rex,1.2,210.4,82.6,135.7,2.2,1.5
314343,TALON,0.76,166.3,64.3,108.1,1.5,2.2
314344,DetonatioN FocusMe,0.88,187.8,69.0,127.4,2.1,2.9
314344,Rex Regum Qeon,1.16,220.1,77.2,148.4,2.9,2.1
314345,Global Esports,0.88,190.6,66.4,129.0,2.2,2.2
314345,Team Secret,1.12,211.3,69.5,134.2,2.2,2.2
314346,Rex Regum Qeon,0.97,194.0,69.33,128.87,2.33,2.6
314346,TALON,1.01,192.93,71.73,129.27,2.6,2.33
314347,KIWOOM DRX,0.82,179.8,64.4,115.13,1.6,2.13
314347,Paper Rex,1.17,221.33,76.87,144.67,2.13,1.6
314348,BLEED,0.84,176.2,66.8,115.4,1.6,2.2
314348,Global Esports,1.17,208.6,83.6,134.7,2.2,1.6
314349,DetonatioN FocusMe,1.03,206.33,74.53,135.33,2.47,1.87
314349,ZETA DIVISION,0.97,198.4,73.27,133.0,1.87,2.47
314350,KIWOOM DRX,0.88,183.2,66.9,122.3,2.5,2.7
314350,Rex Regum Qeon,1.14,218.7,78.8,144.7,2.7,2.5
314351,T1,0.97,198.73,69.87,129.27,2.27,2.27
314351,Team Secret,1.03,192.93,70.27,126.33,2.27,2.27
314352,DetonatioN FocusMe,0.86,179.1,70.3,113.1,1.7,2.6
314352,TALON,1.12,215.1,74.2,134.4,2.6,1.7
314353,Rex Regum Qeon,1.07,201.1,75.9,132.7,2.3,2.1
314353,ZETA DIVISION,0.94,182.2,72.5,119.6,2.1,2.3
314354,Global Esports,0.93,185.0,67.53,118.8,1.93,2.4
314354,T1,1.09,211.13,77.33,144.2,2.4,1.93
314355,BLEED,0.94,187.4,69.8,123.93,2.13,2.27
314355,Gen.G,1.08,202.13,77.73,135.13,2.27,2.13
314356,DetonatioN FocusMe,0.82,175.8,65.5,116.4,1.6,2.2
314356,Paper Rex,1.15,217.6,77.9,145.3,2.2,1.6
314357,KIWOOM DRX,1.03,204.87,74.6,134.93,2.33,2.0
314357,TALON,0.97,200.13,71.6,135.73,2.0,2.33
314358,Paper Rex,0.99,199.73,74.47,130.93,2.6,1.6
314358,Rex Regum Qeon,1.03,206.8,77.2,136.93,1.6,2.6
314359,Gen.G,1.42,236.2,84.9,152.7,1.9,1.4
314359,Global Esports,0.58,136.9,56.4,90.2,1.4,1.9
314360,DetonatioN FocusMe,0.93,185.87,70.87,117.4,1.6,2.0
314360,KIWOOM DRX,1.04,203.13,76.67,128.33,2.0,1.6
314361,TALON,0.92,183.27,65.53,122.8,1.73,2.33
314361,ZETA DIVISION,1.08,208.07,71.67,137.87,2.33,1.73
314362,Gen.G,1.0,197.93,70.8,131.8,2.13,2.2
314362,Team Secret,1.04,207.93,75.27,138.6,2.2,2.13
314363,Paper Rex,1.14,223.73,79.2,146.07,2.47,1.53
314363,ZETA DIVISION,0.88,185.73,65.2,124.0,1.53,2.47
314364,BLEED,0.97,197.93,68.53,130.87,2.2,2.27
314364,T1,1.04,213.47,77.6,136.6,2.27,2.2
314622,Cloud9,0.98,194.8,72.4,131.73,2.2,2.73
314622,LEVIATÁN,0.98,199.13,73.67,130.27,2.73,2.2
314623,LOUD,0.82,189.5,66.2,123.0,1.5,2.3
314623,NRG,1.18,222.2,78.2,149.6,2.3,1.5
314624,Evil Geniuses,0.76,176.2,61.5,121.0,1.3,2.4
314624,G2 Esports,1.27,227.2,79.6,146.0,2.4,1.3
314625,100 Thieves,0.86,177.3,67.2,120.0,2.2,2.0
314625,Sentinels,1.18,213.0,75.1,140.6,2.0,2.2
314626,FURIA,0.84,179.0,64.53,121.73,1.73,2.53
314626,KRÜ Esports,1.14,210.13,77.0,144.47,2.53,1.73
314628,100 Thieves,1.12,201.5,71.5,134.2,2.3,2.0
314628,G2 Esports,0.92,186.9,71.5,121.6,2.0,2.3
314629,LEVIATÁN,1.04,199.6,75.1,133.5,3.1,2.8
314629,Sentinels,0.88,178.3,69.9,120.4,2.8,3.1
314630,KRÜ Esports,1.12,205.6,76.4,140.6,2.0,2.0
314630,MIBR,0.86,179.6,67.0,118.6,2.0,2.0
314631,FURIA,0.8,172.3,63.3,110.6,1.5,2.1
314631,NRG,1.2,225.3,81.1,151.8,2.1,1.5
314632,Cloud9,1.15,216.67,76.27,139.6,2.0,2.0
314632,Evil Geniuses,0.86,188.73,65.27,126.73,2.0,2.0
314634,MIBR,0.71,157.6,53.0,104.6,1.4,2.2
314634,Sentinels,1.32,230.4,86.0,148.5,2.2,1.4
314635,Cloud9,1.12,201.8,81.47,132.2,2.53,1.67
314635,LOUD,0.9,186.2,65.6,125.73,1.67,2.53
314636,Evil Geniuses,0.78,166.6,55.9,110.5,1.9,2.1
314636,KRÜ Esports,1.16,213.9,73.9,142.8,2.1,1.9
314637,LEVIATÁN,1.35,228.0,83.3,151.9,2.4,1.0
314637,NRG,0.65,156.9,51.2,100.4,1.0,2.4
314638,FURIA,0.59,143.0,51.4,97.5,0.8,2.4
314638,G2 Esports,1.37,226.7,88.5,141.2,2.4,0.8
314639,100 Thieves,1.3,231.2,85.1,151.6,2.2,1.7
314639,Cloud9,0.75,165.9,60.4,113.7,1.7,2.2
314640,Evil Geniuses,0.99,202.6,67.13,134.07,2.2,2.47
314640,Sentinels,1.0,205.67,69.13,133.2,2.47,2.2
314641,MIBR,0.77,159.4,56.1,106.7,1.9,1.9
314641,NRG,1.2,219.0,78.9,144.4,1.9,1.9
314642,G2 Esports,0.89,181.87,64.73,121.13,1.67,2.47
314642,LEVIATÁN,1.07,205.87,76.07,137.73,2.47,1.67
314643,KRÜ Esports,1.16,202.4,74.7,137.0,2.1,2.1
314643,LOUD,0.84,179.7,64.8,118.0,2.1,2.1
314644,G2 Esports,1.16,225.0,78.1,154.5,1.8,2.0
314644,MIBR,0.8,179.0,68.5,118.1,2.0,1.8
314645,LOUD,1.11,195.3,72.8,126.7,2.1,2.0
314645,Sentinels,0.82,167.0,67.8,110.2,2.0,2.1
314646,Cloud9,1.08,218.67,78.73,146.53,2.13,1.33
314646,FURIA,0.93,202.4,73.47,132.87,1.33,2.13
314647,Evil Geniuses,1.14,211.13,73.53,139.8,2.73,2.13
314647,NRG,0.9,182.53,66.2,121.07,2.13,2.73
314648,100 Thieves,0.95,197.6,72.13,127.67,2.0,2.33
314648,KRÜ Esports,1.05,202.2,72.47,134.73,2.33,2.0
314650,FURIA,0.83,168.8,65.7,115.3,1.2,2.8
314650,Sentinels,1.14,204.2,79.6,141.4,2.8,1.2
314651,100 Thieves,1.23,229.3,83.0,145.9,2.3,1.8
314651,NRG,0.74,177.2,65.8,114.3,1.8,2.3
314652,KRÜ Esports,0.91,193.07,71.6,128.87,2.33,2.07
314652,LEVIATÁN,1.09,208.33,71.53,139.07,2.07,2.33
314653,Cloud9,1.13,226.4,76.7,150.7,3.1,1.7
314653,MIBR,0.88,194.7,66.7,129.4,1.7,3.1
314654,G2 Esports,0.82,166.3,64.5,112.9,1.5,2.6
314654,LOUD,1.19,210.2,78.3,144.1,2.6,1.5
318911,GIANTX,0.78,173.6,64.4,113.9,1.9,2.1
318911,Karmine Corp,1.19,212.4,84.1,140.4,2.0,1.8
318913,Movistar KOI,0.88,176.4,69.5,116.0,1.9,2.3
318913,Team Liquid,1.1,203.0,78.1,134.8,2.3,1.9
318914,Natus Vincere,1.12,196.4,77.2,131.9,2.4,1.5
318914,Team Vitality,0.86,181.1,68.0,114.9,1.5,2.4
318915,FNATIC,0.88,188.8,70.2,124.5,2.4,2.5
318915,Team Heretics,1.1,211.6,77.6,141.8,2.5,2.4
318916,FUT Esports,1.13,208.6,76.4,135.1,2.2,1.7
318916,Team Liquid,0.82,186.2,67.8,117.9,1.7,2.2
318917,BBL Esports,0.9,187.6,66.1,125.5,2.3,2.1
318917,Gentle Mates,1.12,210.1,78.3,136.2,2.1,2.3
318918,FUT Esports,1.13,205.07,74.27,132.6,2.47,1.87
318918,Karmine Corp,0.87,180.47,67.0,121.53,1.87,2.47
318919,Team Heretics,0.98,200.33,71.33,132.87,2.53,2.0
318919,Team Vitality,1.05,212.0,75.93,139.07,2.0,2.53
318920,Natus Vincere,1.07,205.2,74.13,137.33,2.0,2.33
318920,Team Liquid,0.96,198.13,71.93,132.2,2.33,2.0
318921,BBL Esports,1.19,209.3,74.7,142.5,1.9,1.4
318921,Movistar KOI,0.77,162.9,58.9,110.3,1.4,1.9
318922,FNATIC,1.01,195.73,73.27,126.27,1.4,2.27
318922,GIANTX,0.93,177.67,73.73,116.73,2.27,1.4
318923,Gentle Mates,0.72,172.9,59.9,116.4,1.9,1.9
318923,Karmine Corp,1.24,227.5,78.4,146.8,1.9,1.9
318924,FNATIC,1.29,224.0,80.3,153.9,2.5,1.1
318924,Gentle Mates,0.68,149.9,52.0,101.7,1.1,2.5
318925,Karmine Corp,1.0,197.0,71.6,128.53,1.67,2.27
318925,Natus Vincere,1.05,202.73,70.8,133.87,2.27,1.67
318926,BBL Esports,1.15,219.3,78.0,144.2,2.7,1.6
318926,Team Heretics,0.84,178.6,68.3,117.1,1.6,2.7
318927,FUT Esports,1.0,193.6,70.53,126.6,2.0,2.27
318927,Team Vitality,1.01,199.53,73.4,127.87,2.27,2.0
318928,GIANTX,0.96,183.93,68.33,121.47,2.6,2.27
318928,Team Liquid,1.02,194.53,71.8,128.33,2.27,2.6
318929,FNATIC,1.16,209.9,77.1,140.2,2.4,1.7
318929,Movistar KOI,0.84,171.4,67.7,111.1,1.7,2.4
318930,Team Heretics,1.32,213.7,85.7,140.6,2.2,1.3
318930,Team Liquid,0.68,159.2,63.8,107.4,1.3,2.2
318931,Gentle Mates,1.22,216.4,76.1,139.5,2.1,1.5
318931,Team Vitality,0.8,179.4,66.8,121.7,1.5,2.1
318932,FNATIC,0.97,201.9,72.1,133.4,2.3,2.5
318932,FUT Esports,1.07,206.4,73.1,136.9,2.5,2.3
318933,BBL Esports,1.02,200.47,72.13,133.0,2.07,2.2
318933,Natus Vincere,1.02,206.0,76.2,138.0,2.2,2.07
318934,GIANTX,0.9,184.8,62.13,129.13,2.07,2.53
318934,Team Vitality,1.11,214.67,76.07,141.33,2.53,2.07
318935,Karmine Corp,1.02,199.67,76.53,131.87,2.0,2.53
318935,Movistar KOI,0.97,187.6,75.73,121.0,2.53,2.0
318936,BBL Esports,0.9,185.5,67.6,123.8,1.8,2.5
318936,GIANTX,1.12,213.9,76.1,140.8,2.5,1.8
318937,Karmine Corp,1.07,200.53,78.47,132.0,2.67,1.73
318937,Team Heretics,0.9,183.93,68.93,123.6,1.73,2.67
318938,Movistar KOI,1.18,213.73,81.6,140.2,1.73,1.93
318938,Team Vitality,0.78,173.33,65.67,115.2,1.93,1.73
318939,FNATIC,0.92,184.93,68.4,119.87,1.53,2.2
318939,Natus Vincere,1.06,190.93,69.27,130.07,2.2,1.53
318940,Gentle Mates,0.72,168.4,58.6,111.8,2.0,1.2
318940,Team Liquid,1.27,233.8,83.3,152.9,1.2,2.0
318941,BBL Esports,0.8,173.4,61.5,116.4,1.8,2.3
318941,FUT Esports,1.2,217.4,79.1,143.0,2.3,1.8
319765,Bilibili Gaming,,202.2,,,,
319765,TYLOO,,193.4,,,,
319766,Titan Esports Club,,200.47,,,,
319766,Wolves Esports,,202.67,,,,
319767,All Gamers,,201.13,,,,
319767,Dragon Ranger Gaming,,194.13,,,,
319768,EDward Gaming,,204.33,,,,
319768,JDG Esports,,184.73,,,,
319769,Nova Esports,,172.6,,,,
319769,Trace Esports,,221.3,,,,
319770,FunPlus Phoenix,,215.5,,,,
319770,Wolves Esports,,181.3,,,,
319771,JDG Esports,,185.47,,,,
319771,Nova Esports,,198.73,,,,
319772,Dragon Ranger Gaming,,189.8,,,,
319772,FunPlus Phoenix,,211.93,,,,
319773,All Gamers,,198.1,,,,
319773,Wolves Esports,,205.5,,,,
319774,Bilibili Gaming,,179.07,,,,
319774,Trace Esports,,195.6,,,,
319775,Dragon Ranger Gaming,,203.07,,,,
319775,Titan Esports Club,,194.73,,,,
319776,EDward Gaming,,213.5,,,,
319776,TYLOO,,189.0,,,,
319777,Trace Esports,,215.7,,,,
319777,Wolves Esports,,183.0,,,,
319778,FunPlus Phoenix,,231.0,,,,
319778,Nova Esports,,170.3,,,,
319779,All Gamers,,192.7,,,,
319779,Bilibili Gaming,,195.5,,,,
319780,Dragon Ranger Gaming,,198.73,,,,
319780,JDG Esports,,200.6,,,,
319781,Nova Esports,,199.13,,,,
319781,TYLOO,,205.4,,,,
319782,EDward Gaming,,230.7,,,,
319782,Titan Esports Club,,179.2,,,,
319783,Bilibili Gaming,,200.8,,,,
319783,Titan Esports Club,,193.93,,,,
319784,Dragon Ranger Gaming,,216.3,,,,
319784,Trace Esports,,195.2,,,,
319785,TYLOO,,203.6,,,,
319785,Wolves Esports,,197.0,,,,
319786,EDward Gaming,,182.87,,,,
319786,FunPlus Phoenix,,200.4,,,,
319787,All Gamers,,211.6,,,,
319787,Nova Esports,,194.67,,,,
319788,Bilibili Gaming,,208.6,,,,
319788,JDG Esports,,192.2,,,,
319789,All Gamers,,161.6,,,,
319789,EDward Gaming,,210.2,,,,
319790,JDG Esports,,237.8,,,,
319790,Wolves Esports,,174.7,,,,
319791,Dragon Ranger Gaming,,178.0,,,,
319791,TYLOO,,216.9,,,,
319792,Bilibili Gaming,,178.1,,,,
319792,FunPlus Phoenix,,216.5,,,,
319793,Nova Esports,,218.8,,,,
319793,Titan Esports Club,,169.3,,,,
319794,EDward Gaming,,216.1,,,,
319794,Trace Esports,,197.7,,,,
321373,Team International,,,,,,
321373,Team Spain,,,,,,
329907,T1,1.12,217.4,79.0,142.6,2.2,2.2
329907,Team Secret,0.91,193.6,68.5,130.5,2.2,2.2
329908,Paper Rex,1.21,223.33,82.4,146.0,2.2,1.47
329908,TALON,0.81,170.67,65.27,114.6,1.47,2.2
329909,Gen.G,1.03,200.67,73.6,132.0,2.47,1.73
329909,T1,0.96,189.33,69.47,119.87,1.73,2.47
329910,KIWOOM DRX,0.89,184.0,66.8,121.07,1.6,2.47
329910,Paper Rex,1.13,210.87,81.27,139.4,2.47,1.6
329911,Gen.G,1.06,209.8,74.0,138.2,2.67,1.73
329911,KIWOOM DRX,0.96,188.73,68.27,123.87,1.73,2.67
329912,Paper Rex,1.28,235.1,80.6,152.5,2.0,1.4
329912,T1,0.68,170.9,61.2,111.5,1.4,2.0
329913,Gen.G,1.21,224.33,80.4,149.0,2.6,1.47
329913,T1,0.81,183.27,67.13,121.47,1.47,2.6
329914,Gen.G,1.0,197.0,69.12,132.72,2.08,2.36
329914,Paper Rex,1.02,202.48,71.72,132.08,2.36,2.08
337407,Cloud9,0.84,176.7,65.6,119.2,2.4,2.3
337407,G2 Esports,1.16,215.5,78.9,140.4,2.3,2.4
337408,100 Thieves,1.19,221.1,80.6,144.6,2.4,1.2
337408,LOUD,0.8,166.9,62.8,106.7,1.2,2.4
337409,G2 Esports,1.24,222.8,79.0,149.9,2.3,1.6
337409,KRÜ Esports,0.78,176.3,61.0,115.9,1.6,2.3
337410,100 Thieves,1.08,211.67,72.6,136.87,1.93,2.4
337410,LEVIATÁN,0.92,190.67,70.0,126.13,2.4,1.93
337411,100 Thieves,1.09,207.93,76.47,134.87,2.33,1.87
337411,G2 Esports,0.94,185.47,64.6,122.27,1.87,2.33
337412,100 Thieves,1.13,213.13,77.6,141.53,2.4,1.8
337412,G2 Esports,0.87,185.2,69.87,124.8,1.8,2.4
337413,KRÜ Esports,0.96,200.6,71.67,134.07,2.2,2.0
337413,LEVIATÁN,1.03,203.8,71.27,134.0,2.0,2.2
337414,G2 Esports,1.0,200.4,71.56,131.84,2.44,2.32
337414,LEVIATÁN,0.99,204.04,71.8,136.28,2.32,2.44
341816,FNATIC,1.11,210.53,77.07,137.93,2.13,2.4
341816,Team Liquid,0.92,193.6,71.0,131.4,2.4,2.13
341817,Natus Vincere,0.94,202.2,77.4,139.0,2.0,2.6
341817,Team Heretics,1.1,212.0,80.4,140.9,2.6,2.0
341818,FNATIC,1.1,204.9,73.9,134.5,1.7,2.9
341818,Karmine Corp,0.84,169.4,67.1,114.1,2.9,1.7
341819,FUT Esports,0.94,197.2,67.9,132.6,2.1,3.0
341819,Team Heretics,1.08,207.1,70.9,135.3,3.0,2.1
341820,FNATIC,0.78,176.9,63.4,118.0,2.5,2.0
341820,Team Heretics,1.23,212.4,75.0,142.3,2.0,2.5
341821,FNATIC,1.09,205.84,74.88,133.84,2.2,2.08
341821,Team Heretics,0.93,181.76,68.52,122.0,2.08,2.2
341822,FUT Esports,1.19,237.4,80.3,153.5,1.8,2.1
341822,Karmine Corp,0.87,196.2,72.3,129.2,2.1,1.8
341823,FNATIC,1.09,212.9,77.05,144.65,2.6,2.05
341823,FUT Esports,0.94,188.8,68.55,124.6,2.05,2.6
342356,All Gamers,,190.7,,,,
342356,Trace Esports,,216.2,,,,
342357,Dragon Ranger Gaming,,228.1,,,,
342357,Nova Esports,,190.3,,,,
342358,FunPlus Phoenix,,218.0,,,,
342358,Trace Esports,,187.9,,,,
342359,Dragon Ranger Gaming,,181.2,,,,
342359,EDward Gaming,,234.2,,,,
342360,EDward Gaming,,198.7,,,,
342360,FunPlus Phoenix,,210.8,,,,
342361,Dragon Ranger Gaming,,211.93,,,,
342361,Trace Esports,,199.73,,,,
342362,Dragon Ranger Gaming,,193.0,,,,
342362,EDward Gaming,,202.5,,,,
342363,EDward Gaming,,206.05,,,,
342363,FunPlus Phoenix,,202.1,,,,
348059,Dragon Ranger Gaming,,168.5,,117.0,0.8,2.8
348059,Team Heretics,,221.4,,145.8,2.8,0.8
348061,FUT Esports,,189.6,,122.33,2.0,2.6
348061,FunPlus Phoenix,,204.53,,136.0,2.6,2.0
348063,G2 Esports,,191.0,,122.07,2.33,1.73
348063,T1,,209.8,,139.27,1.73,2.33
348064,Gen.G,,196.87,,132.27,1.67,2.2
348064,LEVIATÁN,,187.8,,121.6,2.2,1.67
348457,G2 Esports,,193.4,,128.07,2.13,2.0
348457,Team Heretics,,201.87,,130.33,2.0,2.13
348458,FunPlus Phoenix,,188.27,,126.27,2.2,2.73
348458,Gen.G,,209.67,,134.93,2.73,2.2
348459,LEVIATÁN,,227.9,,150.0,2.0,2.2
348459,T1,,174.5,,113.2,2.2,2.0
348460,Dragon Ranger Gaming,,207.6,,145.5,2.6,2.3
348460,FUT Esports,,206.6,,134.3,2.3,2.6
348461,FUT Esports,,217.4,,144.47,2.0,2.2
348461,LEVIATÁN,,200.47,,136.2,2.13,1.93
348462,FunPlus Phoenix,,197.87,,131.53,2.2,2.33
348462,Team Heretics,,203.13,,136.53,2.33,2.2
348463,G2 Esports,,212.53,,140.13,2.4,1.67
348463,Paper Rex,,185.27,,124.87,1.67,2.4
348464,EDward Gaming,,192.6,,125.4,1.3,2.2
348464,Team Heretics,,224.8,,145.5,2.2,1.3
348465,100 Thieves,,229.4,,148.9,2.3,1.0
348465,FUT Esports,,144.7,,100.8,1.0,2.3
348466,FNATIC,,196.87,,130.87,2.27,2.4
348466,Gen.G,,197.2,,129.4,2.4,2.27
348467,EDward Gaming,,192.0,,123.2,2.5,1.8
348467,Paper Rex,,216.9,,141.9,1.8,2.5
348468,FNATIC,,193.47,,129.13,1.67,2.0
348468,FUT Esports,,196.33,,127.4,2.0,1.67
348469,G2 Esports,,203.33,,130.47,1.93,2.13
348469,Team Heretics,,188.93,,123.87,2.13,1.93
348470,100 Thieves,,190.1,,125.0,2.0,2.6
348470,Gen.G,,210.0,,133.3,2.6,2.0
348471,100 Thieves,,211.67,,143.2,1.93,2.53
348471,Paper Rex,,207.27,,138.27,2.53,1.93
348472,FUT Esports,,173.2,,117.4,1.0,2.7
348472,Team Heretics,,225.0,,145.2,2.7,1.0
348473,G2 Esports,,190.1,,126.8,2.0,2.4
348473,Gen.G,,217.7,,143.3,2.4,2.0
348474,100 Thieves,,157.7,,101.0,1.9,2.3
348474,Team Heretics,,227.5,,147.4,2.3,1.9
348475,G2 Esports,,172.33,,114.33,1.07,2.6
348475,Team Heretics,,222.8,,144.13,2.6,1.07
348476,Gen.G,,209.4,,137.12,2.04,1.8
348476,Team Heretics,,178.52,,116.2,1.8,2.04
353153,FUT Esports,1.06,195.67,74.27,130.2,2.2,1.73
353153,KOI,0.93,186.13,65.47,117.8,1.73,2.2
353154,BBL Esports,0.95,189.87,67.2,125.0,2.53,2.13
353154,FNATIC,1.06,198.87,73.13,128.53,2.13,2.53
353155,Natus Vincere,0.7,168.0,60.1,112.7,1.2,2.2
353155,Team Heretics,1.34,234.5,84.4,155.6,2.2,1.2
353156,Team Liquid,0.89,185.1,63.7,122.7,2.3,3.2
353156,Team Vitality,1.09,208.5,75.1,137.5,3.2,2.3
353157,GIANTX,0.84,170.8,68.07,117.67,2.27,1.87
353157,Gentle Mates,1.11,196.6,74.0,127.07,1.87,2.27
353158,FUT Esports,1.12,211.8,74.0,136.2,2.5,1.7
353158,Natus Vincere,0.9,196.9,64.1,133.2,1.7,2.5
353159,BBL Esports,0.68,162.9,61.6,106.4,1.7,2.0
353159,Karmine Corp,1.28,214.1,84.3,143.2,2.0,1.7
353160,FNATIC,1.05,199.4,73.87,134.4,1.87,2.0
353160,Team Vitality,0.96,191.0,66.33,126.87,2.0,1.87
353161,FUT Esports,0.86,190.3,67.8,122.6,2.2,2.0
353161,Team Heretics,1.18,222.6,79.2,144.8,2.0,2.2
353162,BBL Esports,1.14,212.1,75.7,138.2,2.6,1.1
353162,Team Liquid,0.84,178.3,67.7,117.0,1.1,2.6
353163,GIANTX,1.18,219.0,79.0,145.4,2.4,1.9
353163,Natus Vincere,0.86,178.1,65.6,119.5,1.9,2.4
353164,Gentle Mates,0.98,193.1,76.8,128.5,2.8,1.9
353164,KOI,0.98,192.4,78.0,127.1,1.9,2.8
353165,FNATIC,1.23,227.1,77.6,150.5,2.2,1.5
353165,Karmine Corp,0.8,181.2,65.4,124.6,1.5,2.2
353166,GIANTX,0.98,195.8,74.4,133.93,2.47,2.33
353166,Team Heretics,1.03,193.67,72.07,127.27,2.33,2.47
353167,FUT Esports,1.19,213.5,76.0,140.2,1.8,2.0
353167,Gentle Mates,0.8,174.3,64.9,118.5,2.0,1.8
353168,KOI,1.1,205.7,73.0,134.4,1.8,2.4
353168,Natus Vincere,0.88,187.5,69.3,122.8,2.4,1.8
353169,Karmine Corp,0.76,177.2,61.7,115.8,1.9,2.0
353169,Team Liquid,1.25,234.8,80.2,145.7,2.0,1.9
353170,BBL Esports,1.0,192.53,68.33,128.8,2.6,1.6
353170,Team Vitality,1.02,195.13,72.87,124.8,1.6,2.6
353171,Gentle Mates,0.88,174.13,65.73,115.93,1.47,2.6
353171,Team Heretics,1.1,197.4,78.73,129.33,2.6,1.47
353172,FUT Esports,1.23,213.1,75.5,136.4,1.9,1.7
353172,GIANTX,0.78,164.3,60.6,107.7,1.7,1.9
353173,KOI,1.01,194.47,70.93,127.07,2.27,2.33
353173,Team Heretics,0.98,187.4,69.53,127.13,2.33,2.27
353174,FNATIC,1.32,223.1,81.4,153.0,2.3,1.4
353174,Team Liquid,0.68,149.8,57.9,95.8,1.4,2.3
353175,Gentle Mates,1.01,206.27,70.87,133.4,1.93,2.4
353175,Natus Vincere,0.99,197.67,75.0,132.87,2.4,1.93
353177,LEVIATÁN,1.14,208.3,71.2,145.7,2.1,2.1
353177,MIBR,0.86,185.1,68.8,125.8,2.1,2.1
353178,NRG,0.81,175.7,64.1,115.9,2.2,2.6
353178,Sentinels,1.2,221.0,77.6,146.1,2.5,2.1
353179,100 Thieves,0.99,202.7,72.7,137.4,3.2,2.4
353179,FURIA,1.04,212.4,76.0,138.6,2.4,3.2
353180,Evil Geniuses,0.97,191.6,70.93,123.67,2.53,1.67
353180,LOUD,1.03,205.0,73.73,137.33,1.67,2.53
353181,Cloud9,0.97,191.47,71.93,129.67,2.07,2.13
353181,G2 Esports,1.02,191.87,69.07,123.8,2.13,2.07
353182,Evil Geniuses,1.34,240.8,88.9,159.5,2.2,1.3
353182,FURIA,0.67,166.7,62.4,109.9,1.3,2.2
353183,KRÜ Esports,0.9,181.7,72.3,121.9,2.5,2.2
353183,Sentinels,1.1,200.4,73.8,133.7,2.2,2.5
353184,LOUD,1.04,206.93,74.93,135.4,2.27,2.13
353184,MIBR,0.94,191.07,65.8,129.67,2.13,2.27
353185,100 Thieves,0.84,177.6,66.9,118.4,1.5,2.5
353185,LEVIATÁN,1.2,214.8,75.8,137.5,2.5,1.5
353186,G2 Esports,1.14,217.0,80.0,142.7,2.3,1.8
353186,NRG,0.82,183.2,68.7,119.6,1.8,2.3
353187,Cloud9,0.82,159.0,65.9,103.4,1.6,2.2
353187,Sentinels,1.16,200.7,77.9,130.1,2.3,1.7
353188,Evil Geniuses,0.76,171.2,64.5,116.9,1.4,2.7
353188,LEVIATÁN,1.24,232.2,80.5,151.9,2.7,1.4
353189,FURIA,1.06,204.87,74.33,138.53,2.4,2.2
353189,LOUD,0.95,199.13,66.8,132.47,2.2,2.4
353190,100 Thieves,1.26,226.0,83.7,148.6,1.8,1.9
353190,MIBR,0.74,165.6,65.4,109.2,1.9,1.8
353191,KRÜ Esports,0.94,190.73,69.87,125.4,1.47,2.67
353191,NRG,1.05,216.73,77.0,138.93,2.67,1.47
353192,G2 Esports,0.94,201.33,71.53,130.4,1.87,2.47
353192,KRÜ Esports,1.05,214.93,74.2,140.87,2.47,1.87
353193,LEVIATÁN,1.16,216.9,79.2,140.3,1.9,2.4
353193,LOUD,0.82,175.4,63.4,112.2,2.4,1.9
353194,FURIA,1.17,219.8,76.4,148.7,2.4,1.9
353194,MIBR,0.8,185.2,62.3,119.1,1.9,2.4
353195,Cloud9,0.94,189.8,71.87,125.93,2.07,2.27
353195,NRG,1.06,204.93,77.0,130.67,2.27,2.07
353196,100 Thieves,1.1,214.13,78.6,138.33,2.53,1.87
353196,Evil Geniuses,0.94,194.2,68.8,126.13,1.87,2.53
353197,Cloud9,0.84,173.5,63.7,119.6,2.1,2.2
353197,KRÜ Esports,1.18,210.4,76.8,144.7,2.2,2.1
353198,Evil Geniuses,0.78,175.0,61.6,117.6,1.1,2.6
353198,MIBR,1.22,220.9,78.1,145.8,2.6,1.1
353199,FURIA,0.74,170.8,63.2,118.5,1.9,1.9
353199,LEVIATÁN,1.22,221.2,75.7,148.6,1.9,1.9
353200,100 Thieves,1.09,208.87,76.87,134.4,2.13,1.73
353200,LOUD,0.9,178.73,62.53,118.2,1.73,2.13
353201,G2 Esports,1.2,213.6,78.3,135.7,2.6,1.5
353201,Sentinels,0.82,180.5,67.6,117.0,1.5,2.6
353202,GIANTX,0.74,155.7,58.4,106.1,2.1,2.3
353202,KOI,1.27,224.4,80.0,141.3,2.3,2.1
353203,Karmine Corp,0.91,188.67,72.33,124.87,2.13,2.2
353203,Team Vitality,1.1,202.53,75.53,129.67,2.2,2.13
359463,Team China,,,,,,
359463,Team International,,,,,,
359603,JDG Esports,,198.5,,133.8,2.6,2.4
359603,Titan Esports Club,,193.0,,124.4,2.4,2.6
359604,All Gamers,,224.6,,140.3,2.4,1.5
359604,TYLOO,,176.3,,113.6,1.5,2.4
359605,Bilibili Gaming,,218.9,,146.0,2.5,1.3
359605,Wolves Esports,,188.7,,123.6,1.3,2.5
359606,Dragon Ranger Gaming,,203.6,,137.93,2.13,2.13
359606,Nova Esports,,202.93,,136.73,2.13,2.13
359607,FunPlus Phoenix,,200.2,,133.07,1.93,2.4
359607,Trace Esports,,188.6,,120.0,2.4,1.93
359608,All Gamers,,214.2,,145.0,2.8,1.4
359608,Titan Esports Club,,185.2,,120.3,1.4,2.8
359609,EDward Gaming,,200.4,,134.8,2.0,2.4
359609,Wolves Esports,,205.53,,135.93,2.4,2.0
359610,TYLOO,,200.07,,131.8,1.93,2.13
359610,Trace Esports,,207.47,,138.6,2.13,1.93
359611,Bilibili Gaming,,216.07,,140.6,2.6,2.13
359611,Nova Esports,,180.4,,116.87,2.13,2.6
359612,FunPlus Phoenix,,204.2,,132.5,2.3,2.4
359612,JDG Esports,,175.2,,114.1,2.4,2.3
359613,Dragon Ranger Gaming,,221.1,,141.9,2.2,2.0
359613,EDward Gaming,,191.0,,122.5,2.0,2.2
359614,Nova Esports,,214.7,,145.6,2.2,3.2
359614,Wolves Esports,,203.4,,136.8,3.2,2.2
359615,JDG Esports,,214.67,,142.67,2.2,1.47
359615,Trace Esports,,181.8,,120.2,1.47,2.2
359616,TYLOO,,210.33,,141.6,2.47,2.0
359616,Titan Esports Club,,204.8,,136.0,2.0,2.47
359617,All Gamers,,198.07,,128.07,2.6,1.73
359617,FunPlus Phoenix,,195.87,,131.13,1.73,2.6
359618,Bilibili Gaming,,209.6,,137.2,2.3,2.5
359618,Dragon Ranger Gaming,,195.6,,130.2,2.5,2.3
359619,EDward Gaming,,206.1,,134.4,2.6,1.5
359619,Nova Esports,,172.0,,112.8,1.6,2.7
359621,All Gamers,,173.7,,114.0,1.1,2.5
359621,Trace Esports,,230.1,,147.2,2.5,1.1
359622,FunPlus Phoenix,,183.3,,118.0,2.0,2.1
359622,Titan Esports Club,,206.1,,134.6,2.1,2.0
359623,JDG Esports,,234.6,,154.5,2.2,1.4
359623,TYLOO,,160.8,,110.5,1.4,2.2
359624,Dragon Ranger Gaming,,166.1,,111.2,1.5,2.4
359624,Wolves Esports,,229.2,,148.2,2.4,1.5
359625,Titan Esports Club,,206.27,,134.0,2.13,2.4
359625,Trace Esports,,202.33,,132.47,2.4,2.13
359626,Bilibili Gaming,,193.6,,126.4,2.5,2.0
359626,EDward Gaming,,213.4,,137.8,2.0,2.5
359627,All Gamers,,166.0,,111.2,1.8,1.9
359627,JDG Esports,,229.6,,149.6,1.9,1.8
359628,FunPlus Phoenix,,198.6,,133.8,1.93,2.13
359628,TYLOO,,200.6,,134.27,2.13,1.93
365316,Gen.G,1.06,194.7,72.0,123.9,2.9,1.6
365316,Rex Regum Qeon,0.94,182.1,65.6,117.4,1.6,2.9
365317,TALON,1.0,194.5,71.2,128.7,2.4,2.2
365317,Team Secret,1.0,192.8,73.9,133.0,2.4,2.6
365318,Gen.G,1.21,215.3,78.8,146.8,2.5,1.6
365318,Paper Rex,0.81,160.7,61.3,105.9,1.6,2.5
365319,KIWOOM DRX,1.14,216.3,77.7,142.1,2.3,1.5
365319,TALON,0.86,187.9,66.8,125.9,1.5,2.3
365320,Gen.G,1.12,197.33,72.93,126.8,2.33,1.93
365320,KIWOOM DRX,0.87,165.47,63.4,109.4,1.93,2.33
365321,Gen.G,1.09,211.3,75.65,138.6,3.05,1.9
365321,KIWOOM DRX,0.92,187.75,67.1,125.05,1.85,3.0
365322,Paper Rex,1.34,235.1,85.2,153.7,1.7,1.5
365322,TALON,0.68,165.3,58.3,114.2,1.5,1.7
365323,KIWOOM DRX,0.99,199.32,70.08,131.88,2.2,2.16
365323,Paper Rex,1.01,199.0,71.44,129.24,2.16,2.2
370722,Bilibili Gaming,,219.5,,137.1,2.2,2.0
370722,JDG Esports,,191.8,,126.5,2.0,2.2
370723,All Gamers,,189.7,,120.8,1.9,2.4
370723,Trace Esports,,215.6,,135.9,2.4,1.9
370724,Bilibili Gaming,,197.73,,130.93,2.0,2.07
370724,EDward Gaming,,206.67,,136.4,2.07,2.0
370725,FunPlus Phoenix,,172.9,,114.1,1.9,2.1
370725,Trace Esports,,222.6,,141.7,2.1,1.9
370726,EDward Gaming,,235.1,,153.7,1.8,1.5
370726,Trace Esports,,162.2,,113.4,1.5,1.8
370727,EDward Gaming,,202.4,,133.68,1.76,2.48
370727,FunPlus Phoenix,,199.88,,130.52,2.48,1.76
370728,Bilibili Gaming,,179.6,,116.0,1.73,2.6
370728,FunPlus Phoenix,,217.4,,143.33,2.6,1.73
370729,FunPlus Phoenix,,202.76,,133.2,2.24,2.12
370729,Trace Esports,,189.2,,122.0,2.12,2.24
371266,Cloud9,0.86,188.67,66.53,124.47,2.0,2.47
371266,KRÜ Esports,1.15,215.33,78.2,145.0,2.47,2.0
371267,100 Thieves,1.09,207.2,75.1,136.9,2.7,1.6
371267,Sentinels,0.91,197.9,67.7,128.9,1.6,2.7
371268,KRÜ Esports,0.57,139.0,51.5,95.5,0.6,2.6
371268,LEVIATÁN,1.4,240.0,89.2,160.4,2.6,0.6
371269,100 Thieves,0.8,184.7,65.1,119.8,1.6,2.7
371269,G2 Esports,1.18,221.5,79.9,147.4,2.5,1.4
371270,G2 Esports,1.04,209.1,72.9,135.2,1.6,2.4
371270,LEVIATÁN,0.92,207.7,72.3,131.8,2.4,1.6
371271,G2 Esports,0.87,181.25,66.25,120.0,2.2,2.65
371271,LEVIATÁN,1.16,216.75,78.8,140.6,2.65,2.2
371272,100 Thieves,1.01,203.33,71.13,133.67,2.07,2.53
371272,KRÜ Esports,1.0,195.47,70.6,132.07,2.6,2.13
371273,KRÜ Esports,0.89,186.28,64.68,123.28,1.68,2.56
371273,LEVIATÁN,1.12,214.84,79.2,142.24,2.56,1.68
371278,Natus Vincere,0.87,174.13,66.87,115.93,2.13,1.8
371278,Team Vitality,1.14,211.07,75.87,136.53,1.8,2.13
371279,FNATIC,0.98,197.8,69.67,128.4,1.8,2.67
371279,Karmine Corp,0.99,193.0,75.8,125.47,2.67,1.8
371280,Team Heretics,1.0,194.93,73.07,126.2,2.4,2.53
371280,Team Vitality,1.03,198.2,72.6,133.4,2.53,2.4
371281,FNATIC,1.13,207.8,71.2,139.1,2.4,2.2
371281,FUT Esports,0.88,177.4,65.8,114.9,2.2,2.4
371282,FNATIC,1.11,210.0,75.3,144.3,2.7,1.6
371282,Team Vitality,0.94,184.2,65.4,117.6,1.6,2.7
371283,FNATIC,1.16,212.5,75.6,142.05,2.2,1.85
371283,Team Vitality,0.87,180.55,65.9,121.1,1.85,2.2
371284,FUT Esports,0.9,191.6,69.4,127.1,2.1,2.6
371284,Team Heretics,1.1,206.3,78.3,137.2,2.6,2.1
371285,Team Heretics,0.89,180.5,70.8,121.7,1.85,1.85
371285,Team Vitality,1.16,216.15,77.6,144.65,1.85,1.85
378656,Bilibili Gaming,0.82,173.4,64.7,111.3,1.7,2.2
378656,FNATIC,1.18,209.0,75.4,138.9,2.2,1.7
378657,KIWOOM DRX,0.96,199.47,69.27,130.2,1.67,1.87
378657,KRÜ Esports,1.05,200.87,69.87,133.93,1.87,1.67
378658,FNATIC,0.93,179.0,68.4,116.5,1.8,2.5
378658,KIWOOM DRX,0.98,193.0,73.8,127.4,2.5,1.8
378659,Bilibili Gaming,0.77,174.2,61.4,113.1,1.5,2.4
378659,KRÜ Esports,1.25,226.5,84.6,152.9,2.4,1.5
378660,FNATIC,1.11,216.4,75.8,142.73,2.2,2.07
378660,KRÜ Esports,0.87,184.53,66.8,121.6,2.07,2.2
378662,Gen.G,1.13,210.4,81.5,136.8,2.1,2.0
378662,Sentinels,0.86,169.0,65.8,110.1,2.0,2.1
378663,FunPlus Phoenix,0.98,198.47,71.2,131.73,2.8,2.27
378663,Team Heretics,1.0,193.53,68.87,129.47,2.27,2.8
378664,Gen.G,0.98,194.93,68.53,128.8,2.67,2.07
378664,Team Heretics,1.03,197.27,75.53,128.13,2.07,2.67
378665,FunPlus Phoenix,0.78,159.6,61.3,102.6,1.7,2.2
378665,Sentinels,1.21,210.1,79.0,137.3,2.2,1.7
378666,Gen.G,0.78,179.0,67.0,116.6,1.8,2.3
378666,Sentinels,1.21,215.6,79.8,138.5,2.3,1.8
378667,LEVIATÁN,1.1,201.1,72.9,135.0,2.5,2.0
378667,TALON,0.9,185.1,68.6,117.9,2.0,2.5
378669,Team Vitality,1.0,187.4,67.27,127.6,2.07,2.47
378669,Trace Esports,1.0,193.47,71.87,127.73,2.47,2.07
378670,LEVIATÁN,0.94,193.6,67.4,127.67,2.0,2.2
378670,Trace Esports,1.06,205.13,73.0,133.87,2.2,2.0
378671,TALON,0.77,185.2,67.2,121.0,2.0,2.0
378671,Team Vitality,1.18,223.1,77.1,143.0,2.0,2.0
378672,LEVIATÁN,1.14,214.2,75.7,141.4,2.6,1.7
378672,Team Vitality,0.86,193.9,66.4,127.1,1.7,2.6
378673,EDward Gaming,1.08,201.8,76.4,131.1,1.9,2.6
378673,FUT Esports,0.92,190.4,72.5,121.9,2.6,1.9
378674,G2 Esports,1.15,222.0,74.3,144.0,2.8,1.5
378674,Paper Rex,0.88,196.9,68.2,127.6,1.5,2.8
378675,EDward Gaming,1.01,196.73,66.67,126.67,2.6,2.0
378675,G2 Esports,0.96,188.87,66.73,125.4,2.0,2.6
378676,FUT Esports,0.9,186.8,63.1,123.9,2.0,2.3
378676,Paper Rex,1.1,207.4,78.0,137.0,2.3,2.0
378677,EDward Gaming,1.11,214.13,77.13,139.2,2.4,1.2
378677,Paper Rex,0.92,191.4,68.6,128.87,1.2,2.4
378822,KIWOOM DRX,0.92,190.5,69.2,121.8,2.3,2.6
378822,Sentinels,1.12,209.2,78.5,133.6,2.6,2.3
378823,EDward Gaming,1.14,206.3,69.0,134.5,2.5,1.8
378823,Trace Esports,0.86,173.4,65.9,113.2,1.8,2.5
378824,G2 Esports,0.83,191.0,68.3,121.0,2.4,2.5
378824,LEVIATÁN,1.08,215.2,75.7,144.8,2.4,2.3
378825,FNATIC,0.83,168.7,67.5,115.1,2.1,2.2
378825,Team Heretics,1.12,197.0,77.0,132.3,2.1,2.0
378826,EDward Gaming,1.03,203.67,73.33,131.0,2.27,1.93
378826,Sentinels,1.01,204.4,73.27,133.93,1.93,2.27
378827,LEVIATÁN,1.06,207.3,75.3,137.6,3.0,2.1
378827,Team Heretics,0.94,192.8,70.1,130.6,2.1,3.0
378828,EDward Gaming,1.07,206.33,75.4,132.33,2.8,1.93
378828,LEVIATÁN,0.96,195.53,68.87,132.27,1.93,2.8
378829,EDward Gaming,1.1,209.56,77.92,137.2,2.16,2.0
378829,Team Heretics,0.9,186.32,69.24,121.28,2.0,2.16
378831,KIWOOM DRX,1.22,217.7,83.4,140.7,1.7,1.7
378831,Trace Esports,0.79,176.1,64.9,118.2,1.7,1.7
378832,FNATIC,1.18,221.1,76.3,145.3,2.3,1.7
378832,G2 Esports,0.76,164.8,60.7,109.8,1.7,2.3
378833,KIWOOM DRX,0.94,193.4,71.67,124.6,1.73,2.2
378833,Team Heretics,1.07,203.67,74.13,130.87,2.2,1.73
378834,FNATIC,1.02,197.4,70.67,130.67,2.4,1.93
378834,Sentinels,0.97,191.87,73.2,125.4,1.93,2.4
378835,Sentinels,1.0,193.27,67.4,129.4,1.87,2.33
378835,Team Heretics,1.01,197.13,70.6,128.67,2.33,1.87
378836,LEVIATÁN,0.86,178.15,68.75,117.2,2.25,2.05
378836,Team Heretics,1.13,203.85,77.85,136.85,2.05,2.25
427991,Evil Geniuses,0.94,184.3,67.3,123.1,2.3,2.6
427991,LOUD,1.07,196.7,71.7,132.7,2.6,2.3
427992,100 Thieves,1.23,217.8,82.3,142.4,2.8,1.1
427992,MIBR,0.76,168.4,58.1,113.9,1.1,2.8
427993,Cloud9,0.95,197.2,74.9,128.8,2.4,2.6
427993,NRG,1.03,205.9,74.9,133.0,2.5,2.3
427994,2Game Esports,0.83,184.2,69.2,123.9,2.0,1.8
427994,FURIA,1.16,219.7,77.0,141.0,1.8,2.0
427995,KRÜ Esports,0.87,171.6,66.8,113.3,2.2,2.1
427995,LOUD,1.08,198.7,73.9,130.0,2.1,2.2
427996,100 Thieves,0.96,197.0,73.07,129.4,1.93,2.13
427996,Sentinels,1.04,201.33,77.6,133.73,2.13,1.93
427997,Cloud9,0.76,170.0,59.6,114.1,1.4,2.6
427997,G2 Esports,1.26,216.7,80.2,144.3,2.6,1.4
427998,FURIA,0.82,178.0,65.6,118.6,1.9,2.1
427998,LEVIATÁN,1.14,210.7,75.8,136.4,2.1,1.9
427999,LOUD,0.95,186.47,70.07,121.53,2.67,2.0
427999,Sentinels,1.04,192.67,74.07,125.07,2.0,2.67
428000,G2 Esports,1.16,221.9,79.2,149.1,2.5,1.5
428000,LEVIATÁN,0.88,195.5,66.3,129.0,1.5,2.5
428001,G2 Esports,1.12,212.2,69.5,136.3,2.3,1.7
428001,Sentinels,0.84,180.5,67.5,119.9,1.7,2.3
428002,G2 Esports,1.0,193.28,71.28,125.4,2.0,2.04
428002,Sentinels,1.0,194.16,71.0,129.44,2.04,2.0
428003,Evil Geniuses,1.14,209.5,77.5,138.5,2.2,1.8
428003,FURIA,0.86,184.5,66.5,123.3,1.8,2.2
428004,Cloud9,0.93,188.4,70.13,123.27,2.2,1.93
428004,MIBR,1.06,196.73,72.67,131.07,1.93,2.2
428005,100 Thieves,0.85,178.27,72.07,112.8,2.4,2.27
428005,NRG,1.13,203.67,78.73,129.6,2.27,2.4
428006,2Game Esports,0.73,166.6,64.1,109.2,1.4,1.7
428006,KRÜ Esports,1.27,229.2,82.8,148.7,1.7,1.4
428007,Evil Geniuses,0.73,174.2,57.9,113.0,1.4,2.5
428007,MIBR,1.24,231.6,85.9,148.9,2.5,1.4
428008,KRÜ Esports,1.06,200.53,74.13,130.33,2.6,1.67
428008,NRG,0.92,191.07,69.8,125.0,1.67,2.6
428009,LEVIATÁN,1.0,197.6,77.4,134.4,1.8,2.67
428009,MIBR,0.99,195.93,70.2,130.2,2.67,1.8
428010,KRÜ Esports,1.15,213.5,79.4,140.9,2.0,2.2
428010,LOUD,0.88,185.4,66.1,126.5,2.2,2.0
428011,KRÜ Esports,0.96,190.27,72.27,122.07,1.93,2.47
428011,MIBR,1.05,206.33,76.27,132.13,2.47,1.93
428012,MIBR,0.84,184.45,65.85,123.7,2.3,2.6
428012,Sentinels,1.16,212.5,76.3,138.85,2.6,2.3
429379,Movistar KOI,0.91,184.47,71.07,123.8,1.87,2.27
429379,Team Liquid,1.08,202.67,76.13,134.4,2.27,1.87
429380,Karmine Corp,1.13,200.6,79.8,131.8,1.73,2.07
429380,Natus Vincere,0.85,174.33,69.53,114.07,2.07,1.73
429381,BBL Esports,1.05,205.67,74.47,135.4,2.47,1.93
429381,GIANTX,0.94,184.8,65.4,123.67,1.93,2.47
429382,Apeks,0.85,180.8,67.9,119.2,1.9,2.7
429382,Gentle Mates,1.14,209.6,75.7,139.3,2.7,1.9
429383,FUT Esports,1.11,217.4,79.9,144.3,2.3,1.6
429383,Team Liquid,0.91,198.7,73.9,135.1,1.6,2.3
429384,Karmine Corp,0.95,190.93,71.73,124.8,2.27,2.53
429384,Team Vitality,1.02,202.07,70.13,131.67,2.53,2.27
429385,BBL Esports,0.9,186.47,67.33,123.73,1.8,2.53
429385,FNATIC,1.09,211.73,73.53,140.6,2.53,1.8
429386,Gentle Mates,0.94,174.87,63.8,113.47,1.8,1.8
429386,Team Heretics,1.04,188.53,71.2,123.8,1.8,1.8
429387,FUT Esports,0.76,172.5,65.3,111.7,1.2,2.5
429387,Team Vitality,1.26,232.7,77.6,153.7,2.5,1.2
429388,BBL Esports,0.9,183.1,68.5,122.4,1.5,2.9
429388,Team Heretics,1.13,214.2,79.8,145.1,2.9,1.5
429389,Team Heretics,0.82,181.6,69.0,120.2,2.0,1.6
429389,Team Vitality,1.21,227.6,73.9,151.0,1.7,2.1
429390,Team Liquid,0.96,191.36,69.36,127.32,1.96,2.16
429390,Team Vitality,1.01,199.6,71.92,127.88,2.16,1.96
429391,Gentle Mates,1.17,209.87,80.2,135.8,2.0,1.67
429391,Movistar KOI,0.81,177.53,65.6,114.6,1.67,2.0
429392,FNATIC,1.03,200.53,72.53,134.47,2.53,2.2
429392,Natus Vincere,0.95,192.53,66.6,126.93,2.2,2.53
429393,GIANTX,1.0,189.47,73.0,122.73,2.67,2.0
429393,Karmine Corp,0.99,185.2,71.07,121.67,2.0,2.67
429394,Apeks,0.94,186.6,72.27,126.07,2.0,2.33
429394,Team Liquid,1.08,209.73,74.07,141.53,2.33,2.0
429395,FNATIC,1.14,197.7,71.4,129.9,1.9,1.8
429395,Gentle Mates,0.82,158.2,59.1,105.4,1.8,1.9
429396,GIANTX,0.86,192.3,73.6,130.8,2.0,2.0
429396,Team Liquid,1.18,221.1,78.4,150.6,2.0,2.0
429397,FNATIC,0.86,183.4,66.2,120.2,1.9,2.3
429397,FUT Esports,1.14,206.3,72.2,132.9,2.3,1.9
429398,BBL Esports,0.97,200.07,68.93,128.0,1.6,3.0
429398,Team Liquid,1.0,205.67,69.0,134.53,3.0,1.6
429400,FUT Esports,0.89,188.53,65.33,122.2,1.47,2.6
429400,Team Liquid,1.1,213.13,76.4,135.8,2.6,1.47
429401,Team Heretics,0.77,164.73,61.2,111.2,1.13,2.47
429401,Team Liquid,1.27,225.87,81.8,150.47,2.47,1.13
430514,BOOM Esports,1.01,193.07,71.87,123.8,2.27,2.0
430514,T1,1.0,193.27,68.8,128.07,2.07,2.33
430515,Nongshim RedForce,1.15,214.1,80.9,135.2,2.4,2.0
430515,ZETA DIVISION,0.88,189.7,67.4,120.1,2.0,2.4
430516,Global Esports,1.01,193.47,70.33,127.47,1.73,1.93
430516,Team Secret,0.97,196.4,72.67,126.67,1.93,1.73
430517,DetonatioN FocusMe,0.78,175.07,64.47,115.53,1.53,2.33
430517,Rex Regum Qeon,1.2,215.47,80.4,141.33,2.33,1.53
430518,Paper Rex,0.99,197.6,72.8,130.53,2.07,2.2
430518,T1,1.05,207.13,73.87,136.8,2.2,2.07
430519,Global Esports,0.98,184.27,68.53,120.47,2.0,2.07
430519,TALON,0.93,185.73,70.07,119.0,2.07,2.0
430520,Gen.G,0.94,185.73,65.13,121.2,1.73,2.67
430520,Rex Regum Qeon,1.04,195.47,73.2,127.93,2.67,1.73
430521,KIWOOM DRX,1.0,206.4,78.33,137.33,2.4,1.93
430521,Nongshim RedForce,1.01,200.67,78.0,127.27,1.93,2.4
430522,T1,1.02,194.2,72.67,135.47,2.0,1.8
430522,TALON,0.97,188.53,70.2,121.6,1.8,2.0
430523,Gen.G,0.87,178.0,64.1,114.5,2.0,3.0
430523,KIWOOM DRX,1.15,209.6,78.2,140.5,3.0,2.0
430524,KIWOOM DRX,1.01,199.93,71.53,130.73,2.53,2.47
430524,T1,1.01,203.73,71.53,135.67,2.47,2.53
430525,KIWOOM DRX,1.09,200.84,74.8,134.24,2.28,2.0
430525,T1,0.95,187.52,72.52,123.88,2.0,2.28
430526,BOOM Esports,0.9,183.53,74.8,120.33,1.73,2.07
430526,Nongshim RedForce,1.07,201.73,76.33,131.73,2.07,1.73
430527,Rex Regum Qeon,1.13,213.87,74.27,137.53,1.93,1.8
430527,Team Secret,0.85,178.4,66.4,119.53,1.8,1.93
430528,DetonatioN FocusMe,1.1,205.0,75.4,134.6,2.6,2.0
430528,Global Esports,0.88,177.0,67.9,121.4,2.0,2.6
430529,Paper Rex,1.23,231.2,82.3,151.9,2.4,1.5
430529,ZETA DIVISION,0.74,168.9,63.2,109.3,1.5,2.4
430530,Nongshim RedForce,1.03,202.73,73.33,134.8,3.6,2.33
430530,Rex Regum Qeon,1.02,198.8,73.73,134.33,2.33,3.6
430531,DetonatioN FocusMe,1.27,229.8,83.1,149.3,2.2,1.5
430531,Paper Rex,0.76,181.3,64.7,120.2,1.5,2.2
430532,Nongshim RedForce,0.93,190.13,71.4,125.4,2.27,1.93
430532,TALON,1.07,202.47,75.53,131.33,1.93,2.27
430533,DetonatioN FocusMe,0.82,163.8,62.5,106.1,1.9,1.9
430533,Gen.G,1.17,206.3,73.7,136.6,1.9,1.9
430534,Gen.G,1.3,227.7,82.2,142.9,2.2,1.3
430534,TALON,0.67,156.2,59.0,104.3,1.3,2.2
430535,Gen.G,1.04,201.88,74.44,130.8,2.24,2.36
430535,T1,0.97,188.92,69.92,127.12,2.36,2.24
430837,Wolves Esports,,188.2,,,,
430837,Xi Lai Gaming,,213.0,,,,
430838,TYLOO,,186.5,,,,
430838,Titan Esports Club,,206.9,,,,
430839,Dragon Ranger Gaming,,213.73,,,,
430839,JD Mall JDG Esports,,190.4,,,,
430840,All Gamers,,170.0,,,,
430840,Nova Esports,,235.4,,,,
430841,Bilibili Gaming,,190.53,,,,
430841,Xi Lai Gaming,,195.33,,,,
430842,FunPlus Phoenix,,203.4,,,,
430842,Titan Esports Club,,191.4,,,,
430843,Dragon Ranger Gaming,,176.0,,,,
430843,Trace Esports,,219.5,,,,
430844,EDward Gaming,,215.7,,,,
430844,Nova Esports,,200.6,,,,
430845,Bilibili Gaming,,202.5,,,,
430845,FunPlus Phoenix,,187.2,,,,
430846,EDward Gaming,,155.0,,,,
430846,Trace Esports,,222.2,,,,
430847,Bilibili Gaming,,197.73,,,,
430847,Trace Esports,,216.67,,,,
430848,EDward Gaming,,214.3,,,,
430848,Trace Esports,,190.5,,,,
430849,Nova Esports,,205.47,,,,
430849,Wolves Esports,,189.27,,,,
430850,Dragon Ranger Gaming,,205.9,,,,
430850,TYLOO,,192.9,,,,
430851,JD Mall JDG Esports,,222.4,,,,
430851,Titan Esports Club,,170.9,,,,
430853,All Gamers,,169.8,,,,
430853,Xi Lai Gaming,,217.33,,,,
430854,Dragon Ranger Gaming,,213.9,,,,
430854,Nova Esports,,180.4,,,,
430855,JD Mall JDG Esports,,191.33,,,,
430855,Xi Lai Gaming,,208.33,,,,
430856,Dragon Ranger Gaming,,192.2,,,,
430856,FunPlus Phoenix,,211.27,,,,
430857,EDward Gaming,,211.07,,,,
430857,Xi Lai Gaming,,174.47,,,,
430858,Dragon Ranger Gaming,,155.5,,,,
430858,EDward Gaming,,240.3,,,,
430860,Bilibili Gaming,,179.07,,,,
430860,EDward Gaming,,215.07,,,,
448597,G2 Esports,1.27,210.7,79.8,141.4,2.0,1.7
448597,Trace Esports,0.73,158.9,61.4,108.4,1.7,2.0
448598,EDward Gaming,1.06,210.2,70.8,139.0,3.0,2.3
448598,Team Liquid,0.96,199.4,67.0,133.0,2.3,3.0
448599,T1,0.86,181.7,66.9,121.4,2.5,2.0
448599,Team Vitality,1.14,214.4,76.4,135.1,2.0,2.5
448600,KIWOOM DRX,1.2,206.3,81.8,136.6,2.2,1.7
448600,Sentinels,0.76,163.9,67.1,110.4,1.7,2.2
449000,KIWOOM DRX,0.99,200.13,73.07,134.33,2.47,2.13
449000,Team Vitality,1.05,207.07,71.0,136.2,2.13,2.47
449001,EDward Gaming,1.17,217.07,76.6,140.6,2.87,1.93
449001,G2 Esports,0.88,183.93,68.47,121.13,1.93,2.87
449002,T1,1.25,222.1,81.8,149.9,2.2,1.5
449002,Trace Esports,0.74,164.5,59.8,105.7,1.5,2.2
449003,Sentinels,0.92,192.27,70.73,124.2,2.13,2.13
449003,Team Liquid,1.07,207.33,76.6,134.8,2.13,2.13
449004,KIWOOM DRX,0.82,172.0,68.8,111.7,1.4,2.7
449004,T1,1.16,211.6,79.2,135.3,2.7,1.4
449005,G2 Esports,1.14,208.5,72.8,131.6,1.7,2.1
449005,Team Liquid,0.86,186.6,70.0,121.7,2.1,1.7
449008,EDward Gaming,1.07,211.0,80.2,137.87,2.07,2.13
449008,T1,0.96,195.07,66.13,128.73,2.13,2.07
449009,G2 Esports,1.1,206.4,74.8,135.0,2.9,2.1
449009,Team Vitality,0.94,202.1,70.1,128.6,2.1,2.9
449010,EDward Gaming,0.86,179.9,64.7,123.2,1.7,2.4
449010,G2 Esports,1.16,216.3,77.6,145.1,2.4,1.7
449011,G2 Esports,1.07,205.8,76.52,133.92,2.24,2.6
449011,T1,0.95,197.84,71.4,128.88,2.6,2.24
449012,T1,1.16,210.0,77.27,133.2,2.4,1.67
449012,Team Vitality,0.84,176.47,63.53,113.73,1.67,2.4
449013,EDward Gaming,0.86,180.05,64.8,119.05,1.75,2.45
449013,T1,1.19,223.7,78.45,143.7,2.45,1.75
450047,Bilibili Gaming,,197.67,,,,
450047,Xi Lai Gaming,,193.33,,,,
450048,All Gamers,,179.0,,,,
450048,Trace Esports,,219.2,,,,
450049,Dragon Ranger Gaming,,230.2,,,,
450049,Nova Esports,,186.7,,,,
450050,EDward Gaming,,219.0,,,,
450050,TYLOO,,171.8,,,,
450051,JD Mall JDG Esports,,182.0,,,,
450051,Wolves Esports,,201.5,,,,
450052,FunPlus Phoenix,,234.1,,,,
450052,Titan Esports Club,,171.4,,,,
450053,EDward Gaming,,201.7,,,,
450053,Nova Esports,,219.8,,,,
450054,FunPlus Phoenix,,209.13,,,,
450054,TYLOO,,181.33,,,,
450055,All Gamers,,188.3,,,,
450055,Xi Lai Gaming,,214.5,,,,
450056,Trace Esports,,210.4,,,,
450056,Wolves Esports,,211.1,,,,
450057,Dragon Ranger Gaming,0.9,191.6,73.0,122.0,1.8,2.33
450057,Titan Esports Club,0.98,211.13,73.93,139.0,2.33,1.8
450058,Bilibili Gaming,1.0,202.8,73.2,132.4,2.33,1.8
450058,JD Mall JDG Esports,1.0,195.27,74.47,128.93,1.8,2.33
450059,JD Mall JDG Esports,0.91,182.8,64.8,121.1,2.1,2.3
450059,Trace Esports,1.08,204.0,73.3,129.0,2.3,2.1
450060,Wolves Esports,0.98,191.5,67.0,122.9,2.1,2.8
450060,Xi Lai Gaming,1.0,192.5,68.3,124.4,2.8,2.1
450061,TYLOO,0.98,193.13,69.73,127.6,1.67,2.6
450061,Titan Esports Club,1.04,203.0,70.47,132.8,2.6,1.67
450062,Dragon Ranger Gaming,0.95,201.4,70.07,130.87,1.6,2.4
450062,EDward Gaming,1.08,213.0,73.73,139.53,2.4,1.6
450063,FunPlus Phoenix,0.96,185.9,71.0,123.5,2.6,2.1
450063,Nova Esports,1.06,203.3,74.2,132.2,2.1,2.6
450064,All Gamers,0.74,163.0,60.0,104.1,1.4,2.1
450064,Bilibili Gaming,1.29,235.6,82.2,149.0,2.1,1.4
450065,Dragon Ranger Gaming,1.15,215.0,77.2,146.6,2.1,2.1
450065,FunPlus Phoenix,0.83,176.6,61.3,118.7,2.1,2.1
450066,Bilibili Gaming,1.13,204.8,75.93,132.2,2.2,1.67
450066,Wolves Esports,0.9,175.73,67.6,120.8,1.67,2.2
450067,All Gamers,0.83,184.4,63.0,119.1,1.5,2.8
450067,JD Mall JDG Esports,1.16,216.1,76.2,138.7,2.8,1.5
450068,EDward Gaming,1.03,207.27,75.73,134.6,2.07,2.0
450068,Titan Esports Club,0.97,204.4,69.73,135.2,2.0,2.07
450069,Nova Esports,1.0,195.6,72.8,131.47,1.4,2.47
450069,TYLOO,1.02,197.87,72.07,128.13,2.47,1.4
450070,Trace Esports,0.94,188.2,68.6,121.53,2.4,2.07
450070,Xi Lai Gaming,1.06,199.27,75.47,134.53,2.07,2.4
450071,JD Mall JDG Esports,0.73,185.67,62.2,113.0,1.4,2.4
450071,Xi Lai Gaming,1.36,214.67,84.0,160.0,2.4,1.4
450072,Dragon Ranger Gaming,0.91,193.07,70.0,125.67,2.07,2.13
450072,TYLOO,1.11,218.47,76.87,140.87,2.13,2.07
450073,All Gamers,0.71,183.53,72.0,114.2,1.6,2.4
450073,Wolves Esports,1.28,215.6,76.0,157.0,2.4,2.3
450074,Bilibili Gaming,,191.5,57.6,,1.2,2.0
450074,Trace Esports,,181.7,81.4,,2.0,1.2
450075,Nova Esports,,170.9,70.2,,,
450075,Titan Esports Club,,228.7,78.2,,,
450076,EDward Gaming,1.13,213.4,75.9,141.2,2.2,2.2
450076,FunPlus Phoenix,0.87,186.4,64.3,125.0,2.2,2.2
450589,Team International,,,,,,
450589,Team Thailand,,,,,,
458805,DetonatioN FocusMe,0.9,184.2,68.2,119.5,2.0,2.4
458805,Global Esports,1.07,197.5,73.6,133.0,2.4,2.0
458806,T1,1.1,205.8,73.47,133.8,2.07,2.2
458806,ZETA DIVISION,0.89,178.73,61.47,116.67,2.2,2.07
458807,KIWOOM DRX,1.03,194.47,71.33,124.6,2.87,1.47
458807,Paper Rex,0.92,182.47,67.93,118.73,1.47,2.87
458808,TALON,1.07,211.4,73.53,136.53,2.0,1.67
458808,Team Secret,0.9,188.13,62.73,123.6,1.67,2.0
458809,BOOM Esports,1.1,217.7,72.1,138.7,2.4,2.9
458809,Gen.G,0.92,197.5,63.6,138.5,2.9,2.4
458810,Nongshim RedForce,0.93,167.2,68.67,110.87,1.6,2.27
458810,Rex Regum Qeon,1.05,187.87,75.47,124.8,2.27,1.6
458811,Team Secret,1.0,207.5,72.5,138.0,1.8,2.9
458811,ZETA DIVISION,1.0,204.4,69.5,137.4,2.9,1.8
458812,Nongshim RedForce,0.9,184.2,66.0,122.8,2.5,2.2
458812,T1,1.1,213.3,71.6,139.3,2.2,2.5
458813,Gen.G,1.06,214.33,75.13,142.13,1.53,2.33
458813,Paper Rex,0.93,191.73,69.53,127.8,2.4,1.6
458814,DetonatioN FocusMe,0.74,152.9,57.2,101.2,1.6,2.1
458814,KIWOOM DRX,1.23,218.3,79.6,142.2,2.1,1.6
458815,Rex Regum Qeon,1.12,213.6,73.8,138.8,2.2,1.7
458815,TALON,0.86,176.7,67.7,121.2,1.7,2.2
458816,BOOM Esports,1.32,234.2,82.4,152.9,2.4,1.4
458816,Global Esports,0.74,180.1,63.8,120.1,1.4,2.4
458817,DetonatioN FocusMe,0.71,166.5,64.5,110.1,0.9,2.3
458817,Gen.G,1.3,231.4,88.0,150.6,2.3,0.9
458818,Rex Regum Qeon,1.23,229.3,79.0,148.7,2.1,2.0
458818,ZETA DIVISION,0.74,171.2,61.4,113.6,2.0,2.1
458819,BOOM Esports,1.04,200.33,76.6,128.47,2.6,1.8
458819,Paper Rex,0.97,190.93,72.4,127.33,1.8,2.6
458820,Nongshim RedForce,0.96,190.27,66.6,124.67,1.93,1.93
458820,TALON,1.07,200.8,75.13,135.6,1.93,1.93
458821,Global Esports,0.8,165.1,63.0,106.6,1.2,2.7
458821,KIWOOM DRX,1.15,218.1,84.2,144.6,2.7,1.2
458822,T1,1.08,216.47,73.8,145.4,2.0,2.13
458822,Team Secret,0.92,184.33,65.33,124.07,2.13,2.0
458823,Nongshim RedForce,1.19,218.3,74.6,142.0,2.5,1.4
458823,Team Secret,0.82,184.4,65.9,120.3,1.4,2.5
458824,BOOM Esports,1.1,210.47,74.27,138.53,2.53,2.07
458824,KIWOOM DRX,0.89,188.53,67.93,124.53,2.0,2.47
458825,Rex Regum Qeon,1.08,209.27,71.73,141.4,2.6,1.67
458825,T1,0.91,194.6,68.73,130.2,1.67,2.6
458826,Gen.G,1.14,205.2,77.2,133.4,2.4,1.4
458826,Global Esports,0.85,178.8,71.0,119.4,1.4,2.4
458827,TALON,0.79,185.6,68.0,118.5,1.4,2.6
458827,ZETA DIVISION,1.18,228.5,80.2,148.5,2.6,1.4
458828,DetonatioN FocusMe,0.96,192.6,67.13,130.93,2.2,2.6
458828,Paper Rex,1.09,209.4,76.53,136.33,2.6,2.2
458830,Global Esports,0.9,191.7,69.7,122.8,2.1,1.9
458830,Paper Rex,1.09,218.5,73.0,139.0,1.9,2.1
458831,T1,0.78,170.2,60.4,114.7,1.2,2.7
458831,TALON,1.21,219.2,78.4,145.4,2.7,1.2
458832,Gen.G,0.95,189.8,72.33,122.73,1.67,2.73
458832,KIWOOM DRX,1.04,192.67,71.27,122.53,2.73,1.67
458833,Nongshim RedForce,1.16,210.27,75.27,133.93,2.2,2.0
458833,ZETA DIVISION,0.82,167.73,64.4,110.27,2.0,2.2
458834,BOOM Esports,1.12,214.4,80.0,139.3,2.7,1.3
458834,DetonatioN FocusMe,0.88,182.2,63.2,118.2,1.3,2.7
458835,Rex Regum Qeon,0.91,195.33,68.93,129.0,2.47,2.07
458835,Team Secret,1.09,208.33,74.87,138.2,2.07,2.47
459517,Cloud9,1.04,201.27,71.13,130.67,2.07,1.87
459517,NRG,0.98,203.33,73.13,133.4,1.87,2.07
459518,LOUD,0.95,197.8,72.07,132.93,1.67,1.93
459518,VISA KRÜ,1.06,204.07,74.4,130.8,1.93,1.67
459519,FURIA,0.84,179.9,65.8,118.3,1.8,2.5
459519,G2 Esports,1.12,202.7,75.4,134.5,2.5,1.8
459520,LEVIATÁN,0.86,175.8,68.4,121.8,1.9,2.2
459520,MIBR,1.11,205.5,76.1,135.1,2.2,1.9
459521,2Game Esports,0.91,197.8,63.5,132.2,2.3,2.2
459521,Evil Geniuses,1.09,213.2,77.1,140.4,2.2,2.3
459522,100 Thieves,0.84,177.6,70.13,118.53,2.0,1.6
459522,Sentinels,1.18,214.47,74.87,136.27,1.6,2.0
459523,FURIA,0.7,145.13,59.87,96.2,1.33,2.33
459523,NRG,1.27,205.8,79.8,136.6,2.33,1.33
459524,Sentinels,0.92,187.3,69.1,127.1,1.8,2.3
459524,VISA KRÜ,1.1,194.7,70.2,127.5,2.3,1.8
459525,100 Thieves,1.08,208.7,72.8,137.1,2.5,1.8
459525,Evil Geniuses,0.94,196.9,70.0,131.3,1.8,2.5
459526,G2 Esports,1.07,202.4,75.93,134.2,2.2,2.53
459526,MIBR,0.97,198.4,72.93,126.73,2.53,2.2
459527,2Game Esports,1.02,205.2,76.6,135.7,2.7,2.3
459527,LOUD,0.99,193.4,70.0,128.0,2.3,2.7
459528,Cloud9,1.24,226.7,84.8,142.2,2.3,1.4
459528,LEVIATÁN,0.76,163.9,57.3,114.2,1.4,2.3
459529,Evil Geniuses,0.72,159.8,59.9,105.3,1.6,2.0
459529,Sentinels,1.24,225.4,80.4,147.6,2.0,1.6
459530,100 Thieves,1.03,198.07,70.2,128.93,1.8,2.47
459530,LOUD,1.0,201.87,73.4,135.4,2.47,1.8
459531,2Game Esports,0.87,182.2,71.67,118.2,1.47,2.33
459531,VISA KRÜ,1.13,206.4,76.6,140.93,2.33,1.47
459532,G2 Esports,1.26,225.9,78.3,145.4,2.1,1.2
459532,NRG,0.77,179.4,69.0,120.9,1.2,2.1
459533,FURIA,0.72,170.6,61.9,110.4,1.3,2.2
459533,LEVIATÁN,1.25,222.5,84.4,144.8,2.2,1.3
459534,Cloud9,0.98,194.67,75.8,125.0,2.4,2.53
459534,MIBR,0.99,197.07,75.87,129.47,2.53,2.4
459535,100 Thieves,1.18,217.0,79.7,141.9,2.4,2.3
459535,2Game Esports,0.84,180.1,70.8,119.9,2.3,2.4
459536,G2 Esports,1.05,204.8,74.07,131.87,2.4,2.07
459536,LEVIATÁN,0.95,199.2,73.2,128.6,2.07,2.4
459537,Cloud9,1.25,214.4,80.6,140.9,2.1,2.3
459537,FURIA,0.73,167.8,63.7,108.5,2.3,2.1
459538,LOUD,0.89,179.8,65.67,119.87,2.13,2.2
459538,Sentinels,1.13,205.07,75.8,133.4,2.2,2.13
459539,Evil Geniuses,1.19,228.9,78.2,147.7,2.1,1.6
459539,VISA KRÜ,0.78,178.5,62.1,117.7,1.6,2.1
459540,MIBR,1.12,212.6,75.2,146.2,2.0,1.7
459540,NRG,0.85,181.4,69.7,119.8,1.7,2.0
459541,Cloud9,0.99,197.87,69.27,134.8,1.93,2.0
459541,G2 Esports,1.05,201.13,72.53,131.73,2.0,1.93
459542,FURIA,0.8,174.13,64.93,115.13,1.73,2.2
459542,MIBR,1.13,208.13,74.93,134.73,2.2,1.73
459543,2Game Esports,0.66,161.6,59.7,109.0,1.2,2.3
459543,Sentinels,1.37,228.0,84.9,148.2,2.3,1.2
459544,100 Thieves,0.94,189.9,70.9,129.6,2.1,2.4
459544,VISA KRÜ,1.06,210.1,74.7,138.6,2.4,2.1
459545,Evil Geniuses,0.93,195.13,69.6,133.0,2.47,2.47
459545,LOUD,1.04,208.67,71.67,137.27,2.47,2.47
459546,LEVIATÁN,0.87,175.0,73.1,117.3,2.1,2.7
459546,NRG,1.16,204.9,75.7,139.0,2.8,2.2
459826,GIANTX,0.8,170.4,62.4,113.5,1.2,2.5
459826,Team Vitality,1.2,217.4,81.4,139.9,2.5,1.2
459827,BBL Esports,0.92,188.13,68.33,124.53,2.2,1.87
459827,Karmine Corp,1.05,200.8,70.8,133.93,1.87,2.2
459828,Apeks,0.9,194.0,65.2,125.0,1.8,2.07
459828,Team Heretics,1.07,207.93,75.27,135.93,2.07,1.8
459829,FUT Esports,1.19,220.5,84.5,136.3,3.0,1.3
459829,Movistar KOI,0.8,170.6,61.9,111.8,1.3,3.0
459830,FNATIC,1.12,201.8,71.0,132.7,2.4,1.8
459830,Natus Vincere,0.86,174.6,66.4,115.5,1.8,2.4
459831,Gentle Mates,1.0,196.0,72.87,127.33,1.87,2.4
459831,Team Liquid,0.98,192.0,67.87,129.33,2.4,1.87
459832,BBL Esports,0.97,188.4,67.93,123.6,1.67,1.93
459832,Team Liquid,1.01,202.93,65.53,134.87,1.93,1.67
459833,Apeks,0.95,188.87,70.6,121.33,1.93,2.47
459833,Natus Vincere,1.04,198.73,74.93,135.6,2.47,1.93
459834,FUT Esports,1.12,212.87,77.8,134.4,2.67,2.27
459834,Gentle Mates,0.91,190.67,70.0,128.27,2.27,2.67
459835,GIANTX,0.83,181.8,64.33,120.27,1.4,2.67
459835,Team Heretics,1.19,222.33,80.33,145.07,2.67,1.4
459836,FNATIC,1.01,196.07,72.2,124.67,3.07,2.0
459836,Team Vitality,0.91,178.33,65.8,116.2,2.0,3.07
459837,Karmine Corp,1.23,201.8,81.1,131.6,2.2,1.9
459837,Movistar KOI,0.76,153.1,65.8,102.6,1.9,2.2
459839,BBL Esports,1.12,221.3,75.6,143.1,2.3,1.8
459839,Movistar KOI,0.84,184.1,63.8,121.3,1.8,2.3
459840,GIANTX,0.8,178.73,64.73,115.33,1.53,2.13
459840,Natus Vincere,1.2,222.13,78.07,145.67,2.13,1.53
459841,FUT Esports,0.72,161.4,59.1,107.2,1.3,2.3
459841,Team Liquid,1.3,226.0,80.0,147.2,2.3,1.3
459842,Team Heretics,1.08,205.8,76.0,132.8,2.4,1.7
459842,Team Vitality,0.88,180.9,64.9,118.9,1.7,2.4
459843,Apeks,0.9,179.9,64.3,119.5,2.2,2.6
459843,FNATIC,1.08,198.4,74.8,135.0,2.6,2.2
459844,Gentle Mates,0.76,165.2,60.5,108.4,1.8,2.3
459844,Karmine Corp,1.27,223.2,81.7,147.6,2.3,1.8
459845,Apeks,0.82,186.2,71.6,120.6,2.0,2.0
459845,Team Vitality,1.16,216.2,77.7,138.8,2.0,2.0
459846,Movistar KOI,0.9,184.6,72.3,121.1,1.8,1.9
459846,Team Liquid,1.04,198.6,78.9,130.5,1.9,1.8
459847,BBL Esports,1.21,221.0,78.6,142.2,2.4,1.7
459847,Gentle Mates,0.8,170.8,65.3,111.4,1.7,2.4
459848,FNATIC,1.07,205.6,72.53,138.47,2.2,2.07
459848,GIANTX,0.91,185.27,69.13,122.27,2.07,2.2
459849,FUT Esports,1.05,201.93,70.13,131.07,2.2,2.33
459849,Karmine Corp,0.95,192.8,71.87,124.73,2.33,2.2
459850,Natus Vincere,0.73,158.2,53.8,105.1,0.8,2.9
459850,Team Heretics,1.23,222.2,83.5,137.6,2.9,0.8
459852,BBL Esports,1.08,221.5,76.0,145.9,3.8,3.4
459852,FUT Esports,0.96,199.9,63.6,132.2,3.4,3.8
459853,Apeks,0.82,175.7,66.5,116.1,2.1,2.1
459853,GIANTX,1.17,211.6,79.4,137.2,2.1,2.1
459854,Gentle Mates,0.85,179.8,66.0,119.8,1.67,2.67
459854,Movistar KOI,1.12,205.93,76.33,135.8,2.67,1.67
459855,Natus Vincere,1.12,207.5,82.4,133.5,3.0,1.1
459855,Team Vitality,0.82,170.7,63.1,115.5,1.2,3.1
459856,Karmine Corp,0.99,192.3,71.1,127.4,1.3,2.8
459856,Team Liquid,0.99,190.4,73.7,127.9,2.8,1.3
459857,FNATIC,0.88,184.1,66.1,123.3,1.7,2.4
459857,Team Heretics,1.08,201.4,76.4,131.0,2.4,1.7
473233,Titan Esports Club,0.99,188.7,67.2,125.6,2.0,2.7
473233,Wolves Esports,1.04,199.1,73.9,137.3,2.7,2.0
473234,Nova Esports,0.6,140.7,53.4,93.1,1.4,2.0
473234,Xi Lai Gaming,1.38,241.4,82.3,149.5,2.0,1.4
473235,Dragon Ranger Gaming,0.95,192.67,70.73,128.47,2.33,2.6
473235,Titan Esports Club,1.09,207.53,74.27,132.53,2.6,2.33
473236,Nova Esports,0.82,171.1,63.0,112.0,1.6,2.3
473236,Trace Esports,1.19,221.4,79.2,145.8,2.3,1.6
473237,Bilibili Gaming,0.98,196.0,74.1,124.7,1.9,2.3
473237,Wolves Esports,1.07,215.2,74.9,145.6,2.3,1.9
473238,EDward Gaming,0.93,189.6,69.4,125.7,2.1,2.5
473238,Xi Lai Gaming,1.1,207.4,77.8,136.2,2.5,2.1
473239,Dragon Ranger Gaming,0.93,194.93,71.53,127.07,2.13,2.27
473239,EDward Gaming,1.09,204.87,77.0,134.07,2.27,2.13
473240,Bilibili Gaming,1.28,229.4,82.4,145.0,1.9,1.9
473240,Trace Esports,0.73,173.2,61.1,113.9,1.9,1.9
473241,Wolves Esports,0.89,192.6,64.6,128.0,2.1,2.5
473241,Xi Lai Gaming,1.11,213.8,75.3,139.2,2.5,2.1
473242,Bilibili Gaming,1.11,212.4,74.67,136.93,2.0,2.4
473242,EDward Gaming,0.91,192.47,67.67,129.2,2.4,2.0
473243,Bilibili Gaming,1.09,208.33,72.0,134.6,2.4,2.0
473243,Wolves Esports,0.9,190.2,68.67,126.53,2.0,2.4
473244,Bilibili Gaming,1.04,202.15,74.95,129.2,2.9,2.0
473244,Xi Lai Gaming,1.0,192.65,70.75,127.9,2.0,2.9
473833,Gen.G,1.12,195.8,72.53,127.0,1.8,1.73
473833,TALON,0.83,170.13,64.13,113.8,1.73,1.8
473834,KIWOOM DRX,1.07,205.7,75.6,132.3,3.0,2.4
473834,T1,0.94,186.8,68.6,121.0,2.4,3.0
473835,Nongshim RedForce,1.0,189.33,69.0,125.4,2.13,2.13
473835,TALON,0.96,183.87,67.87,123.53,2.13,2.13
473836,Paper Rex,1.18,216.8,79.27,141.2,2.07,1.13
473836,T1,0.83,191.47,65.73,125.8,1.13,2.07
473837,BOOM Esports,0.77,164.2,61.8,108.3,1.2,2.8
473837,Gen.G,1.21,214.9,77.7,146.5,2.8,1.2
473838,KIWOOM DRX,0.89,191.67,66.73,121.13,1.93,2.53
473838,Rex Regum Qeon,1.1,212.6,77.0,143.53,2.53,1.93
473839,KIWOOM DRX,1.11,208.5,75.8,131.7,2.4,1.9
473839,TALON,0.86,180.1,62.2,117.8,1.9,2.4
473840,BOOM Esports,0.8,187.7,63.7,124.8,1.6,2.4
473840,Paper Rex,1.23,232.0,80.2,150.7,2.3,1.5
473841,Gen.G,1.19,214.3,77.4,136.8,1.9,2.0
473841,Rex Regum Qeon,0.78,165.0,64.7,110.6,2.0,1.9
473842,KIWOOM DRX,0.9,182.2,65.2,121.7,2.5,2.0
473842,Paper Rex,1.08,199.1,69.3,133.2,2.0,2.5
473843,Paper Rex,1.09,208.2,78.76,136.4,2.44,1.64
473843,Rex Regum Qeon,0.87,179.84,66.24,117.24,1.64,2.44
473844,Gen.G,0.92,191.3,68.75,125.9,2.05,2.45
473844,Rex Regum Qeon,1.06,208.85,75.3,137.8,2.5,2.1
475897,100 Thieves,0.78,166.0,67.9,107.4,1.7,2.3
475897,MIBR,1.17,218.2,79.3,141.6,2.3,1.7
475898,Cloud9,0.89,184.1,70.9,123.4,2.0,2.3
475898,Sentinels,1.1,216.8,81.0,140.1,2.4,2.1
475899,MIBR,1.11,204.5,74.9,132.7,1.9,2.0
475899,VISA KRÜ,0.85,176.1,68.5,119.1,2.0,1.9
475900,G2 Esports,1.09,204.07,77.2,133.73,1.93,2.47
475900,Sentinels,0.94,185.27,71.07,124.27,2.47,1.93
475901,MIBR,0.9,177.8,64.2,119.7,1.9,2.5
475901,Sentinels,1.1,207.1,74.7,128.7,2.5,1.9
475902,G2 Esports,1.07,198.75,73.75,130.4,2.3,2.2
475902,Sentinels,0.94,193.45,68.15,125.2,2.2,2.3
475903,100 Thieves,1.2,212.8,82.4,143.2,2.4,1.8
475903,NRG,0.86,190.4,73.6,130.1,1.8,2.4
475904,Cloud9,0.92,191.2,65.8,127.3,2.4,2.6
475904,Evil Geniuses,1.08,215.0,75.0,140.9,2.6,2.4
475905,100 Thieves,0.88,183.0,67.6,123.47,1.87,3.0
475905,G2 Esports,1.13,211.27,76.27,135.33,3.0,1.87
475906,Evil Geniuses,1.0,204.8,71.7,138.3,2.7,2.3
475906,VISA KRÜ,1.02,203.6,80.3,134.7,2.3,2.7
475907,Evil Geniuses,0.93,198.93,66.6,129.47,2.13,2.27
475907,G2 Esports,1.08,218.67,76.2,137.93,2.27,2.13
475908,G2 Esports,1.06,205.7,76.5,134.15,2.6,2.15
475908,MIBR,0.93,193.1,67.65,127.6,2.15,2.6
482503,BBL Esports,1.06,206.1,73.1,133.8,2.4,2.1
482503,Natus Vincere,0.9,185.5,70.0,123.1,2.1,2.4
482504,FNATIC,1.16,213.9,78.3,138.3,1.9,2.1
482504,FUT Esports,0.8,165.4,60.0,105.1,2.1,1.9
482505,Karmine Corp,0.99,195.27,73.0,131.53,2.33,2.6
482505,Natus Vincere,0.99,197.13,71.07,133.0,2.6,2.33
482506,FUT Esports,1.17,206.6,77.3,137.9,2.2,1.7
482506,Team Vitality,0.83,169.5,64.6,109.7,1.7,2.2
482507,BBL Esports,1.0,204.3,70.4,136.1,2.0,2.9
482507,Team Heretics,1.02,202.0,74.3,134.7,2.9,2.0
482508,FNATIC,1.02,199.73,76.33,132.27,2.27,2.6
482508,Team Liquid,0.97,195.27,71.73,127.13,2.6,2.27
482509,Natus Vincere,0.88,184.8,68.87,123.0,1.6,2.53
482509,Team Liquid,1.11,210.53,78.53,143.47,2.53,1.6
482510,BBL Esports,1.25,214.6,80.27,138.6,2.2,1.6
482510,FUT Esports,0.75,161.5,63.6,109.1,1.6,2.2
482511,BBL Esports,0.98,194.13,67.93,126.07,2.07,2.2
482511,Team Liquid,1.01,194.73,71.33,129.27,2.2,2.07
482512,Team Heretics,1.27,233.47,83.8,152.93,2.07,1.53
482512,Team Liquid,0.68,166.47,55.27,108.27,1.53,2.07
482513,FNATIC,1.15,211.27,78.0,138.4,2.67,1.67
482513,Team Heretics,0.84,173.13,62.33,115.2,1.67,2.67
482515,FNATIC,1.18,225.4,81.6,149.6,2.3,1.7
482515,Team Heretics,0.79,182.5,63.8,121.5,1.7,2.3
490306,Gen.G,1.39,242.8,86.7,164.9,2.3,0.9
490306,MIBR,0.56,132.9,53.4,88.5,0.9,2.3
490307,Guangzhou Huadu Bilibili Gaming,1.09,204.6,74.93,137.0,2.67,2.4
490307,Team Liquid,0.9,182.8,67.27,123.2,2.4,2.67
490308,Sentinels,1.12,200.7,74.7,129.6,1.8,2.7
490308,Wolves Esports,0.88,179.4,66.9,119.4,2.7,1.8
490309,Paper Rex,1.32,219.6,84.4,146.4,2.3,1.3
490309,Team Heretics,0.64,153.0,55.7,96.9,1.3,2.3
490310,Gen.G,1.18,218.8,78.8,138.7,2.3,1.7
490310,Paper Rex,0.8,173.4,60.8,112.3,1.7,2.3
490311,Guangzhou Huadu Bilibili Gaming,0.89,181.8,66.47,115.6,1.87,2.27
490311,Sentinels,1.06,192.07,73.8,124.2,2.27,1.87
490312,Team Heretics,0.94,191.1,68.2,119.6,2.4,2.1
490312,Wolves Esports,1.04,193.4,67.0,122.5,2.1,2.4
490313,MIBR,0.84,184.7,72.3,126.1,1.3,2.6
490313,Team Liquid,1.1,202.2,75.8,133.6,2.6,1.3
490314,Paper Rex,1.07,201.0,75.0,135.53,2.27,2.53
490314,Team Liquid,0.89,185.6,70.87,120.67,2.53,2.27
490315,Guangzhou Huadu Bilibili Gaming,0.84,173.1,65.8,111.6,1.6,2.5
490315,Wolves Esports,1.13,211.7,79.2,136.7,2.5,1.6
498621,Sentinels,1.25,230.5,85.1,144.4,2.0,1.8
498621,Xi Lai Gaming,0.74,170.8,63.4,111.9,1.8,2.0
498622,G2 Esports,0.98,198.3,74.2,130.1,2.3,2.4
498622,Paper Rex,1.04,203.4,74.2,133.8,2.4,2.3
498623,Rex Regum Qeon,0.93,189.4,73.6,125.8,1.9,2.6
498623,Wolves Esports,1.04,201.2,72.7,136.0,2.6,1.9
498624,FNATIC,0.97,186.47,67.6,128.6,2.47,2.13
498624,Gen.G,1.01,194.27,71.13,124.6,2.13,2.47
498625,Paper Rex,1.14,220.1,79.1,144.3,1.9,2.1
498625,Sentinels,0.88,185.8,67.0,117.8,2.1,1.9
498626,Gen.G,0.92,182.0,72.7,117.9,2.1,2.5
498626,Wolves Esports,1.06,192.2,71.2,131.4,2.5,2.1
498627,Paper Rex,1.1,210.2,75.9,136.4,2.6,2.1
498627,Wolves Esports,0.91,196.5,72.7,128.0,2.1,2.6
498628,FNATIC,0.97,193.25,68.9,128.7,2.9,2.35
498628,Paper Rex,1.02,196.65,69.9,131.95,2.35,2.9
498629,G2 Esports,1.23,225.8,83.8,144.2,2.0,1.7
498629,Xi Lai Gaming,0.76,168.1,58.5,111.3,1.7,2.0
498630,FNATIC,1.15,209.13,76.07,136.2,1.93,1.73
498630,Rex Regum Qeon,0.81,169.27,60.0,112.0,1.73,1.93
498631,G2 Esports,1.1,200.07,77.53,133.53,2.13,2.4
498631,Gen.G,0.88,183.33,66.87,121.13,2.4,2.13
498632,FNATIC,1.02,197.53,71.93,132.73,2.87,1.4
498632,Sentinels,0.96,184.53,71.0,118.2,1.4,2.87
498633,FNATIC,1.14,218.3,80.2,147.5,3.3,1.3
498633,G2 Esports,0.88,187.1,69.2,118.1,1.3,3.3
498634,FNATIC,1.11,211.3,74.7,139.15,2.0,2.0
498634,Wolves Esports,0.84,178.15,60.1,114.25,2.0,2.0
506930,EDward Gaming,1.18,216.9,77.0,138.5,2.0,1.9
506930,Titan Esports Club,0.84,177.8,66.8,118.3,1.9,2.2
506931,Guangzhou Huadu Bilibili Gaming,1.18,216.6,75.7,142.6,2.2,1.8
506931,TYLOO,0.82,183.0,62.7,118.9,1.8,2.2
506932,All Gamers,,187.93,,,,
506932,Xi Lai Gaming,,188.2,,,,
506933,FunPlus Phoenix,1.23,218.2,80.8,140.8,2.4,1.4
506933,Wolves Esports,0.74,164.4,63.3,107.4,1.4,2.4
506934,Dragon Ranger Gaming,1.11,212.2,78.47,142.33,2.2,2.13
506934,Nova Esports,0.93,194.67,67.6,125.4,2.13,2.2
506935,JD Mall JDG Esports,0.96,196.4,73.6,131.07,2.0,1.6
506935,Trace Esports,1.03,198.07,67.53,128.8,1.6,2.0
506936,TYLOO,1.1,200.6,69.1,135.0,2.4,1.9
506936,Trace Esports,0.91,182.1,68.2,114.3,1.9,2.4
506937,FunPlus Phoenix,1.09,203.93,71.4,135.87,2.2,1.73
506937,Nova Esports,0.91,189.07,67.47,121.93,1.73,2.2
506938,All Gamers,1.3,237.5,86.4,145.6,2.4,0.8
506938,Wolves Esports,0.7,162.5,55.0,106.2,0.8,2.4
506939,Guangzhou Huadu Bilibili Gaming,1.16,219.13,79.33,141.2,2.47,1.87
506939,JD Mall JDG Esports,0.83,178.67,62.47,118.53,1.87,2.47
506940,TYLOO,1.26,227.8,86.2,144.9,2.5,1.3
506940,Titan Esports Club,0.73,156.7,53.9,102.3,1.3,2.5
506941,EDward Gaming,0.91,193.87,64.93,129.27,1.6,2.47
506941,Trace Esports,1.08,217.0,78.2,140.13,2.47,1.6
506942,All Gamers,1.03,203.8,71.07,132.87,2.13,1.93
506942,Dragon Ranger Gaming,0.98,196.87,70.6,122.0,1.93,2.13
506943,Wolves Esports,0.83,165.6,62.4,112.0,1.7,2.6
506943,Xi Lai Gaming,1.19,209.9,79.5,145.5,2.6,1.7
506945,Guangzhou Huadu Bilibili Gaming,1.14,213.2,72.2,141.8,1.9,2.4
506945,Titan Esports Club,0.88,186.0,66.8,124.7,2.4,1.9
506946,Dragon Ranger Gaming,0.93,189.0,69.07,124.53,2.4,1.8
506946,FunPlus Phoenix,1.06,200.2,73.8,132.33,1.8,2.4
506947,All Gamers,1.05,204.53,75.8,134.33,2.13,2.13
506947,Nova Esports,0.94,191.0,73.47,123.2,2.13,2.13
506948,EDward Gaming,1.12,207.3,73.5,138.7,2.0,2.5
506948,TYLOO,0.86,179.6,66.1,122.1,2.5,2.0
506949,JD Mall JDG Esports,0.97,191.13,67.93,122.8,2.07,2.47
506949,Titan Esports Club,1.0,197.6,70.53,127.67,2.47,2.07
506950,Guangzhou Huadu Bilibili Gaming,1.09,191.67,73.73,121.87,1.93,2.47
506950,Trace Esports,0.9,174.67,67.6,112.33,2.47,1.93
506951,Dragon Ranger Gaming,0.92,196.67,68.6,131.67,2.0,2.87
506951,Wolves Esports,1.13,204.33,76.47,135.27,2.87,2.0
506952,FunPlus Phoenix,,182.7,,,,
506952,Xi Lai Gaming,,190.3,,,,
506953,Nova Esports,0.78,175.6,65.3,114.4,1.6,2.3
506953,Xi Lai Gaming,1.22,224.7,81.5,151.1,2.3,1.6
506954,EDward Gaming,1.07,210.8,70.27,134.6,1.8,2.47
506954,JD Mall JDG Esports,0.92,196.0,71.8,124.53,2.47,1.8
506955,All Gamers,1.09,194.9,74.1,123.6,2.7,2.0
506955,FunPlus Phoenix,0.88,167.3,61.2,108.5,2.0,2.7
506956,Titan Esports Club,1.17,222.1,75.3,146.8,1.8,2.4
506956,Trace Esports,0.82,181.5,64.5,116.4,2.4,1.8
506957,Nova Esports,1.13,211.6,78.33,139.2,3.07,1.73
506957,Wolves Esports,0.89,176.73,66.07,114.47,1.73,3.07
506958,Dragon Ranger Gaming,1.05,205.67,75.2,135.0,2.07,1.6
506958,Xi Lai Gaming,0.99,203.6,71.73,131.07,1.6,2.07
506959,JD Mall JDG Esports,0.86,181.2,64.13,115.13,2.0,1.8
506959,TYLOO,1.11,209.07,72.4,133.93,1.8,2.0
506960,EDward Gaming,0.86,186.7,66.9,124.0,2.3,2.4
506960,Guangzhou Huadu Bilibili Gaming,1.16,212.1,75.6,138.1,2.4,2.3
507067,Team Toast,,,,,,
507067,Team tarik,,,,,,
508815,BOOM Esports,0.78,179.6,67.7,117.3,2.0,1.7
508815,TALON,1.21,208.9,74.4,135.7,1.7,2.0
508816,Nongshim RedForce,1.16,216.73,77.33,141.67,2.47,1.53
508816,Team Secret,0.85,178.93,65.4,118.6,1.53,2.47
508817,Paper Rex,1.12,219.4,76.2,147.7,3.4,2.4
508817,T1,0.89,196.0,61.3,129.2,2.4,3.4
508818,Gen.G,1.12,212.5,80.5,135.5,2.1,1.9
508818,KIWOOM DRX,0.85,182.8,67.3,118.8,1.9,2.1
508819,Global Esports,1.17,221.7,77.9,145.8,2.3,1.5
508819,Rex Regum Qeon,0.79,176.1,61.2,115.2,1.5,2.3
508820,DetonatioN FocusMe,1.09,207.47,73.67,134.6,1.67,1.53
508820,ZETA DIVISION,0.88,173.87,63.93,114.4,1.53,1.67
508821,KIWOOM DRX,0.95,191.8,71.33,124.4,1.73,2.2
508821,Nongshim RedForce,1.05,200.47,70.2,126.93,2.2,1.73
508822,BOOM Esports,0.92,186.2,68.8,118.9,1.8,2.7
508822,T1,1.06,200.3,70.9,132.0,2.7,1.8
508823,Global Esports,0.86,186.6,64.67,122.47,2.4,1.87
508823,Team Secret,1.1,214.93,77.13,141.33,1.87,2.4
508824,DetonatioN FocusMe,0.76,168.5,58.0,110.7,1.5,2.5
508824,Paper Rex,1.23,223.7,80.5,147.4,2.5,1.5
508825,TALON,1.17,230.9,83.7,151.6,2.8,0.9
508825,ZETA DIVISION,0.79,193.5,57.6,126.2,0.9,2.8
508826,Gen.G,0.94,187.33,68.73,122.53,2.13,2.0
508826,Rex Regum Qeon,1.02,192.47,72.07,120.67,2.0,2.13
508828,Gen.G,1.03,198.13,69.93,128.8,1.93,1.53
508828,Global Esports,0.94,187.27,68.67,125.0,1.53,1.93
508829,DetonatioN FocusMe,1.03,201.27,72.73,128.2,2.6,1.73
508829,TALON,0.9,180.6,66.73,116.67,1.73,2.6
508830,T1,1.12,221.1,75.6,142.3,2.1,1.9
508830,ZETA DIVISION,0.86,185.8,63.7,120.6,1.9,2.1
508831,Nongshim RedForce,0.8,170.53,66.07,111.07,1.53,2.53
508831,Rex Regum Qeon,1.18,213.73,83.87,134.93,2.53,1.53
508832,KIWOOM DRX,1.35,233.1,85.6,152.3,2.2,1.2
508832,Team Secret,0.64,145.3,56.5,96.1,1.2,2.2
508833,BOOM Esports,0.96,200.7,74.9,128.0,2.1,2.3
508833,Paper Rex,1.03,208.2,73.9,138.2,2.3,2.1
508834,Gen.G,1.27,233.1,84.2,151.8,2.5,1.2
508834,Team Secret,0.74,157.1,62.4,104.8,1.2,2.5
508835,T1,0.89,194.3,72.2,118.9,1.7,2.5
508835,TALON,1.09,211.8,80.2,137.2,2.5,1.7
508836,BOOM Esports,0.84,178.6,63.8,115.6,2.0,1.8
508836,DetonatioN FocusMe,1.13,216.5,78.0,140.2,1.8,2.0
508837,KIWOOM DRX,1.1,197.2,72.7,130.0,2.5,2.1
508837,Rex Regum Qeon,0.86,173.7,66.7,114.6,2.1,2.5
508838,Global Esports,0.86,189.2,72.7,124.0,1.8,2.3
508838,Nongshim RedForce,1.13,215.7,77.0,134.4,2.3,1.8
508839,Paper Rex,0.84,191.9,69.1,131.7,1.7,2.5
508839,ZETA DIVISION,1.17,217.5,77.0,142.0,2.5,1.7
508840,Gen.G,0.92,192.2,64.7,125.3,2.3,2.5
508840,Nongshim RedForce,1.07,205.9,73.3,132.0,2.5,2.3
508841,Paper Rex,1.1,210.1,73.4,137.3,3.6,1.8
508841,TALON,0.86,178.9,64.5,118.0,1.8,3.6
508842,Global Esports,0.9,189.1,64.0,123.2,2.3,2.3
508842,KIWOOM DRX,1.1,211.3,76.7,138.4,2.3,2.3
508843,BOOM Esports,0.91,189.67,66.47,121.33,2.53,2.2
508843,ZETA DIVISION,1.06,200.73,74.4,131.47,2.2,2.53
508844,Rex Regum Qeon,1.18,216.87,77.73,143.47,2.13,1.93
508844,Team Secret,0.82,178.27,60.87,119.0,1.93,2.13
508845,DetonatioN FocusMe,0.92,186.8,68.2,120.5,2.3,1.8
508845,T1,1.06,194.6,67.5,127.5,1.8,2.3
509801,Cloud9,1.34,233.0,87.8,147.9,2.3,1.2
509801,FURIA,0.62,142.7,52.8,95.5,1.2,2.3
509802,LEVIATÁN,0.98,189.33,68.4,122.13,2.2,2.47
509802,LOUD,0.99,195.2,71.13,127.87,2.47,2.2
509803,2Game Esports,1.03,194.67,68.8,125.93,2.47,1.93
509803,Evil Geniuses,0.99,191.33,67.6,126.33,1.93,2.47
509804,MIBR,0.82,169.93,63.8,115.47,1.67,2.2
509804,VISA KRÜ,1.15,204.27,82.13,136.87,2.2,1.67
509805,100 Thieves,1.23,217.8,81.1,138.4,2.3,1.7
509805,NRG,0.78,171.3,63.8,115.6,1.7,2.3
509806,G2 Esports,0.99,192.6,69.27,128.13,1.93,2.47
509806,Sentinels,1.0,196.27,71.2,125.33,2.47,1.93
509807,2Game Esports,0.77,170.4,58.3,117.5,1.7,2.2
509807,G2 Esports,1.21,222.6,80.1,138.4,2.2,1.7
509808,FURIA,0.62,163.2,61.1,107.9,0.8,2.2
509808,Sentinels,1.36,249.4,88.7,159.3,2.2,0.8
509809,100 Thieves,1.28,221.3,82.1,139.7,2.3,1.2
509809,VISA KRÜ,0.72,154.6,58.4,102.4,1.2,2.3
509810,LOUD,0.74,155.9,56.8,104.2,2.1,1.8
509810,NRG,1.23,211.6,78.1,136.9,1.8,2.1
509811,Cloud9,1.16,219.4,76.2,143.7,2.2,2.1
509811,Evil Geniuses,0.86,177.4,64.4,117.8,2.1,2.2
509812,LEVIATÁN,1.21,214.4,78.3,140.9,1.7,2.0
509812,MIBR,0.73,167.4,68.0,108.6,2.0,1.7
509813,2Game Esports,1.19,226.67,80.67,150.47,2.33,1.47
509813,FURIA,0.83,190.2,69.07,124.0,1.47,2.33
509814,LEVIATÁN,0.93,177.67,67.93,120.73,2.2,2.47
509814,NRG,1.05,202.53,74.93,132.93,2.47,2.2
509815,Cloud9,0.76,153.1,68.7,98.8,2.1,1.9
509815,Sentinels,1.22,206.3,83.5,130.5,1.9,2.1
509816,100 Thieves,0.91,193.2,73.8,128.0,3.0,1.9
509816,MIBR,1.01,201.3,72.1,130.6,1.9,3.0
509817,Evil Geniuses,0.83,182.53,67.73,122.33,1.87,2.0
509817,G2 Esports,1.18,220.13,79.4,143.4,2.0,1.87
509818,LOUD,0.9,188.53,65.4,124.13,2.0,1.93
509818,VISA KRÜ,1.09,204.13,73.67,134.13,1.93,2.0
509819,2Game Esports,0.62,153.8,58.7,96.2,1.1,2.3
509819,Cloud9,1.34,230.8,82.7,144.4,2.3,1.1
509820,MIBR,0.96,184.9,73.9,118.3,2.9,2.2
509820,NRG,1.0,194.0,71.4,122.1,2.2,2.9
509821,Evil Geniuses,0.7,162.7,60.7,104.8,1.2,2.6
509821,Sentinels,1.25,227.5,82.0,141.2,2.6,1.2
509822,LEVIATÁN,1.04,209.6,74.67,138.0,2.4,1.53
509822,VISA KRÜ,0.94,190.27,68.07,124.6,1.53,2.4
509823,FURIA,0.78,169.3,63.7,114.1,1.6,1.7
509823,G2 Esports,1.17,216.5,83.8,136.9,1.7,1.6
509824,100 Thieves,0.98,197.87,69.87,126.0,2.0,2.07
509824,LOUD,1.0,201.4,73.0,130.67,2.07,2.0
509825,NRG,1.11,202.27,74.27,132.47,2.2,1.6
509825,VISA KRÜ,0.92,186.27,69.2,121.73,1.6,2.2
509826,100 Thieves,0.82,181.47,65.6,119.8,1.87,2.2
509826,LEVIATÁN,1.2,221.27,78.87,146.33,2.2,1.87
509827,Evil Geniuses,1.25,231.4,80.9,150.2,2.6,1.5
509827,FURIA,0.78,172.3,65.5,115.9,1.5,2.6
509829,2Game Esports,0.8,166.13,58.07,108.87,1.6,2.13
509829,Sentinels,1.19,210.0,77.27,134.53,2.13,1.6
509830,Cloud9,0.92,195.9,72.7,126.5,1.7,2.6
509830,G2 Esports,1.07,210.7,76.2,134.9,2.6,1.7
509831,LOUD,0.94,178.4,66.6,118.8,2.0,2.7
509831,MIBR,1.04,202.3,74.2,136.2,2.7,2.0
511543,Apeks,0.83,170.47,65.0,113.13,1.67,1.8
511543,Natus Vincere,1.13,196.2,71.07,132.6,1.8,1.67
511544,GIANTX,1.0,188.2,67.7,125.1,2.7,2.0
511544,Team Vitality,0.96,193.4,72.8,122.5,2.0,2.7
511545,FUT Esports,1.04,207.07,73.27,135.73,2.47,2.07
511545,Gentle Mates,0.99,211.53,76.27,138.8,2.07,2.47
511546,Movistar KOI,0.93,203.2,74.27,137.8,2.27,1.8
511546,Team Liquid,1.08,217.67,76.0,141.8,1.8,2.27
511547,BBL Esports,0.97,198.07,68.6,132.4,1.93,2.33
511547,Team Heretics,1.05,208.87,75.2,135.47,2.33,1.93
511548,FNATIC,0.97,202.6,69.67,137.0,2.53,1.93
511548,Karmine Corp,1.01,202.47,69.8,132.0,1.93,2.53
511549,Apeks,1.0,198.67,75.07,132.13,2.4,2.13
511549,Karmine Corp,1.0,197.47,73.07,132.0,2.13,2.4
511550,BBL Esports,0.97,199.27,65.93,128.6,2.2,2.33
511550,GIANTX,1.03,203.8,73.67,133.93,2.33,2.2
511551,Natus Vincere,0.78,176.8,63.6,117.9,1.3,2.4
511551,Team Liquid,1.23,230.0,81.8,154.6,2.4,1.3
511552,Gentle Mates,1.0,197.07,71.87,128.67,2.07,2.6
511552,Team Heretics,1.02,203.53,68.07,134.67,2.6,2.07
511553,FUT Esports,0.71,168.6,58.7,108.3,0.6,2.7
511553,Team Vitality,1.31,235.7,88.0,153.5,2.7,0.6
511554,FNATIC,1.14,215.6,75.8,149.5,2.9,1.5
511554,Movistar KOI,0.84,180.1,61.6,117.6,1.5,2.9
511562,FUT Esports,1.12,213.33,73.07,137.6,2.2,1.87
511562,GIANTX,0.89,188.87,67.33,122.2,1.87,2.2
511563,BBL Esports,1.19,216.5,79.4,136.4,2.5,1.7
511563,Gentle Mates,0.76,167.9,57.8,113.8,1.7,2.5
511564,Apeks,0.91,184.6,68.53,120.47,1.93,2.67
511564,Team Liquid,1.08,206.2,75.2,132.67,2.67,1.93
511565,Karmine Corp,1.24,213.2,81.13,140.87,2.13,1.47
511565,Movistar KOI,0.75,165.2,59.93,108.8,1.47,2.13
511566,FNATIC,1.0,197.87,66.67,136.07,1.93,3.07
511566,Natus Vincere,0.99,199.87,70.4,131.0,3.07,1.93
511567,Team Heretics,1.1,217.2,73.3,144.4,2.6,2.0
511567,Team Vitality,0.9,192.0,65.2,128.2,2.0,2.6
511568,FUT Esports,0.9,190.8,69.7,123.7,2.1,1.8
511568,Team Heretics,1.1,210.3,74.3,136.2,1.8,2.1
511569,Apeks,0.92,186.33,67.13,123.2,1.6,2.4
511569,Movistar KOI,1.08,205.73,75.0,132.4,2.4,1.6
511570,GIANTX,1.06,198.53,70.67,130.13,2.13,2.13
511570,Gentle Mates,0.95,187.27,66.13,122.07,2.13,2.13
511571,Karmine Corp,0.89,194.7,64.6,128.6,2.2,2.5
511571,Natus Vincere,1.11,217.9,72.3,143.4,2.5,2.2
511572,BBL Esports,1.08,208.87,74.93,138.87,2.53,1.93
511572,Team Vitality,0.89,187.73,65.73,123.4,1.93,2.53
511573,FNATIC,0.74,176.2,63.1,116.1,1.7,2.3
511573,Team Liquid,1.25,233.2,82.9,155.1,2.3,1.7
511575,Movistar KOI,0.86,189.13,63.93,125.07,2.4,2.13
511575,Natus Vincere,1.15,224.8,79.53,152.33,2.13,2.4
511576,Apeks,0.74,161.0,57.6,104.1,2.0,2.1
511576,FNATIC,1.23,222.2,76.9,145.8,2.1,2.0
511577,GIANTX,0.72,160.1,59.1,104.5,1.0,2.6
511577,Team Heretics,1.31,222.3,84.7,145.3,2.6,1.0
511579,Gentle Mates,0.94,197.2,74.27,126.27,1.6,2.53
511579,Team Vitality,1.08,208.2,77.13,133.87,2.53,1.6
511580,BBL Esports,1.08,206.7,70.9,136.2,2.7,1.9
511580,FUT Esports,0.9,184.5,62.1,118.4,1.9,2.7
511581,Karmine Corp,1.01,194.8,66.93,128.47,2.53,2.8
511581,Team Liquid,1.01,198.0,71.13,129.73,2.8,2.53
527576,Dragon Ranger Gaming,1.02,212.4,75.9,138.1,2.0,2.9
527576,EDward Gaming,1.03,208.6,79.4,134.8,2.9,2.0
527577,All Gamers,0.86,180.3,67.6,122.6,1.5,2.5
527577,TYLOO,1.15,217.1,78.6,141.9,2.5,1.5
527579,Dragon Ranger Gaming,1.06,204.8,71.87,134.67,1.93,2.2
527579,Xi Lai Gaming,0.99,204.73,75.87,137.07,2.2,1.93
527580,Guangzhou Huadu Bilibili Gaming,1.08,217.27,68.5,131.7,1.9,2.3
527580,TYLOO,0.93,196.0,67.4,138.0,2.3,1.9
527581,Dragon Ranger Gaming,0.97,205.6,71.93,137.47,2.4,2.2
527581,Guangzhou Huadu Bilibili Gaming,1.06,208.67,75.27,130.73,2.2,2.4
527582,Dragon Ranger Gaming,1.02,205.3,71.1,134.3,1.85,2.2
527582,Guangzhou Huadu Bilibili Gaming,1.0,200.35,69.55,128.45,2.2,1.85
527583,EDward Gaming,0.99,195.73,68.4,125.73,2.2,2.27
527583,Trace Esports,1.02,196.53,70.27,126.33,2.27,2.2
527584,All Gamers,0.97,194.73,74.93,126.67,2.13,1.73
527584,FunPlus Phoenix,1.0,188.0,73.4,123.53,1.73,2.13
527585,EDward Gaming,1.12,224.6,75.2,146.7,2.5,1.5
527585,TYLOO,0.91,193.0,64.2,131.7,1.5,2.5
527586,All Gamers,0.86,182.4,60.67,117.93,1.73,2.07
527586,Xi Lai Gaming,1.13,213.4,77.53,138.6,2.07,1.73
527587,EDward Gaming,1.12,218.8,76.7,141.6,2.4,1.8
527587,Xi Lai Gaming,0.86,177.5,60.8,112.0,1.8,2.4
527588,EDward Gaming,0.85,182.0,62.15,120.2,2.4,2.1
527588,Guangzhou Huadu Bilibili Gaming,1.17,217.1,76.5,140.2,2.1,2.4
530354,Nongshim RedForce,0.85,171.9,62.1,110.4,1.8,2.9
530354,TALON,1.09,208.0,76.3,134.4,2.9,1.8
530355,Rex Regum Qeon,0.98,195.33,69.13,123.53,2.07,2.13
530355,T1,1.01,195.8,71.53,125.53,2.13,2.07
530356,KIWOOM DRX,0.92,181.87,66.2,118.07,2.2,2.2
530356,TALON,1.04,193.47,76.67,126.13,2.2,2.2
530357,Paper Rex,1.2,213.8,78.6,140.7,2.3,1.7
530357,T1,0.82,179.4,67.1,116.4,1.7,2.3
530358,DetonatioN FocusMe,0.81,172.0,63.2,115.1,1.8,2.4
530358,Nongshim RedForce,1.16,200.2,80.6,129.4,2.4,1.8
530359,Gen.G,0.92,175.6,65.93,114.87,2.4,2.0
530359,Rex Regum Qeon,1.07,201.07,74.87,127.53,2.0,2.4
530360,Nongshim RedForce,0.87,183.5,61.4,115.2,1.6,2.5
530360,T1,1.14,209.5,72.2,139.1,2.5,1.6
530361,KIWOOM DRX,0.86,186.1,65.5,124.9,1.5,2.7
530361,Rex Regum Qeon,1.11,217.0,79.0,137.3,2.7,1.5
530362,Paper Rex,1.12,211.5,74.9,139.1,2.4,2.0
530362,TALON,0.88,177.7,70.9,119.3,2.0,2.4
530363,Rex Regum Qeon,1.08,203.67,71.6,137.2,2.8,2.0
530363,T1,0.91,195.73,67.4,127.33,2.0,2.8
530364,Rex Regum Qeon,0.98,195.52,70.16,129.88,1.96,2.24
530364,TALON,1.0,198.2,71.32,128.24,2.24,1.96
530365,Paper Rex,1.1,207.8,75.5,134.3,2.3,1.7
530365,Rex Regum Qeon,0.9,179.65,66.1,119.1,1.7,2.3
530514,Glory Once Again,0.84,186.4,60.8,116.0,1.4,2.8
530514,Team World,1.13,214.0,73.4,144.2,2.8,1.4
530902,Cloud9,0.98,197.27,77.13,129.0,2.2,2.47
530902,LEVIATÁN,0.96,202.0,73.53,133.13,2.47,2.2
530903,100 Thieves,0.71,165.7,70.3,109.5,0.7,2.8
530903,G2 Esports,1.28,227.2,89.0,148.7,2.8,0.7
530904,LEVIATÁN,1.05,200.13,75.2,131.27,2.27,2.13
530904,VISA KRÜ,0.95,194.33,69.4,128.2,2.13,2.27
530905,100 Thieves,1.21,219.6,79.0,139.6,3.0,1.3
530905,Evil Geniuses,0.8,169.9,62.4,112.8,1.3,3.0
530906,Cloud9,0.97,188.67,74.07,124.8,2.07,2.47
530906,Sentinels,1.05,194.27,74.93,125.87,2.47,2.07
530907,G2 Esports,1.03,196.73,72.93,126.73,2.47,2.0
530907,NRG,0.96,193.53,68.0,127.33,2.0,2.47
530908,LEVIATÁN,0.55,145.5,56.0,96.8,0.8,2.2
530908,NRG,1.42,243.1,89.2,160.5,2.2,0.8
530909,100 Thieves,1.0,202.9,68.4,136.1,2.6,2.2
530909,Cloud9,1.0,206.5,76.8,137.9,2.2,2.6
530910,G2 Esports,1.06,206.5,74.6,130.6,1.8,2.5
530910,Sentinels,0.95,198.1,72.0,128.1,2.5,1.8
530911,Cloud9,0.82,180.93,66.33,118.07,1.6,2.47
530911,NRG,1.2,222.33,78.0,144.33,2.47,1.6
530912,NRG,1.07,205.9,75.35,133.85,2.3,1.95
530912,Sentinels,0.92,188.45,70.25,122.2,1.95,2.3
530913,G2 Esports,1.01,193.87,67.6,125.4,2.6,1.93
530913,NRG,0.97,191.27,70.33,124.13,1.93,2.6
530924,BBL Esports,0.99,195.27,69.93,130.2,2.2,1.93
530924,FNATIC,1.0,197.2,67.53,128.73,1.93,2.2
530925,GIANTX,1.01,195.73,69.8,130.2,1.8,2.07
530925,Natus Vincere,1.0,196.6,70.2,128.87,2.07,1.8
530926,FNATIC,1.02,195.4,71.8,127.07,2.73,2.13
530926,Karmine Corp,0.94,186.67,66.6,120.33,2.13,2.73
530927,Natus Vincere,1.08,207.4,77.6,135.3,2.7,1.7
530927,Team Vitality,0.9,182.4,65.0,125.1,1.7,2.7
530928,BBL Esports,1.08,223.0,76.3,144.2,1.7,2.6
530928,Team Heretics,0.92,202.9,70.8,134.6,2.6,1.7
530929,GIANTX,0.93,186.13,67.2,123.87,2.47,2.0
530929,Team Liquid,1.08,199.53,72.6,131.6,2.0,2.47
530930,FNATIC,0.94,190.7,64.3,128.3,1.7,2.9
530930,GIANTX,1.08,206.3,77.2,136.3,2.9,1.7
530931,Natus Vincere,1.25,231.1,78.3,150.4,1.7,1.9
530931,Team Heretics,0.7,178.1,60.8,120.4,1.9,1.7
530932,BBL Esports,0.94,201.93,68.47,131.87,2.27,2.53
530932,Team Liquid,1.08,213.2,74.4,138.73,2.53,2.27
530933,GIANTX,1.14,212.0,75.0,140.47,2.2,1.47
530933,Natus Vincere,0.85,181.6,70.07,117.87,1.47,2.2
530934,BBL Esports,0.67,147.07,49.53,101.0,0.93,2.73
530934,GIANTX,1.31,230.87,82.13,149.73,2.73,0.93
530935,GIANTX,0.88,190.33,65.67,127.67,2.07,2.47
530935,Team Liquid,1.13,219.6,80.47,145.13,2.47,2.07
536176,Precise Defeat,,,,,,
536176,Pure Aim,,,,,,
536985,Team Alpha,1.18,236.2,78.8,145.4,1.4,2.0
536985,Team Omega,0.88,207.8,67.2,132.8,2.0,1.4
538583,Team EMEA,1.07,227.6,77.0,152.0,3.2,0.8
538583,Team France,0.91,196.0,61.0,128.0,0.8,3.2
542195,Paper Rex,1.16,224.5,75.5,145.6,2.2,1.8
542195,Xi Lai Gaming,0.82,183.5,63.6,121.6,1.8,2.2
542196,GIANTX,1.01,194.33,72.13,125.4,2.0,1.87
542196,Sentinels,0.95,183.67,69.87,117.2,1.87,2.0
542197,GIANTX,0.95,185.67,66.87,123.53,2.27,2.13
542197,Paper Rex,1.06,202.33,76.47,130.33,2.13,2.27
542198,Sentinels,0.91,176.2,70.0,117.53,1.93,2.6
542198,Xi Lai Gaming,1.07,196.87,77.87,128.07,2.6,1.93
542199,GIANTX,1.05,200.4,70.2,130.1,2.6,2.3
542199,Xi Lai Gaming,0.96,195.0,71.7,126.5,2.3,2.6
542200,Guangzhou Huadu Bilibili Gaming,0.72,154.1,59.6,101.8,1.5,2.2
542200,MIBR,1.25,214.0,82.2,141.9,2.2,1.5
542201,FNATIC,1.15,206.1,76.7,135.9,2.5,1.7
542201,Rex Regum Qeon,0.8,175.4,65.8,114.4,1.7,2.5
542202,FNATIC,1.0,186.53,69.47,126.73,2.07,1.93
542202,MIBR,0.94,190.8,72.93,121.27,1.93,2.07
542203,Guangzhou Huadu Bilibili Gaming,0.93,180.87,66.67,118.6,1.73,2.13
542203,Rex Regum Qeon,1.08,198.47,71.8,128.8,2.13,1.73
542204,MIBR,1.25,212.6,81.1,135.9,2.4,1.2
542204,Rex Regum Qeon,0.74,152.3,58.8,102.9,1.2,2.4
542205,KIWOOM DRX,1.08,192.0,78.3,127.5,2.5,1.9
542205,Team Liquid,0.88,168.1,59.8,109.2,1.9,2.5
542207,EDward Gaming,0.98,198.1,72.1,131.1,3.1,2.5
542207,NRG,1.06,213.2,71.1,144.0,2.5,3.1
542208,KIWOOM DRX,1.02,196.13,71.27,127.93,2.27,2.07
542208,NRG,0.98,192.93,71.33,122.87,2.07,2.27
542209,EDward Gaming,0.99,189.4,66.93,120.73,2.13,2.07
542209,Team Liquid,0.95,190.27,71.47,125.07,2.07,2.13
542210,KIWOOM DRX,1.08,201.1,73.5,133.5,2.5,1.6
542210,Team Liquid,0.89,177.9,65.3,118.6,1.6,2.5
542211,G2 Esports,0.88,180.7,64.7,116.5,1.7,2.9
542211,Team Heretics,1.17,212.0,78.3,141.7,2.9,1.7
542212,Dragon Ranger Gaming,1.0,203.6,74.2,133.0,3.0,2.8
542212,T1,1.01,206.4,71.6,131.2,2.8,3.0
542213,T1,0.95,192.1,68.1,122.5,2.4,2.3
542213,Team Heretics,1.04,205.6,74.6,132.0,2.3,2.4
542214,Dragon Ranger Gaming,0.84,183.1,72.0,119.5,2.2,1.8
542214,G2 Esports,1.13,207.8,76.5,138.8,1.8,2.2
542215,G2 Esports,1.18,213.5,78.4,136.3,2.6,1.7
542215,T1,0.8,173.9,64.0,114.0,1.7,2.6
542264,FNATIC,1.09,195.67,72.27,130.93,2.13,2.07
542264,KIWOOM DRX,0.9,179.67,68.4,118.6,2.07,2.13
542265,G2 Esports,0.98,201.2,70.13,131.93,3.0,2.07
542265,Paper Rex,1.02,206.33,71.0,134.93,2.07,3.0
542266,MIBR,1.17,216.9,81.3,142.3,2.6,1.9
542266,Team Heretics,0.77,165.5,59.6,109.9,1.9,2.6
542267,GIANTX,0.62,141.3,63.7,95.7,1.4,1.9
542267,NRG,1.34,223.7,85.3,141.9,1.9,1.4
542268,FNATIC,1.12,210.07,75.0,139.4,2.27,1.87
542268,Paper Rex,0.86,181.07,66.93,121.4,1.87,2.27
542269,MIBR,1.12,199.47,76.13,125.13,3.27,1.8
542269,NRG,0.85,166.73,63.0,113.2,1.8,3.27
542270,FNATIC,0.86,167.1,63.5,112.3,2.7,1.7
542270,NRG,1.11,210.8,75.5,136.2,1.7,2.7
542272,FNATIC,0.89,182.0,65.32,120.36,2.04,2.04
542272,NRG,1.09,206.44,77.12,130.0,2.04,2.04
542273,G2 Esports,0.97,190.87,69.87,121.73,2.0,2.2
542273,KIWOOM DRX,1.01,191.8,69.4,119.6,2.2,2.0
542274,GIANTX,1.04,199.13,71.6,127.27,2.0,1.67
542274,Team Heretics,0.95,188.33,68.53,119.4,1.67,2.0
542276,KIWOOM DRX,0.93,183.33,63.73,120.93,2.0,2.87
542276,MIBR,1.04,195.2,74.13,128.93,2.87,2.0
542277,Paper Rex,1.09,215.0,74.33,138.13,1.93,2.27
542277,Team Heretics,0.94,190.27,69.0,125.67,2.27,1.93
542278,KIWOOM DRX,1.15,207.1,71.4,135.8,2.7,2.2
542278,Paper Rex,0.84,172.3,63.2,116.8,2.2,2.7
542279,FNATIC,1.13,201.0,71.95,131.3,2.05,1.85
542279,KIWOOM DRX,0.82,169.45,62.0,108.85,1.85,2.05
594740,Karmine Corp,0.88,176.5,69.1,116.5,1.9,2.5
594740,Natus Vincere,1.08,206.7,75.1,136.8,2.5,1.9
594741,FUT Esports,0.79,166.8,65.1,108.3,1.6,2.3
594741,Gentle Mates,1.13,209.7,73.3,136.4,2.3,1.6
594742,BBL Esports,1.03,203.73,70.13,137.93,1.93,2.07
594742,PCIFIC Esports,0.95,184.27,66.07,120.27,2.07,1.93
594743,Team Vitality,1.4,244.7,87.1,162.3,2.1,0.9
594743,ULF Esports,0.58,141.2,55.3,94.3,0.9,2.1
594744,Natus Vincere,1.1,203.27,75.2,138.47,2.53,1.87
594744,Team Heretics,0.91,175.4,63.67,116.53,1.87,2.53
594745,GIANTX,0.84,177.8,67.0,115.9,2.5,2.1
594745,Gentle Mates,1.11,205.9,78.7,131.3,2.1,2.5
594746,BBL Esports,1.08,217.0,79.2,140.7,2.5,1.6
594746,FNATIC,0.85,185.8,60.2,120.7,1.6,2.5
594747,Team Liquid,0.99,188.13,66.87,122.8,2.33,2.47
594747,Team Vitality,0.95,184.73,66.8,120.2,2.47,2.33
594748,Gentle Mates,1.14,215.3,76.7,138.9,2.4,1.8
594748,Natus Vincere,0.82,174.8,66.4,116.8,1.8,2.4
594749,BBL Esports,1.09,208.8,76.1,135.5,2.5,1.9
594749,Team Vitality,0.85,185.2,66.0,124.1,1.8,2.4
594750,BBL Esports,0.96,190.72,66.68,123.76,2.32,2.4
594750,Gentle Mates,1.01,194.2,69.56,129.36,2.4,2.32
594751,Karmine Corp,1.0,198.0,72.8,126.73,1.8,2.13
594751,Team Liquid,0.98,194.27,73.93,131.6,2.13,1.8
594752,FNATIC,1.17,213.27,78.2,141.47,2.93,2.4
594752,FUT Esports,0.8,174.07,62.4,113.93,2.4,2.93
594753,GIANTX,1.02,197.53,73.67,130.33,2.73,1.93
594753,PCIFIC Esports,0.99,194.6,70.27,126.8,1.93,2.73
594754,Team Heretics,1.17,228.0,82.3,147.2,2.8,1.3
594754,ULF Esports,0.82,192.6,64.2,124.8,1.3,2.8
594755,FNATIC,1.14,217.5,71.7,141.5,2.0,2.0
594755,Team Liquid,0.8,173.2,63.2,115.2,2.0,2.0
594756,GIANTX,1.1,209.8,71.8,137.6,2.1,2.2
594756,Team Heretics,0.89,190.2,66.7,121.0,2.2,2.1
594757,FNATIC,0.92,186.87,68.93,120.27,2.73,2.2
594757,Natus Vincere,1.03,197.6,68.8,128.87,2.2,2.73
594758,GIANTX,0.66,149.5,58.0,98.7,1.4,2.3
594758,Team Vitality,1.31,218.3,79.3,151.6,2.3,1.4
594759,FNATIC,1.16,210.7,77.8,135.1,2.3,1.6
594759,Team Vitality,0.78,164.4,63.4,109.8,1.6,2.3
594760,FNATIC,0.94,191.64,68.48,128.36,2.32,2.64
594760,Gentle Mates,1.02,198.64,70.64,128.32,2.64,2.32
594761,FUT Esports,0.96,186.47,67.53,121.6,2.07,2.4
594761,Karmine Corp,1.01,197.87,72.8,127.47,2.4,2.07
594762,PCIFIC Esports,0.82,172.1,66.3,112.4,1.3,2.5
594762,ULF Esports,1.09,210.0,78.3,133.7,2.5,1.3
594763,Karmine Corp,1.12,208.0,77.07,136.87,1.8,2.2
594763,Team Heretics,0.89,182.27,69.4,122.0,2.2,1.8
594764,Team Liquid,1.11,209.4,78.73,137.87,2.53,1.8
594764,ULF Esports,0.85,182.67,66.8,114.07,1.8,2.53
594765,Natus Vincere,0.7,169.1,54.9,118.1,0.8,2.7
594765,Team Heretics,1.28,234.1,85.6,150.4,2.7,0.8
594766,GIANTX,0.95,188.8,69.13,124.0,2.2,2.2
594766,Team Liquid,1.05,199.87,75.93,134.6,2.2,2.2
594767,Team Heretics,0.78,168.8,62.7,112.1,2.2,1.7
594767,Team Liquid,1.16,219.3,85.3,149.6,1.7,2.2
594768,Team Liquid,1.04,205.6,75.27,133.47,1.87,2.07
594768,Team Vitality,0.95,192.6,72.13,127.87,2.07,1.87
594769,FNATIC,0.92,189.6,67.07,123.67,2.73,2.33
594769,Team Liquid,1.07,206.27,74.67,133.4,2.33,2.73
595630,Nongshim RedForce,1.14,207.1,78.8,129.7,2.4,1.5
595630,Team Secret,0.8,174.5,65.1,113.8,1.5,2.4
595631,FULL SENSE,1.36,235.2,86.3,146.5,1.4,1.8
595631,ZETA DIVISION,0.58,154.9,54.1,97.4,1.8,1.4
595632,Global Esports,1.2,220.8,79.0,142.0,1.8,2.1
595632,VARREL,0.72,176.9,60.0,117.2,2.1,1.8
595633,DetonatioN FocusMe,1.08,204.6,75.5,135.0,2.5,1.9
595633,Gen.G,0.9,180.9,69.8,120.0,1.9,2.5
595634,Nongshim RedForce,1.05,200.27,72.53,128.13,1.87,2.2
595634,T1,0.93,191.27,70.33,123.0,2.2,1.87
595635,FULL SENSE,1.05,202.6,75.33,129.8,2.0,2.33
595635,KIWOOM DRX,0.89,186.67,67.53,119.07,2.33,2.0
595636,Global Esports,1.01,203.13,76.07,133.87,2.2,2.07
595636,Paper Rex,0.96,200.4,69.2,131.73,2.07,2.2
595637,DetonatioN FocusMe,0.82,179.9,65.2,113.4,2.3,1.8
595637,Rex Regum Qeon,1.14,211.7,73.3,138.4,1.8,2.3
595638,FULL SENSE,0.76,168.3,62.7,110.2,2.2,1.9
595638,Nongshim RedForce,1.2,223.7,80.4,142.0,1.9,2.2
595639,Paper Rex,0.78,165.8,57.7,111.0,1.4,2.3
595639,Rex Regum Qeon,1.19,214.2,77.3,145.9,2.3,1.4
595640,Nongshim RedForce,1.02,196.4,70.28,125.68,2.44,1.92
595640,Rex Regum Qeon,0.95,186.4,72.48,123.88,1.92,2.44
595641,DetonatioN FocusMe,1.14,225.3,79.2,146.5,2.0,1.6
595641,Team Secret,0.86,184.0,70.3,118.3,1.6,2.0
595642,Global Esports,1.08,210.6,72.6,139.7,3.0,1.6
595642,ZETA DIVISION,0.9,196.6,72.7,124.0,1.6,3.0
595643,KIWOOM DRX,1.09,201.93,77.07,130.13,2.13,2.13
595643,VARREL,0.89,181.47,70.0,116.87,2.13,2.13
595644,Gen.G,1.01,196.07,66.73,127.33,1.87,2.33
595644,T1,0.94,188.0,68.73,120.33,2.33,1.87
595645,DetonatioN FocusMe,0.89,180.67,62.73,122.27,1.67,2.27
595645,Global Esports,1.1,202.73,76.93,135.4,2.27,1.67
595646,KIWOOM DRX,0.88,184.3,68.1,117.0,1.9,2.3
595646,T1,1.11,206.6,75.2,135.3,2.3,1.9
595647,DetonatioN FocusMe,1.01,210.13,74.27,136.4,1.67,2.4
595647,FULL SENSE,0.97,201.6,69.53,135.73,2.4,1.67
595648,Paper Rex,0.99,196.8,72.2,130.8,2.2,2.2
595648,T1,1.0,197.67,74.13,129.47,2.2,2.2
595649,DetonatioN FocusMe,0.92,185.9,68.4,120.9,2.0,2.3
595649,T1,1.06,209.0,71.9,132.0,2.3,2.0
595650,Rex Regum Qeon,0.79,162.8,64.27,104.8,2.2,2.53
595650,T1,1.15,215.27,81.07,140.67,2.53,2.2
595651,Team Secret,0.92,192.67,72.67,121.13,1.47,2.33
595651,ZETA DIVISION,1.0,200.0,74.27,129.73,2.33,1.47
595652,Gen.G,1.03,202.2,73.8,133.13,2.8,2.73
595652,VARREL,0.97,188.4,67.13,126.4,2.73,2.8
595653,KIWOOM DRX,1.01,201.67,72.27,129.27,2.27,1.87
595653,ZETA DIVISION,0.96,184.53,70.2,119.27,1.87,2.27
595654,Gen.G,0.95,196.67,70.73,130.6,2.47,2.6
595654,Global Esports,1.03,201.87,70.73,128.8,2.6,2.47
595655,FULL SENSE,0.74,174.5,72.4,119.5,1.2,2.5
595655,KIWOOM DRX,1.22,217.2,82.3,140.5,2.5,1.2
595656,Global Esports,1.0,201.13,71.6,132.47,2.27,2.27
595656,Paper Rex,0.98,197.67,69.67,129.33,2.27,2.27
595657,KIWOOM DRX,0.93,191.0,66.27,126.07,1.73,2.8
595657,Paper Rex,1.07,204.13,73.8,134.73,2.8,1.73
595658,DetonatioN FocusMe,0.72,155.9,53.6,101.4,1.3,2.6
595658,Paper Rex,1.24,226.0,80.9,149.0,2.6,1.3
595659,Paper Rex,1.02,207.85,73.2,137.2,2.4,2.1
595659,Rex Regum Qeon,0.94,198.7,68.6,130.9,2.1,2.4
596398,Cloud9,1.08,203.1,80.4,132.5,2.6,1.8
596398,LOUD,0.88,189.3,68.4,121.5,1.8,2.6
596399,ENVY,0.99,195.07,73.2,124.6,2.27,2.2
596399,Evil Geniuses,0.98,190.07,68.33,127.0,2.2,2.27
596400,FURIA,1.09,204.87,75.67,131.27,2.47,1.67
596400,KRÜ Esports,0.87,165.93,65.4,111.07,1.67,2.47
596401,100 Thieves,1.03,202.07,73.33,127.87,2.53,1.93
596401,LEVIATÁN,0.97,194.27,70.53,129.0,1.93,2.53
596402,Cloud9,0.75,167.5,61.1,107.0,1.5,2.2
596402,NRG,1.2,209.4,80.2,132.3,2.2,1.5
596403,ENVY,0.8,183.5,62.0,121.5,1.9,2.5
596403,MIBR,1.2,224.4,83.3,145.6,2.5,1.9
596404,FURIA,1.1,206.2,80.5,135.1,2.6,1.6
596404,Sentinels,0.88,179.9,65.8,123.4,1.6,2.6
596405,100 Thieves,1.09,212.93,76.6,139.2,2.33,1.73
596405,G2 Esports,0.92,188.53,66.8,125.4,1.73,2.33
596406,MIBR,0.95,182.6,71.0,120.13,2.47,1.8
596406,NRG,1.0,187.93,69.53,124.73,1.8,2.47
596407,FURIA,1.07,196.13,73.53,128.4,2.0,1.67
596407,G2 Esports,0.91,190.33,71.73,123.8,1.67,2.0
596408,FURIA,0.92,179.84,69.48,116.52,1.84,2.24
596408,MIBR,1.04,199.52,75.04,131.0,2.24,1.84
596409,100 Thieves,1.17,213.07,75.4,142.33,2.27,1.6
596409,LOUD,0.83,171.67,67.6,112.87,1.6,2.27
596410,Evil Geniuses,0.83,162.6,70.0,107.9,1.9,2.4
596410,Sentinels,1.06,195.6,77.6,131.2,2.4,1.9
596411,ENVY,1.07,208.27,75.47,134.0,1.93,2.2
596411,KRÜ Esports,0.89,186.6,70.67,117.2,2.2,1.93
596412,Cloud9,1.21,209.0,77.9,131.9,2.1,1.6
596412,LEVIATÁN,0.74,157.4,62.3,101.2,1.6,2.1
596413,100 Thieves,1.05,203.9,74.4,133.0,2.6,2.8
596413,Sentinels,0.96,201.1,70.4,134.1,2.8,2.6
596414,Cloud9,1.0,196.07,71.6,128.53,2.47,3.07
596414,ENVY,1.0,194.53,71.07,126.4,3.07,2.47
596415,100 Thieves,0.89,174.2,73.9,110.0,1.6,3.0
596415,NRG,1.07,185.5,71.0,123.7,3.0,1.6
596416,Cloud9,0.91,183.0,67.3,116.5,2.0,2.6
596416,G2 Esports,1.1,211.5,77.1,138.0,2.6,2.0
596417,G2 Esports,1.25,229.3,80.4,149.0,2.5,1.2
596417,NRG,0.77,173.8,64.2,114.8,1.2,2.5
596418,G2 Esports,1.15,222.87,77.53,145.67,2.33,1.4
596418,MIBR,0.83,187.4,66.73,124.2,1.4,2.33
596419,Evil Geniuses,1.06,206.3,71.9,131.5,2.5,1.9
596419,LOUD,0.92,188.5,74.5,123.1,1.9,2.5
596420,KRÜ Esports,0.78,159.3,59.2,104.4,1.2,2.8
596420,LEVIATÁN,1.16,206.5,78.8,132.9,2.8,1.2
596421,ENVY,0.82,172.5,67.0,110.3,2.0,2.8
596421,Evil Geniuses,1.2,211.9,75.5,144.8,2.8,2.0
596422,LEVIATÁN,1.04,195.3,71.1,125.6,2.5,2.4
596422,Sentinels,0.92,179.2,67.2,117.4,2.4,2.5
596423,100 Thieves,1.02,189.3,65.7,123.3,2.5,2.7
596423,Evil Geniuses,0.98,190.1,70.2,126.2,2.7,2.5
596424,Cloud9,1.16,208.2,74.0,133.7,2.2,1.6
596424,LEVIATÁN,0.79,162.9,61.1,109.0,1.6,2.2
596425,100 Thieves,1.13,206.87,80.93,137.4,2.33,2.0
596425,Cloud9,0.86,187.4,73.8,120.53,2.0,2.33
596426,100 Thieves,0.68,159.7,62.4,99.4,1.4,2.3
596426,NRG,1.25,218.5,82.2,144.3,2.3,1.4
596427,MIBR,0.93,185.96,69.24,120.12,1.68,2.24
596427,NRG,1.04,196.92,73.12,131.56,2.24,1.68
598921,All Gamers,,213.4,,,,
598921,Nova Esports,,179.2,,,,
598922,JD Mall JDG Esports,,192.8,,,,
598922,Wuxi Titan Esports Club,,188.6,,,,
598923,Trace Esports,,177.93,,,,
598923,Wolves Esports,,187.8,,,,
598924,FunPlus Phoenix,,147.2,,,,
598924,TYLOO,,241.1,,,,
598925,All Gamers,1.23,212.3,80.5,140.6,2.5,1.3
598925,Guangzhou Huadu Bilibili Gaming,0.76,153.0,62.8,102.5,1.3,2.5
598926,Dragon Ranger Gaming,0.95,186.73,70.87,120.53,2.67,1.8
598926,JD Mall JDG Esports,1.03,183.87,70.13,118.33,1.8,2.67
598927,Wolves Esports,0.84,161.8,58.4,114.6,1.4,2.1
598927,Xi Lai Gaming,1.2,215.6,75.3,150.0,2.1,1.4
598928,EDward Gaming,1.1,219.0,72.8,143.5,2.2,2.2
598928,TYLOO,0.92,188.1,63.8,126.0,2.2,2.2
598929,All Gamers,1.02,202.13,74.2,131.8,2.6,2.13
598929,Dragon Ranger Gaming,0.97,197.4,66.13,129.6,2.13,2.6
598930,EDward Gaming,0.8,182.9,63.4,118.8,1.6,2.1
598930,Xi Lai Gaming,1.16,224.1,80.5,147.5,2.1,1.6
598931,All Gamers,1.01,196.52,67.44,128.68,1.96,2.2
598931,Xi Lai Gaming,0.98,195.52,71.24,124.0,2.2,1.96
598932,Nova Esports,0.84,177.7,58.4,114.0,1.3,2.7
598932,TYLOO,1.14,217.7,76.3,136.7,2.7,1.3
598933,Wolves Esports,0.94,192.8,70.07,126.67,2.4,1.93
598933,Wuxi Titan Esports Club,1.06,200.07,68.87,134.6,1.93,2.4
598934,JD Mall JDG Esports,1.06,199.8,74.33,127.93,2.07,1.73
598934,Trace Esports,0.93,184.13,68.6,121.93,1.73,2.07
598935,FunPlus Phoenix,0.96,195.9,71.5,130.4,2.9,2.5
598935,Guangzhou Huadu Bilibili Gaming,1.08,206.9,75.2,136.1,2.5,2.9
598936,TYLOO,1.07,203.73,72.93,129.67,2.67,1.87
598936,Wuxi Titan Esports Club,0.91,195.67,68.53,127.47,1.87,2.67
598937,Guangzhou Huadu Bilibili Gaming,1.07,190.2,76.6,125.9,2.3,2.3
598937,Trace Esports,0.94,182.9,67.8,120.8,2.3,2.3
598938,Dragon Ranger Gaming,1.06,208.13,72.8,137.53,2.33,1.73
598938,TYLOO,0.97,197.33,68.33,130.2,1.73,2.33
598939,EDward Gaming,0.89,183.53,63.13,117.67,1.93,2.07
598939,Guangzhou Huadu Bilibili Gaming,1.1,212.2,76.87,141.87,2.07,1.93
598940,Dragon Ranger Gaming,0.75,168.2,62.2,110.8,1.6,1.8
598940,Guangzhou Huadu Bilibili Gaming,1.23,226.4,81.3,139.2,1.8,1.6
598941,Guangzhou Huadu Bilibili Gaming,0.93,186.12,69.56,124.0,2.2,2.36
598941,Xi Lai Gaming,1.07,210.72,75.48,137.24,2.36,2.2
598942,Nova Esports,0.92,188.07,65.73,126.47,1.6,2.27
598942,Wolves Esports,1.11,207.53,76.93,135.6,2.27,1.6
598943,FunPlus Phoenix,1.0,186.07,65.87,123.6,1.27,2.33
598943,JD Mall JDG Esports,1.02,206.47,74.73,132.6,2.33,1.27
598944,Trace Esports,1.13,216.53,76.53,140.6,2.53,1.87
598944,Wolves Esports,0.88,191.53,67.33,123.47,1.87,2.53
598945,JD Mall JDG Esports,0.95,177.4,67.2,116.87,1.8,2.33
598945,Wuxi Titan Esports Club,1.03,192.2,74.67,122.33,2.33,1.8
598946,TYLOO,1.09,205.5,73.0,138.7,2.0,2.6
598946,Trace Esports,0.9,192.7,70.9,132.6,2.6,2.0
598947,EDward Gaming,,197.4,,,,
598947,JD Mall JDG Esports,,196.13,,,,
598948,EDward Gaming,0.96,192.13,64.2,127.2,2.07,1.8
598948,TYLOO,1.03,206.87,70.6,134.87,1.8,2.07
598949,Dragon Ranger Gaming,0.93,200.33,68.67,130.4,1.67,2.2
598949,EDward Gaming,1.07,219.6,72.8,140.93,2.2,1.67
598950,EDward Gaming,1.08,206.85,73.55,136.25,2.35,2.0
598950,Guangzhou Huadu Bilibili Gaming,0.91,182.95,67.65,120.85,2.0,2.35
625788,EDward Gaming,0.86,168.4,61.7,111.8,2.4,2.0
625788,Gentle Mates,1.12,195.8,70.9,125.1,2.0,2.4
625789,T1,0.93,194.5,61.0,131.9,1.9,3.0
625789,Team Liquid,1.06,207.2,73.1,136.0,3.0,1.9
625790,G2 Esports,0.88,193.5,68.8,128.0,2.2,1.8
625790,Paper Rex,1.14,224.2,73.1,152.8,1.8,2.2
625791,NRG,1.19,205.1,81.4,130.2,1.9,1.8
625791,Xi Lai Gaming,0.74,165.9,67.0,108.8,1.8,1.9
626529,NRG,0.94,176.87,69.27,118.0,2.47,2.13
626529,Paper Rex,0.97,185.0,70.87,121.2,2.13,2.47
626530,Gentle Mates,1.18,215.2,81.8,136.9,1.7,2.3
626530,Team Liquid,0.81,184.1,67.9,120.5,2.3,1.7
626532,EDward Gaming,0.76,165.8,63.5,105.6,1.5,2.2
626532,T1,1.25,235.0,82.1,152.0,2.2,1.5
626533,G2 Esports,1.15,227.6,76.4,148.7,1.8,1.9
626533,Xi Lai Gaming,0.83,187.1,62.7,123.6,1.9,1.8
626534,G2 Esports,1.06,209.0,74.2,138.2,2.0,2.9
626534,T1,0.92,194.4,69.8,129.8,2.9,2.0
626535,NRG,1.16,213.5,81.7,140.6,2.7,1.3
626535,Team Liquid,0.72,165.6,65.9,106.8,1.3,2.7
626537,Gentle Mates,0.97,193.5,69.8,127.9,1.6,3.0
626537,Nongshim RedForce,1.06,208.6,75.2,137.6,3.0,1.6
626538,All Gamers,0.73,170.2,64.3,111.6,1.5,2.1
626538,G2 Esports,1.23,212.5,75.1,135.3,2.1,1.5
626539,FURIA,0.86,187.6,65.8,127.13,1.87,2.07
626539,Paper Rex,1.13,215.07,78.2,142.33,2.07,1.87
626540,BBL Esports,0.94,188.2,65.73,123.6,2.13,2.53
626540,NRG,1.03,201.87,72.07,132.07,2.53,2.13
626541,G2 Esports,0.95,192.87,67.47,126.47,2.13,2.27
626541,Nongshim RedForce,1.02,200.13,71.13,127.47,2.27,2.13
626542,NRG,1.02,199.9,72.7,134.8,2.8,2.3
626542,Paper Rex,0.96,193.9,71.1,130.1,2.2,2.7
626543,NRG,0.91,185.6,68.5,123.1,2.0,2.6
626543,Nongshim RedForce,1.04,200.3,76.4,130.6,2.6,2.0
626544,Nongshim RedForce,1.2,223.4,78.13,143.87,2.47,1.33
626544,Paper Rex,0.79,172.6,58.07,113.6,1.33,2.47
626545,All Gamers,1.07,200.6,71.2,131.67,1.53,2.2
626545,Gentle Mates,0.9,182.27,68.13,119.67,2.2,1.53
626546,BBL Esports,1.0,197.8,68.53,131.6,2.13,2.27
626546,FURIA,0.97,198.4,67.87,127.93,2.33,2.2
626547,All Gamers,0.84,180.53,65.67,120.73,1.93,2.07
626547,Paper Rex,1.15,212.93,78.53,140.0,2.07,1.93
626548,BBL Esports,0.84,178.8,64.4,121.8,1.5,2.4
626548,G2 Esports,1.14,198.8,73.1,129.4,2.4,1.5
626549,G2 Esports,0.86,174.47,61.6,115.67,1.67,2.53
626549,Paper Rex,1.14,219.6,76.07,147.8,2.53,1.67
626550,NRG,0.94,195.3,66.9,128.1,2.05,2.05
626550,Paper Rex,1.04,210.2,71.1,140.45,2.05,2.05
642914,All Gamers,1.04,203.4,74.47,132.73,2.6,2.0
642914,Wuxi Titan Esports Club,0.98,198.93,74.73,131.87,2.0,2.6
642915,EDward Gaming,1.32,236.1,80.3,153.0,1.9,1.2
642915,Nova Esports,0.66,152.3,60.0,95.9,1.2,1.9
642916,FunPlus Phoenix,0.89,184.53,69.67,118.4,1.73,2.33
642916,JD Mall JDG Esports,1.09,206.4,74.6,137.73,2.33,1.73
642917,Dragon Ranger Gaming,0.92,196.0,69.2,127.6,2.0,2.1
642917,Xi Lai Gaming,1.12,221.0,80.5,144.1,2.1,2.0
642918,Trace Esports,1.14,211.5,79.5,136.3,2.5,1.8
642918,Wolves Esports,0.88,177.8,69.4,121.4,1.8,2.5
642919,Guangzhou Huadu Bilibili Gaming,1.0,205.53,72.13,134.13,1.8,2.0
642919,TYLOO,1.04,212.13,75.8,140.27,2.0,1.8
642920,Dragon Ranger Gaming,1.26,231.0,85.3,149.9,2.0,1.8
642920,Nova Esports,0.74,180.9,66.7,123.7,1.8,2.0
642921,All Gamers,0.8,159.9,65.0,102.4,1.6,2.1
642921,FunPlus Phoenix,1.17,203.2,82.5,129.6,2.1,1.6
642922,TYLOO,1.14,220.3,77.5,146.0,1.9,2.7
642922,Wuxi Titan Esports Club,0.9,191.9,67.6,125.0,2.7,1.9
642923,EDward Gaming,1.1,213.1,75.6,140.7,2.1,2.4
642923,Wolves Esports,0.94,188.0,72.1,122.8,2.4,2.1
642924,Trace Esports,0.98,194.33,72.8,127.53,1.67,2.67
642924,Xi Lai Gaming,1.02,204.67,74.8,134.13,2.67,1.67
642925,Guangzhou Huadu Bilibili Gaming,1.23,227.6,80.7,144.5,1.7,1.9
642925,JD Mall JDG Esports,0.8,184.0,64.7,123.2,1.9,1.7
642927,FunPlus Phoenix,0.83,204.93,64.4,162.3,1.9,2.3
642927,TYLOO,1.17,204.73,81.0,137.8,2.3,1.9
642928,Guangzhou Huadu Bilibili Gaming,0.95,203.4,69.5,135.3,2.6,2.5
642928,Wuxi Titan Esports Club,1.08,201.7,69.0,131.1,2.5,2.6
642929,Nova Esports,0.92,186.1,68.4,121.3,2.4,2.1
642929,Xi Lai Gaming,1.06,202.9,73.6,132.6,2.1,2.4
642930,EDward Gaming,1.1,214.0,79.3,140.5,2.3,2.0
642930,Trace Esports,0.9,192.2,68.2,127.3,2.0,2.3
642931,All Gamers,1.15,222.3,75.5,142.1,2.4,1.7
642931,JD Mall JDG Esports,0.86,184.4,65.4,121.2,1.7,2.4
642932,Dragon Ranger Gaming,1.08,205.0,74.47,132.13,2.2,1.47
642932,Wolves Esports,0.92,179.67,63.53,119.67,1.47,2.2
642933,Nova Esports,0.92,182.5,67.2,120.6,2.6,2.3
642933,Trace Esports,1.1,212.7,76.8,138.1,2.3,2.6
642934,FunPlus Phoenix,0.91,197.2,71.47,128.33,1.67,2.2
642934,Guangzhou Huadu Bilibili Gaming,1.09,205.93,77.53,135.4,2.2,1.67
642935,All Gamers,0.95,176.73,65.53,115.87,1.73,2.2
642935,TYLOO,1.05,207.33,73.47,131.87,2.2,1.73
642936,Dragon Ranger Gaming,0.97,198.0,69.53,129.93,1.87,2.07
642936,EDward Gaming,1.04,209.13,74.13,134.87,2.07,1.87
642937,JD Mall JDG Esports,1.11,206.1,73.9,127.6,2.4,2.4
642937,Wuxi Titan Esports Club,0.91,186.8,68.4,121.0,2.4,2.4
642938,Wolves Esports,1.03,202.33,74.87,130.07,2.13,2.27
642938,Xi Lai Gaming,1.01,202.87,73.13,131.13,2.27,2.13
642939,JD Mall JDG Esports,1.16,221.2,80.5,143.2,3.0,2.3
642939,TYLOO,0.92,199.1,64.7,134.9,2.3,3.0
642940,Dragon Ranger Gaming,1.01,205.4,68.53,133.2,2.33,2.0
642940,Trace Esports,0.99,209.73,70.87,139.73,2.0,2.33
642941,FunPlus Phoenix,0.72,159.0,63.1,106.2,1.6,2.2
642941,Wuxi Titan Esports Club,1.27,215.8,81.4,133.5,2.2,1.6
642942,All Gamers,0.99,209.47,72.0,134.67,2.07,1.67
642942,Guangzhou Huadu Bilibili Gaming,1.03,205.27,69.73,134.0,1.67,2.07
642943,Nova Esports,1.1,211.8,77.3,138.4,2.6,1.8
642943,Wolves Esports,0.92,184.3,68.9,119.7,1.8,2.6
642944,EDward Gaming,1.0,198.2,73.0,128.53,1.8,2.27
642944,Xi Lai Gaming,1.05,212.6,72.53,142.2,2.27,1.8
642945,All Gamers,0.99,200.27,68.53,124.6,1.73,2.27
642945,Xi Lai Gaming,1.02,205.73,74.8,132.27,2.27,1.73
642946,EDward Gaming,1.04,201.8,71.13,130.87,2.53,2.07
642946,JD Mall JDG Esports,1.0,198.67,72.27,126.27,2.07,2.53
642947,Dragon Ranger Gaming,0.86,178.3,66.0,115.8,1.8,2.5
642947,TYLOO,1.17,222.0,81.2,148.3,2.5,1.8
642948,Trace Esports,0.99,194.13,71.27,126.8,2.07,2.2
642948,Wuxi Titan Esports Club,1.0,198.33,69.87,130.87,2.2,2.07
644652,Gen.G,0.77,174.8,68.6,113.7,1.9,1.9
644652,Global Esports,1.23,219.8,79.0,142.4,1.9,1.9
644653,T1,1.2,220.9,79.6,141.3,2.1,2.0
644653,VARREL,0.78,170.8,58.8,110.3,2.0,2.1
644654,Nongshim RedForce,0.87,185.33,63.87,119.73,1.8,2.87
644654,Paper Rex,1.13,221.13,77.2,142.47,2.87,1.8
644655,DetonatioN FocusMe,0.86,198.6,69.0,129.9,1.8,2.2
644655,FULL SENSE,1.14,218.9,80.2,143.1,2.2,1.8
644656,KIWOOM DRX,1.13,210.1,76.6,135.7,2.3,2.3
644656,Team Secret,0.84,186.0,74.2,124.5,2.3,2.3
644657,Rex Regum Qeon,1.07,197.8,72.93,126.33,2.0,2.2
644657,ZETA DIVISION,0.89,180.07,68.27,119.07,2.2,2.0
644658,DetonatioN FocusMe,0.84,186.4,68.3,121.0,2.5,2.2
644658,T1,1.14,219.5,76.6,141.8,2.2,2.5
644659,KIWOOM DRX,1.01,196.47,75.13,127.2,2.53,2.47
644659,Nongshim RedForce,1.0,196.47,72.67,130.0,2.47,2.53
644660,Global Esports,1.12,203.0,76.5,136.3,2.2,2.1
644660,Team Secret,0.87,172.9,68.6,116.4,2.1,2.2
644661,Rex Regum Qeon,1.01,200.5,73.0,127.5,2.7,2.7
644661,VARREL,0.98,196.0,67.9,128.5,2.7,2.7
644662,FULL SENSE,1.16,215.4,76.3,142.8,2.4,1.5
644662,ZETA DIVISION,0.86,184.4,71.3,121.5,1.5,2.4
644663,Gen.G,1.02,210.53,77.47,136.87,1.93,2.33
644663,Paper Rex,1.0,211.0,75.6,139.8,2.33,1.93
644665,FULL SENSE,1.14,216.0,74.9,148.5,2.0,2.4
644665,VARREL,0.88,183.9,63.5,124.6,2.4,2.0
644666,Paper Rex,1.14,216.7,80.3,144.6,2.9,2.2
644666,Team Secret,0.84,181.2,66.4,119.4,2.2,2.9
644667,Global Esports,0.92,181.8,68.2,117.1,2.3,2.0
644667,KIWOOM DRX,1.07,212.2,75.2,140.9,2.0,2.3
644668,DetonatioN FocusMe,1.17,218.47,77.33,136.53,2.6,1.47
644668,ZETA DIVISION,0.8,172.13,62.27,113.73,1.47,2.6
644669,Rex Regum Qeon,0.84,170.5,62.8,109.9,1.9,2.5
644669,T1,1.15,205.3,73.3,131.0,2.5,1.9
644670,Gen.G,0.81,169.5,67.8,112.8,1.7,2.0
644670,Nongshim RedForce,1.18,214.7,78.6,137.1,2.0,1.7
644671,FULL SENSE,0.87,184.67,65.93,117.2,1.93,2.13
644671,Rex Regum Qeon,1.12,204.8,74.27,133.47,2.13,1.93
644672,Global Esports,0.75,177.9,63.3,114.1,1.4,2.3
644672,Paper Rex,1.27,234.0,82.7,152.6,2.3,1.4
644673,Gen.G,1.04,200.87,72.27,129.33,2.4,2.67
644673,KIWOOM DRX,0.95,192.8,67.13,127.67,2.6,2.33
644674,DetonatioN FocusMe,1.03,198.53,72.33,127.07,2.13,2.47
644674,VARREL,0.95,187.93,72.0,122.4,2.47,2.13
644675,T1,1.12,222.9,79.5,141.4,2.2,1.7
644675,ZETA DIVISION,0.89,191.4,68.6,124.9,1.7,2.2
644676,Nongshim RedForce,1.04,205.93,72.0,131.8,1.93,2.07
644676,Team Secret,0.96,186.0,73.67,128.4,2.07,1.93
644677,Gen.G,0.96,195.47,70.6,127.13,2.47,2.07
644677,Team Secret,1.07,204.07,76.87,135.27,2.07,2.47
644678,VARREL,0.93,196.8,67.87,126.6,2.07,2.4
644678,ZETA DIVISION,1.05,202.27,70.0,134.13,2.4,2.07
644679,FULL SENSE,0.95,188.2,67.33,125.67,1.87,2.13
644679,T1,1.05,202.53,73.73,136.8,2.13,1.87
644680,Global Esports,1.14,219.6,76.4,143.0,2.73,1.8
644680,Nongshim RedForce,0.86,186.2,63.4,123.93,1.8,2.73
644681,KIWOOM DRX,0.74,173.2,60.1,116.4,0.9,2.7
644681,Paper Rex,1.28,238.4,81.6,159.1,2.7,0.9
644682,DetonatioN FocusMe,0.95,191.93,69.47,121.27,2.47,2.4
644682,Rex Regum Qeon,1.03,203.07,73.8,135.07,2.4,2.47
644709,Eternal Fire,0.84,173.2,61.93,112.93,2.07,2.8
644709,FNATIC,1.13,206.8,73.2,134.4,2.8,2.07
644710,Karmine Corp,0.82,181.8,69.2,119.3,1.9,2.4
644710,Team Liquid,1.1,201.7,76.8,127.4,2.4,1.9
644711,GIANTX,0.77,174.0,69.5,114.9,1.4,2.4
644711,Team Vitality,1.25,213.6,80.1,141.1,2.3,1.3
644712,FUT Esports,1.04,197.73,73.53,130.73,2.33,1.87
644712,Gentle Mates,0.93,184.27,68.6,121.6,1.87,2.33
644713,Natus Vincere,1.08,204.2,72.2,136.2,1.93,2.47
644713,Team Heretics,0.93,184.13,69.47,123.73,2.47,1.93
644714,BBL Esports,1.0,188.5,69.9,126.4,2.5,2.0
644714,PCIFIC Esports,0.96,174.7,69.8,114.8,2.0,2.5
644716,GIANTX,1.06,194.13,74.2,130.4,2.6,2.07
644716,PCIFIC Esports,0.94,190.53,68.47,126.0,2.07,2.6
644717,BBL Esports,0.8,176.6,59.6,114.3,1.3,2.9
644717,Eternal Fire,1.16,213.8,76.9,135.0,2.9,1.3
644718,FNATIC,1.1,210.5,75.4,137.0,2.8,1.9
644718,Team Vitality,0.89,194.5,67.3,124.1,1.9,2.8
644719,Team Heretics,0.84,172.7,66.4,110.6,1.8,2.6
644719,Team Liquid,1.16,216.0,77.5,141.9,2.6,1.8
644720,FUT Esports,1.09,205.6,71.47,133.67,2.07,2.13
644720,Natus Vincere,0.9,188.4,67.67,123.8,2.13,2.07
644721,Gentle Mates,1.02,192.6,77.6,128.47,2.2,2.2
644721,Karmine Corp,0.99,190.87,75.47,118.33,2.2,2.2
644722,BBL Esports,0.97,187.67,68.6,127.0,2.2,2.2
644722,GIANTX,1.01,183.4,73.13,124.13,2.2,2.2
644723,Gentle Mates,1.04,195.8,77.0,125.5,2.6,1.8
644723,Natus Vincere,0.94,187.3,69.6,126.3,1.8,2.6
644724,Eternal Fire,1.11,219.5,74.6,141.9,2.0,2.3
644724,Team Vitality,0.88,185.2,68.4,125.5,2.3,2.0
644725,Karmine Corp,0.87,180.07,69.4,115.53,1.6,2.0
644725,Team Heretics,1.16,209.33,76.13,134.27,2.0,1.6
644726,FUT Esports,1.06,204.4,73.3,135.5,3.1,1.9
644726,Team Liquid,0.94,201.1,73.6,132.3,1.9,3.1
644727,FNATIC,1.12,195.2,76.0,128.5,2.6,1.5
644727,PCIFIC Esports,0.8,163.0,63.2,110.0,1.5,2.6
644728,Eternal Fire,0.92,189.0,67.93,120.67,2.0,2.67
644728,PCIFIC Esports,1.03,201.4,78.13,133.6,2.67,2.0
644729,Natus Vincere,0.92,188.67,66.07,122.93,1.93,2.33
644729,Team Liquid,1.06,201.87,70.93,132.33,2.33,1.93
644730,FNATIC,0.99,196.53,68.2,129.47,1.53,2.33
644730,GIANTX,0.99,196.53,72.27,128.2,2.33,1.53
644731,FUT Esports,1.03,197.33,73.0,129.6,2.27,2.13
644731,Karmine Corp,0.99,195.8,68.6,129.53,2.13,2.27
644732,Gentle Mates,0.82,177.1,66.7,114.8,1.4,2.6
644732,Team Heretics,1.14,210.1,80.2,140.0,2.6,1.4
644733,BBL Esports,0.99,187.53,66.07,121.27,1.73,2.4
644733,Team Vitality,0.95,189.67,74.33,124.87,2.4,1.73
644734,FUT Esports,0.72,169.7,63.0,112.3,2.0,1.9
644734,Team Heretics,1.27,234.4,82.5,148.2,1.9,2.0
644735,PCIFIC Esports,0.64,152.4,53.6,103.1,1.2,2.3
644735,Team Vitality,1.26,226.5,80.1,142.7,2.3,1.2
644736,Karmine Corp,0.82,168.1,62.1,113.4,1.9,2.5
644736,Natus Vincere,1.14,211.9,71.4,142.3,2.5,1.9
644737,BBL Esports,0.66,153.3,47.4,102.5,1.3,2.1
644737,FNATIC,1.34,228.6,81.5,148.9,2.1,1.3
644738,Eternal Fire,1.0,198.3,70.0,134.7,2.8,1.9
644738,GIANTX,0.98,193.7,71.8,125.9,1.9,2.8
644739,Gentle Mates,0.86,185.3,67.9,119.3,1.8,2.5
644739,Team Liquid,1.1,210.3,79.7,139.8,2.5,1.8
645474,KRÜ Esports,1.13,215.3,71.7,137.1,2.5,1.8
645474,Sentinels,0.84,180.3,60.4,119.2,1.8,2.5
645475,G2 Esports,0.94,195.4,69.9,130.7,2.6,2.5
645475,MIBR,1.06,209.6,67.4,137.6,2.5,2.6
645476,100 Thieves,1.23,220.0,79.3,139.8,2.2,1.6
645476,Evil Geniuses,0.74,172.6,60.8,113.9,1.6,2.2
645477,ENVY,0.9,188.0,67.53,123.53,2.07,2.4
645477,LOUD,1.11,213.8,75.53,136.73,2.4,2.07
645478,Cloud9,0.78,168.5,61.7,110.7,1.5,2.2
645478,LEVIATÁN,1.21,213.0,78.7,138.9,2.2,1.5
645479,FURIA,1.08,208.5,74.3,133.0,2.2,2.1
645479,NRG,0.88,192.1,66.7,126.5,2.1,2.2
645480,Cloud9,0.96,195.33,70.33,126.47,1.67,2.53
645480,ENVY,1.04,202.07,71.67,133.53,2.6,1.73
645481,Evil Geniuses,0.95,196.67,68.4,133.13,2.07,2.4
645481,FURIA,1.03,210.27,72.87,135.6,2.4,2.07
645482,G2 Esports,1.04,189.6,69.0,124.27,2.07,2.53
645482,LEVIATÁN,0.91,187.73,70.0,122.73,2.53,2.07
645483,LOUD,0.76,161.1,54.8,107.5,1.5,2.5
645483,MIBR,1.21,207.3,82.1,133.7,2.5,1.5
645484,KRÜ Esports,1.13,213.8,77.0,137.1,2.6,1.8
645484,NRG,0.88,178.6,64.9,118.9,1.8,2.6
645485,100 Thieves,0.96,190.3,70.0,123.4,2.9,3.0
645485,Sentinels,1.05,204.8,75.0,133.0,3.0,2.9
645486,ENVY,0.74,169.8,60.2,109.4,1.2,2.2
645486,LEVIATÁN,1.31,233.7,85.1,149.9,2.2,1.2
645487,G2 Esports,1.14,215.5,76.1,140.6,2.5,2.0
645487,LOUD,0.84,184.7,66.3,119.8,2.0,2.5
645488,FURIA,0.77,177.5,65.1,119.8,1.5,2.5
645488,KRÜ Esports,1.24,217.9,76.7,139.8,2.5,1.5
645489,100 Thieves,0.85,175.07,69.87,114.47,1.87,2.13
645489,NRG,1.11,206.0,77.0,135.33,2.13,1.87
645490,Evil Geniuses,0.9,177.9,65.2,121.0,2.1,2.3
645490,Sentinels,1.08,205.7,72.0,133.6,2.3,2.1
645491,Cloud9,1.06,212.5,77.0,141.9,2.7,2.5
645491,MIBR,0.99,195.3,70.0,131.8,2.5,2.7
645492,Evil Geniuses,0.88,179.6,70.6,119.3,1.9,2.4
645492,NRG,1.09,203.9,72.9,130.0,2.4,1.9
645493,LEVIATÁN,0.95,195.3,72.6,128.1,2.7,1.9
645493,MIBR,1.0,189.7,72.1,120.9,1.9,2.7
645494,100 Thieves,1.11,212.13,76.87,141.4,2.0,1.93
645494,KRÜ Esports,0.91,193.07,65.13,132.67,1.93,2.0
645495,FURIA,1.09,201.93,74.53,130.6,1.87,1.93
645495,Sentinels,0.89,190.33,68.0,127.33,1.93,1.87
645496,Cloud9,0.9,187.13,67.13,121.0,1.6,2.33
645496,LOUD,1.09,208.87,75.67,139.53,2.33,1.6
645497,ENVY,0.7,168.8,59.5,108.5,1.6,2.0
645497,G2 Esports,1.28,240.1,83.8,150.0,2.0,1.6
645498,Evil Geniuses,0.91,188.07,68.27,122.6,1.87,2.6
645498,KRÜ Esports,1.08,208.8,74.67,134.07,2.6,1.87
645499,100 Thieves,1.08,207.33,73.0,134.67,2.07,2.07
645499,FURIA,0.93,195.6,65.2,129.07,2.07,2.07
645500,Cloud9,0.82,182.3,70.5,120.5,1.9,2.2
645500,G2 Esports,1.16,218.6,82.1,143.3,2.2,1.9
645501,ENVY,1.27,251.8,82.1,160.9,1.0,2.0
645501,MIBR,0.75,191.9,64.2,123.0,2.0,1.0
645502,LEVIATÁN,1.04,209.47,74.87,137.2,2.4,1.93
645502,LOUD,1.0,198.73,73.67,131.4,1.93,2.4
645503,NRG,1.0,195.33,72.87,126.8,2.6,2.13
645503,Sentinels,0.96,190.87,66.8,123.33,2.13,2.6
659474,Wuxi Titan Esports Club,0.9,190.9,66.2,132.2,1.7,2.5
659474,Xi Lai Gaming,1.13,215.0,75.3,143.5,2.5,1.7
659475,JD Mall JDG Esports,1.08,214.93,76.93,138.07,2.0,2.0
659475,TYLOO,0.93,191.8,69.27,125.47,2.0,2.0
659476,All Gamers,,222.6,,,,
659476,Trace Esports,,173.4,,,,
659477,Dragon Ranger Gaming,0.95,195.27,70.0,126.93,2.0,2.0
659477,EDward Gaming,1.09,211.4,75.0,132.87,2.0,2.0
659478,JD Mall JDG Esports,0.61,162.4,57.3,102.8,1.2,1.9
659478,Xi Lai Gaming,1.32,254.1,83.6,157.7,1.9,1.2
659479,All Gamers,0.89,180.4,65.5,114.9,1.6,2.3
659479,EDward Gaming,1.09,215.5,76.9,139.9,2.3,1.6
659480,EDward Gaming,1.12,213.2,76.8,145.9,2.7,1.6
659480,Xi Lai Gaming,0.9,182.7,66.1,115.7,1.6,2.7
659481,EDward Gaming,1.1,208.48,76.12,139.12,2.08,2.08
659481,Xi Lai Gaming,0.93,192.64,72.4,126.76,2.08,2.08
659482,TYLOO,1.04,209.87,75.33,137.27,2.8,1.67
659482,Wuxi Titan Esports Club,0.98,203.73,68.2,135.93,1.67,2.8
659483,Dragon Ranger Gaming,1.26,225.3,81.5,146.5,1.9,2.0
659483,Trace Esports,0.76,179.5,59.1,122.2,2.0,1.9
659484,All Gamers,1.1,219.47,78.6,135.13,2.13,2.07
659484,TYLOO,0.9,190.2,65.8,129.67,2.07,2.13
659485,Dragon Ranger Gaming,1.25,231.6,86.8,150.6,2.7,1.2
659485,JD Mall JDG Esports,0.78,177.7,61.8,117.9,1.2,2.7
659486,All Gamers,0.92,189.8,69.93,123.4,2.07,2.0
659486,Dragon Ranger Gaming,1.1,210.0,73.73,136.47,2.0,2.07
659487,Dragon Ranger Gaming,0.92,190.45,66.7,123.7,1.75,2.3
659487,Xi Lai Gaming,1.1,214.4,76.75,141.1,2.3,1.75
660369,FURIA,0.78,164.8,61.47,109.0,1.47,2.07
660369,LEVIATÁN,1.23,222.47,79.8,142.8,2.07,1.47
660370,100 Thieves,0.71,169.2,60.5,109.0,1.5,2.2
660370,G2 Esports,1.3,236.9,82.7,157.1,2.2,1.5
660371,LEVIATÁN,1.02,196.07,76.8,131.2,1.93,2.07
660371,MIBR,0.99,185.33,70.07,123.53,2.07,1.93
660372,G2 Esports,1.14,212.5,77.9,144.4,2.4,2.0
660372,KRÜ Esports,0.88,189.1,70.9,122.5,2.0,2.4
660373,G2 Esports,0.89,179.93,64.67,121.33,1.53,2.47
660373,LEVIATÁN,1.11,208.87,78.6,136.93,2.47,1.53
660374,G2 Esports,0.97,192.4,70.4,128.0,1.92,2.84
660374,LEVIATÁN,1.04,205.92,74.92,135.92,2.84,1.92
660375,FURIA,0.78,170.8,61.3,116.8,1.9,1.9
660375,NRG,1.26,221.5,81.2,142.5,1.9,1.9
660376,100 Thieves,1.33,225.8,78.2,147.4,2.1,1.4
660376,LOUD,0.67,146.3,54.2,93.5,1.4,2.1
660377,KRÜ Esports,0.77,168.9,66.4,114.0,1.6,2.2
660377,NRG,1.25,210.9,77.4,135.6,2.2,1.6
660378,100 Thieves,1.14,207.6,75.8,136.3,2.3,2.2
660378,MIBR,0.86,185.7,63.1,126.0,2.1,2.2
660379,100 Thieves,0.86,176.9,64.0,116.6,1.9,2.7
660379,NRG,1.12,208.1,75.2,134.2,2.7,1.9
660380,G2 Esports,1.01,204.44,72.88,134.44,2.2,2.04
660380,NRG,1.0,196.0,73.0,130.24,2.04,2.2
660381,Eternal Fire,1.04,203.27,71.73,132.73,1.93,2.0
660381,Team Heretics,0.99,202.07,76.27,132.6,2.0,1.93
660382,Team Liquid,0.82,180.07,64.27,119.73,1.93,2.27
660382,Team Vitality,1.16,215.27,77.6,142.73,2.27,1.93
660383,Eternal Fire,1.0,201.0,71.87,131.6,1.6,2.33
660383,FUT Esports,1.03,207.0,76.67,129.27,2.33,1.6
660384,FNATIC,0.84,181.2,61.8,121.1,2.3,2.2
660384,Team Vitality,1.18,219.3,77.4,146.7,2.2,2.3
660385,FUT Esports,1.0,198.73,73.4,130.13,2.6,2.67
660385,Team Vitality,1.02,200.67,69.13,135.33,2.67,2.6
660386,Team Heretics,0.96,192.52,70.0,125.48,2.36,2.56
660386,Team Vitality,1.04,203.8,71.72,135.4,2.56,2.36
660387,BBL Esports,0.88,183.3,68.6,122.1,1.6,2.7
660387,Team Heretics,1.14,211.0,75.5,134.6,2.7,1.6
660388,Gentle Mates,1.09,212.27,69.13,135.2,1.73,1.93
660388,Team Liquid,0.9,184.4,63.67,120.4,1.93,1.73
660389,FNATIC,0.9,184.73,66.33,120.73,1.93,2.47
660389,Team Heretics,1.09,199.2,75.47,131.6,2.47,1.93
660390,Eternal Fire,1.2,225.4,81.5,154.1,1.9,2.1
660390,Gentle Mates,0.86,188.4,68.8,128.3,2.1,1.9
660391,Eternal Fire,0.94,194.47,69.73,130.27,2.47,2.2
660391,Team Heretics,1.07,205.13,76.2,134.73,2.2,2.47
660392,FUT Esports,0.8,178.45,61.85,119.65,1.65,2.25
660392,Team Heretics,1.22,228.25,80.15,145.95,2.25,1.65
666488,Global Esports,0.98,200.3,67.7,135.5,2.3,2.4
666488,Rex Regum Qeon,1.0,202.7,71.8,136.7,2.4,2.3
666489,FULL SENSE,1.12,210.5,74.4,127.4,2.1,2.1
666489,KIWOOM DRX,0.86,181.5,63.5,124.9,2.1,2.1
666490,Global Esports,1.04,202.6,69.53,132.93,1.6,2.33
666490,Paper Rex,0.96,193.0,66.27,127.53,2.33,1.6
666491,FULL SENSE,1.1,212.2,79.4,133.9,2.2,2.1
666491,T1,0.86,181.6,66.0,120.0,2.1,2.2
666492,FULL SENSE,1.16,216.9,78.0,140.8,2.2,2.2
666492,Global Esports,0.82,175.3,62.9,122.7,2.3,2.3
666493,FULL SENSE,0.9,192.8,68.87,129.6,2.13,2.4
666493,Paper Rex,1.12,217.47,77.87,149.67,2.4,2.13
666494,DetonatioN FocusMe,0.87,182.87,66.0,116.53,2.13,2.33
666494,Rex Regum Qeon,1.08,208.67,77.47,134.8,2.33,2.13
666495,KIWOOM DRX,1.15,209.6,80.47,137.2,2.33,2.0
666495,Nongshim RedForce,0.86,180.0,67.07,117.07,2.0,2.33
666496,Rex Regum Qeon,0.9,176.8,65.8,119.13,1.6,2.4
666496,T1,1.1,204.53,75.47,131.27,2.4,1.6
666497,KIWOOM DRX,0.82,175.0,62.93,116.53,1.4,2.13
666497,Paper Rex,1.14,211.27,74.4,138.27,2.13,1.4
666498,Paper Rex,1.11,207.2,71.93,139.47,2.6,1.8
666498,T1,0.89,179.8,64.53,117.67,1.8,2.6
666499,Global Esports,0.85,190.87,68.8,119.93,1.93,2.07
666499,Paper Rex,1.15,223.53,75.13,149.87,2.07,1.93
670464,G2 Esports,1.02,197.53,72.27,135.53,1.6,2.33
670464,Xi Lai Gaming,0.99,199.33,72.0,131.33,2.33,1.6
670465,EDward Gaming,1.01,204.2,73.27,133.27,1.87,2.2
670465,FUT Esports,1.0,195.53,72.93,130.8,2.2,1.87
670466,LEVIATÁN,0.8,176.4,67.3,118.8,2.0,1.7
670466,Paper Rex,1.25,226.2,82.9,150.5,1.7,2.0
670467,Team Heretics,0.79,176.8,59.9,114.4,1.5,2.4
670467,Team Vitality,1.19,216.0,74.4,142.7,2.4,1.5
670468,EDward Gaming,1.12,197.13,74.6,130.33,2.4,1.73
670468,Xi Lai Gaming,0.87,172.33,68.53,111.4,1.73,2.4
670469,Paper Rex,1.14,215.87,77.2,149.0,2.07,1.53
670469,Team Vitality,0.86,188.07,63.73,123.93,1.53,2.07
670470,EDward Gaming,0.87,187.13,59.93,126.93,2.13,2.73
670470,Paper Rex,1.17,221.93,80.73,147.93,2.73,2.13
670471,LEVIATÁN,0.99,200.4,72.92,131.08,1.8,2.16
670471,Paper Rex,1.02,196.84,71.2,132.84,2.16,1.8
670472,FUT Esports,1.08,212.6,70.1,140.7,2.3,2.4
670472,G2 Esports,0.94,201.4,72.9,132.3,2.4,2.3
670473,LEVIATÁN,1.21,216.07,77.33,138.4,2.4,1.53
670473,Team Heretics,0.79,164.33,61.0,109.47,1.53,2.4
670474,FUT Esports,0.66,165.2,58.0,110.9,1.4,2.2
670474,Team Vitality,1.32,238.7,88.5,154.6,2.1,1.3
670475,LEVIATÁN,1.36,235.8,82.2,158.4,2.3,1.3
670475,Xi Lai Gaming,0.66,151.3,61.1,99.5,1.3,2.3
670476,LEVIATÁN,1.25,221.5,81.5,142.0,2.4,1.0
670476,Team Vitality,0.7,165.6,58.9,106.6,1.0,2.4
670477,EDward Gaming,0.79,176.2,67.53,117.0,1.73,2.53
670477,LEVIATÁN,1.22,223.27,79.67,145.73,2.53,1.73
684610,Dragon Ranger Gaming,0.72,160.7,52.7,107.8,1.0,2.4
684610,Team Vitality,1.25,226.5,77.6,148.5,2.4,1.0
684611,FULL SENSE,0.65,151.1,51.5,98.8,0.9,2.7
684611,FUT Esports,1.33,229.9,81.3,150.0,2.7,0.9
684612,Global Esports,0.91,182.8,69.33,120.33,1.87,2.33
684612,LEVIATÁN,1.06,195.4,70.0,128.8,2.33,1.87
684613,NRG,1.1,215.3,73.8,143.2,2.1,2.1
684613,Xi Lai Gaming,0.88,183.7,70.7,119.0,2.1,2.1
684614,FUT Esports,1.01,201.2,74.47,130.87,2.4,1.87
684614,Team Vitality,0.99,203.0,72.33,134.0,1.87,2.4
684615,LEVIATÁN,1.07,200.93,72.93,133.47,2.13,1.8
684615,NRG,0.94,187.0,65.33,127.4,1.8,2.13
684616,Dragon Ranger Gaming,1.08,211.13,76.93,138.67,2.33,1.87
684616,Xi Lai Gaming,0.95,194.73,69.6,132.6,1.87,2.33
684617,FULL SENSE,0.98,194.93,72.2,128.13,2.27,2.0
684617,Global Esports,0.98,197.8,71.8,127.33,2.0,2.27
684618,Global Esports,0.94,198.13,69.87,128.0,2.2,2.33
684618,Xi Lai Gaming,1.04,198.73,69.27,133.13,2.33,2.2
684619,FUT Esports,1.01,195.2,69.47,130.6,2.2,2.73
684619,NRG,1.0,193.93,72.53,125.8,2.73,2.2
698884,Gen.G,1.04,213.8,74.0,139.9,2.4,2.6
698884,ZETA DIVISION,0.96,196.9,70.3,124.7,2.6,2.4
698885,Team Secret,0.94,195.53,72.6,133.6,2.27,2.13
698885,VARREL,1.07,205.27,71.13,136.0,2.07,2.2
698886,FULL SENSE,0.97,186.6,68.73,121.93,2.47,1.6
698886,Nongshim RedForce,1.04,194.93,69.6,125.07,1.6,2.47
698887,DetonatioN FocusMe,0.95,196.2,68.27,131.27,2.4,1.8
698887,KIWOOM DRX,1.06,204.27,74.87,132.6,1.8,2.4
698888,Global Esports,1.08,213.3,72.1,139.5,3.4,1.8
698888,Rex Regum Qeon,0.92,188.4,61.0,125.9,1.8,3.4
698889,Paper Rex,1.01,198.33,73.2,131.67,2.93,2.53
698889,T1,1.01,195.53,70.13,130.8,2.53,2.93
698890,Gen.G,1.12,205.4,77.73,135.6,2.33,1.73
698890,Nongshim RedForce,0.91,186.8,70.53,123.07,1.73,2.33
698891,KIWOOM DRX,0.84,190.1,64.3,125.9,1.3,2.4
698891,Team Secret,1.19,225.7,77.2,149.8,2.4,1.3
698892,FULL SENSE,0.68,153.2,56.3,105.4,1.7,1.9
698892,Global Esports,1.31,225.1,78.9,149.6,1.9,1.7
698893,T1,0.98,206.1,73.5,137.7,2.6,2.3
698893,VARREL,1.06,206.5,70.2,132.0,2.3,2.6
698894,Rex Regum Qeon,0.82,178.9,63.5,120.3,1.3,2.7
698894,ZETA DIVISION,1.16,219.7,78.6,140.8,2.7,1.3
698895,DetonatioN FocusMe,0.96,199.2,69.6,127.5,2.7,2.8
698895,Paper Rex,1.04,206.4,76.3,138.7,2.8,2.7
698897,Global Esports,0.94,189.2,62.93,125.2,2.13,1.8
698897,Nongshim RedForce,1.06,210.8,71.73,139.73,1.8,2.13
698898,T1,1.23,228.8,81.0,150.9,2.1,1.5
698898,Team Secret,0.76,165.8,56.7,112.5,1.5,2.1
698899,KIWOOM DRX,0.65,152.0,57.1,100.5,1.3,2.0
698899,Paper Rex,1.36,233.9,83.2,157.2,2.0,1.3
698901,Gen.G,0.99,197.67,71.73,130.33,2.2,1.93
698901,Rex Regum Qeon,1.02,207.13,74.8,134.67,1.93,2.2
698902,DetonatioN FocusMe,0.87,183.6,65.6,118.27,2.07,2.47
698902,VARREL,1.12,207.27,75.4,134.2,2.47,2.07
698903,FULL SENSE,1.0,211.2,71.13,140.13,2.6,2.27
698903,ZETA DIVISION,0.99,203.93,67.53,134.8,2.27,2.6
698904,Paper Rex,1.06,208.9,67.9,137.6,2.1,2.3
698904,Team Secret,0.9,184.9,67.9,117.8,2.3,2.1
698905,Gen.G,0.96,199.8,72.13,125.67,2.53,2.2
698905,Global Esports,1.01,205.4,73.07,135.53,2.2,2.53
698906,DetonatioN FocusMe,1.02,165.6,80.6,109.13,1.6,1.6
698906,T1,0.89,155.07,74.47,100.8,1.6,1.6
698907,FULL SENSE,1.02,208.8,74.33,135.27,2.07,1.93
698907,Rex Regum Qeon,0.95,198.4,64.73,130.6,1.93,2.07
698908,KIWOOM DRX,1.01,191.4,74.53,124.6,2.2,1.93
698908,VARREL,0.98,193.67,76.47,129.87,1.93,2.2
698909,Nongshim RedForce,,,,,,
698909,ZETA DIVISION,,,,,,
698910,DetonatioN FocusMe,,,,,,
698910,Team Secret,,,,,,
698911,FULL SENSE,,,,,,
698911,Gen.G,,,,,,
698912,KIWOOM DRX,,,,,,
698912,T1,,,,,,
698913,Global Esports,,,,,,
698913,ZETA DIVISION,,,,,,
698914,Paper Rex,,,,,,
698914,VARREL,,,,,,
698915,Nongshim RedForce,,,,,,
698915,Rex Regum Qeon,,,,,,
701025,Wolves Esports,1.12,217.1,79.4,143.9,2.8,1.3
701025,Wuxi Titan Esports Club,0.9,190.0,71.8,124.2,1.3,2.8
701026,Dragon Ranger Gaming,1.12,217.8,75.7,141.9,2.4,2.4
701026,Guangzhou Huadu Bilibili Gaming,0.91,181.0,67.1,117.2,2.4,2.4
701027,FunPlus Phoenix,1.18,224.7,77.3,148.1,2.0,1.8
701027,Trace Esports,0.83,178.0,66.7,112.0,1.8,2.0
701028,JD Mall JDG Esports,0.8,165.6,65.2,105.0,1.7,2.4
701028,TYLOO,1.2,214.0,77.6,137.6,2.4,1.7
701029,Dragon Ranger Gaming,1.09,211.73,76.07,138.33,2.73,2.0
701029,Wuxi Titan Esports Club,0.92,182.73,65.33,122.2,2.0,2.73
701030,Guangzhou Huadu Bilibili Gaming,1.0,203.53,72.33,128.27,2.4,1.4
701030,Wolves Esports,1.03,198.73,70.73,129.93,1.4,2.4
701031,FunPlus Phoenix,0.82,167.9,57.1,113.2,1.8,2.3
701031,Nova Esports,1.16,221.4,79.9,138.4,2.3,1.8
701032,TYLOO,1.38,239.1,86.0,153.6,2.1,1.3
701032,Trace Esports,0.6,139.3,54.9,91.5,1.3,2.1
701036,All Gamers,1.08,224.9,79.5,143.4,2.7,1.4
701036,Wolves Esports,0.92,188.0,69.0,124.4,1.4,2.7
701037,Wuxi Titan Esports Club,1.01,199.6,71.2,132.27,1.87,2.73
701037,Xi Lai Gaming,1.01,200.07,71.13,131.53,2.73,1.87
701038,FunPlus Phoenix,1.05,197.9,75.0,132.8,2.5,1.7
701038,JD Mall JDG Esports,0.89,172.3,65.6,114.5,1.7,2.5
701039,EDward Gaming,0.91,194.0,66.53,125.47,2.13,1.67
701039,TYLOO,1.11,218.13,73.67,141.13,1.67,2.13
701040,All Gamers,1.0,202.6,72.6,134.8,2.47,2.0
701040,Guangzhou Huadu Bilibili Gaming,1.02,204.0,71.33,133.33,2.0,2.47
701041,Dragon Ranger Gaming,0.84,179.8,66.7,118.9,1.9,2.3
701041,Xi Lai Gaming,1.19,224.0,79.9,149.2,2.3,1.9
701042,JD Mall JDG Esports,0.86,187.13,65.6,120.1,1.7,2.1
701042,Nova Esports,1.16,218.67,80.4,144.3,2.1,1.7
701043,FunPlus Phoenix,,181.73,,,,
701043,TYLOO,,184.53,,,,
701044,EDward Gaming,,229.8,,,,
701044,Trace Esports,,187.5,,,,
701045,Guangzhou Huadu Bilibili Gaming,,211.13,,,,
701045,Wuxi Titan Esports Club,,189.2,,,,
701046,All Gamers,,188.5,,,,
701046,Xi Lai Gaming,,216.5,,,,
701047,Nova Esports,,190.27,,,,
701047,Trace Esports,,201.27,,,,
701048,Dragon Ranger Gaming,,206.13,,,,
701048,Wolves Esports,,209.87,,,,
701049,EDward Gaming,,220.3,,,,
701049,JD Mall JDG Esports,,191.2,,,,
701050,All Gamers,,226.5,,,,
701050,Wuxi Titan Esports Club,,175.7,,,,
701051,Guangzhou Huadu Bilibili Gaming,,219.13,,,,
701051,Xi Lai Gaming,,190.07,,,,
701052,JD Mall JDG Esports,,217.8,64.4,142.5,1.7,2.7
701052,Trace Esports,,194.2,65.9,127.2,2.6,1.7
701053,EDward Gaming,,197.5,71.9,132.0,1.8,3.3
701053,Nova Esports,,207.2,73.3,135.3,3.3,1.8
701054,Wolves Esports,,203.4,71.27,133.07,1.73,2.27
701054,Xi Lai Gaming,,205.73,75.33,130.93,2.27,1.73
701055,All Gamers,,198.4,70.13,129.93,2.07,2.0
701055,Dragon Ranger Gaming,,212.07,76.33,136.33,2.0,2.07
701056,Nova Esports,,210.0,72.4,136.7,2.8,2.2
701056,TYLOO,,202.3,69.5,133.6,2.2,2.8
701057,EDward Gaming,,203.8,69.6,135.73,2.13,2.0
701057,FunPlus Phoenix,,190.33,66.6,124.6,2.0,2.13
701058,Trace Esports,,221.2,78.9,144.9,2.9,1.9
701058,Wuxi Titan Esports Club,,201.2,68.2,131.2,1.9,2.9
701059,All Gamers,,201.4,73.7,128.3,2.1,2.1
701059,EDward Gaming,,213.0,70.9,138.4,2.1,2.1
701060,Dragon Ranger Gaming,,,73.07,,3.0,2.13
701060,JD Mall JDG Esports,,,67.93,,2.13,3.0
701061,TYLOO,,,67.7,,2.8,1.9
701061,Xi Lai Gaming,,,73.7,,1.9,2.8
701062,FunPlus Phoenix,,212.2,73.7,136.1,2.6,2.1
701062,Wolves Esports,,189.5,67.9,124.1,2.1,2.6
701063,Guangzhou Huadu Bilibili Gaming,,,62.9,,2.1,2.0
701063,Nova Esports,,,74.2,,2.0,2.1
706349,FURIA,1.02,208.47,77.13,138.87,1.73,2.0
706349,LEVIATÁN,0.97,197.8,70.53,131.0,2.0,1.73
706350,Cloud9,0.89,178.67,71.8,118.53,2.6,2.2
706350,Sentinels,1.08,197.4,74.47,129.33,2.13,2.53
706351,ENVY,0.81,183.7,72.2,120.3,1.4,2.4
706351,Evil Geniuses,1.15,221.1,82.1,147.6,2.4,1.4
706352,KRÜ Esports,0.87,182.33,66.07,121.6,2.33,2.33
706352,LOUD,1.08,206.13,72.6,133.8,2.33,2.33
706353,100 Thieves,1.08,208.87,73.47,140.93,2.07,2.6
706353,G2 Esports,0.97,192.53,69.2,126.73,2.6,2.07
706354,MIBR,0.95,183.93,71.8,121.87,2.07,2.13
706354,NRG,1.09,207.47,76.47,142.47,2.13,2.07
706355,Evil Geniuses,0.7,161.5,58.0,108.8,1.5,2.1
706355,LEVIATÁN,1.28,226.2,83.3,143.3,2.1,1.5
706356,ENVY,0.64,157.1,60.1,101.1,1.5,1.8
706356,MIBR,1.39,243.4,82.9,158.2,1.8,1.5
706357,FURIA,0.84,171.3,62.5,112.9,1.8,2.8
706357,NRG,1.15,208.4,79.3,132.2,2.8,1.8
706358,100 Thieves,1.36,234.1,84.5,153.6,2.9,0.7
706358,KRÜ Esports,0.62,149.2,52.5,100.8,0.7,2.9
706359,Cloud9,0.7,165.2,56.1,107.4,1.2,2.1
706359,G2 Esports,1.3,223.6,82.5,147.9,2.1,1.2
706360,LOUD,0.82,170.4,65.8,117.3,1.4,2.5
706360,Sentinels,1.16,207.2,80.5,139.7,2.5,1.4
706361,ENVY,0.76,148.5,57.4,105.7,1.2,2.6
706361,LEVIATÁN,1.23,220.0,81.3,141.3,2.6,1.2
706362,FURIA,0.92,196.9,72.4,132.9,2.0,2.8
706362,MIBR,1.1,210.4,77.7,141.6,2.8,2.0
706364,G2 Esports,1.07,206.4,74.5,137.4,2.3,2.1
706364,KRÜ Esports,0.92,186.4,70.4,124.0,2.1,2.3
706365,100 Thieves,1.12,208.87,75.27,138.73,1.93,2.53
706365,Sentinels,0.89,185.07,64.73,126.13,2.53,1.93
706366,Cloud9,0.97,199.67,69.07,129.93,2.13,2.07
706366,LOUD,1.05,210.07,71.73,145.47,2.07,2.13
706367,Evil Geniuses,0.85,191.1,68.3,126.1,2.3,1.8
706367,MIBR,1.17,229.3,76.9,154.9,1.8,2.3
706368,ENVY,1.08,202.73,73.73,134.33,2.87,2.0
706368,FURIA,0.91,184.0,69.07,122.73,2.0,2.87
706369,LEVIATÁN,0.96,192.4,73.33,123.0,2.53,2.27
706369,NRG,1.02,186.27,71.67,123.47,2.27,2.53
706370,Cloud9,,,,,,
706370,KRÜ Esports,,,,,,
706371,G2 Esports,,,,,,
706371,Sentinels,,,,,,
706372,Evil Geniuses,,,,,,
706372,FURIA,,,,,,
706373,ENVY,,,,,,
706373,NRG,,,,,,
706374,100 Thieves,,,,,,
706374,Cloud9,,,,,,
706375,G2 Esports,,,,,,
706375,LOUD,,,,,,
706376,KRÜ Esports,,,,,,
706376,Sentinels,,,,,,
706377,LEVIATÁN,,,,,,
706377,MIBR,,,,,,
706378,Evil Geniuses,,,,,,
706378,NRG,,,,,,
706379,100 Thieves,,,,,,
706379,LOUD,,,,,,
712803,FUT Esports,0.88,192.1,65.3,132.1,1.8,2.3
712803,Natus Vincere,1.14,220.8,76.1,142.5,2.3,1.8
712804,Eternal Fire,1.3,235.5,80.0,157.6,2.4,1.0
712804,Team Liquid,0.7,164.2,61.1,110.2,1.0,2.4
712805,FNATIC,1.06,207.2,73.1,136.4,2.5,2.5
712805,GIANTX,0.92,193.2,66.6,127.2,2.5,2.5
712806,Gentle Mates,1.08,205.13,76.0,134.0,2.27,1.27
712806,PCIFIC Esports,0.9,185.67,67.13,121.2,1.27,2.27
712807,Eternal Fire,0.84,178.2,64.3,114.2,2.2,2.5
712807,Karmine Corp,1.1,209.0,71.4,136.4,2.5,2.2
712808,Natus Vincere,0.94,194.47,69.27,130.6,2.07,2.13
712808,Team Vitality,1.05,204.0,73.13,137.0,2.13,2.07
712809,FUT Esports,1.08,211.9,69.6,139.9,2.7,2.1
712809,Gentle Mates,0.92,192.2,65.2,128.1,2.1,2.7
712810,Team Heretics,1.03,209.7,75.1,139.1,2.1,2.8
712810,Team Liquid,1.06,216.7,73.9,149.6,2.8,2.1
712811,GIANTX,0.78,165.6,65.0,110.9,1.9,1.9
712811,Karmine Corp,1.18,210.5,80.0,143.1,1.9,1.9
712812,BBL Esports,0.99,196.7,70.1,132.5,2.3,2.5
712812,Team Vitality,1.03,205.4,70.8,135.1,2.5,2.3
712814,FUT Esports,1.07,204.87,76.4,137.67,2.6,1.53
712814,PCIFIC Esports,0.91,190.87,66.93,125.33,1.53,2.6
712815,FNATIC,0.93,192.33,66.0,126.2,2.33,3.07
712815,Karmine Corp,1.05,209.0,73.47,135.87,3.07,2.33
712816,Eternal Fire,0.7,161.6,58.1,106.5,1.4,2.2
712816,Team Heretics,1.32,230.8,84.0,154.7,2.2,1.4
712817,Gentle Mates,1.14,215.7,76.5,139.6,2.7,1.6
712817,Natus Vincere,0.86,182.2,58.6,122.6,1.6,2.7
712818,BBL Esports,1.0,195.47,73.0,124.93,2.87,1.4
712818,FUT Esports,0.99,195.0,69.53,128.2,1.4,2.87
712819,FNATIC,0.72,159.9,57.3,106.0,1.4,2.3
712819,Team Liquid,1.26,238.7,83.5,153.5,2.3,1.4
712820,PCIFIC Esports,0.79,177.5,59.4,124.6,1.3,2.6
712820,Team Vitality,1.23,228.0,81.1,150.4,2.6,1.3
712821,Eternal Fire,0.82,177.0,64.2,119.0,1.5,2.3
712821,GIANTX,1.2,233.3,82.1,150.1,2.3,1.5
712822,BBL Esports,1.1,208.8,72.0,139.8,2.6,1.53
712822,Natus Vincere,0.89,181.47,66.27,118.8,1.53,2.6
712823,Karmine Corp,1.32,240.2,82.1,151.8,2.3,0.9
712823,Team Heretics,0.66,158.9,59.6,106.3,0.9,2.3
712824,GIANTX,0.82,172.7,68.2,110.2,1.2,2.7
712824,Team Liquid,1.12,213.1,79.9,141.6,2.7,1.2
712825,Gentle Mates,0.93,187.87,69.67,126.27,2.07,2.8
712825,Team Vitality,1.08,208.4,75.93,142.27,2.73,2.0
712826,Natus Vincere,1.04,201.3,70.8,138.7,2.3,2.7
712826,PCIFIC Esports,0.97,193.5,72.2,128.8,2.7,2.3
712827,Eternal Fire,1.04,204.0,71.9,130.4,2.7,2.0
712827,FNATIC,0.92,194.3,66.6,128.3,2.0,2.7
712828,BBL Esports,1.09,192.93,74.93,128.53,2.27,1.6
712828,Gentle Mates,0.86,171.4,68.73,113.07,1.6,2.27
712829,GIANTX,0.84,169.3,63.5,112.3,2.2,2.0
712829,Team Heretics,1.14,198.3,78.8,132.2,2.0,2.2
712830,FUT Esports,0.87,184.4,66.6,124.8,2.13,2.13
712830,Team Vitality,1.12,214.0,78.4,141.47,2.13,2.13
712831,Karmine Corp,1.01,189.8,70.4,125.07,2.67,2.13
712831,Team Liquid,0.98,191.6,71.73,128.8,2.13,2.67
712832,BBL Esports,,,,,,
712832,PCIFIC Esports,,,,,,
712833,FNATIC,,,,,,
712833,Team Heretics,,,,,,
724619,A Team,,,,,,
724619,Trace Esports,,,,,,
724620,KeepBest Gaming,,,,,,
724620,Wuxi Titan Esports Club,,,,,,
724621,FunPlus Phoenix,,,,,,
724621,JD Mall JDG Esports,,,,,,
724622,Dragon Ranger Gaming,,,,,,
724622,Wolves Esports,,,,,,
724623,All Gamers,,,,,,
724623,TBD,,,,,,
724624,EDward Gaming,,,,,,
724624,TBD,,,,,,
724625,TBD,,,,,,
724626,TBD,,,,,,
724627,TBD,,,,,,
724628,TBD,,,,,,
724629,TBD,,,,,,
724630,TBD,,,,,,
724631,TBD,,,,,,
724632,TBD,,,,,,
724633,TBD,,,,,,
724634,TBD,,,,,,
724638,TBD,,,,,,
724639,TBD,,,,,,
724640,TBD,,,,,,
724641,TBD,,,,,,
724642,TBD,,,,,,
724643,TBD,,,,,,
724644,TBD,,,,,,
724645,TBD,,,,,,
724646,TBD,,,,,,
724647,TBD,,,,,,
724648,TBD,,,,,,
724649,TBD,,,,,,
724650,TBD,,,,,,
724651,TBD,,,,,,
