match_id,map_name,team,avg_rating,avg_acs,avg_kast,avg_adr,avg_fk,avg_fd
167348,Haven,KOI,0.84,166.6,72.0,107.2,1.6,2.8
167348,Haven,NRG,1.11,188.2,78.8,121.8,2.8,1.6
167348,Icebox,KOI,0.91,174.4,64.2,118.0,1.6,3.2
167348,Icebox,NRG,1.08,204.2,75.0,131.4,3.2,1.6
167349,Haven,DetonatioN FocusMe,0.63,154.4,61.2,102.8,1.4,2.0
167349,Haven,Giants Gaming,1.37,225.8,90.4,149.0,2.0,1.4
167349,Icebox,DetonatioN FocusMe,0.83,179.6,60.0,114.8,1.6,2.4
167349,Icebox,Giants Gaming,1.17,209.8,78.0,148.6,2.4,1.6
167350,Fracture,Gen.G,1.02,210.4,79.4,130.6,2.4,2.8
167350,Fracture,LOUD,1.05,211.0,76.2,143.6,2.8,2.4
167350,Pearl,Gen.G,0.99,191.0,67.2,119.6,2.4,2.0
167350,Pearl,LOUD,1.06,206.0,69.2,136.2,2.0,2.4
167351,Haven,FunPlus Phoenix,1.06,210.6,78.2,138.6,2.2,2.0
167351,Haven,Karmine Corp,0.92,193.2,67.6,118.6,2.0,2.2
167351,Lotus,FunPlus Phoenix,0.81,176.2,68.4,111.8,0.4,3.4
167351,Lotus,Karmine Corp,1.2,225.2,76.8,140.4,3.4,0.4
167351,Pearl,FunPlus Phoenix,0.82,168.4,66.0,106.2,1.0,2.8
167351,Pearl,Karmine Corp,1.16,215.6,79.0,136.6,2.8,1.0
167352,Ascent,BBL Esports,1.04,201.2,74.2,130.6,3.0,1.8
167352,Ascent,KIWOOM DRX,1.03,206.8,72.6,140.6,1.8,3.0
167352,Haven,BBL Esports,0.81,165.8,64.0,106.8,0.8,3.2
167352,Haven,KIWOOM DRX,1.2,216.4,79.0,144.8,3.2,0.8
167352,Pearl,BBL Esports,0.69,160.8,61.4,110.4,1.4,1.8
167352,Pearl,KIWOOM DRX,1.31,237.6,92.8,142.8,1.8,1.4
167353,Lotus,Cloud9,1.18,221.4,83.8,144.0,2.4,1.8
167353,Lotus,Paper Rex,0.86,184.0,74.2,124.2,1.8,2.4
167353,Pearl,Cloud9,1.32,241.4,89.2,153.6,2.0,1.4
167353,Pearl,Paper Rex,0.7,168.4,63.6,122.0,1.4,2.0
167354,Ascent,Evil Geniuses,1.22,240.4,82.8,153.2,2.6,1.6
167354,Ascent,Team Heretics,0.9,195.2,69.4,126.6,1.6,2.6
167354,Pearl,Evil Geniuses,1.04,202.6,77.4,127.6,2.0,2.2
167354,Pearl,Team Heretics,0.97,191.8,76.2,124.0,2.2,2.0
167355,Fracture,MIBR,1.06,205.0,67.6,132.4,2.6,2.2
167355,Fracture,TALON,0.98,211.0,68.6,135.8,2.2,2.6
167355,Haven,MIBR,0.98,211.4,74.2,137.6,2.0,2.2
167355,Haven,TALON,1.04,217.0,74.2,138.4,2.2,2.0
167356,Haven,Giants Gaming,0.67,165.8,67.0,113.8,1.6,1.2
167356,Haven,NRG,1.3,232.2,84.6,150.0,1.2,1.6
167356,Icebox,Giants Gaming,0.79,172.6,65.0,114.4,1.2,2.6
167356,Icebox,NRG,1.21,226.6,85.0,147.6,2.8,1.4
167356,Lotus,Giants Gaming,1.12,209.6,75.2,140.4,2.4,2.8
167356,Lotus,NRG,0.89,188.6,74.4,121.2,2.8,2.4
167357,Pearl,Karmine Corp,0.99,201.2,73.8,132.0,2.2,2.4
167357,Pearl,LOUD,1.05,204.8,74.8,139.2,2.4,2.2
167357,Split,Karmine Corp,0.93,191.0,66.6,124.2,1.4,2.8
167357,Split,LOUD,1.06,206.6,74.2,136.0,2.8,1.4
167358,Haven,Cloud9,0.88,178.2,61.0,119.2,1.8,2.2
167358,Haven,KIWOOM DRX,1.16,219.8,78.0,150.8,2.2,1.8
167358,Icebox,Cloud9,0.6,146.8,58.8,92.4,1.0,2.0
167358,Icebox,KIWOOM DRX,1.37,231.6,82.8,144.0,2.0,1.0
167358,Pearl,Cloud9,1.39,243.0,82.8,155.2,1.2,2.0
167358,Pearl,KIWOOM DRX,0.67,176.0,57.6,119.6,2.0,1.2
167359,Haven,Evil Geniuses,0.94,184.8,70.0,118.0,1.8,3.0
167359,Haven,TALON,1.12,214.4,80.8,142.0,3.0,1.8
167359,Split,Evil Geniuses,1.0,202.6,72.4,134.2,2.4,2.2
167359,Split,TALON,1.02,208.6,73.2,136.0,2.2,2.4
167360,Fracture,LOUD,1.05,209.2,73.2,137.8,2.8,4.0
167360,Fracture,NRG,1.0,208.6,74.8,137.2,4.0,2.8
167360,Pearl,LOUD,0.98,209.4,68.6,141.0,3.0,2.6
167360,Pearl,NRG,1.09,223.6,75.6,148.0,2.6,3.0
167360,Split,LOUD,1.31,236.4,83.8,155.4,1.4,1.8
167360,Split,NRG,0.7,174.2,64.0,113.2,1.8,1.4
167361,Ascent,KIWOOM DRX,1.24,224.6,75.8,145.6,2.0,1.8
167361,Ascent,TALON,0.81,180.6,65.2,122.2,1.8,2.0
167361,Fracture,KIWOOM DRX,0.94,195.2,72.2,122.2,1.6,3.0
167361,Fracture,TALON,1.1,208.2,72.4,141.2,3.0,1.6
167361,Icebox,KIWOOM DRX,1.13,216.2,80.8,138.4,2.2,2.4
167361,Icebox,TALON,0.86,172.8,67.8,119.2,2.4,2.2
167362,Fracture,Team Liquid,0.8,186.0,61.0,112.4,1.2,2.8
167362,Fracture,Team Secret,1.22,219.4,82.0,133.4,2.8,1.2
167362,Icebox,Team Liquid,0.97,211.6,73.2,135.2,2.4,1.8
167362,Icebox,Team Secret,1.07,210.2,77.0,138.6,1.8,2.4
167363,Ascent,KRÜ Esports,0.65,139.0,59.0,94.8,1.6,2.0
167363,Ascent,Natus Vincere,1.38,226.2,85.4,150.6,2.0,1.6
167363,Lotus,KRÜ Esports,0.81,168.2,67.0,112.6,2.2,2.4
167363,Lotus,Natus Vincere,1.18,226.0,81.6,152.0,2.4,2.2
167364,Ascent,LEVIATÁN,1.31,228.0,85.6,143.2,2.6,0.8
167364,Ascent,ZETA DIVISION,0.61,142.2,56.6,94.4,0.8,2.6
167364,Pearl,LEVIATÁN,1.09,196.8,75.2,128.2,3.2,1.4
167364,Pearl,ZETA DIVISION,0.86,176.2,70.8,118.0,1.6,3.4
167365,Lotus,Global Esports,0.81,171.6,65.4,107.8,2.2,1.6
167365,Lotus,Team Vitality,1.16,207.6,73.6,137.0,1.6,2.2
167365,Pearl,Global Esports,1.04,206.0,74.6,132.4,2.4,2.0
167365,Pearl,Team Vitality,0.96,197.0,76.4,124.4,2.0,2.4
167365,Split,Global Esports,0.66,164.6,61.4,104.4,1.4,2.0
167365,Split,Team Vitality,1.35,247.0,83.2,156.2,2.0,1.4
167366,Lotus,FUT Esports,1.21,230.0,81.4,145.4,1.8,1.4
167366,Lotus,Rex Regum Qeon,0.83,183.6,65.0,121.2,1.4,1.8
167366,Pearl,FUT Esports,1.04,198.8,75.2,133.2,2.8,2.0
167366,Pearl,Rex Regum Qeon,0.94,195.0,74.4,129.8,2.0,2.8
167367,Icebox,100 Thieves,1.03,202.6,67.0,139.8,1.8,2.8
167367,Icebox,EDward Gaming,1.01,215.4,72.2,145.6,2.8,1.8
167367,Lotus,100 Thieves,0.96,184.4,62.8,123.4,1.6,2.8
167367,Lotus,EDward Gaming,1.04,207.6,74.6,132.2,2.8,1.6
167367,Pearl,100 Thieves,1.15,223.0,77.0,148.2,2.2,3.0
167367,Pearl,EDward Gaming,0.87,192.0,64.8,124.8,3.0,2.2
167368,Haven,FNATIC,1.28,230.6,81.8,142.6,2.6,1.2
167368,Haven,Sentinels,0.74,159.4,64.2,104.6,1.2,2.6
167368,Split,FNATIC,1.14,199.2,78.0,122.8,2.2,1.8
167368,Split,Sentinels,0.78,162.0,67.0,112.4,1.8,2.2
167369,Icebox,FURIA,,,,,,
167369,Icebox,T1,,,,,,
167369,Pearl,FURIA,1.22,223.6,78.0,143.0,2.6,1.4
167369,Pearl,T1,0.8,178.2,67.0,115.4,1.4,2.6
167370,Icebox,Natus Vincere,1.22,248.4,83.6,159.8,3.0,1.2
167370,Icebox,Team Secret,0.77,180.6,62.0,115.0,1.2,3.0
167370,Pearl,Natus Vincere,1.38,237.0,81.2,159.8,2.4,1.0
167370,Pearl,Team Secret,0.59,138.6,45.8,91.0,1.0,2.4
167371,Haven,LEVIATÁN,1.0,195.6,67.4,128.0,3.2,2.8
167371,Haven,Team Vitality,1.01,206.0,72.8,135.4,2.8,3.2
167371,Pearl,LEVIATÁN,1.33,252.6,80.0,163.4,2.0,1.2
167371,Pearl,Team Vitality,0.71,184.4,61.2,123.2,1.2,2.0
167372,Haven,100 Thieves,1.1,214.8,80.0,140.0,2.8,2.0
167372,Haven,FUT Esports,0.97,205.0,69.4,133.8,2.0,2.8
167372,Icebox,100 Thieves,1.21,232.2,84.8,152.6,2.6,1.6
167372,Icebox,FUT Esports,0.87,199.0,65.6,123.8,1.6,2.6
167372,Lotus,100 Thieves,1.0,201.8,69.2,133.0,2.0,2.4
167372,Lotus,FUT Esports,0.99,209.2,71.0,136.8,2.4,2.0
167373,Ascent,FNATIC,1.21,222.0,74.4,146.4,2.0,2.4
167373,Ascent,FURIA,0.81,175.4,63.8,111.6,2.4,2.0
167373,Haven,FNATIC,1.07,202.0,74.6,133.8,3.6,3.2
167373,Haven,FURIA,0.94,198.0,71.2,124.2,3.2,3.6
167374,Ascent,LEVIATÁN,0.89,183.2,68.2,123.2,2.4,2.2
167374,Ascent,Natus Vincere,1.11,208.0,71.4,127.6,2.2,2.4
167374,Fracture,LEVIATÁN,0.55,145.8,58.8,97.6,1.2,2.0
167374,Fracture,Natus Vincere,1.33,219.6,91.8,137.6,1.8,1.0
167375,Fracture,100 Thieves,0.48,142.0,52.8,92.0,0.8,2.0
167375,Fracture,FNATIC,1.49,252.6,94.4,161.6,2.0,0.8
167375,Icebox,100 Thieves,0.9,192.8,71.4,131.4,1.6,3.0
167375,Icebox,FNATIC,1.16,230.2,80.0,151.2,3.0,1.6
167391,Ascent,KIWOOM DRX,0.88,186.2,63.8,120.2,1.2,3.0
167391,Ascent,LOUD,1.16,201.0,81.0,139.8,3.0,1.2
167391,Fracture,KIWOOM DRX,1.14,212.2,78.0,136.2,2.4,1.6
167391,Fracture,LOUD,0.86,184.0,66.0,119.8,1.6,2.4
167391,Icebox,KIWOOM DRX,0.79,189.2,61.8,120.8,2.6,1.6
167391,Icebox,LOUD,1.18,226.8,78.0,147.0,1.6,2.6
167391,Pearl,KIWOOM DRX,0.74,171.2,63.2,115.6,1.4,2.2
167391,Pearl,LOUD,1.24,221.2,75.4,134.4,2.2,1.4
167391,Split,KIWOOM DRX,1.13,218.2,78.0,139.0,1.2,2.8
167391,Split,LOUD,0.93,193.2,72.0,125.8,2.8,1.2
167392,Fracture,FNATIC,1.08,194.4,73.4,128.8,2.2,2.6
167392,Fracture,Natus Vincere,0.91,175.8,69.4,123.4,2.6,2.2
167392,Haven,FNATIC,1.06,202.4,74.4,127.8,2.0,2.8
167392,Haven,Natus Vincere,0.95,178.4,72.6,117.6,2.8,2.0
167392,Lotus,FNATIC,1.27,227.6,82.2,151.2,1.6,1.8
167392,Lotus,Natus Vincere,0.68,163.2,57.8,113.2,1.8,1.6
167393,Ascent,FNATIC,1.15,221.6,74.4,146.2,1.8,2.4
167393,Ascent,LOUD,0.89,187.2,72.4,123.2,2.4,1.8
167393,Fracture,FNATIC,1.13,227.8,81.0,146.8,2.4,1.6
167393,Fracture,LOUD,0.81,183.2,66.0,120.2,1.6,2.4
167393,Icebox,FNATIC,1.01,214.6,71.4,149.6,2.6,2.6
167393,Icebox,LOUD,1.04,209.6,67.0,136.2,2.6,2.6
167393,Lotus,FNATIC,0.94,184.4,70.4,121.0,1.8,2.4
167393,Lotus,LOUD,0.99,186.2,73.2,127.4,2.4,1.8
167393,Split,FNATIC,0.94,197.0,71.0,124.2,2.2,2.2
167393,Split,LOUD,1.06,199.6,72.8,132.8,2.2,2.2
173214,Icebox,FNATIC,1.3,238.0,86.4,153.4,2.0,1.2
173214,Icebox,Giants Gaming,0.7,182.0,62.8,123.8,1.2,2.0
173214,Split,FNATIC,1.07,191.4,77.6,121.8,2.6,2.2
173214,Split,Giants Gaming,0.93,175.6,68.6,115.0,2.2,2.6
173215,Ascent,KOI,1.15,202.4,68.0,130.4,2.2,1.8
173215,Ascent,Natus Vincere,0.87,181.2,74.0,120.6,1.8,2.2
173215,Lotus,KOI,1.12,218.2,78.2,151.2,4.2,3.4
173215,Lotus,Natus Vincere,0.97,194.2,69.2,138.8,3.4,4.2
173216,Lotus,FUT Esports,1.17,235.2,78.2,147.8,3.0,1.4
173216,Lotus,Team Heretics,0.84,198.8,64.6,133.0,1.4,3.0
173216,Pearl,FUT Esports,1.4,232.6,82.0,151.8,2.0,1.4
173216,Pearl,Team Heretics,0.62,146.8,56.6,97.8,1.4,2.0
173217,Fracture,Team Liquid,1.44,226.8,84.0,152.2,2.2,0.8
173217,Fracture,Team Vitality,0.55,145.6,46.6,97.6,0.8,2.2
173217,Haven,Team Liquid,0.79,156.2,61.0,100.4,1.6,2.2
173217,Haven,Team Vitality,1.16,188.2,76.8,121.6,2.2,1.6
173217,Lotus,Team Liquid,1.02,206.6,77.4,129.2,3.4,1.2
173217,Lotus,Team Vitality,1.0,198.8,67.2,127.6,1.2,3.4
173218,Icebox,Giants Gaming,1.11,219.6,77.0,144.2,3.4,3.0
173218,Icebox,Natus Vincere,0.88,200.0,71.2,130.6,3.0,3.4
173218,Pearl,Giants Gaming,0.79,172.2,59.0,113.8,1.8,2.2
173218,Pearl,Natus Vincere,1.18,212.6,80.0,136.2,2.2,1.8
173218,Split,Giants Gaming,1.04,202.4,77.2,133.0,2.8,2.8
173218,Split,Natus Vincere,0.95,193.6,70.4,131.0,2.8,2.8
173219,Icebox,BBL Esports,0.93,190.6,66.2,127.2,2.8,4.4
173219,Icebox,Karmine Corp,1.09,213.2,68.8,149.0,4.4,2.8
173219,Split,BBL Esports,0.75,167.8,67.6,114.0,1.6,3.4
173219,Split,Karmine Corp,1.22,220.4,86.8,144.6,3.2,1.4
173220,Ascent,FUT Esports,0.85,186.2,70.6,124.6,1.6,2.2
173220,Ascent,Team Liquid,1.23,233.0,80.8,148.4,2.2,1.6
173220,Lotus,FUT Esports,1.02,191.8,70.6,125.0,2.2,2.4
173220,Lotus,Team Liquid,0.97,205.8,75.8,134.0,2.4,2.2
173220,Split,FUT Esports,0.81,176.4,58.8,115.6,1.6,2.2
173220,Split,Team Liquid,1.26,235.2,83.0,147.6,2.2,1.6
173221,Fracture,KOI,0.93,194.8,73.4,128.4,2.2,3.4
173221,Fracture,Team Vitality,1.08,208.8,70.2,138.2,3.4,2.2
173221,Split,KOI,0.93,201.6,71.2,136.2,1.6,2.8
173221,Split,Team Vitality,1.04,208.6,82.6,133.6,2.8,1.6
173222,Ascent,BBL Esports,1.03,210.6,75.8,131.4,1.8,2.0
173222,Ascent,FNATIC,0.94,191.6,69.4,129.0,2.0,1.8
173222,Haven,BBL Esports,0.88,187.2,67.4,126.6,1.8,2.6
173222,Haven,FNATIC,1.15,218.2,82.6,144.8,2.6,1.8
173222,Split,BBL Esports,0.9,196.8,74.2,135.2,3.2,1.6
173222,Split,FNATIC,1.11,217.0,73.4,138.0,1.6,3.2
173223,Icebox,Karmine Corp,0.85,179.0,71.2,119.6,2.0,1.6
173223,Icebox,Team Heretics,1.05,214.2,82.0,141.2,1.6,2.0
173223,Split,Karmine Corp,0.71,156.0,53.2,100.0,1.2,1.8
173223,Split,Team Heretics,1.24,222.6,82.6,140.2,1.8,1.2
180279,Lotus,Team FRTTT,,,,,,
180279,Lotus,Team tarik,,,,,,
183774,Ascent,100 Thieves,0.84,177.4,63.0,118.2,3.0,2.2
183774,Ascent,Sentinels,1.19,209.6,75.4,134.2,2.2,3.0
183774,Fracture,100 Thieves,0.9,178.8,70.8,116.6,2.8,2.0
183774,Fracture,Sentinels,1.09,215.4,77.4,146.8,2.0,2.8
183774,Split,100 Thieves,1.04,200.0,71.6,128.8,3.4,1.8
183774,Split,Sentinels,1.02,218.8,70.6,147.8,1.8,3.4
183775,Ascent,FURIA,1.27,235.6,84.4,160.2,1.8,1.8
183775,Ascent,KRÜ Esports,0.79,186.8,64.6,121.0,1.8,1.8
183775,Split,FURIA,1.06,191.0,69.2,120.8,2.2,2.6
183775,Split,KRÜ Esports,0.96,194.2,72.6,126.8,2.6,2.2
183776,Haven,LOUD,1.04,200.2,78.6,131.6,2.0,2.8
183776,Haven,MIBR,0.96,189.2,70.2,129.2,2.8,2.0
183776,Lotus,LOUD,1.03,218.4,74.2,137.0,2.4,2.4
183776,Lotus,MIBR,1.07,210.8,71.0,138.2,2.4,2.4
183776,Split,LOUD,1.28,226.6,81.0,144.0,3.0,0.6
183776,Split,MIBR,0.72,152.4,54.4,99.2,0.6,3.0
183777,Fracture,Cloud9,1.03,217.4,73.6,143.4,2.6,1.8
183777,Fracture,Evil Geniuses,1.06,215.2,73.6,144.4,1.8,2.6
183777,Pearl,Cloud9,1.1,218.2,77.4,143.4,2.4,2.4
183777,Pearl,Evil Geniuses,1.0,206.4,69.2,139.6,2.4,2.4
183778,Lotus,LEVIATÁN,1.27,223.2,88.0,136.4,2.8,0.6
183778,Lotus,NRG,0.78,177.2,66.0,121.6,0.6,2.8
183778,Pearl,LEVIATÁN,1.06,182.4,68.4,122.2,2.2,2.4
183778,Pearl,NRG,0.92,185.2,74.2,126.4,2.6,2.4
183779,Ascent,Cloud9,0.82,179.4,62.8,118.6,2.0,2.2
183779,Ascent,LOUD,1.2,233.6,81.8,150.6,2.2,2.0
183779,Pearl,Cloud9,0.78,165.0,60.0,112.8,1.6,2.4
183779,Pearl,LOUD,1.23,228.0,75.0,161.0,2.4,1.6
183779,Split,Cloud9,1.2,227.6,79.0,138.6,2.8,1.2
183779,Split,LOUD,0.86,190.2,65.0,133.4,1.2,2.8
183780,Ascent,FURIA,1.09,207.6,75.8,131.4,2.0,2.6
183780,Ascent,LEVIATÁN,0.92,194.2,70.4,126.8,2.6,2.0
183780,Icebox,FURIA,1.21,202.4,83.4,133.0,2.2,1.4
183780,Icebox,LEVIATÁN,0.76,171.4,62.4,118.0,1.4,2.2
183780,Pearl,FURIA,0.86,186.6,75.0,122.0,2.2,2.6
183780,Pearl,LEVIATÁN,1.16,207.2,78.4,138.8,2.6,2.2
183781,Icebox,NRG,1.38,247.2,88.0,151.4,2.0,1.0
183781,Icebox,Sentinels,0.63,176.2,57.6,127.0,1.0,2.0
183781,Lotus,NRG,1.12,195.8,77.6,137.2,3.6,1.0
183781,Lotus,Sentinels,0.82,169.4,66.4,113.2,1.0,3.6
183782,Ascent,KRÜ Esports,1.06,206.0,72.0,133.4,1.8,2.6
183782,Ascent,MIBR,0.95,203.0,71.8,122.6,2.6,1.8
183782,Lotus,KRÜ Esports,0.95,194.8,71.8,127.8,2.0,2.8
183782,Lotus,MIBR,1.07,212.6,80.0,142.2,2.8,2.0
183782,Pearl,KRÜ Esports,0.92,189.6,61.8,124.0,2.8,2.4
183782,Pearl,MIBR,1.08,213.4,70.6,134.6,2.4,2.8
183783,Haven,100 Thieves,1.23,225.8,74.6,146.2,2.6,1.8
183783,Haven,Evil Geniuses,0.77,169.8,66.4,112.4,1.8,2.6
183783,Icebox,100 Thieves,1.26,221.8,81.0,147.4,1.6,2.0
183783,Icebox,Evil Geniuses,0.81,182.2,64.6,119.4,2.0,1.6
183785,Ascent,100 Thieves,1.06,217.4,73.2,141.0,1.6,3.6
183785,Ascent,Cloud9,0.98,201.8,73.2,142.8,3.6,1.6
183785,Lotus,100 Thieves,0.76,168.6,62.0,113.2,1.4,2.6
183785,Lotus,Cloud9,1.25,211.4,82.0,140.0,2.6,1.4
183786,Icebox,MIBR,1.1,208.6,75.8,138.0,3.0,1.6
183786,Icebox,NRG,0.88,189.2,68.8,120.6,1.6,3.0
183786,Pearl,MIBR,1.08,214.4,75.4,144.0,2.6,3.4
183786,Pearl,NRG,0.97,199.4,73.4,129.8,3.4,2.6
183786,Split,MIBR,1.07,208.4,71.2,138.4,2.0,4.0
183786,Split,NRG,0.92,209.4,76.4,132.0,4.0,2.0
183787,Ascent,LEVIATÁN,0.97,194.0,70.8,129.2,2.4,2.4
183787,Ascent,Sentinels,1.05,208.6,76.2,132.6,2.4,2.4
183787,Pearl,LEVIATÁN,1.22,218.0,76.2,137.6,2.6,0.8
183787,Pearl,Sentinels,0.79,175.2,57.8,117.4,0.8,2.6
183787,Split,LEVIATÁN,1.0,200.0,77.0,129.8,2.4,2.8
183787,Split,Sentinels,1.0,192.4,72.2,130.2,2.8,2.4
183788,Ascent,Evil Geniuses,1.03,203.2,71.8,135.0,2.4,2.4
183788,Ascent,KRÜ Esports,1.02,199.4,71.6,128.0,2.4,2.4
183788,Fracture,Evil Geniuses,1.25,223.6,89.0,142.4,2.6,1.4
183788,Fracture,KRÜ Esports,0.76,165.6,65.0,103.6,1.4,2.6
183788,Pearl,Evil Geniuses,1.01,197.2,72.6,131.8,1.6,3.2
183788,Pearl,KRÜ Esports,1.02,201.8,77.4,134.6,3.2,1.6
183789,Icebox,FURIA,0.78,164.6,56.6,112.4,0.8,2.6
183789,Icebox,LOUD,1.14,215.4,84.6,134.6,2.6,0.8
183789,Split,FURIA,0.88,188.0,65.4,121.4,2.0,2.4
183789,Split,LOUD,1.13,218.4,83.4,138.2,2.4,2.0
183791,Ascent,LOUD,1.21,216.2,82.8,132.6,2.2,2.0
183791,Ascent,Sentinels,0.79,171.4,57.2,115.2,2.0,2.2
183791,Haven,LOUD,0.97,192.4,75.8,123.2,2.6,2.2
183791,Haven,Sentinels,1.02,194.2,72.6,130.4,2.2,2.6
183791,Pearl,LOUD,0.81,179.6,64.0,114.2,1.8,2.0
183791,Pearl,Sentinels,1.21,222.0,74.6,141.2,2.0,1.8
183792,Icebox,LEVIATÁN,1.37,226.2,87.8,143.6,1.8,1.4
183792,Icebox,MIBR,0.6,148.8,53.8,105.2,1.4,1.8
183792,Pearl,LEVIATÁN,1.36,233.6,84.6,145.4,2.2,1.2
183792,Pearl,MIBR,0.67,153.2,68.2,106.4,1.2,2.2
183793,Ascent,100 Thieves,0.7,159.2,50.6,112.2,1.4,2.0
183793,Ascent,KRÜ Esports,1.33,240.0,86.8,153.8,2.0,1.4
183793,Fracture,100 Thieves,1.25,224.6,82.2,144.4,2.2,1.4
183793,Fracture,KRÜ Esports,0.77,171.8,62.2,114.2,1.4,2.2
183793,Split,100 Thieves,1.09,208.6,74.2,143.6,2.6,2.2
183793,Split,KRÜ Esports,1.03,213.8,80.0,142.2,2.2,2.6
183794,Ascent,Evil Geniuses,0.94,195.6,69.4,129.8,2.0,3.6
183794,Ascent,FURIA,1.09,209.8,77.0,139.0,3.6,2.0
183794,Fracture,Evil Geniuses,1.24,232.0,81.0,148.6,2.2,1.8
183794,Fracture,FURIA,0.76,178.8,61.0,121.8,1.8,2.2
183794,Haven,Evil Geniuses,0.8,173.8,61.2,113.4,1.6,3.0
183794,Haven,FURIA,1.17,222.4,71.4,141.8,3.0,1.6
183795,Ascent,Cloud9,1.22,226.2,76.0,149.0,1.6,2.4
183795,Ascent,NRG,0.81,175.8,66.0,114.6,2.4,1.6
183795,Haven,Cloud9,,,,,,
183795,Haven,NRG,,,,,,
183795,Pearl,Cloud9,1.11,206.8,84.4,135.0,2.4,2.0
183795,Pearl,NRG,0.84,189.0,76.2,129.0,2.0,2.4
183796,Fracture,MIBR,0.88,196.2,71.6,129.4,1.6,2.2
183796,Fracture,Sentinels,1.15,227.2,76.8,155.2,2.2,1.6
183796,Pearl,MIBR,0.93,192.2,66.8,127.0,1.6,2.0
183796,Pearl,Sentinels,1.07,210.4,82.2,131.8,2.0,1.6
183797,Haven,100 Thieves,1.07,198.8,81.0,132.8,2.6,2.2
183797,Haven,LEVIATÁN,0.94,166.8,67.6,109.6,2.2,2.6
183797,Icebox,100 Thieves,0.94,199.6,75.0,130.0,2.4,3.2
183797,Icebox,LEVIATÁN,1.08,208.4,72.0,134.2,3.2,2.4
183797,Lotus,100 Thieves,1.07,199.8,71.0,127.2,2.4,2.4
183797,Lotus,LEVIATÁN,0.93,196.4,76.6,133.0,2.4,2.4
183798,Haven,Evil Geniuses,0.84,186.8,63.6,118.6,0.8,3.8
183798,Haven,LOUD,1.15,221.4,87.0,143.0,3.8,0.8
183798,Pearl,Evil Geniuses,0.54,154.8,58.6,104.8,0.4,2.2
183798,Pearl,LOUD,1.46,252.8,97.0,163.8,2.2,0.4
183798,Split,Evil Geniuses,1.29,225.4,83.8,154.4,2.6,0.6
183798,Split,LOUD,0.74,190.8,69.0,126.2,0.6,2.6
183799,Ascent,Cloud9,1.17,201.4,79.0,132.0,2.6,1.6
183799,Ascent,FURIA,0.82,171.4,64.6,114.0,1.6,2.6
183799,Fracture,Cloud9,1.04,213.2,71.8,139.0,2.0,2.4
183799,Fracture,FURIA,0.99,218.4,79.2,143.8,2.4,2.0
183800,Ascent,KRÜ Esports,0.59,141.2,48.2,92.8,0.8,2.6
183800,Ascent,NRG,1.35,232.8,85.6,140.0,2.6,0.8
183800,Haven,KRÜ Esports,0.87,173.4,64.6,112.6,2.6,2.0
183800,Haven,NRG,1.12,211.4,74.8,137.2,2.0,2.6
183801,Bind,100 Thieves,0.86,197.8,75.0,131.0,1.0,3.0
183801,Bind,NRG,1.23,238.6,84.0,158.2,3.0,1.0
183801,Fracture,100 Thieves,0.74,171.0,66.2,114.8,1.8,1.4
183801,Fracture,NRG,1.24,217.2,78.8,142.6,1.4,1.8
183802,Pearl,FURIA,1.07,193.6,75.8,124.8,2.8,2.0
183802,Pearl,MIBR,0.93,181.8,67.0,121.8,2.0,2.8
183802,Split,FURIA,1.12,206.2,80.0,133.4,2.4,1.6
183802,Split,MIBR,0.86,168.2,69.0,110.0,1.6,2.4
183803,Fracture,Cloud9,1.3,227.4,82.0,143.8,1.8,2.0
183803,Fracture,Sentinels,0.69,158.0,57.8,108.6,2.0,1.8
183803,Lotus,Cloud9,1.2,224.8,81.0,146.4,2.2,1.2
183803,Lotus,Sentinels,0.83,179.2,60.2,115.6,1.2,2.2
183804,Ascent,Evil Geniuses,1.09,200.6,72.2,130.4,2.4,2.2
183804,Ascent,LEVIATÁN,0.95,187.4,66.8,126.6,2.2,2.4
183804,Pearl,Evil Geniuses,0.89,177.0,59.4,122.8,2.6,2.0
183804,Pearl,LEVIATÁN,1.11,211.6,77.6,137.2,2.0,2.6
183804,Split,Evil Geniuses,1.03,192.6,73.2,132.4,2.4,2.2
183804,Split,LEVIATÁN,1.01,200.4,75.0,133.4,2.2,2.4
183805,Ascent,KRÜ Esports,0.92,181.4,64.2,118.4,2.2,2.6
183805,Ascent,LOUD,1.13,207.4,76.0,138.6,2.6,2.2
183805,Pearl,KRÜ Esports,1.07,197.4,75.0,133.8,2.0,2.6
183805,Pearl,LOUD,0.93,186.6,68.8,124.0,2.6,2.0
183805,Split,KRÜ Esports,0.93,181.4,68.0,123.8,2.2,2.4
183805,Split,LOUD,1.07,206.4,74.2,133.4,2.4,2.2
183807,Fracture,Evil Geniuses,1.18,207.4,83.0,138.2,2.6,1.2
183807,Fracture,Sentinels,0.88,173.0,60.2,117.2,1.2,2.6
183807,Pearl,Evil Geniuses,1.25,220.0,74.6,141.2,1.8,1.8
183807,Pearl,Sentinels,0.78,176.4,62.4,118.2,1.8,1.8
183808,Lotus,Cloud9,1.33,228.2,82.2,143.0,2.2,1.2
183808,Lotus,MIBR,0.69,158.4,62.6,108.4,1.2,2.2
183808,Split,Cloud9,1.25,211.2,85.4,139.4,2.0,1.6
183808,Split,MIBR,0.73,160.6,61.2,111.2,1.6,2.0
183809,Ascent,100 Thieves,0.81,169.2,66.8,112.8,1.6,2.0
183809,Ascent,LOUD,1.2,218.0,75.4,135.8,2.0,1.6
183809,Split,100 Thieves,1.0,186.2,73.8,126.4,3.2,2.4
183809,Split,LOUD,1.02,198.2,72.2,130.4,2.4,3.2
183810,Haven,KRÜ Esports,0.58,134.2,61.4,85.6,1.0,2.4
183810,Haven,LEVIATÁN,1.4,228.0,88.0,148.2,2.4,1.0
183810,Split,KRÜ Esports,0.73,167.0,55.4,113.2,1.0,2.4
183810,Split,LEVIATÁN,1.32,238.2,78.6,150.0,2.4,1.0
183811,Bind,FURIA,0.93,197.0,71.0,126.6,2.8,2.0
183811,Bind,NRG,1.02,201.8,74.2,124.8,2.0,2.8
183811,Haven,FURIA,1.01,207.2,71.0,132.4,2.2,2.6
183811,Haven,NRG,0.99,197.4,71.0,125.8,2.6,2.2
183811,Pearl,FURIA,0.84,166.8,70.6,112.4,1.4,2.2
183811,Pearl,NRG,1.09,190.6,83.2,120.6,2.4,1.6
183812,Fracture,100 Thieves,1.19,205.4,82.0,131.0,2.8,1.2
183812,Fracture,FURIA,0.77,155.0,67.0,99.2,1.2,2.8
183812,Haven,100 Thieves,1.1,207.4,77.4,138.0,2.4,2.4
183812,Haven,FURIA,0.9,182.0,71.0,121.0,2.4,2.4
183812,Pearl,100 Thieves,0.97,185.6,66.2,120.6,2.6,2.0
183812,Pearl,FURIA,1.02,200.8,68.0,138.4,2.0,2.6
183813,Fracture,Evil Geniuses,1.32,227.4,80.2,149.2,2.4,1.4
183813,Fracture,MIBR,0.74,164.2,62.2,109.8,1.2,2.2
183813,Lotus,Evil Geniuses,1.54,255.8,88.0,172.6,2.2,0.8
183813,Lotus,MIBR,0.51,142.8,54.6,103.0,0.8,2.2
183814,Bind,KRÜ Esports,0.9,191.2,70.4,124.2,2.0,2.6
183814,Bind,Sentinels,1.13,221.0,81.0,148.6,2.6,2.0
183814,Lotus,KRÜ Esports,0.97,193.8,70.6,130.6,2.2,3.0
183814,Lotus,Sentinels,1.03,203.6,77.0,139.6,3.0,2.2
183815,Pearl,LOUD,0.84,187.2,68.0,120.2,2.0,2.4
183815,Pearl,NRG,1.13,220.0,86.2,147.0,2.4,2.0
183815,Split,LOUD,0.79,175.4,63.4,117.0,1.0,2.6
183815,Split,NRG,1.19,213.8,79.8,139.6,2.6,1.0
183816,Haven,Cloud9,1.11,205.2,75.4,133.6,2.6,0.8
183816,Haven,LEVIATÁN,0.92,193.8,68.2,123.0,0.8,2.6
183816,Lotus,Cloud9,1.07,199.4,77.0,132.2,2.2,1.8
183816,Lotus,LEVIATÁN,0.94,186.2,72.0,120.0,1.8,2.2
183944,Haven,FUT Esports,1.12,199.0,79.4,131.2,2.4,2.2
183944,Haven,Team Vitality,0.88,178.6,63.6,115.8,2.2,2.4
183944,Lotus,FUT Esports,1.25,227.2,80.0,139.8,1.6,1.8
183944,Lotus,Team Vitality,0.78,185.2,66.2,126.2,1.8,1.6
183945,Ascent,BBL Esports,0.92,191.2,68.6,125.0,2.2,2.4
183945,Ascent,Natus Vincere,1.11,203.8,75.8,135.8,2.4,2.2
183945,Fracture,BBL Esports,0.85,176.8,61.0,117.2,2.0,2.2
183945,Fracture,Natus Vincere,1.12,208.6,77.0,131.4,2.2,2.0
183946,Ascent,FNATIC,1.17,225.0,87.2,152.0,2.8,1.0
183946,Ascent,Team Heretics,0.86,171.6,62.0,112.0,1.0,2.8
183946,Icebox,FNATIC,1.44,236.8,91.6,149.8,2.6,0.6
183946,Icebox,Team Heretics,0.55,137.4,47.6,94.8,0.6,2.6
183947,Ascent,Karmine Corp,0.75,149.2,61.2,94.8,1.4,2.2
183947,Ascent,Team Liquid,1.2,201.8,75.4,129.4,2.2,1.4
183947,Split,Karmine Corp,0.48,117.0,49.4,76.0,1.2,1.8
183947,Split,Team Liquid,1.52,253.2,88.0,151.6,1.8,1.2
183948,Ascent,Giants Gaming,1.15,214.4,79.2,140.4,2.4,2.4
183948,Ascent,KOI,0.88,178.8,66.8,113.2,2.4,2.4
183948,Lotus,Giants Gaming,1.45,249.4,90.2,156.0,2.4,0.4
183948,Lotus,KOI,0.53,144.2,51.4,104.6,0.4,2.4
183949,Ascent,Natus Vincere,1.5,257.8,85.2,156.4,1.4,1.6
183949,Ascent,Team Heretics,0.54,139.2,48.0,88.6,1.6,1.4
183949,Lotus,Natus Vincere,0.96,205.8,73.6,136.4,2.6,1.8
183949,Lotus,Team Heretics,1.06,210.0,80.0,139.0,1.8,2.6
183949,Pearl,Natus Vincere,1.4,234.2,93.8,165.8,2.0,1.2
183949,Pearl,Team Heretics,0.63,148.4,53.8,102.4,1.2,2.0
183950,Ascent,FUT Esports,1.06,205.0,74.6,135.6,2.4,2.0
183950,Ascent,KOI,0.94,200.0,73.8,123.4,2.0,2.4
183950,Icebox,FUT Esports,,,,,,
183950,Icebox,KOI,,,,,,
183951,Haven,FNATIC,1.31,220.8,82.0,145.8,2.4,1.4
183951,Haven,Team Liquid,0.67,142.2,56.0,96.4,1.4,2.4
183951,Lotus,FNATIC,1.32,237.0,83.0,158.2,2.4,1.4
183951,Lotus,Team Liquid,0.67,165.8,58.0,105.6,1.4,2.4
183952,Icebox,BBL Esports,0.91,195.8,62.8,128.2,2.0,2.6
183952,Icebox,Giants Gaming,1.07,208.6,75.8,146.4,2.6,2.0
183952,Split,BBL Esports,0.61,150.2,58.8,103.4,0.8,2.4
183952,Split,Giants Gaming,1.41,239.8,86.4,163.6,2.4,0.8
183953,Ascent,Karmine Corp,0.59,143.4,51.8,95.8,0.8,2.2
183953,Ascent,Team Vitality,1.47,241.0,90.8,163.4,2.2,0.8
183953,Split,Karmine Corp,0.81,165.8,64.2,99.6,1.6,2.2
183953,Split,Team Vitality,1.13,191.6,72.6,120.2,2.2,1.6
184032,Bind,FURIA,1.0,194.6,69.0,129.2,3.6,3.6
184032,Bind,Sentinels,0.99,206.2,68.8,138.0,3.6,3.6
184032,Haven,FURIA,1.08,212.6,84.4,136.8,2.0,1.6
184032,Haven,Sentinels,0.88,174.2,77.8,116.2,1.6,2.0
184032,Split,FURIA,0.89,177.8,67.0,111.4,1.8,2.2
184032,Split,Sentinels,1.06,206.0,72.0,134.4,2.2,1.8
184033,Bind,Evil Geniuses,0.9,199.2,65.6,132.2,2.0,2.4
184033,Bind,NRG,1.12,212.8,71.8,142.4,2.4,2.0
184033,Split,Evil Geniuses,0.94,203.6,75.0,133.6,2.2,1.8
184033,Split,NRG,1.09,213.8,77.0,140.0,1.8,2.2
184034,Ascent,Cloud9,0.79,173.4,64.2,116.0,1.4,2.4
184034,Ascent,KRÜ Esports,1.24,221.0,83.2,140.2,2.4,1.4
184034,Lotus,Cloud9,1.05,209.8,71.6,136.4,2.2,3.4
184034,Lotus,KRÜ Esports,1.0,222.4,71.4,145.6,3.4,2.2
184034,Split,Cloud9,1.09,217.8,81.6,141.6,2.8,1.6
184034,Split,KRÜ Esports,0.91,190.6,71.8,129.4,1.6,2.8
184035,Ascent,LEVIATÁN,0.65,139.8,42.2,98.2,1.0,2.6
184035,Ascent,LOUD,1.4,225.0,84.4,154.4,2.6,1.0
184035,Haven,LEVIATÁN,0.85,164.8,68.0,113.0,1.8,2.2
184035,Haven,LOUD,1.09,190.8,84.0,129.4,2.2,1.8
184036,Fracture,100 Thieves,0.83,179.6,67.4,119.4,1.2,2.6
184036,Fracture,MIBR,1.19,221.0,79.0,138.8,2.6,1.2
184036,Lotus,100 Thieves,0.99,194.0,73.0,128.2,2.0,2.0
184036,Lotus,MIBR,1.05,212.8,75.0,138.4,2.0,2.0
184036,Pearl,100 Thieves,1.02,198.8,76.2,127.6,3.0,2.2
184036,Pearl,MIBR,0.96,184.4,70.0,124.2,2.2,3.0
184037,Fracture,Team Heretics,0.95,195.2,67.4,129.8,4.0,2.4
184037,Fracture,Team Liquid,1.05,199.2,65.8,129.4,2.4,4.0
184037,Split,Team Heretics,0.77,184.0,62.8,123.4,1.8,2.4
184037,Split,Team Liquid,1.2,233.4,81.0,145.8,2.4,1.8
184038,Ascent,FNATIC,1.19,199.0,78.0,133.0,2.8,1.6
184038,Ascent,KOI,0.81,150.8,60.8,96.0,1.6,2.8
184038,Lotus,FNATIC,1.32,234.4,84.6,158.4,2.6,0.8
184038,Lotus,KOI,0.71,153.0,56.4,100.6,0.8,2.6
184039,Icebox,FUT Esports,0.71,167.8,61.0,106.4,1.8,1.8
184039,Icebox,Giants Gaming,1.27,230.4,78.8,152.2,1.8,1.8
184039,Split,FUT Esports,0.92,203.8,62.8,136.8,2.2,2.6
184039,Split,Giants Gaming,1.12,225.4,70.0,150.0,2.6,2.2
184040,Ascent,Karmine Corp,0.96,196.0,71.0,131.2,2.6,2.2
184040,Ascent,Natus Vincere,1.02,195.2,75.8,126.0,2.2,2.6
184040,Lotus,Karmine Corp,0.71,149.4,69.0,97.2,1.0,3.0
184040,Lotus,Natus Vincere,1.26,203.2,83.0,135.6,3.0,1.0
184041,Ascent,BBL Esports,1.19,207.8,78.0,138.4,2.4,1.8
184041,Ascent,Team Vitality,0.79,173.8,60.2,111.2,1.8,2.4
184041,Haven,BBL Esports,1.11,212.8,75.4,138.4,3.2,1.4
184041,Haven,Team Vitality,0.89,178.6,65.6,121.6,1.2,3.0
184042,Ascent,Giants Gaming,1.02,197.4,71.0,124.6,2.0,2.8
184042,Ascent,Team Liquid,1.01,197.4,71.6,125.6,2.8,2.0
184042,Icebox,Giants Gaming,0.8,168.4,58.6,113.6,1.6,3.2
184042,Icebox,Team Liquid,1.2,216.8,76.6,141.4,3.2,1.6
184042,Lotus,Giants Gaming,0.91,189.6,74.0,121.8,2.4,2.2
184042,Lotus,Team Liquid,1.08,210.2,70.6,136.2,2.2,2.4
184043,Haven,BBL Esports,1.07,215.0,80.8,143.4,3.2,2.2
184043,Haven,Team Heretics,0.88,175.4,68.4,113.2,2.0,3.0
184043,Icebox,BBL Esports,1.4,242.4,90.6,154.8,1.6,1.4
184043,Icebox,Team Heretics,0.61,164.0,58.6,101.6,1.4,1.6
184043,Lotus,BBL Esports,1.0,196.4,75.6,131.4,2.8,1.8
184043,Lotus,Team Heretics,1.05,194.0,75.0,130.6,1.8,2.8
184044,Ascent,KOI,1.08,198.6,70.4,124.4,1.8,2.4
184044,Ascent,Karmine Corp,0.91,193.8,68.4,123.2,2.4,1.8
184044,Haven,KOI,0.91,185.8,78.4,122.8,2.0,2.8
184044,Haven,Karmine Corp,1.12,215.4,75.8,142.0,2.8,2.0
184044,Lotus,KOI,0.83,180.0,67.6,118.2,1.0,2.8
184044,Lotus,Karmine Corp,1.13,208.2,75.6,136.2,2.8,1.0
184045,Icebox,FNATIC,1.31,226.6,81.0,148.2,1.6,2.0
184045,Icebox,FUT Esports,0.69,171.4,66.8,112.8,2.0,1.6
184045,Lotus,FNATIC,1.27,223.6,82.4,141.8,2.6,1.0
184045,Lotus,FUT Esports,0.65,146.8,61.4,93.2,1.0,2.6
184046,Fracture,Natus Vincere,1.1,194.2,77.4,130.2,2.6,2.0
184046,Fracture,Team Vitality,0.89,169.4,60.8,112.2,2.0,2.6
184046,Split,Natus Vincere,1.11,207.8,67.0,141.0,2.2,2.4
184046,Split,Team Vitality,0.89,191.2,67.8,127.4,2.4,2.2
184047,Bind,FNATIC,1.11,214.8,79.8,140.0,2.4,1.8
184047,Bind,Team Vitality,0.92,192.6,71.4,121.6,1.8,2.4
184047,Haven,FNATIC,1.06,202.2,69.0,126.0,3.4,1.8
184047,Haven,Team Vitality,0.94,172.2,60.2,118.8,1.8,3.4
184048,Ascent,FUT Esports,1.27,228.8,89.8,149.8,3.2,0.4
184048,Ascent,Karmine Corp,0.75,172.8,68.8,112.8,0.4,3.2
184048,Haven,FUT Esports,1.12,210.8,70.4,132.2,1.2,3.0
184048,Haven,Karmine Corp,0.85,182.6,64.6,113.8,3.0,1.2
184049,Ascent,BBL Esports,1.41,241.8,91.6,153.6,2.2,1.2
184049,Ascent,KOI,0.59,156.2,54.2,98.8,1.2,2.2
184049,Bind,BBL Esports,1.24,206.6,81.0,128.0,2.4,1.2
184049,Bind,KOI,0.75,153.2,59.0,101.4,1.2,2.4
184049,Pearl,BBL Esports,0.71,166.6,61.4,112.2,0.6,2.6
184049,Pearl,KOI,1.29,229.0,89.0,146.8,2.6,0.6
184050,Bind,Natus Vincere,1.05,205.4,71.0,133.4,2.6,2.2
184050,Bind,Team Liquid,0.94,196.4,73.6,127.0,2.2,2.6
184050,Fracture,Natus Vincere,1.01,198.6,71.8,128.8,3.0,1.8
184050,Fracture,Team Liquid,0.99,200.2,69.4,129.4,1.8,3.0
184051,Lotus,Giants Gaming,0.99,207.4,73.4,142.4,3.8,2.2
184051,Lotus,Team Heretics,1.05,205.2,68.6,142.4,2.2,3.8
184051,Pearl,Giants Gaming,0.96,190.6,67.2,126.2,1.8,2.6
184051,Pearl,Team Heretics,1.08,206.6,76.4,138.8,2.6,1.8
184052,Ascent,Giants Gaming,1.12,210.6,80.8,143.2,2.6,2.0
184052,Ascent,Team Vitality,0.93,202.2,67.8,132.0,2.0,2.6
184052,Lotus,Giants Gaming,1.27,223.6,81.0,149.2,2.4,1.4
184052,Lotus,Team Vitality,0.74,174.4,63.0,120.8,1.4,2.4
184052,Split,Giants Gaming,1.02,205.8,73.4,132.0,1.4,3.2
184052,Split,Team Vitality,1.02,206.4,68.2,141.2,3.2,1.4
184053,Lotus,FUT Esports,0.96,197.0,70.8,123.6,2.2,2.2
184053,Lotus,Natus Vincere,1.05,220.2,79.0,145.4,2.2,2.2
184053,Pearl,FUT Esports,,,,,,
184053,Pearl,Natus Vincere,,,,,,
184054,Haven,FNATIC,1.45,230.8,94.6,136.4,2.2,0.8
184054,Haven,Karmine Corp,0.47,118.0,48.0,80.2,0.8,2.2
184054,Lotus,FNATIC,1.02,190.4,75.0,124.2,2.4,2.2
184054,Lotus,Karmine Corp,0.95,187.2,68.6,123.0,2.2,2.4
184055,Ascent,BBL Esports,1.14,209.8,70.0,145.0,2.2,1.8
184055,Ascent,Team Liquid,0.93,196.0,72.0,126.4,1.8,2.2
184055,Bind,BBL Esports,0.84,177.0,74.0,115.8,2.6,1.4
184055,Bind,Team Liquid,1.18,209.4,78.0,131.8,1.4,2.6
184055,Split,BBL Esports,,,,,,
184055,Split,Team Liquid,,,,,,
184056,Ascent,KOI,1.06,205.0,72.2,138.0,2.8,2.0
184056,Ascent,Team Heretics,0.95,191.4,68.6,123.6,2.0,2.8
184056,Fracture,KOI,1.17,218.2,82.0,138.8,2.6,1.4
184056,Fracture,Team Heretics,0.82,187.2,66.0,126.2,1.4,2.6
184056,Lotus,KOI,0.99,191.0,75.4,125.4,2.2,2.2
184056,Lotus,Team Heretics,1.0,196.0,73.6,123.8,2.2,2.2
184057,Lotus,FNATIC,1.09,217.6,77.2,145.6,2.0,2.4
184057,Lotus,Natus Vincere,0.89,198.0,74.4,130.4,2.4,2.0
184057,Split,FNATIC,1.2,217.2,75.4,141.8,2.0,2.2
184057,Split,Natus Vincere,0.81,165.2,58.8,109.0,2.2,2.0
184058,Haven,Team Heretics,0.87,180.6,70.4,116.4,2.8,1.8
184058,Haven,Team Vitality,1.15,205.2,79.2,136.6,1.8,2.8
184058,Lotus,Team Heretics,0.92,185.6,64.2,124.2,2.8,2.8
184058,Lotus,Team Vitality,1.1,218.0,74.4,147.2,2.8,2.8
184059,Ascent,Giants Gaming,1.19,220.4,76.6,147.0,1.6,2.0
184059,Ascent,Karmine Corp,0.8,168.0,61.0,104.8,2.0,1.6
184059,Lotus,Giants Gaming,1.0,186.8,69.2,125.4,2.0,4.0
184059,Lotus,Karmine Corp,0.96,187.4,74.8,124.2,4.0,2.0
184060,Fracture,KOI,0.77,173.6,66.0,108.0,1.0,3.0
184060,Fracture,Team Liquid,1.22,219.0,81.0,146.8,3.0,1.0
184060,Lotus,KOI,0.83,171.8,62.0,107.0,1.2,3.0
184060,Lotus,Team Liquid,1.18,227.2,79.0,148.2,3.0,1.2
184060,Split,KOI,1.06,206.6,71.6,135.0,2.8,2.0
184060,Split,Team Liquid,0.97,205.0,69.2,138.0,2.0,2.8
184061,Haven,BBL Esports,0.93,197.8,81.0,134.0,2.2,1.6
184061,Haven,FUT Esports,1.0,196.4,76.0,132.0,1.8,2.4
184061,Pearl,BBL Esports,0.76,180.2,67.8,117.2,1.6,2.0
184061,Pearl,FUT Esports,1.22,215.4,82.2,139.6,2.0,1.6
184456,Ascent,KIWOOM DRX,1.21,224.8,74.4,137.4,1.8,1.8
184456,Ascent,ZETA DIVISION,0.8,180.4,68.8,113.8,1.8,1.8
184456,Pearl,KIWOOM DRX,1.16,208.8,77.8,123.8,1.8,1.8
184456,Pearl,ZETA DIVISION,0.71,163.6,70.0,108.6,1.8,1.8
184457,Haven,Global Esports,1.18,219.6,88.0,136.2,2.4,1.0
184457,Haven,T1,0.77,167.2,63.6,104.6,1.0,2.4
184457,Lotus,Global Esports,0.73,164.6,66.0,108.4,1.6,2.4
184457,Lotus,T1,1.25,222.0,77.0,145.4,2.4,1.6
184457,Pearl,Global Esports,0.82,175.0,68.6,116.8,2.2,2.0
184457,Pearl,T1,1.21,225.8,83.8,143.6,2.0,2.2
184458,Lotus,DetonatioN FocusMe,1.13,223.2,75.8,146.6,2.6,2.2
184458,Lotus,Paper Rex,0.89,198.8,65.8,128.4,2.2,2.6
184458,Pearl,DetonatioN FocusMe,0.99,203.8,77.8,146.0,2.2,1.4
184458,Pearl,Paper Rex,1.06,221.4,70.2,149.2,1.4,2.2
184459,Ascent,TALON,0.88,185.6,66.8,125.8,1.6,2.0
184459,Ascent,Team Secret,1.2,224.2,74.4,144.4,2.0,1.6
184459,Fracture,TALON,0.72,170.4,61.4,108.6,1.4,1.8
184459,Fracture,Team Secret,1.25,230.8,82.4,147.4,1.8,1.4
184459,Icebox,TALON,1.14,232.8,80.0,150.0,2.4,1.8
184459,Icebox,Team Secret,0.91,200.6,70.4,133.4,1.8,2.4
184460,Fracture,Gen.G,1.14,225.4,76.4,143.2,1.8,2.6
184460,Fracture,Rex Regum Qeon,0.93,199.2,67.2,125.6,2.6,1.8
184460,Lotus,Gen.G,1.19,222.2,74.6,149.8,2.2,1.6
184460,Lotus,Rex Regum Qeon,0.88,182.8,71.6,108.4,1.6,2.2
184461,Ascent,Rex Regum Qeon,1.02,197.4,80.2,124.2,2.0,2.4
184461,Ascent,ZETA DIVISION,0.96,196.2,75.8,125.6,2.6,2.2
184461,Haven,Rex Regum Qeon,1.05,206.0,72.2,136.0,1.6,3.0
184461,Haven,ZETA DIVISION,0.99,206.2,80.2,140.6,3.0,1.6
184461,Lotus,Rex Regum Qeon,0.81,172.6,60.0,106.4,1.6,2.0
184461,Lotus,ZETA DIVISION,1.21,223.0,81.0,149.6,2.0,1.6
184462,Ascent,T1,1.2,210.0,76.0,129.0,2.2,2.0
184462,Ascent,TALON,0.79,179.6,60.0,120.8,2.0,2.2
184462,Haven,T1,1.12,219.6,79.8,138.4,1.6,2.2
184462,Haven,TALON,0.85,201.4,65.2,133.4,2.2,1.6
184463,Fracture,Paper Rex,0.96,192.2,70.8,129.4,2.0,2.8
184463,Fracture,Team Secret,1.07,203.4,75.8,133.4,2.8,2.0
184463,Haven,Paper Rex,1.06,206.4,71.8,136.4,2.4,2.4
184463,Haven,Team Secret,0.96,193.8,77.6,125.4,2.4,2.4
184463,Split,Paper Rex,0.91,177.0,60.2,119.6,1.6,3.0
184463,Split,Team Secret,1.1,197.6,73.8,127.4,3.0,1.6
184465,Fracture,DetonatioN FocusMe,1.35,232.6,91.6,148.4,2.6,0.8
184465,Fracture,Gen.G,0.64,158.8,67.0,111.2,0.8,2.6
184465,Lotus,DetonatioN FocusMe,1.07,206.0,80.0,135.4,1.8,2.4
184465,Lotus,Gen.G,1.0,204.0,74.4,136.4,2.4,1.8
184465,Pearl,DetonatioN FocusMe,0.92,195.4,71.4,140.4,1.2,3.0
184465,Pearl,Gen.G,1.16,220.6,76.2,143.4,3.0,1.2
184466,Haven,Global Esports,1.08,196.4,76.8,118.6,2.6,2.0
184466,Haven,KIWOOM DRX,0.94,184.6,67.4,118.8,2.0,2.6
184466,Split,Global Esports,1.04,201.8,73.8,128.6,3.6,2.8
184466,Split,KIWOOM DRX,1.0,208.2,70.8,138.4,2.8,3.6
184467,Haven,DetonatioN FocusMe,0.66,159.2,61.4,105.2,1.6,1.8
184467,Haven,Rex Regum Qeon,1.36,237.6,82.0,155.2,1.8,1.6
184467,Pearl,DetonatioN FocusMe,0.72,179.2,74.0,119.6,1.4,2.6
184467,Pearl,Rex Regum Qeon,1.28,242.6,82.0,160.0,2.6,1.4
184468,Fracture,Paper Rex,1.27,217.0,83.0,138.8,2.6,1.2
184468,Fracture,T1,0.77,166.6,61.0,109.0,1.2,2.6
184468,Pearl,Paper Rex,1.27,235.2,77.6,152.0,2.2,1.0
184468,Pearl,T1,0.69,167.8,58.8,107.2,1.0,2.2
184469,Ascent,Global Esports,0.95,191.2,73.0,122.2,2.4,2.8
184469,Ascent,ZETA DIVISION,1.11,210.8,84.6,141.2,2.8,2.4
184469,Haven,Global Esports,0.86,182.2,78.0,116.0,2.0,2.2
184469,Haven,ZETA DIVISION,1.2,226.0,77.8,144.2,2.2,2.0
184469,Pearl,Global Esports,1.12,212.2,76.2,137.6,2.2,2.2
184469,Pearl,ZETA DIVISION,0.88,196.0,72.6,123.6,2.2,2.2
184470,Pearl,KIWOOM DRX,1.13,219.6,76.8,138.0,2.6,2.0
184470,Pearl,TALON,0.87,177.2,61.0,122.4,2.0,2.6
184470,Split,KIWOOM DRX,1.48,246.2,87.8,160.4,2.0,1.2
184470,Split,TALON,0.58,152.8,53.8,102.0,1.2,2.0
184471,Fracture,Gen.G,1.07,205.2,72.6,132.0,2.8,2.0
184471,Fracture,Team Secret,0.96,186.0,66.8,118.8,2.0,2.8
184471,Haven,Gen.G,1.04,218.2,74.2,131.4,2.0,2.2
184471,Haven,Team Secret,0.99,210.6,78.0,140.2,2.2,2.0
184472,Ascent,KIWOOM DRX,1.17,211.8,77.6,138.8,2.0,1.6
184472,Ascent,Paper Rex,0.87,187.8,64.8,119.4,1.6,2.0
184472,Split,KIWOOM DRX,1.07,200.6,75.6,130.8,2.2,2.4
184472,Split,Paper Rex,0.95,183.8,73.0,118.2,2.4,2.2
184473,Icebox,Rex Regum Qeon,1.08,212.8,72.4,143.6,2.6,2.0
184473,Icebox,Team Secret,0.96,190.6,63.6,127.8,2.0,2.6
184473,Split,Rex Regum Qeon,1.23,200.2,78.0,135.6,2.6,1.4
184473,Split,Team Secret,0.75,144.6,63.0,90.4,1.4,2.6
184474,Ascent,Gen.G,1.23,230.6,75.4,153.2,2.6,1.0
184474,Ascent,T1,0.84,193.6,56.6,132.6,1.0,2.6
184474,Haven,Gen.G,1.26,217.2,88.6,132.0,1.8,1.8
184474,Haven,T1,0.74,159.2,61.4,108.4,1.8,1.8
184475,Ascent,DetonatioN FocusMe,0.85,169.4,73.6,109.4,2.0,2.4
184475,Ascent,ZETA DIVISION,1.2,219.8,80.0,140.8,2.4,2.0
184475,Haven,DetonatioN FocusMe,0.71,151.6,67.6,95.4,1.0,2.6
184475,Haven,ZETA DIVISION,1.28,227.6,85.6,146.2,2.6,1.0
184476,Icebox,Global Esports,1.03,213.6,70.2,135.6,2.0,2.8
184476,Icebox,TALON,0.98,202.4,65.2,139.0,2.8,2.0
184476,Split,Global Esports,1.22,231.6,76.8,150.8,2.8,1.2
184476,Split,TALON,0.84,181.0,60.0,111.4,1.0,2.6
184477,Icebox,Global Esports,1.12,209.8,68.0,130.2,2.4,1.6
184477,Icebox,Paper Rex,0.9,191.8,63.0,126.6,1.6,2.4
184477,Pearl,Global Esports,0.91,202.8,71.0,130.0,1.6,2.4
184477,Pearl,Paper Rex,1.06,209.0,71.0,140.8,2.4,1.6
184477,Split,Global Esports,0.85,196.0,61.0,121.8,1.4,2.4
184477,Split,Paper Rex,1.15,237.0,72.6,154.6,2.4,1.4
184478,Fracture,Gen.G,1.11,203.0,79.0,132.2,2.8,1.8
184478,Fracture,KIWOOM DRX,0.92,179.2,68.0,119.4,1.8,2.8
184478,Haven,Gen.G,0.93,177.2,71.0,116.6,2.4,1.6
184478,Haven,KIWOOM DRX,1.03,188.0,62.0,121.2,1.6,2.4
184478,Pearl,Gen.G,0.88,181.2,70.4,119.8,1.6,1.8
184478,Pearl,KIWOOM DRX,1.15,215.4,82.2,135.4,1.8,1.6
184479,Fracture,Rex Regum Qeon,0.79,171.0,75.2,111.8,2.0,1.4
184479,Fracture,T1,1.23,228.2,78.8,149.8,1.4,2.0
184479,Haven,Rex Regum Qeon,0.85,183.6,71.8,120.2,2.2,2.2
184479,Haven,T1,1.13,204.8,79.0,128.8,2.2,2.2
184480,Ascent,DetonatioN FocusMe,0.98,187.2,70.2,130.8,1.8,3.0
184480,Ascent,Team Secret,1.1,209.4,76.6,138.4,3.0,1.8
184480,Haven,DetonatioN FocusMe,0.88,188.2,70.4,113.2,2.2,2.0
184480,Haven,Team Secret,1.11,205.4,72.2,136.2,2.0,2.2
184481,Ascent,TALON,1.01,205.8,77.4,136.6,3.4,2.6
184481,Ascent,ZETA DIVISION,1.03,204.0,78.0,132.0,2.6,3.4
184481,Haven,TALON,1.09,209.0,75.4,137.2,1.2,2.8
184481,Haven,ZETA DIVISION,0.9,207.0,72.4,136.6,3.0,1.4
184482,Fracture,DetonatioN FocusMe,0.85,182.4,70.6,113.8,1.8,2.8
184482,Fracture,T1,1.1,195.4,73.8,132.0,2.8,1.8
184482,Lotus,DetonatioN FocusMe,0.83,188.8,64.4,125.2,1.6,2.8
184482,Lotus,T1,1.11,208.8,77.4,132.6,2.8,1.6
184482,Split,DetonatioN FocusMe,1.1,214.6,77.2,139.0,2.2,2.4
184482,Split,T1,0.88,188.8,68.2,129.8,2.2,2.0
184483,Fracture,Team Secret,0.88,169.4,66.6,117.0,2.0,2.6
184483,Fracture,ZETA DIVISION,1.11,201.4,77.2,132.8,2.4,1.8
184483,Lotus,Team Secret,1.14,217.8,77.4,141.8,2.6,2.0
184483,Lotus,ZETA DIVISION,0.87,184.8,64.4,115.6,2.0,2.6
184483,Split,Team Secret,0.89,198.0,67.4,127.4,1.6,2.8
184483,Split,ZETA DIVISION,1.12,221.2,73.8,139.8,2.8,1.6
184484,Lotus,Gen.G,0.94,194.4,72.2,130.4,1.6,2.6
184484,Lotus,Global Esports,1.16,223.6,81.8,143.6,2.6,1.6
184484,Pearl,Gen.G,0.84,180.0,66.4,112.4,1.4,2.8
184484,Pearl,Global Esports,1.17,216.0,75.0,140.6,2.8,1.4
184485,Haven,KIWOOM DRX,0.84,191.2,66.6,114.6,2.6,1.6
184485,Haven,Rex Regum Qeon,1.19,219.2,72.6,143.4,1.6,2.6
184485,Pearl,KIWOOM DRX,1.54,239.6,90.8,152.2,2.0,1.0
184485,Pearl,Rex Regum Qeon,0.48,134.8,46.8,86.4,1.0,2.0
184485,Split,KIWOOM DRX,1.1,202.8,77.6,130.8,2.6,2.2
184485,Split,Rex Regum Qeon,0.88,165.0,61.8,106.0,2.0,2.4
184486,Fracture,Paper Rex,1.11,215.8,73.2,139.2,3.4,1.2
184486,Fracture,TALON,0.96,190.8,69.6,127.4,1.2,3.4
184486,Pearl,Paper Rex,1.09,198.8,75.0,130.8,2.4,2.4
184486,Pearl,TALON,0.93,187.2,65.8,133.4,2.4,2.4
184486,Split,Paper Rex,1.27,239.2,86.8,152.6,2.0,1.4
184486,Split,TALON,0.8,176.8,62.4,117.0,1.4,2.0
184488,Fracture,Gen.G,0.88,183.8,64.6,121.6,1.6,2.6
184488,Fracture,TALON,1.14,217.6,78.0,148.8,2.6,1.6
184488,Lotus,Gen.G,0.95,196.0,71.0,124.8,1.6,2.4
184488,Lotus,TALON,1.09,218.8,73.0,144.6,2.4,1.6
184489,Ascent,Paper Rex,1.14,201.6,83.6,125.8,2.6,1.8
184489,Ascent,ZETA DIVISION,0.87,172.2,71.2,110.6,1.8,2.6
184489,Split,Paper Rex,1.16,214.8,82.2,132.2,2.8,1.0
184489,Split,ZETA DIVISION,0.81,172.6,64.0,112.2,1.0,2.8
184490,Fracture,Global Esports,0.89,191.8,70.6,126.8,2.0,2.6
184490,Fracture,Rex Regum Qeon,1.1,213.2,81.0,133.6,2.6,2.0
184490,Pearl,Global Esports,0.93,203.2,66.8,131.8,1.8,3.0
184490,Pearl,Rex Regum Qeon,1.09,215.2,78.2,141.2,3.0,1.8
184491,Bind,T1,1.23,223.8,86.6,149.6,2.4,1.8
184491,Bind,Team Secret,0.74,159.8,63.8,107.6,1.8,2.4
184491,Lotus,T1,1.31,224.6,83.2,143.4,2.6,0.8
184491,Lotus,Team Secret,0.7,159.6,56.4,108.4,0.8,2.6
184492,Ascent,DetonatioN FocusMe,0.68,157.4,56.6,108.0,1.6,1.8
184492,Ascent,KIWOOM DRX,1.29,220.4,82.0,133.0,1.8,1.6
184492,Fracture,DetonatioN FocusMe,0.99,197.4,70.4,125.0,2.8,1.4
184492,Fracture,KIWOOM DRX,1.03,205.2,68.4,132.4,1.4,2.8
184493,Ascent,Gen.G,0.6,155.0,58.8,102.6,1.0,2.0
184493,Ascent,Paper Rex,1.4,231.0,84.0,141.6,2.0,1.0
184493,Split,Gen.G,0.86,168.8,67.0,111.8,1.6,2.4
184493,Split,Paper Rex,1.08,190.2,74.0,128.2,2.4,1.6
184494,Bind,T1,1.36,250.8,86.6,163.4,2.2,1.0
184494,Bind,ZETA DIVISION,0.58,168.0,48.8,104.8,1.0,2.2
184494,Fracture,T1,0.98,197.0,71.0,127.6,3.0,1.8
184494,Fracture,ZETA DIVISION,1.02,205.6,71.0,135.8,1.8,3.0
184494,Lotus,T1,1.01,202.6,74.0,126.0,3.0,1.6
184494,Lotus,ZETA DIVISION,0.96,195.4,63.6,126.4,1.6,3.0
184495,Ascent,KIWOOM DRX,1.05,201.2,68.4,130.8,2.2,2.6
184495,Ascent,Team Secret,1.02,196.6,71.0,126.6,2.6,2.2
184495,Haven,KIWOOM DRX,0.9,195.6,70.2,123.0,1.8,2.4
184495,Haven,Team Secret,1.11,220.0,79.0,141.2,2.4,1.8
184496,Lotus,DetonatioN FocusMe,0.77,156.2,60.0,104.4,1.8,2.2
184496,Lotus,Global Esports,1.19,196.2,74.0,124.6,2.2,1.8
184496,Pearl,DetonatioN FocusMe,0.81,172.6,67.2,115.4,1.8,2.0
184496,Pearl,Global Esports,1.17,202.6,78.6,129.2,2.0,1.8
184497,Ascent,Rex Regum Qeon,1.32,239.0,84.4,156.0,1.4,2.0
184497,Ascent,TALON,0.74,195.8,67.0,127.4,2.0,1.4
184497,Haven,Rex Regum Qeon,1.21,223.2,78.0,146.2,3.0,1.0
184497,Haven,TALON,0.78,182.0,61.0,118.6,1.0,3.0
184497,Split,Rex Regum Qeon,0.68,164.4,62.6,103.2,1.8,1.4
184497,Split,TALON,1.34,219.6,81.2,148.2,1.4,1.8
184498,Ascent,Gen.G,1.33,231.4,83.2,152.8,2.2,1.2
184498,Ascent,ZETA DIVISION,0.7,174.4,55.2,111.2,1.2,2.2
184498,Fracture,Gen.G,0.65,155.0,62.4,101.0,1.6,1.8
184498,Fracture,ZETA DIVISION,1.34,232.8,88.0,146.4,1.8,1.6
184498,Haven,Gen.G,0.85,180.6,63.8,119.0,1.6,2.6
184498,Haven,ZETA DIVISION,1.19,228.6,79.0,150.6,2.6,1.6
184499,Bind,KIWOOM DRX,0.97,190.4,68.6,123.6,2.6,2.0
184499,Bind,T1,0.95,194.2,70.6,124.4,2.0,2.6
184499,Pearl,KIWOOM DRX,1.03,188.4,70.8,122.6,2.0,2.4
184499,Pearl,T1,1.02,184.2,72.8,120.8,2.4,2.0
184500,Haven,Global Esports,0.88,181.0,61.0,120.0,1.8,2.6
184500,Haven,Team Secret,1.13,209.8,79.8,137.6,2.6,1.8
184500,Lotus,Global Esports,0.91,200.0,65.4,134.2,1.8,2.8
184500,Lotus,Team Secret,1.14,207.8,79.4,132.4,2.8,1.8
184501,Bind,DetonatioN FocusMe,0.7,174.2,62.4,110.2,1.8,1.6
184501,Bind,TALON,1.3,233.4,83.2,157.0,1.6,1.8
184501,Lotus,DetonatioN FocusMe,1.01,204.4,74.2,138.0,2.8,2.0
184501,Lotus,TALON,1.02,201.2,72.4,131.8,2.0,2.8
184502,Bind,Paper Rex,1.08,208.2,76.4,134.4,2.8,1.6
184502,Bind,Rex Regum Qeon,0.92,188.8,65.4,126.0,1.6,2.8
184502,Pearl,Paper Rex,1.12,222.4,79.2,144.2,2.2,2.6
184502,Pearl,Rex Regum Qeon,0.92,202.6,66.0,135.6,2.6,2.2
184513,Ascent,Team Secret,,,,,,
184513,Ascent,ZETA DIVISION,,,,,,
184513,Haven,Team Secret,,,,,,
184513,Haven,ZETA DIVISION,,,,,,
184514,Ascent,Gen.G,1.03,194.6,70.0,122.4,1.6,3.2
184514,Ascent,T1,0.98,198.4,68.4,130.6,3.2,1.6
184514,Fracture,Gen.G,0.9,196.0,67.8,131.8,1.0,3.2
184514,Fracture,T1,1.13,219.4,79.0,143.6,3.2,1.0
184514,Lotus,Gen.G,0.8,177.8,70.0,113.0,1.8,2.2
184514,Lotus,T1,1.19,223.2,75.0,145.2,2.2,1.8
184515,Bind,KIWOOM DRX,1.39,225.2,77.2,142.6,2.0,1.4
184515,Bind,Team Secret,0.69,147.6,55.4,97.0,1.4,2.0
184515,Haven,KIWOOM DRX,0.93,201.0,74.4,127.6,2.2,2.2
184515,Haven,Team Secret,1.14,213.6,70.8,137.2,2.2,2.2
184515,Split,KIWOOM DRX,1.22,233.8,82.0,152.2,2.0,1.6
184515,Split,Team Secret,0.8,182.2,62.4,114.8,1.6,2.0
184516,Fracture,Paper Rex,1.16,214.6,77.6,140.8,3.0,1.6
184516,Fracture,T1,0.85,185.4,68.8,132.2,1.6,3.0
184516,Lotus,Paper Rex,1.14,216.2,79.0,140.2,2.4,2.2
184516,Lotus,T1,0.87,183.2,59.0,121.2,2.2,2.4
184517,Bind,T1,1.0,199.2,69.8,128.0,2.2,3.0
184517,Bind,ZETA DIVISION,1.03,201.0,73.8,130.4,3.0,2.2
184517,Fracture,T1,1.08,210.8,78.4,132.6,2.2,2.4
184517,Fracture,ZETA DIVISION,0.92,193.0,69.6,131.2,2.4,2.2
184517,Haven,T1,1.05,191.8,72.2,124.4,2.4,2.2
184517,Haven,ZETA DIVISION,0.98,188.8,68.8,118.0,2.2,2.4
184518,Ascent,Gen.G,0.96,202.6,74.2,126.2,2.4,1.8
184518,Ascent,Team Secret,1.07,214.8,79.0,141.6,1.8,2.4
184518,Haven,Gen.G,1.23,225.4,86.4,142.6,3.2,1.0
184518,Haven,Team Secret,0.83,181.6,66.4,123.2,1.0,3.2
184518,Split,Gen.G,1.16,208.6,71.4,140.8,3.2,2.0
184518,Split,Team Secret,0.9,187.2,69.2,127.6,2.0,3.2
184519,Bind,KIWOOM DRX,0.75,161.6,60.0,102.4,1.8,2.0
184519,Bind,Paper Rex,1.2,213.0,79.0,134.2,2.0,1.8
184519,Fracture,KIWOOM DRX,0.72,170.8,63.4,116.8,1.4,2.2
184519,Fracture,Paper Rex,1.29,238.2,84.2,148.8,2.2,1.4
184520,Ascent,Gen.G,0.8,183.8,66.8,115.8,2.4,2.2
184520,Ascent,T1,1.23,224.2,80.0,141.6,2.2,2.4
184520,Fracture,Gen.G,0.92,195.8,71.6,130.2,1.0,3.6
184520,Fracture,T1,1.1,213.6,81.0,140.0,3.6,1.0
184521,Ascent,KIWOOM DRX,0.93,185.8,72.6,121.6,2.2,2.6
184521,Ascent,T1,1.1,213.4,76.8,139.2,2.6,2.2
184521,Bind,KIWOOM DRX,0.78,160.0,66.2,102.8,1.4,2.4
184521,Bind,T1,1.19,206.4,81.0,134.4,2.4,1.4
184521,Fracture,KIWOOM DRX,1.07,192.8,77.4,127.6,2.2,2.4
184521,Fracture,T1,0.91,179.8,72.6,114.4,2.6,2.4
184521,Haven,KIWOOM DRX,1.16,207.0,78.4,132.4,3.0,1.8
184521,Haven,T1,0.89,185.6,75.2,120.2,1.8,3.0
184521,Pearl,KIWOOM DRX,1.08,202.6,86.0,125.4,2.8,1.6
184521,Pearl,T1,0.91,180.6,72.6,124.0,1.6,2.8
184522,Ascent,KIWOOM DRX,1.06,212.0,71.8,136.2,2.8,3.2
184522,Ascent,Paper Rex,0.96,202.6,72.0,133.6,3.2,2.8
184522,Bind,KIWOOM DRX,0.8,173.8,67.4,114.2,1.4,2.4
184522,Bind,Paper Rex,1.26,226.6,83.0,151.4,2.4,1.4
184522,Fracture,KIWOOM DRX,1.09,207.2,83.0,135.4,2.4,1.4
184522,Fracture,Paper Rex,0.89,184.2,72.6,120.4,1.4,2.4
184522,Lotus,KIWOOM DRX,0.66,153.8,55.2,103.4,0.8,2.4
184522,Lotus,Paper Rex,1.35,232.2,85.2,148.0,2.4,0.8
184522,Pearl,KIWOOM DRX,0.9,184.8,70.6,126.0,1.8,2.4
184522,Pearl,Paper Rex,1.2,204.2,79.0,134.8,2.4,1.8
189050,Ascent,FURIA,1.19,193.2,77.6,121.8,1.8,1.8
189050,Ascent,LEVIATÁN,0.76,154.8,59.8,106.8,1.8,1.8
189050,Bind,FURIA,1.18,219.0,79.8,140.2,2.2,1.6
189050,Bind,LEVIATÁN,0.84,182.2,72.6,114.4,1.6,2.2
189050,Pearl,FURIA,0.98,209.2,74.6,143.0,2.8,4.8
189050,Pearl,LEVIATÁN,1.06,210.0,76.4,135.6,4.8,2.8
189051,Ascent,Evil Geniuses,1.13,210.6,78.0,135.8,2.6,1.4
189051,Ascent,NRG,0.86,170.8,69.0,104.4,1.4,2.6
189051,Haven,Evil Geniuses,0.95,192.8,72.4,126.6,2.4,2.4
189051,Haven,NRG,1.02,195.6,77.6,128.8,2.4,2.4
189051,Split,Evil Geniuses,1.11,215.4,72.4,142.8,2.2,3.4
189051,Split,NRG,0.93,200.0,73.6,134.8,3.4,2.2
189052,Ascent,FURIA,0.77,163.4,62.2,106.2,1.6,2.0
189052,Ascent,LOUD,1.25,218.2,86.8,141.8,2.0,1.6
189052,Haven,FURIA,0.64,144.2,56.6,99.4,1.4,2.0
189052,Haven,LOUD,1.32,225.6,86.8,152.6,2.0,1.4
189053,Bind,Cloud9,0.47,140.0,52.0,95.2,0.6,2.4
189053,Bind,Evil Geniuses,1.53,252.4,90.6,158.6,2.4,0.6
189053,Fracture,Cloud9,0.75,163.8,58.0,107.8,1.6,2.0
189053,Fracture,Evil Geniuses,1.29,227.2,77.8,142.0,2.0,1.6
189054,Ascent,Evil Geniuses,1.0,202.6,70.2,128.8,2.6,2.2
189054,Ascent,LOUD,1.0,199.8,71.0,128.2,2.2,2.6
189054,Bind,Evil Geniuses,0.73,178.6,61.4,125.4,1.4,1.6
189054,Bind,LOUD,1.25,240.0,75.0,150.6,1.8,1.6
189054,Fracture,Evil Geniuses,0.94,206.0,71.0,135.2,2.4,2.0
189054,Fracture,LOUD,1.11,210.4,74.6,140.2,2.0,2.4
189055,Ascent,LOUD,1.01,184.6,69.0,114.6,1.8,2.6
189055,Ascent,NRG,0.93,180.6,67.2,119.0,2.6,1.8
189055,Bind,LOUD,1.05,212.0,71.8,135.4,3.2,1.6
189055,Bind,NRG,0.94,198.8,61.0,131.2,1.6,3.2
189055,Fracture,LOUD,1.07,213.8,74.2,135.6,2.4,2.4
189055,Fracture,NRG,0.95,193.2,69.2,129.2,2.4,2.4
189056,Ascent,Cloud9,1.18,223.4,86.8,145.2,2.6,0.8
189056,Ascent,LEVIATÁN,0.82,193.6,69.4,125.4,0.8,2.6
189056,Haven,Cloud9,1.08,196.0,67.6,129.2,2.4,1.8
189056,Haven,LEVIATÁN,0.86,186.4,62.6,124.2,1.8,2.4
189056,Lotus,Cloud9,0.92,188.0,75.6,124.4,1.4,3.2
189056,Lotus,LEVIATÁN,1.08,218.0,81.0,141.8,3.2,1.4
189057,Bind,FURIA,0.92,177.0,68.4,122.8,2.2,2.2
189057,Bind,NRG,1.08,196.2,75.4,132.2,2.2,2.2
189057,Haven,FURIA,0.95,190.2,69.8,122.8,1.4,3.2
189057,Haven,NRG,1.06,198.4,75.6,132.4,3.2,1.4
189058,Haven,Cloud9,0.99,199.4,71.4,133.2,3.0,2.2
189058,Haven,NRG,1.03,209.2,67.0,136.8,2.2,3.0
189058,Lotus,Cloud9,0.96,196.2,72.8,130.6,2.0,2.4
189058,Lotus,NRG,1.08,197.4,79.8,126.0,2.4,2.0
189058,Pearl,Cloud9,1.07,194.6,68.2,130.2,2.2,2.4
189058,Pearl,NRG,0.93,192.6,66.0,128.8,2.4,2.2
189059,Ascent,Evil Geniuses,0.87,174.0,64.6,114.0,1.2,3.0
189059,Ascent,NRG,1.18,205.2,80.0,139.0,3.0,1.2
189059,Haven,Evil Geniuses,1.03,181.8,76.8,119.4,2.6,2.2
189059,Haven,NRG,0.94,178.8,70.8,118.0,2.2,2.6
189059,Lotus,Evil Geniuses,0.92,187.8,68.8,125.6,2.0,2.6
189059,Lotus,NRG,1.15,216.0,81.8,137.4,2.6,2.0
189059,Split,Evil Geniuses,0.72,172.2,67.2,114.8,1.4,2.0
189059,Split,NRG,1.3,241.8,91.6,160.6,2.0,1.4
213193,Ascent,FUT Esports,0.99,189.2,67.0,122.4,2.0,3.2
213193,Ascent,Giants Gaming,1.04,209.8,76.2,141.4,3.2,2.0
213193,Haven,FUT Esports,1.22,222.8,81.2,140.2,1.6,2.0
213193,Haven,Giants Gaming,0.81,171.6,62.4,116.8,2.0,1.6
213194,Ascent,Team Liquid,1.13,210.2,76.6,135.4,3.0,1.8
213194,Ascent,Team Vitality,0.91,169.6,64.4,113.8,1.8,3.0
213194,Bind,Team Liquid,1.09,196.6,70.8,127.0,2.2,2.6
213194,Bind,Team Vitality,0.92,176.2,65.8,113.4,2.6,2.2
213194,Lotus,Team Liquid,0.78,183.6,65.4,115.0,1.6,2.2
213194,Lotus,Team Vitality,1.2,238.4,76.6,155.4,2.2,1.6
213195,Bind,FNATIC,1.02,203.2,71.0,127.6,2.2,2.2
213195,Bind,FUT Esports,0.98,192.4,69.0,127.6,2.2,2.2
213195,Lotus,FNATIC,1.4,259.4,84.4,165.4,1.6,1.2
213195,Lotus,FUT Esports,0.64,157.6,54.2,103.4,1.2,1.6
213195,Split,FNATIC,1.5,249.6,87.8,169.6,2.4,0.6
213195,Split,FUT Esports,0.52,136.8,53.2,91.0,0.6,2.4
213196,Bind,Natus Vincere,1.0,191.6,68.4,122.4,2.6,2.2
213196,Bind,Team Liquid,0.97,186.4,66.0,123.4,2.2,2.6
213196,Split,Natus Vincere,0.95,188.6,64.6,126.8,2.4,2.2
213196,Split,Team Liquid,1.04,197.2,70.8,129.6,2.2,2.4
213197,Bind,FNATIC,1.18,216.4,78.8,141.6,2.2,1.6
213197,Bind,Team Liquid,0.79,179.6,60.8,114.8,1.6,2.2
213197,Lotus,FNATIC,1.09,199.4,77.6,123.8,2.0,3.2
213197,Lotus,Team Liquid,0.86,180.8,64.6,123.0,3.2,2.0
213198,Ascent,FNATIC,0.99,196.4,72.4,123.8,2.6,2.6
213198,Ascent,Team Liquid,1.06,194.0,68.6,124.0,2.6,2.6
213198,Fracture,FNATIC,0.96,189.6,70.8,122.6,2.8,2.0
213198,Fracture,Team Liquid,1.03,188.6,62.8,118.2,2.0,2.8
213198,Haven,FNATIC,0.9,190.6,66.2,122.2,1.6,2.2
213198,Haven,Team Liquid,1.11,208.2,79.0,140.4,2.2,1.6
213198,Lotus,FNATIC,0.98,180.8,69.2,119.0,2.2,2.6
213198,Lotus,Team Liquid,0.98,193.4,74.2,126.4,2.6,2.2
213199,Ascent,Giants Gaming,0.89,187.2,67.6,122.4,1.6,2.8
213199,Ascent,Natus Vincere,1.16,217.0,75.4,143.8,2.8,1.6
213199,Pearl,Giants Gaming,0.83,183.4,65.4,128.0,1.8,2.6
213199,Pearl,Natus Vincere,1.17,220.2,79.2,153.6,2.6,1.8
213200,Haven,FUT Esports,0.93,192.6,70.2,125.0,2.4,2.0
213200,Haven,Team Vitality,1.1,203.6,78.0,130.0,2.0,2.4
213200,Lotus,FUT Esports,1.21,217.4,73.6,137.8,2.0,1.8
213200,Lotus,Team Vitality,0.79,158.0,55.8,103.6,1.8,2.0
213200,Split,FUT Esports,1.07,197.8,79.0,128.4,2.6,1.8
213200,Split,Team Vitality,0.86,176.0,67.2,119.4,1.8,2.6
213201,Fracture,FUT Esports,1.11,214.6,72.0,134.4,1.0,3.0
213201,Fracture,Natus Vincere,0.91,197.2,68.0,124.6,3.0,1.0
213201,Lotus,FUT Esports,1.08,213.2,75.4,134.4,2.8,1.4
213201,Lotus,Natus Vincere,0.87,185.2,65.4,125.6,1.4,2.8
213202,Ascent,FUT Esports,0.7,163.8,63.4,105.4,1.8,1.8
213202,Ascent,Team Liquid,1.21,229.6,83.2,150.0,1.8,1.8
213202,Lotus,FUT Esports,0.97,202.4,74.4,128.8,3.0,3.4
213202,Lotus,Team Liquid,1.02,208.8,69.6,141.4,3.4,3.0
213202,Split,FUT Esports,0.73,160.0,66.6,100.8,1.4,2.2
213202,Split,Team Liquid,1.29,230.2,84.4,143.0,2.2,1.4
214088,Bind,Team Bunny,1.21,235.8,72.8,154.4,1.2,2.6
214088,Bind,Team SuperBusS,0.79,196.8,59.8,128.6,2.6,1.2
219594,Ascent,Gank Gaming,0.85,180.0,59.0,119.2,1.2,2.6
219594,Ascent,Royal Never Give Up,1.21,224.0,86.0,151.4,2.6,1.2
219594,Bind,Gank Gaming,0.92,200.6,70.0,127.6,2.2,2.6
219594,Bind,Royal Never Give Up,1.1,206.0,78.2,132.4,2.6,2.2
219594,Lotus,Gank Gaming,1.15,215.4,75.8,146.4,3.4,1.2
219594,Lotus,Royal Never Give Up,0.9,187.4,71.4,130.6,1.2,3.4
219595,Haven,Totoro Gaming,1.07,228.8,78.6,147.2,2.6,3.0
219595,Haven,Weibo Gaming,0.96,205.0,70.0,131.8,3.0,2.6
219595,Split,Totoro Gaming,1.13,223.0,74.2,142.4,3.0,1.8
219595,Split,Weibo Gaming,0.92,193.0,63.6,129.0,1.8,3.0
219596,Lotus,Douyu Gaming,1.31,239.6,81.0,150.8,2.6,0.8
219596,Lotus,Number One Player,0.73,174.2,57.6,119.2,0.8,2.6
219596,Split,Douyu Gaming,0.99,196.4,73.0,125.2,3.2,2.0
219596,Split,Number One Player,1.01,204.0,73.0,132.4,2.0,3.2
219597,Fracture,Invincible Gaming,0.78,173.0,64.8,110.6,1.4,2.0
219597,Fracture,Nova Esports,1.22,216.0,75.0,132.6,2.0,1.4
219597,Split,Invincible Gaming,0.84,205.0,64.6,131.8,1.6,2.0
219597,Split,Nova Esports,1.12,224.8,77.8,145.4,2.0,1.6
219598,Bind,Four Angry Men,1.09,212.0,74.8,138.4,3.2,2.4
219598,Bind,Night Wings Gaming,0.91,183.2,62.8,118.0,2.4,3.2
219598,Pearl,Four Angry Men,0.92,199.0,65.6,131.2,2.8,2.8
219598,Pearl,Night Wings Gaming,1.05,211.0,73.6,134.2,2.8,2.8
219598,Split,Four Angry Men,0.92,181.8,62.6,114.0,1.6,3.2
219598,Split,Night Wings Gaming,1.06,210.6,75.8,138.0,3.2,1.6
219599,Ascent,Monarch Effect,1.12,230.8,79.2,144.0,2.4,1.8
219599,Ascent,TYLOO,0.9,203.4,70.4,135.8,1.8,2.4
219599,Lotus,Monarch Effect,1.02,215.6,72.6,139.8,3.0,3.0
219599,Lotus,TYLOO,1.02,209.8,70.8,141.8,3.0,3.0
219599,Split,Monarch Effect,0.87,193.2,71.8,128.2,1.4,3.4
219599,Split,TYLOO,1.14,210.8,76.8,135.8,3.4,1.4
219600,Ascent,Dragon Ranger Gaming,0.93,185.8,75.0,129.8,2.4,2.4
219600,Ascent,Rare Atom,1.1,190.8,79.0,123.6,2.4,2.4
219600,Haven,Dragon Ranger Gaming,1.14,220.8,83.0,142.4,2.4,1.6
219600,Haven,Rare Atom,0.9,192.0,70.0,126.2,1.6,2.4
219600,Lotus,Dragon Ranger Gaming,1.01,205.0,78.4,136.2,2.8,2.4
219600,Lotus,Rare Atom,1.03,203.4,69.8,135.4,2.4,2.8
219601,Fracture,Kingzone,0.66,169.0,65.2,114.4,0.8,2.4
219601,Fracture,Shenzhen NTER,1.37,237.8,93.8,157.0,2.4,0.8
219601,Lotus,Kingzone,0.41,114.4,27.0,79.0,0.4,2.4
219601,Lotus,Shenzhen NTER,1.58,254.0,91.6,165.0,2.4,0.4
220290,Ascent,NRG,1.11,205.4,75.4,136.0,1.4,2.8
220290,Ascent,Natus Vincere,0.93,180.8,63.6,119.4,2.8,1.4
220290,Lotus,NRG,0.9,187.0,68.2,120.2,2.4,2.8
220290,Lotus,Natus Vincere,1.09,196.2,71.6,130.2,2.8,2.4
220290,Split,NRG,1.18,203.4,79.0,140.0,2.0,1.8
220290,Split,Natus Vincere,0.83,172.8,66.2,119.6,1.8,2.0
220292,Fracture,EDward Gaming,1.0,209.4,81.0,141.4,2.4,2.2
220292,Fracture,T1,1.01,209.0,73.2,134.2,2.2,2.4
220292,Haven,EDward Gaming,1.21,236.6,85.0,151.2,2.4,1.6
220292,Haven,T1,0.78,174.8,61.0,119.0,1.6,2.4
220292,Pearl,EDward Gaming,1.02,208.8,79.4,134.8,2.8,2.4
220292,Pearl,T1,0.98,199.2,70.8,131.8,2.4,2.8
220293,Bind,NRG,1.17,225.6,73.0,148.0,2.6,1.4
220293,Bind,T1,0.88,192.4,65.0,125.2,1.4,2.6
220293,Lotus,NRG,0.95,189.2,66.8,130.0,2.0,2.8
220293,Lotus,T1,1.08,209.8,75.0,146.4,2.8,2.0
220293,Pearl,NRG,1.02,185.8,74.4,128.6,3.0,1.8
220293,Pearl,T1,1.0,184.0,72.6,116.8,1.8,3.0
220294,Bind,EDward Gaming,0.96,205.8,77.0,132.4,2.6,2.6
220294,Bind,Natus Vincere,1.07,213.6,77.8,144.6,2.6,2.6
220294,Pearl,EDward Gaming,0.97,199.2,65.6,133.2,2.6,3.8
220294,Pearl,Natus Vincere,1.03,207.4,74.4,139.0,3.8,2.6
220295,Fracture,EDward Gaming,1.33,222.2,89.2,136.8,2.8,0.6
220295,Fracture,T1,0.67,150.0,57.8,103.2,0.6,2.8
220295,Haven,EDward Gaming,1.19,216.0,82.0,143.0,1.8,2.0
220295,Haven,T1,0.79,182.2,66.2,115.6,2.0,1.8
220296,Fracture,Attacking Soul Esports,0.91,193.0,71.4,125.4,2.8,1.8
220296,Fracture,KIWOOM DRX,1.13,214.4,80.0,137.6,1.8,2.8
220296,Pearl,Attacking Soul Esports,0.85,190.0,74.0,124.0,2.6,1.4
220296,Pearl,KIWOOM DRX,1.28,232.6,79.0,152.6,1.4,2.6
220297,Lotus,Evil Geniuses,1.08,218.4,74.6,146.2,2.4,2.8
220297,Lotus,FUT Esports,0.98,202.8,67.0,132.6,2.8,2.4
220297,Split,Evil Geniuses,1.18,210.2,74.4,137.4,1.6,2.0
220297,Split,FUT Esports,0.76,163.4,60.2,107.0,2.0,1.6
220298,Ascent,Evil Geniuses,1.13,204.8,78.2,131.8,2.6,1.8
220298,Ascent,KIWOOM DRX,0.91,190.4,66.4,130.8,1.8,2.6
220298,Fracture,Evil Geniuses,1.24,223.6,79.0,149.2,2.2,1.4
220298,Fracture,KIWOOM DRX,0.82,182.8,66.8,122.8,1.4,2.2
220299,Ascent,Attacking Soul Esports,0.82,176.2,63.4,121.0,1.2,2.4
220299,Ascent,FUT Esports,1.23,219.4,76.6,143.6,2.4,1.2
220299,Haven,Attacking Soul Esports,1.18,223.8,73.2,141.4,3.0,1.2
220299,Haven,FUT Esports,0.85,190.6,65.8,122.2,1.2,3.0
220299,Lotus,Attacking Soul Esports,0.84,192.4,59.0,133.8,1.2,2.6
220299,Lotus,FUT Esports,1.19,237.6,78.0,148.8,2.6,1.2
220300,Bind,FUT Esports,1.17,208.8,81.0,126.2,2.8,1.6
220300,Bind,KIWOOM DRX,0.85,179.4,67.2,116.0,1.6,2.8
220300,Fracture,FUT Esports,0.94,190.6,77.0,126.0,1.6,2.6
220300,Fracture,KIWOOM DRX,1.1,210.8,77.2,140.2,2.6,1.6
220300,Haven,FUT Esports,0.64,144.4,56.6,96.8,1.2,2.2
220300,Haven,KIWOOM DRX,1.4,239.8,84.4,155.4,2.2,1.2
220441,Bind,KIWOOM DRX,0.93,183.6,73.2,118.8,2.4,2.2
220441,Bind,Paper Rex,1.08,200.4,80.2,131.4,2.2,2.4
220441,Split,KIWOOM DRX,0.89,190.2,67.2,123.0,1.2,3.4
220441,Split,Paper Rex,1.12,210.4,78.4,131.6,3.4,1.2
220442,Bind,FNATIC,1.5,238.4,89.2,144.6,2.0,1.4
220442,Bind,NRG,0.46,125.0,47.0,87.4,1.4,2.0
220442,Fracture,FNATIC,1.11,206.2,81.8,129.6,2.8,1.6
220442,Fracture,NRG,0.86,171.0,66.4,112.8,1.6,2.8
220443,Haven,EDward Gaming,0.86,172.6,65.4,112.8,2.4,2.0
220443,Haven,Team Liquid,1.11,209.4,71.8,133.8,2.0,2.4
220443,Lotus,EDward Gaming,0.96,200.6,75.0,131.8,3.2,1.6
220443,Lotus,Team Liquid,1.03,205.0,72.6,133.4,1.6,3.2
220443,Split,EDward Gaming,1.12,201.6,79.0,129.8,2.4,1.8
220443,Split,Team Liquid,0.87,175.8,71.6,112.6,1.8,2.4
220444,Ascent,Evil Geniuses,1.26,235.8,83.2,150.4,2.4,1.2
220444,Ascent,LOUD,0.76,185.0,65.8,119.4,1.2,2.4
220444,Fracture,Evil Geniuses,1.2,221.6,78.0,150.8,2.0,2.0
220444,Fracture,LOUD,0.83,169.8,61.0,110.6,2.0,2.0
220445,Bind,FNATIC,1.13,214.2,74.0,140.4,2.2,1.8
220445,Bind,Paper Rex,0.91,191.6,68.0,122.6,1.8,2.2
220445,Lotus,FNATIC,1.29,233.4,81.0,157.2,2.0,1.6
220445,Lotus,Paper Rex,0.75,167.2,65.6,108.4,1.6,2.0
220446,Fracture,Evil Geniuses,1.33,233.8,85.4,159.2,1.8,1.2
220446,Fracture,Team Liquid,0.63,171.0,62.6,110.6,1.2,1.8
220446,Haven,Evil Geniuses,1.05,199.8,72.8,132.4,2.4,2.0
220446,Haven,Team Liquid,0.97,195.0,73.6,129.8,2.0,2.4
220447,Fracture,Evil Geniuses,1.0,194.8,73.6,122.0,2.4,2.0
220447,Fracture,FNATIC,0.99,191.8,68.2,120.4,2.0,2.4
220447,Lotus,Evil Geniuses,0.57,133.2,50.0,87.4,0.6,2.6
220447,Lotus,FNATIC,1.39,242.8,89.0,150.6,2.6,0.6
220447,Split,Evil Geniuses,0.92,196.2,69.2,126.4,1.8,3.0
220447,Split,FNATIC,1.13,218.4,70.2,142.8,3.0,1.8
220448,Bind,Evil Geniuses,0.86,171.8,67.0,114.8,2.4,2.8
220448,Bind,FNATIC,1.17,203.2,75.2,127.4,2.8,2.4
220448,Lotus,Evil Geniuses,0.8,178.6,64.8,112.2,2.4,1.8
220448,Lotus,FNATIC,1.18,219.0,72.4,134.8,1.8,2.4
220448,Split,Evil Geniuses,0.97,189.6,70.2,123.8,2.8,2.0
220448,Split,FNATIC,1.08,203.6,74.4,133.0,2.0,2.8
220449,Haven,KIWOOM DRX,0.57,151.2,55.4,95.4,2.0,1.6
220449,Haven,NRG,1.42,233.4,86.6,146.6,1.6,2.0
220449,Pearl,KIWOOM DRX,1.04,203.8,74.2,128.0,3.0,1.8
220449,Pearl,NRG,0.99,194.6,77.6,123.8,1.8,3.0
220450,Fracture,EDward Gaming,1.04,210.0,72.4,131.6,2.6,2.0
220450,Fracture,LOUD,1.01,206.6,70.6,131.8,2.0,2.6
220450,Lotus,EDward Gaming,1.2,224.4,83.2,147.0,1.6,2.2
220450,Lotus,LOUD,0.8,170.8,62.2,109.2,2.2,1.6
220451,Ascent,NRG,0.89,197.2,72.2,132.6,2.4,1.8
220451,Ascent,Team Liquid,1.15,213.4,80.0,136.8,1.8,2.4
220451,Haven,NRG,1.0,187.6,67.8,129.8,1.8,3.4
220451,Haven,Team Liquid,1.01,200.8,73.8,128.6,3.4,1.8
220451,Split,NRG,1.31,213.8,79.8,146.0,1.8,1.8
220451,Split,Team Liquid,0.68,150.0,60.0,91.6,1.8,1.8
220452,Fracture,EDward Gaming,0.93,206.0,70.6,131.8,2.2,3.0
220452,Fracture,Paper Rex,1.07,220.4,77.6,144.4,3.0,2.2
220452,Lotus,EDward Gaming,0.9,195.8,72.2,124.8,2.0,2.2
220452,Lotus,Paper Rex,1.15,217.8,80.0,142.0,2.2,2.0
220452,Split,EDward Gaming,1.11,211.4,80.0,137.4,2.2,2.2
220452,Split,Paper Rex,0.87,183.4,67.4,118.4,2.2,2.2
220453,Bind,NRG,0.95,190.6,72.6,128.2,2.2,2.6
220453,Bind,Paper Rex,1.1,204.6,73.4,135.8,2.6,2.2
220453,Lotus,NRG,1.23,225.2,81.8,141.4,2.2,1.6
220453,Lotus,Paper Rex,0.71,168.4,63.0,109.2,1.6,2.2
220453,Pearl,NRG,0.99,199.4,75.8,141.6,2.6,3.0
220453,Pearl,Paper Rex,1.04,211.4,72.0,138.6,3.0,2.6
220454,Ascent,Evil Geniuses,1.2,220.6,75.2,146.8,2.2,2.0
220454,Ascent,Paper Rex,0.87,187.2,67.8,119.8,2.0,2.2
220454,Fracture,Evil Geniuses,1.2,215.6,81.0,146.2,2.4,1.6
220454,Fracture,Paper Rex,0.83,186.0,65.0,121.6,1.6,2.4
220454,Lotus,Evil Geniuses,0.97,200.2,71.6,133.4,2.4,2.8
220454,Lotus,Paper Rex,1.05,208.6,70.6,140.6,2.8,2.4
220454,Pearl,Evil Geniuses,1.25,223.2,80.0,150.0,2.6,1.2
220454,Pearl,Paper Rex,0.82,181.0,65.4,121.2,1.2,2.6
220454,Split,Evil Geniuses,0.92,193.8,68.0,124.2,3.2,1.4
220454,Split,Paper Rex,1.06,206.0,71.4,136.2,1.4,3.2
221176,Ascent,Shenzhen NTER,1.03,215.8,77.2,136.2,3.6,4.4
221176,Ascent,Totoro Gaming,1.06,214.4,74.0,145.2,4.4,3.6
221176,Lotus,Shenzhen NTER,0.78,189.0,67.2,120.2,1.2,2.2
221176,Lotus,Totoro Gaming,1.26,240.2,84.4,160.4,2.2,1.2
221177,Haven,Dragon Ranger Gaming,1.14,206.4,73.2,136.2,2.2,2.0
221177,Haven,Royal Never Give Up,0.86,173.6,66.6,116.0,2.0,2.2
221177,Split,Dragon Ranger Gaming,1.09,209.6,75.8,135.4,2.0,2.8
221177,Split,Royal Never Give Up,0.95,196.0,70.8,128.4,2.8,2.0
221178,Bind,Nova Esports,0.73,159.4,55.8,107.0,1.6,2.0
221178,Bind,TYLOO,1.2,216.6,73.4,132.8,2.0,1.6
221178,Split,Nova Esports,0.75,176.8,54.0,111.4,1.6,2.4
221178,Split,TYLOO,1.23,228.6,78.0,151.2,2.4,1.6
221179,Ascent,Douyu Gaming,1.22,218.6,84.2,143.6,2.0,1.6
221179,Ascent,Night Wings Gaming,0.85,182.4,57.8,117.6,1.6,2.0
221179,Haven,Douyu Gaming,1.04,211.6,74.0,137.8,2.2,2.4
221179,Haven,Night Wings Gaming,0.98,201.6,69.8,132.4,2.4,2.2
221180,Lotus,Gank Gaming,1.16,221.4,77.8,148.4,2.6,3.4
221180,Lotus,Invincible Gaming,0.86,193.8,65.8,134.6,3.4,2.6
221180,Split,Gank Gaming,1.35,225.2,76.6,143.2,1.8,1.6
221180,Split,Invincible Gaming,0.66,157.8,63.8,103.4,1.6,1.8
221181,Fracture,Kingzone,0.95,203.8,70.6,134.6,2.4,2.8
221181,Fracture,Number One Player,1.09,224.0,78.4,149.4,2.8,2.4
221181,Lotus,Kingzone,0.85,180.6,60.0,114.6,2.4,1.6
221181,Lotus,Number One Player,1.14,206.6,70.0,138.6,1.6,2.4
221182,Ascent,Monarch Effect,1.13,209.2,80.0,140.4,2.4,1.8
221182,Ascent,Rare Atom,0.87,182.0,62.8,116.4,1.8,2.4
221182,Bind,Monarch Effect,1.01,208.4,75.0,135.0,3.0,1.8
221182,Bind,Rare Atom,1.03,222.2,72.4,150.0,1.8,3.0
221182,Lotus,Monarch Effect,0.96,198.8,74.4,126.2,2.0,3.2
221182,Lotus,Rare Atom,1.06,206.6,73.8,130.8,3.2,2.0
221183,Bind,Four Angry Men,1.02,192.4,67.8,119.4,2.2,2.6
221183,Bind,Weibo Gaming,0.93,195.6,68.4,126.8,2.6,2.2
221183,Haven,Four Angry Men,0.65,156.8,47.0,105.8,1.2,2.2
221183,Haven,Weibo Gaming,1.34,228.6,80.8,144.8,2.2,1.2
221183,Split,Four Angry Men,0.83,181.6,56.0,124.0,1.6,2.4
221183,Split,Weibo Gaming,1.19,216.0,80.0,135.0,2.4,1.6
221837,Fracture,Shenzhen NTER,0.99,205.4,74.8,130.4,2.4,2.2
221837,Fracture,Weibo Gaming,1.05,215.2,73.8,143.2,2.2,2.4
221837,Haven,Shenzhen NTER,0.95,183.0,64.4,125.0,1.6,3.2
221837,Haven,Weibo Gaming,1.07,210.0,74.4,136.0,3.2,1.6
221838,Ascent,Nova Esports,1.1,207.0,72.6,136.4,2.4,2.4
221838,Ascent,Royal Never Give Up,0.96,187.0,65.8,123.0,2.4,2.4
221838,Bind,Nova Esports,0.74,176.0,59.0,112.0,1.6,1.8
221838,Bind,Royal Never Give Up,1.25,225.6,78.8,147.6,1.8,1.6
221838,Split,Nova Esports,0.92,171.0,68.4,105.0,2.2,2.6
221838,Split,Royal Never Give Up,1.06,190.4,72.6,129.2,2.6,2.2
221839,Bind,Gank Gaming,1.05,205.8,78.4,134.6,3.0,2.2
221839,Bind,Night Wings Gaming,0.95,192.6,71.6,121.6,2.2,3.0
221839,Split,Gank Gaming,1.04,190.6,72.6,118.6,2.8,2.0
221839,Split,Night Wings Gaming,0.89,184.2,65.2,119.4,2.0,2.8
221840,Bind,Monarch Effect,1.07,222.4,78.0,139.4,2.8,2.8
221840,Bind,Number One Player,0.95,210.6,70.0,140.0,2.8,2.8
221840,Lotus,Monarch Effect,1.13,215.0,78.2,140.4,2.2,2.4
221840,Lotus,Number One Player,0.92,197.8,71.6,129.8,2.4,2.2
221840,Pearl,Monarch Effect,1.12,214.4,77.2,139.8,2.0,3.6
221840,Pearl,Number One Player,0.93,201.2,68.2,135.0,3.6,2.0
221841,Ascent,Douyu Gaming,0.69,161.4,59.0,103.6,1.2,2.2
221841,Ascent,Totoro Gaming,1.38,240.6,86.8,157.6,2.2,1.2
221841,Pearl,Douyu Gaming,0.9,178.0,62.0,114.6,1.6,3.0
221841,Pearl,Totoro Gaming,1.11,204.6,74.8,134.4,3.0,1.6
221842,Lotus,Four Angry Men,1.31,235.6,84.6,147.6,1.6,1.8
221842,Lotus,Kingzone,0.69,164.2,62.6,107.4,1.8,1.6
221842,Pearl,Four Angry Men,1.21,219.0,84.4,137.0,2.2,1.2
221842,Pearl,Kingzone,0.77,176.4,63.6,119.2,1.2,2.2
221843,Ascent,Dragon Ranger Gaming,0.82,171.8,63.6,115.4,1.8,2.6
221843,Ascent,TYLOO,1.22,222.8,79.2,149.2,2.6,1.8
221843,Bind,Dragon Ranger Gaming,0.77,178.4,63.0,118.4,1.8,2.2
221843,Bind,TYLOO,1.22,230.6,82.0,152.4,2.2,1.8
221844,Bind,Invincible Gaming,1.35,235.6,84.2,152.0,2.0,1.0
221844,Bind,Rare Atom,0.61,155.2,43.8,105.4,1.0,2.0
221844,Lotus,Invincible Gaming,1.09,216.2,72.8,138.2,3.2,1.6
221844,Lotus,Rare Atom,0.94,188.4,61.8,125.2,1.6,3.2
222364,Haven,Night Wings Gaming,0.76,177.2,65.4,115.6,1.4,2.2
222364,Haven,Weibo Gaming,1.26,229.4,82.0,143.6,2.2,1.4
222364,Lotus,Night Wings Gaming,0.76,169.8,56.6,115.2,1.2,3.2
222364,Lotus,Weibo Gaming,1.24,230.8,85.4,152.4,3.2,1.2
222365,Bind,Douyu Gaming,1.02,204.0,66.4,132.0,2.2,3.0
222365,Bind,Royal Never Give Up,1.0,199.6,75.4,130.6,3.0,2.2
222365,Split,Douyu Gaming,0.98,189.6,72.6,116.8,2.8,2.0
222365,Split,Royal Never Give Up,1.01,196.6,70.0,123.0,2.0,2.8
222366,Ascent,Dragon Ranger Gaming,0.82,179.2,64.6,115.2,1.4,2.8
222366,Ascent,Monarch Effect,1.16,223.6,82.8,133.0,2.8,1.4
222366,Pearl,Dragon Ranger Gaming,1.16,219.2,78.0,142.6,2.8,1.2
222366,Pearl,Monarch Effect,0.89,188.2,68.0,117.8,1.2,2.8
222366,Split,Dragon Ranger Gaming,0.82,195.2,67.4,129.2,2.2,2.2
222366,Split,Monarch Effect,1.15,215.2,79.2,139.2,2.2,2.2
222367,Bind,Four Angry Men,0.87,201.0,70.0,132.0,2.4,2.0
222367,Bind,Invincible Gaming,1.14,218.8,77.2,144.4,2.0,2.4
222367,Lotus,Four Angry Men,1.49,239.2,96.0,146.2,2.4,0.6
222367,Lotus,Invincible Gaming,0.46,123.0,41.4,87.2,0.6,2.4
222367,Pearl,Four Angry Men,1.31,234.0,85.4,149.2,2.2,1.4
222367,Pearl,Invincible Gaming,0.65,161.0,59.0,104.8,1.4,2.2
222368,Ascent,Gank Gaming,0.73,186.6,66.8,127.6,1.4,1.6
222368,Ascent,Nova Esports,1.32,240.6,92.0,159.4,1.6,1.4
222368,Bind,Gank Gaming,1.04,200.6,77.4,124.8,2.8,2.0
222368,Bind,Nova Esports,0.99,195.2,66.8,141.0,2.0,2.8
222368,Lotus,Gank Gaming,1.14,220.0,80.8,140.0,2.6,1.8
222368,Lotus,Nova Esports,0.85,190.0,72.6,128.6,1.8,2.6
222369,Lotus,Number One Player,0.81,185.6,70.0,119.6,1.6,2.4
222369,Lotus,Shenzhen NTER,1.23,225.6,82.0,158.6,2.4,1.6
222369,Split,Number One Player,0.85,93.4,85.2,58.8,0.8,1.4
222369,Split,Shenzhen NTER,0.89,102.4,87.0,65.8,1.4,0.8
222530,Ascent,Night Wings Gaming,0.97,195.2,69.2,128.2,3.0,2.6
222530,Ascent,Shenzhen NTER,1.1,214.6,78.0,140.0,2.6,3.0
222530,Haven,Night Wings Gaming,1.09,211.6,79.0,131.6,2.6,1.8
222530,Haven,Shenzhen NTER,0.97,208.2,71.6,136.6,1.8,2.6
222530,Split,Night Wings Gaming,0.91,196.2,71.4,126.8,2.0,2.2
222530,Split,Shenzhen NTER,1.11,219.6,78.0,141.8,2.2,2.0
222531,Ascent,Four Angry Men,1.04,209.8,73.4,137.8,3.0,3.8
222531,Ascent,Gank Gaming,1.01,218.2,78.0,144.8,3.8,3.0
222531,Bind,Four Angry Men,0.9,188.8,72.8,126.2,2.8,2.0
222531,Bind,Gank Gaming,1.09,219.2,75.8,143.2,2.0,2.8
222531,Haven,Four Angry Men,1.26,210.6,93.0,131.2,2.4,0.4
222531,Haven,Gank Gaming,0.67,157.2,71.6,107.0,0.4,2.4
222532,Haven,Douyu Gaming,0.93,184.8,66.8,124.6,2.4,2.4
222532,Haven,Dragon Ranger Gaming,1.09,201.2,72.6,129.6,2.4,2.4
222532,Lotus,Douyu Gaming,0.8,188.0,64.6,119.6,1.6,2.0
222532,Lotus,Dragon Ranger Gaming,1.24,238.6,83.2,160.2,2.0,1.6
232729,Bind,KRÜ Esports,1.25,220.4,75.0,139.4,2.0,2.0
232729,Bind,MIBR,0.78,168.4,56.0,113.8,2.0,2.0
232729,Lotus,KRÜ Esports,1.02,197.2,79.2,125.2,2.2,2.0
232729,Lotus,MIBR,0.99,197.6,77.2,134.8,2.0,2.2
232730,Bind,100 Thieves,0.87,175.0,67.0,112.0,1.8,2.2
232730,Bind,Sentinels,1.12,199.4,78.0,136.2,2.2,1.8
232730,Pearl,100 Thieves,1.04,208.2,78.6,140.6,2.6,2.6
232730,Pearl,Sentinels,1.01,201.2,67.8,138.8,2.6,2.6
232730,Split,100 Thieves,0.86,188.4,61.0,124.0,1.8,2.2
232730,Split,Sentinels,1.14,216.0,76.0,142.6,2.2,1.8
232731,Ascent,FURIA,0.73,168.8,60.2,110.0,1.2,2.2
232731,Ascent,KRÜ Esports,1.26,224.4,79.8,142.4,2.2,1.2
232731,Bind,FURIA,0.97,215.8,73.4,141.6,2.6,2.2
232731,Bind,KRÜ Esports,1.04,210.6,72.4,130.8,2.2,2.6
232731,Split,FURIA,1.04,201.4,73.0,125.2,2.6,2.6
232731,Split,KRÜ Esports,0.91,175.4,74.4,114.6,2.6,2.6
232732,Fracture,Cloud9,0.84,176.6,62.4,114.8,1.0,2.6
232732,Fracture,Sentinels,1.25,231.4,85.4,150.8,2.6,1.0
232732,Pearl,Cloud9,1.1,208.4,75.4,133.8,2.4,1.8
232732,Pearl,Sentinels,0.84,183.4,64.4,122.2,1.8,2.4
232732,Split,Cloud9,1.16,216.6,80.8,146.0,2.4,1.8
232732,Split,Sentinels,0.95,197.8,72.2,132.2,1.8,2.4
232733,Lotus,KRÜ Esports,1.16,206.6,80.0,138.6,2.4,1.6
232733,Lotus,LEVIATÁN,0.86,177.6,64.0,129.4,1.6,2.4
232733,Split,KRÜ Esports,1.22,221.2,82.0,148.8,2.8,0.8
232733,Split,LEVIATÁN,0.8,186.8,64.4,119.8,0.8,2.8
232734,Ascent,Cloud9,1.27,234.8,84.4,153.0,2.4,1.0
232734,Ascent,KRÜ Esports,0.75,170.2,66.2,120.6,1.0,2.4
232734,Haven,Cloud9,0.8,169.4,67.2,111.2,1.4,2.4
232734,Haven,KRÜ Esports,1.22,223.4,78.8,143.8,2.4,1.4
232734,Pearl,Cloud9,0.63,163.4,57.8,116.6,0.8,2.6
232734,Pearl,KRÜ Esports,1.39,234.8,87.0,154.2,2.6,0.8
232735,Ascent,KRÜ Esports,1.14,216.4,74.6,136.2,2.6,1.2
232735,Ascent,LEVIATÁN,0.9,183.6,63.2,128.8,1.2,2.6
232735,Lotus,KRÜ Esports,0.98,184.6,80.2,121.6,1.8,2.8
232735,Lotus,LEVIATÁN,0.99,196.6,82.6,133.2,2.8,1.8
232735,Pearl,KRÜ Esports,0.87,178.4,63.6,122.2,1.8,2.4
232735,Pearl,LEVIATÁN,1.12,199.2,68.4,131.0,2.4,1.8
232735,Split,KRÜ Esports,1.25,203.4,84.4,133.0,2.6,1.0
232735,Split,LEVIATÁN,0.67,144.6,61.2,98.2,1.0,2.6
232736,Fracture,LEVIATÁN,1.13,201.2,75.4,132.8,2.2,2.0
232736,Fracture,Sentinels,0.83,173.0,67.4,119.2,2.0,2.2
232736,Split,LEVIATÁN,1.31,246.8,86.8,155.0,2.4,1.0
232736,Split,Sentinels,0.74,178.6,61.2,118.8,1.0,2.4
232737,Bind,Cloud9,0.77,163.0,58.0,109.4,1.6,2.4
232737,Bind,LEVIATÁN,1.25,224.0,81.0,146.2,2.4,1.6
232737,Haven,Cloud9,0.87,182.4,63.6,121.0,2.2,2.4
232737,Haven,LEVIATÁN,1.13,218.6,81.0,143.4,2.4,2.2
232737,Lotus,Cloud9,1.06,195.4,78.0,126.4,1.4,2.6
232737,Lotus,LEVIATÁN,0.93,192.8,75.0,127.8,2.6,1.4
232737,Pearl,Cloud9,0.99,202.2,72.8,130.2,2.0,2.4
232737,Pearl,LEVIATÁN,1.09,222.0,80.0,148.0,2.4,2.0
232737,Split,Cloud9,0.88,182.8,70.2,117.8,1.6,3.2
232737,Split,LEVIATÁN,1.09,207.8,76.0,138.4,3.2,1.6
235363,Fracture,KOI,1.2,209.6,76.2,140.6,2.8,1.4
235363,Fracture,Team Heretics,0.84,176.2,68.4,116.0,1.4,2.8
235363,Haven,KOI,1.19,224.0,80.0,140.4,2.0,1.8
235363,Haven,Team Heretics,0.79,177.6,69.6,121.0,1.8,2.0
235363,Pearl,KOI,1.09,194.4,77.6,125.6,2.4,2.2
235363,Pearl,Team Heretics,0.85,164.6,71.4,101.8,2.2,2.4
235364,Bind,BBL Esports,0.92,195.0,68.4,130.8,1.8,3.4
235364,Bind,Karmine Corp,1.1,211.0,78.6,140.2,3.4,1.8
235364,Haven,BBL Esports,1.02,190.4,66.8,132.0,2.6,2.6
235364,Haven,Karmine Corp,0.95,175.4,66.8,112.6,2.6,2.6
235364,Lotus,BBL Esports,0.86,176.0,60.0,117.0,1.0,3.4
235364,Lotus,Karmine Corp,1.15,208.6,75.4,139.0,3.4,1.0
235365,Lotus,KOI,1.3,226.8,80.2,143.6,1.6,1.6
235365,Lotus,Natus Vincere,0.66,163.8,68.8,108.4,1.6,1.6
235365,Split,KOI,1.23,216.2,84.0,135.8,1.6,2.2
235365,Split,Natus Vincere,0.78,172.4,59.0,122.8,2.2,1.6
235366,Pearl,Giants Gaming,1.06,215.6,75.8,146.0,2.4,2.4
235366,Pearl,Karmine Corp,0.98,205.6,68.4,132.2,2.4,2.4
235366,Split,Giants Gaming,1.16,202.4,80.0,131.2,2.0,1.6
235366,Split,Karmine Corp,0.8,169.2,70.0,116.4,1.6,2.0
235367,Haven,Giants Gaming,1.13,208.2,81.6,135.6,3.4,1.8
235367,Haven,KOI,0.87,173.0,60.8,111.6,1.8,3.4
235367,Pearl,Giants Gaming,1.21,208.0,82.2,135.0,2.0,1.6
235367,Pearl,KOI,0.78,157.8,63.4,101.4,1.6,2.0
235368,Bind,Giants Gaming,1.08,214.8,67.6,144.8,2.8,2.0
235368,Bind,Natus Vincere,0.92,198.2,70.0,135.2,2.0,2.8
235368,Haven,Giants Gaming,1.18,212.0,77.2,138.0,2.2,2.2
235368,Haven,Natus Vincere,0.82,181.8,71.0,118.4,2.2,2.2
235368,Lotus,Giants Gaming,1.2,231.4,86.0,152.6,2.4,1.6
235368,Lotus,Natus Vincere,0.8,173.2,61.0,118.0,1.6,2.4
235371,Ascent,Karmine Corp,1.19,221.6,74.0,145.2,2.4,1.6
235371,Ascent,Natus Vincere,0.88,186.8,67.0,125.0,1.6,2.4
235371,Lotus,Karmine Corp,0.79,160.6,65.4,107.4,1.6,2.2
235371,Lotus,Natus Vincere,1.23,217.8,77.8,145.4,2.2,1.6
235371,Pearl,Karmine Corp,0.77,162.0,63.0,105.0,2.0,2.0
235371,Pearl,Natus Vincere,1.24,215.8,79.0,145.8,2.0,2.0
235372,Fracture,KOI,0.9,185.2,69.0,120.6,2.4,2.0
235372,Fracture,Natus Vincere,1.1,194.6,71.0,131.4,2.0,2.4
235372,Pearl,KOI,0.88,182.8,71.4,121.0,2.2,2.4
235372,Pearl,Natus Vincere,1.12,206.4,74.0,141.8,2.4,2.2
235372,Split,KOI,0.89,172.6,63.2,117.2,2.2,3.0
235372,Split,Natus Vincere,1.11,208.0,74.8,135.8,3.0,2.2
235552,Bind,Attacking Soul Esports,,209.8,,,,
235552,Bind,Trace Esports,,198.4,,,,
235552,Lotus,Attacking Soul Esports,,219.6,,,,
235552,Lotus,Trace Esports,,197.4,,,,
235552,Split,Attacking Soul Esports,,193.4,,,,
235552,Split,Trace Esports,,213.6,,,,
235553,Haven,Bilibili Gaming,,228.0,,,,
235553,Haven,Monarch Effect,,174.6,,,,
235553,Lotus,Bilibili Gaming,,212.0,,,,
235553,Lotus,Monarch Effect,,189.8,,,,
235554,Bind,FunPlus Phoenix,,186.8,,,,
235554,Bind,TYLOO,,201.2,,,,
235554,Fracture,FunPlus Phoenix,,205.0,,,,
235554,Fracture,TYLOO,,212.8,,,,
235555,Bind,EDward Gaming,,215.4,,,,
235555,Bind,Weibo Gaming,,196.6,,,,
235555,Fracture,EDward Gaming,,224.2,,,,
235555,Fracture,Weibo Gaming,,182.6,,,,
235556,Haven,Bilibili Gaming,,202.6,,,,
235556,Haven,Trace Esports,,201.4,,,,
235556,Lotus,Bilibili Gaming,,219.8,,,,
235556,Lotus,Trace Esports,,171.8,,,,
235556,Split,Bilibili Gaming,,226.6,,,,
235556,Split,Trace Esports,,139.8,,,,
235557,Bind,EDward Gaming,,228.2,,,,
235557,Bind,TYLOO,,178.2,,,,
235557,Haven,EDward Gaming,,234.8,,,,
235557,Haven,TYLOO,,146.6,,,,
235557,Split,EDward Gaming,,216.4,,,,
235557,Split,TYLOO,,155.0,,,,
235558,Bind,Bilibili Gaming,,193.4,,,,
235558,Bind,EDward Gaming,,203.4,,,,
235558,Pearl,Bilibili Gaming,,153.2,,,,
235558,Pearl,EDward Gaming,,238.4,,,,
235558,Split,Bilibili Gaming,,183.0,,,,
235558,Split,EDward Gaming,,236.0,,,,
235559,Bind,Bilibili Gaming,,201.0,,,,
235559,Bind,EDward Gaming,,214.0,,,,
235559,Fracture,Bilibili Gaming,,144.4,,,,
235559,Fracture,EDward Gaming,,232.4,,,,
235559,Haven,Bilibili Gaming,,,,,,
235559,Haven,EDward Gaming,,,,,,
235559,Split,Bilibili Gaming,,161.4,,,,
235559,Split,EDward Gaming,,223.8,,,,
235560,Fracture,Attacking Soul Esports,,233.4,,,,
235560,Fracture,Monarch Effect,,183.2,,,,
235560,Split,Attacking Soul Esports,,240.0,,,,
235560,Split,Monarch Effect,,174.6,,,,
235561,Ascent,FunPlus Phoenix,,215.4,,,,
235561,Ascent,Weibo Gaming,,187.0,,,,
235561,Lotus,FunPlus Phoenix,,214.2,,,,
235561,Lotus,Weibo Gaming,,193.2,,,,
235562,Ascent,FunPlus Phoenix,,199.8,,,,
235562,Ascent,Trace Esports,,193.2,,,,
235562,Lotus,FunPlus Phoenix,,205.6,,,,
235562,Lotus,Trace Esports,,174.2,,,,
235562,Split,FunPlus Phoenix,,202.0,,,,
235562,Split,Trace Esports,,206.6,,,,
235563,Ascent,Attacking Soul Esports,,203.4,,,,
235563,Ascent,TYLOO,,220.8,,,,
235563,Fracture,Attacking Soul Esports,,183.4,,,,
235563,Fracture,TYLOO,,207.6,,,,
235563,Split,Attacking Soul Esports,,244.8,,,,
235563,Split,TYLOO,,146.2,,,,
235564,Ascent,FunPlus Phoenix,,221.4,,,,
235564,Ascent,TYLOO,,193.4,,,,
235564,Bind,FunPlus Phoenix,,173.4,,,,
235564,Bind,TYLOO,,205.0,,,,
235564,Fracture,FunPlus Phoenix,,201.6,,,,
235564,Fracture,TYLOO,,201.8,,,,
235564,Pearl,FunPlus Phoenix,,222.8,,,,
235564,Pearl,TYLOO,,197.4,,,,
235565,Ascent,Bilibili Gaming,,219.6,,,,
235565,Ascent,FunPlus Phoenix,,179.6,,,,
235565,Bind,Bilibili Gaming,,203.2,,,,
235565,Bind,FunPlus Phoenix,,198.6,,,,
235565,Lotus,Bilibili Gaming,,204.8,,,,
235565,Lotus,FunPlus Phoenix,,199.6,,,,
235565,Pearl,Bilibili Gaming,,204.4,,,,
235565,Pearl,FunPlus Phoenix,,210.0,,,,
235565,Split,Bilibili Gaming,,227.6,,,,
235565,Split,FunPlus Phoenix,,180.2,,,,
235566,Haven,Four Angry Men,,200.8,,,,
235566,Haven,Trace Esports,,235.6,,,,
235566,Lotus,Four Angry Men,,189.2,,,,
235566,Lotus,Trace Esports,,222.4,,,,
235567,Bind,Monarch Effect,,218.4,,,,
235567,Bind,Royal Never Give Up,,201.4,,,,
235567,Haven,Monarch Effect,,198.2,,,,
235567,Haven,Royal Never Give Up,,221.6,,,,
235567,Split,Monarch Effect,,257.0,,,,
235567,Split,Royal Never Give Up,,145.6,,,,
235568,Lotus,Shenzhen NTER,,185.8,,,5.0,
235568,Lotus,TYLOO,,220.6,,,7.0,
235568,Pearl,Shenzhen NTER,,176.2,,,0.0,
235568,Pearl,TYLOO,,236.6,,,2.0,
235569,Bind,Dragon Ranger Gaming,,179.0,,,4.0,
235569,Bind,Weibo Gaming,,201.2,,,4.0,
235569,Haven,Dragon Ranger Gaming,,219.6,,,6.0,
235569,Haven,Weibo Gaming,,202.2,,,8.0,
235569,Split,Dragon Ranger Gaming,,176.4,,,5.0,
235569,Split,Weibo Gaming,,234.4,,,1.0,
237266,Ascent,DetonatioN FocusMe,0.89,184.8,68.6,120.4,1.8,2.4
237266,Ascent,TALON,1.12,218.2,72.6,141.2,2.4,1.8
237266,Fracture,DetonatioN FocusMe,0.85,179.0,63.0,117.0,1.6,2.4
237266,Fracture,TALON,1.15,205.6,75.0,128.4,2.4,1.6
237267,Ascent,Global Esports,1.04,205.2,70.4,135.0,3.0,1.6
237267,Ascent,Rex Regum Qeon,0.97,194.6,63.6,122.4,1.6,3.0
237267,Split,Global Esports,0.93,198.0,73.2,128.4,2.6,2.0
237267,Split,Rex Regum Qeon,1.07,211.0,77.6,135.0,2.0,2.6
237268,Haven,Gen.G,1.1,206.8,76.4,135.2,3.0,2.6
237268,Haven,TALON,0.95,191.0,71.2,131.2,2.6,3.0
237268,Pearl,Gen.G,1.0,190.6,68.4,124.8,2.0,2.8
237268,Pearl,TALON,1.02,204.0,70.8,134.6,2.8,2.0
237268,Split,Gen.G,1.04,210.4,72.2,133.6,2.4,2.2
237268,Split,TALON,0.96,202.2,66.2,127.0,2.2,2.4
237269,Ascent,Rex Regum Qeon,1.05,213.0,75.8,144.2,3.6,4.4
237269,Ascent,ZETA DIVISION,1.04,216.6,80.4,144.6,4.4,3.6
237269,Haven,Rex Regum Qeon,1.44,239.2,89.2,152.0,2.2,0.8
237269,Haven,ZETA DIVISION,0.57,137.2,54.6,88.4,0.8,2.2
237269,Split,Rex Regum Qeon,0.83,180.2,64.6,120.0,1.4,2.8
237269,Split,ZETA DIVISION,1.17,214.4,78.8,140.6,2.8,1.4
237270,Ascent,Gen.G,0.89,191.6,69.4,136.6,1.0,3.2
237270,Ascent,Team Secret,1.23,225.4,83.0,148.8,3.2,1.0
237270,Haven,Gen.G,0.78,166.4,58.8,102.6,2.2,1.6
237270,Haven,Team Secret,1.21,215.0,78.8,140.6,1.6,2.2
237271,Fracture,Team Secret,0.8,161.8,56.0,109.8,1.2,2.8
237271,Fracture,ZETA DIVISION,1.2,217.0,79.0,139.8,2.8,1.2
237271,Lotus,Team Secret,0.88,180.4,59.2,122.2,2.0,2.4
237271,Lotus,ZETA DIVISION,1.09,214.4,72.8,135.4,2.4,2.0
237272,Ascent,Gen.G,1.2,222.4,84.0,141.4,2.6,1.4
237272,Ascent,Rex Regum Qeon,0.83,176.4,65.0,118.2,1.4,2.6
237272,Haven,Gen.G,1.21,224.6,87.2,140.0,3.0,0.8
237272,Haven,Rex Regum Qeon,0.79,162.0,60.2,106.2,0.8,3.0
237272,Lotus,Gen.G,0.55,139.4,49.2,95.0,1.0,2.0
237272,Lotus,Rex Regum Qeon,1.41,239.2,89.4,155.2,2.0,1.0
237273,Ascent,Gen.G,0.63,151.4,62.8,98.4,0.6,2.4
237273,Ascent,Team Secret,1.46,236.4,93.4,152.8,2.4,0.6
237273,Haven,Gen.G,1.17,209.4,75.6,135.2,2.2,2.4
237273,Haven,Team Secret,0.86,167.0,55.8,114.6,2.4,2.2
237273,Lotus,Gen.G,0.87,180.8,63.0,114.0,1.6,2.2
237273,Lotus,Team Secret,1.13,205.8,81.0,141.4,2.2,1.6
237273,Pearl,Gen.G,0.86,183.2,64.2,125.6,2.6,2.2
237273,Pearl,Team Secret,1.16,205.6,76.6,135.6,2.2,2.6
237274,Ascent,Team Secret,1.16,215.6,81.8,146.0,2.8,1.6
237274,Ascent,ZETA DIVISION,0.86,193.0,69.2,127.2,1.6,2.8
237274,Fracture,Team Secret,1.04,201.0,67.8,136.8,2.2,3.0
237274,Fracture,ZETA DIVISION,0.99,206.2,78.4,134.0,3.0,2.2
237274,Lotus,Team Secret,0.76,173.4,56.8,123.0,1.4,2.4
237274,Lotus,ZETA DIVISION,1.28,220.8,84.0,142.2,2.4,1.4
237274,Split,Team Secret,0.78,174.6,67.0,116.6,2.2,1.8
237274,Split,ZETA DIVISION,1.18,224.6,80.0,146.4,1.8,2.2
247075,Pearl,KRÜ Esports,0.85,177.0,61.0,122.8,2.0,2.2
247075,Pearl,Paper Rex,1.13,204.6,79.8,137.2,2.2,2.0
247075,Split,KRÜ Esports,0.93,178.2,72.0,113.6,2.0,2.0
247075,Split,Paper Rex,1.07,204.4,77.0,128.4,2.0,2.0
247076,Ascent,EDward Gaming,1.09,223.2,80.0,143.6,2.2,2.0
247076,Ascent,Giants Gaming,0.95,199.2,67.6,127.8,2.0,2.2
247076,Bind,EDward Gaming,0.94,196.2,68.4,131.0,2.0,2.8
247076,Bind,Giants Gaming,1.08,211.2,79.8,138.4,2.8,2.0
247076,Split,EDward Gaming,0.94,201.4,70.0,127.0,2.8,2.8
247076,Split,Giants Gaming,1.1,224.8,78.0,150.6,2.8,2.8
247077,Fracture,EDward Gaming,0.84,186.2,67.0,129.8,1.6,2.4
247077,Fracture,Paper Rex,1.19,212.4,81.0,137.4,2.4,1.6
247077,Pearl,EDward Gaming,0.88,179.8,64.0,118.8,2.4,3.6
247077,Pearl,Paper Rex,1.13,208.4,74.0,141.2,3.6,2.4
247078,Lotus,Giants Gaming,1.18,205.6,72.0,140.2,1.8,2.8
247078,Lotus,KRÜ Esports,0.88,187.4,65.4,128.0,2.8,1.8
247078,Pearl,Giants Gaming,1.07,203.0,72.2,137.4,3.2,2.0
247078,Pearl,KRÜ Esports,0.94,177.8,69.2,122.8,2.0,3.2
247079,Fracture,EDward Gaming,1.14,224.8,80.0,149.8,2.2,1.8
247079,Fracture,Giants Gaming,0.91,187.8,68.0,127.2,1.8,2.2
247079,Split,EDward Gaming,1.15,215.4,75.6,137.6,2.0,1.8
247079,Split,Giants Gaming,0.87,179.4,65.2,122.0,1.8,2.0
247086,Ascent,Evil Geniuses,1.16,208.2,79.0,141.0,3.4,0.8
247086,Ascent,FunPlus Phoenix,0.86,170.6,61.0,110.2,0.8,3.4
247086,Pearl,Evil Geniuses,1.1,210.4,70.4,139.6,1.4,2.8
247086,Pearl,FunPlus Phoenix,0.91,204.6,71.2,132.2,2.8,1.4
247087,Haven,FUT Esports,1.21,223.4,87.0,135.8,2.4,1.6
247087,Haven,T1,0.81,166.6,59.0,111.6,1.6,2.4
247087,Pearl,FUT Esports,1.22,244.4,81.0,164.4,2.2,1.2
247087,Pearl,T1,0.81,202.2,61.2,132.6,1.2,2.2
247088,Bind,Evil Geniuses,1.06,210.8,68.4,137.2,2.8,1.6
247088,Bind,FUT Esports,0.96,204.4,65.4,130.4,1.6,2.8
247088,Pearl,Evil Geniuses,1.05,206.6,71.6,144.0,2.8,2.8
247088,Pearl,FUT Esports,1.04,209.4,72.2,136.2,2.8,2.8
247089,Bind,FunPlus Phoenix,0.92,197.8,69.0,134.2,2.2,1.8
247089,Bind,T1,1.09,211.8,73.0,135.2,1.8,2.2
247089,Lotus,FunPlus Phoenix,0.91,178.6,71.4,114.2,1.8,2.8
247089,Lotus,T1,1.02,184.2,68.0,121.6,2.8,1.8
247090,Bind,FUT Esports,1.2,208.4,70.6,135.2,2.8,1.8
247090,Bind,T1,0.87,196.2,73.2,122.0,1.8,2.8
247090,Pearl,FUT Esports,1.13,210.8,76.2,145.2,3.0,2.2
247090,Pearl,T1,0.91,186.4,57.8,125.4,2.2,3.0
247093,Fracture,FNATIC,1.28,223.8,82.2,147.4,3.0,0.6
247093,Fracture,ZETA DIVISION,0.69,157.0,60.2,97.2,0.6,3.0
247093,Haven,FNATIC,1.23,228.2,82.2,152.0,2.0,1.8
247093,Haven,ZETA DIVISION,0.75,170.8,56.8,110.2,1.8,2.0
247094,Lotus,Bilibili Gaming,1.01,202.2,67.0,129.4,1.0,4.2
247094,Lotus,NRG,0.99,211.8,76.2,136.2,4.2,1.0
247094,Split,Bilibili Gaming,1.17,228.6,81.8,139.2,3.0,1.2
247094,Split,NRG,0.86,193.6,67.6,123.6,1.2,3.0
247095,Haven,Bilibili Gaming,0.67,163.8,52.0,108.6,1.4,1.6
247095,Haven,FNATIC,1.36,244.0,86.6,165.8,1.6,1.4
247095,Lotus,Bilibili Gaming,0.83,174.8,68.6,115.6,1.4,2.8
247095,Lotus,FNATIC,1.14,196.2,73.0,129.4,2.8,1.4
247096,Bind,NRG,,,,,,
247096,Bind,ZETA DIVISION,,,,,,
247096,Haven,NRG,1.4,226.8,83.2,144.4,2.2,0.6
247096,Haven,ZETA DIVISION,0.57,144.4,48.6,89.0,0.6,2.2
247098,Ascent,Bilibili Gaming,1.18,217.8,74.4,131.2,1.8,1.8
247098,Ascent,NRG,0.82,181.6,65.6,117.6,1.8,1.8
247098,Bind,Bilibili Gaming,1.07,211.4,71.4,138.8,2.8,1.8
247098,Bind,NRG,0.98,203.4,77.6,137.2,1.8,2.8
247100,Bind,Natus Vincere,1.01,200.4,71.4,138.2,2.8,3.6
247100,Bind,Team Liquid,1.0,199.8,72.8,134.0,3.6,2.8
247100,Fracture,Natus Vincere,1.04,185.8,71.6,124.8,2.8,2.0
247100,Fracture,Team Liquid,0.91,176.6,64.4,113.6,2.0,2.8
247101,Ascent,KIWOOM DRX,1.07,215.4,65.6,137.2,1.8,2.4
247101,Ascent,LOUD,0.95,200.8,69.4,124.8,2.4,1.8
247101,Lotus,KIWOOM DRX,0.91,184.0,65.6,127.6,1.6,4.0
247101,Lotus,LOUD,1.12,206.0,76.6,134.0,4.0,1.6
247101,Split,KIWOOM DRX,1.11,215.6,70.6,135.8,2.2,1.6
247101,Split,LOUD,0.91,182.0,68.4,119.8,1.6,2.2
247102,Bind,KIWOOM DRX,1.17,227.4,77.4,143.2,4.0,1.6
247102,Bind,Natus Vincere,0.85,191.8,67.6,131.8,1.6,4.0
247102,Lotus,KIWOOM DRX,1.04,193.6,69.2,120.6,2.4,3.0
247102,Lotus,Natus Vincere,0.95,189.2,74.0,130.8,2.8,2.2
247102,Split,KIWOOM DRX,0.79,152.0,67.2,101.8,2.0,2.4
247102,Split,Natus Vincere,1.24,202.2,88.0,136.6,2.4,2.0
247103,Haven,LOUD,1.31,224.8,80.0,151.4,1.6,1.4
247103,Haven,Team Liquid,0.67,164.4,57.4,111.4,1.4,1.6
247103,Split,LOUD,1.06,190.8,74.4,124.2,2.6,1.6
247103,Split,Team Liquid,0.88,174.4,71.2,114.8,1.6,2.6
247104,Ascent,LOUD,1.19,216.0,75.8,140.2,3.4,1.4
247104,Ascent,Natus Vincere,0.8,177.8,56.8,116.0,1.4,3.4
247104,Bind,LOUD,1.03,197.0,68.2,125.6,1.8,3.0
247104,Bind,Natus Vincere,0.96,186.4,72.8,120.6,3.0,1.8
247104,Pearl,LOUD,0.93,191.6,75.0,127.6,2.6,2.2
247104,Pearl,Natus Vincere,0.99,198.6,74.2,129.4,2.2,2.6
248270,Ascent,FNATIC,0.99,195.6,65.8,128.6,2.4,2.4
248270,Ascent,LOUD,1.07,202.6,73.6,128.8,2.4,2.4
248270,Lotus,FNATIC,0.86,166.4,64.2,118.0,2.0,1.8
248270,Lotus,LOUD,1.05,188.2,73.6,125.0,1.8,2.0
248271,Ascent,FUT Esports,0.84,171.0,64.4,118.2,2.2,2.4
248271,Ascent,Paper Rex,1.14,216.4,75.0,134.2,2.4,2.2
248271,Pearl,FUT Esports,0.76,183.8,66.0,134.6,1.2,2.2
248271,Pearl,Paper Rex,1.19,220.6,77.6,144.0,2.2,1.2
248272,Haven,Bilibili Gaming,0.93,188.2,71.0,123.6,1.6,2.8
248272,Haven,KIWOOM DRX,1.13,212.0,77.2,138.0,2.8,1.6
248272,Lotus,Bilibili Gaming,0.94,193.4,69.8,119.0,1.8,2.8
248272,Lotus,KIWOOM DRX,1.07,197.0,75.0,130.6,2.8,1.8
248273,Ascent,EDward Gaming,0.73,165.6,62.2,109.2,1.0,2.6
248273,Ascent,Evil Geniuses,1.35,232.6,79.0,151.8,2.6,1.0
248273,Pearl,EDward Gaming,0.73,174.8,62.2,111.2,1.0,2.6
248273,Pearl,Evil Geniuses,1.27,240.2,84.2,158.4,2.6,1.0
248273,Split,EDward Gaming,1.14,211.0,73.0,145.4,2.2,3.0
248273,Split,Evil Geniuses,0.89,188.4,65.6,125.6,3.0,2.2
248274,Lotus,LOUD,1.0,207.4,72.8,133.2,3.0,2.6
248274,Lotus,Paper Rex,0.98,206.8,74.8,133.4,2.6,3.0
248274,Pearl,LOUD,0.99,198.0,73.0,133.0,2.0,2.6
248274,Pearl,Paper Rex,1.08,207.2,72.2,133.6,2.6,2.0
248274,Split,LOUD,1.44,234.8,88.0,144.6,2.0,1.0
248274,Split,Paper Rex,0.57,143.6,58.6,100.8,1.0,2.0
248275,Fracture,Evil Geniuses,1.21,208.0,81.8,136.0,2.0,2.4
248275,Fracture,KIWOOM DRX,0.8,173.2,67.4,119.0,2.4,2.0
248275,Lotus,Evil Geniuses,1.24,228.4,80.8,145.4,1.4,2.0
248275,Lotus,KIWOOM DRX,0.74,176.8,63.6,113.6,2.0,1.4
248276,Ascent,Evil Geniuses,1.01,206.2,69.6,140.0,1.8,2.8
248276,Ascent,Paper Rex,0.99,206.8,77.4,138.2,2.8,1.8
248276,Bind,Evil Geniuses,0.89,179.6,61.6,113.0,2.6,1.8
248276,Bind,Paper Rex,1.08,203.0,71.8,129.8,1.8,2.6
248276,Pearl,Evil Geniuses,0.99,210.0,76.4,147.2,3.6,2.0
248276,Pearl,Paper Rex,1.09,219.8,73.6,149.0,2.0,3.6
248277,Ascent,Evil Geniuses,1.0,203.2,70.2,135.6,1.8,3.0
248277,Ascent,Paper Rex,1.04,205.4,69.8,137.8,3.0,1.8
248277,Bind,Evil Geniuses,1.25,222.6,80.0,147.0,1.8,1.8
248277,Bind,Paper Rex,0.79,167.2,60.2,107.8,1.8,1.8
248277,Lotus,Evil Geniuses,1.11,215.6,74.8,141.6,2.4,2.2
248277,Lotus,Paper Rex,0.91,196.0,64.6,133.4,2.2,2.4
248277,Split,Evil Geniuses,1.08,213.4,76.8,145.4,2.6,2.0
248277,Split,Paper Rex,0.96,199.2,71.4,134.4,2.0,2.6
248278,Haven,FNATIC,1.23,216.8,77.2,140.6,3.2,1.2
248278,Haven,FUT Esports,0.75,151.0,51.8,103.0,1.2,3.2
248278,Split,FNATIC,1.21,210.6,76.6,134.8,2.6,1.0
248278,Split,FUT Esports,0.73,158.8,54.4,103.6,1.0,2.6
248279,Bind,Bilibili Gaming,0.68,170.4,56.6,106.0,1.4,2.0
248279,Bind,EDward Gaming,1.23,220.8,88.0,140.8,2.0,1.4
248279,Haven,Bilibili Gaming,0.9,196.0,76.6,129.2,2.6,2.0
248279,Haven,EDward Gaming,1.1,204.4,77.2,133.6,2.0,2.6
248279,Split,Bilibili Gaming,1.07,218.6,75.0,144.8,4.0,1.6
248279,Split,EDward Gaming,0.98,203.4,64.2,137.6,1.6,4.0
248280,Bind,FNATIC,0.59,139.8,59.8,98.0,1.4,1.4
248280,Bind,KIWOOM DRX,1.39,218.6,78.8,142.2,1.4,1.4
248280,Haven,FNATIC,1.14,195.0,73.6,130.2,3.0,1.4
248280,Haven,KIWOOM DRX,0.82,163.6,56.6,104.6,1.4,3.0
248280,Split,FNATIC,1.26,226.0,80.0,133.2,2.4,1.4
248280,Split,KIWOOM DRX,0.74,162.2,58.8,110.2,1.4,2.4
248281,Ascent,EDward Gaming,0.75,163.6,55.4,116.0,0.4,3.2
248281,Ascent,LOUD,1.35,235.8,84.6,153.2,3.2,0.4
248281,Bind,EDward Gaming,1.08,215.6,74.2,139.4,3.4,1.4
248281,Bind,LOUD,0.93,206.2,63.6,139.6,1.4,3.4
248281,Haven,EDward Gaming,0.95,188.4,66.8,126.8,1.6,3.2
248281,Haven,LOUD,1.06,194.0,72.6,126.8,3.2,1.6
248282,Ascent,FNATIC,1.1,208.0,73.4,136.2,1.2,3.2
248282,Ascent,LOUD,0.87,181.8,71.8,120.8,3.2,1.2
248282,Haven,FNATIC,0.83,179.6,62.0,122.8,1.6,2.4
248282,Haven,LOUD,1.19,221.2,84.0,149.6,2.4,1.6
248282,Split,FNATIC,0.76,180.2,64.8,125.6,1.8,1.6
248282,Split,LOUD,1.25,217.8,78.6,132.0,1.6,1.8
248283,Ascent,Evil Geniuses,1.01,202.8,71.8,135.8,2.2,3.0
248283,Ascent,LOUD,1.04,208.8,74.6,133.2,3.0,2.2
248283,Bind,Evil Geniuses,0.98,206.2,79.0,131.2,2.8,1.4
248283,Bind,LOUD,1.04,214.0,79.0,132.6,1.4,2.8
248283,Lotus,Evil Geniuses,1.37,234.8,89.2,150.4,2.0,1.4
248283,Lotus,LOUD,0.66,164.8,60.0,116.2,1.4,2.0
248283,Pearl,Evil Geniuses,0.81,187.8,67.6,128.6,1.6,2.6
248283,Pearl,LOUD,1.19,225.0,78.0,148.6,2.6,1.6
248283,Split,Evil Geniuses,0.86,198.8,65.0,128.0,1.4,2.6
248283,Split,LOUD,1.17,230.8,77.0,149.2,2.6,1.4
295605,Ascent,FURIA,0.9,167.6,73.2,108.2,1.8,2.4
295605,Ascent,NRG,1.08,196.6,80.0,130.0,2.4,1.8
295605,Breeze,FURIA,0.9,188.4,63.4,121.8,1.6,3.0
295605,Breeze,NRG,1.12,209.6,78.4,142.0,3.0,1.6
295606,Bind,Cloud9,1.19,219.6,76.8,138.4,3.0,1.8
295606,Bind,MIBR,0.79,177.6,68.2,119.8,1.8,3.0
295606,Lotus,Cloud9,1.05,198.2,83.6,132.8,2.2,2.4
295606,Lotus,MIBR,1.0,197.2,78.4,130.2,2.4,2.2
295606,Split,Cloud9,0.94,194.8,68.4,125.0,1.2,3.0
295606,Split,MIBR,1.02,195.0,75.2,128.8,3.0,1.2
295607,Ascent,Cloud9,1.0,203.0,79.0,135.6,2.6,2.6
295607,Ascent,NRG,1.03,202.0,75.4,133.8,2.6,2.6
295607,Sunset,Cloud9,0.78,181.4,62.0,116.6,1.6,2.4
295607,Sunset,NRG,1.24,222.2,78.0,150.0,2.4,1.6
295608,Breeze,FURIA,0.99,191.4,63.4,134.2,2.6,2.2
295608,Breeze,MIBR,1.01,194.2,66.2,130.0,2.2,2.6
295608,Split,FURIA,0.94,185.2,70.0,119.8,2.4,2.0
295608,Split,MIBR,1.05,195.2,73.8,131.2,2.0,2.4
295609,Ascent,Cloud9,0.91,192.2,64.4,129.8,2.2,2.2
295609,Ascent,MIBR,1.17,226.8,82.0,152.6,2.2,2.2
295609,Bind,Cloud9,1.05,193.0,80.2,125.6,3.0,2.2
295609,Bind,MIBR,0.93,178.6,66.8,116.4,2.2,3.0
295610,Ascent,LOUD,1.03,177.2,78.2,115.2,2.4,2.0
295610,Ascent,Sentinels,1.01,194.2,73.8,130.0,2.0,2.4
295610,Split,LOUD,1.09,206.6,71.0,129.6,2.0,2.8
295610,Split,Sentinels,0.93,194.0,71.8,123.0,2.8,2.0
295611,Bind,100 Thieves,0.81,174.2,70.0,115.6,1.2,3.2
295611,Bind,LEVIATÁN,1.2,215.6,76.2,137.0,3.2,1.2
295611,Icebox,100 Thieves,0.86,195.6,61.6,124.2,2.2,2.6
295611,Icebox,LEVIATÁN,1.12,221.4,71.8,143.0,2.6,2.2
295611,Split,100 Thieves,1.37,242.0,92.8,163.6,2.6,0.6
295611,Split,LEVIATÁN,0.65,158.6,62.8,110.8,0.6,2.6
295612,Ascent,LEVIATÁN,0.85,183.8,66.0,126.4,0.8,3.2
295612,Ascent,LOUD,1.14,212.6,79.0,143.0,3.2,0.8
295612,Bind,LEVIATÁN,1.08,206.2,75.0,143.2,2.8,2.0
295612,Bind,LOUD,0.99,192.6,74.4,129.4,2.0,2.8
295612,Split,LEVIATÁN,0.76,173.8,69.0,113.0,1.4,3.4
295612,Split,LOUD,1.13,210.8,74.8,132.4,3.2,1.2
295613,Bind,100 Thieves,1.12,205.0,83.0,137.4,2.4,1.4
295613,Bind,Sentinels,0.92,197.2,67.4,130.2,1.4,2.4
295613,Lotus,100 Thieves,0.68,160.4,59.0,112.4,1.6,2.0
295613,Lotus,Sentinels,1.37,224.8,82.2,151.0,2.0,1.6
295613,Split,100 Thieves,0.82,175.0,64.6,112.2,1.2,3.0
295613,Split,Sentinels,1.2,219.0,78.0,151.8,3.0,1.2
295614,Bind,LEVIATÁN,0.85,180.6,67.4,117.8,1.4,3.0
295614,Bind,Sentinels,1.18,215.8,79.0,143.6,3.0,1.4
295614,Breeze,LEVIATÁN,1.17,213.8,76.8,145.6,2.0,1.8
295614,Breeze,Sentinels,0.74,171.6,70.4,109.4,1.8,2.0
295614,Split,LEVIATÁN,0.78,188.0,70.2,122.4,1.0,2.2
295614,Split,Sentinels,1.3,239.6,83.8,155.0,2.2,1.0
295615,Ascent,G2 Esports,1.01,203.0,70.0,128.4,2.4,2.4
295615,Ascent,KRÜ Esports,1.01,208.0,70.2,142.4,2.4,2.4
295615,Icebox,G2 Esports,0.89,190.6,70.0,128.4,2.0,2.4
295615,Icebox,KRÜ Esports,1.11,207.4,71.6,142.0,2.4,2.0
295615,Sunset,G2 Esports,1.24,216.2,75.6,140.4,1.4,3.0
295615,Sunset,KRÜ Esports,0.78,168.0,63.8,109.8,3.0,1.4
295617,Icebox,Evil Geniuses,1.06,203.0,67.6,131.8,2.8,2.0
295617,Icebox,G2 Esports,0.95,188.0,70.8,130.2,2.0,2.8
295617,Sunset,Evil Geniuses,1.04,203.6,70.8,134.4,3.2,2.4
295617,Sunset,G2 Esports,0.95,203.8,73.4,132.8,2.4,3.2
295619,Split,G2 Esports,1.13,208.0,78.0,142.2,2.0,2.2
295619,Split,KRÜ Esports,0.93,174.4,72.4,115.2,2.2,2.0
295619,Sunset,G2 Esports,1.18,215.2,79.8,145.8,2.2,2.0
295619,Sunset,KRÜ Esports,0.85,183.4,63.6,119.4,2.0,2.2
296730,Bind,Global Esports,0.84,178.2,62.8,118.2,1.8,2.8
296730,Bind,ZETA DIVISION,1.08,209.2,68.8,137.6,2.8,1.8
296730,Icebox,Global Esports,0.65,151.2,65.0,105.4,2.4,1.6
296730,Icebox,ZETA DIVISION,1.32,201.2,79.0,141.4,1.6,2.4
296731,Ascent,TALON,1.47,245.4,90.2,153.0,2.8,0.4
296731,Ascent,Team Secret,0.54,137.4,49.0,97.2,0.4,2.8
296731,Breeze,TALON,1.11,205.0,77.0,132.4,2.0,2.2
296731,Breeze,Team Secret,0.94,171.8,69.6,117.4,2.2,2.0
296732,Ascent,KIWOOM DRX,1.18,203.0,77.0,136.8,2.8,1.4
296732,Ascent,TALON,0.82,162.8,64.0,102.4,1.4,2.8
296732,Split,KIWOOM DRX,1.1,209.2,78.4,139.6,2.4,2.2
296732,Split,TALON,0.87,187.6,74.8,128.2,2.2,2.4
296733,Breeze,DetonatioN FocusMe,0.98,184.2,64.2,122.8,2.4,2.4
296733,Breeze,Team Secret,1.03,197.6,69.2,135.2,2.4,2.4
296733,Lotus,DetonatioN FocusMe,0.91,185.0,66.0,127.6,1.8,2.2
296733,Lotus,Team Secret,1.08,198.2,76.0,128.6,2.2,1.8
296734,Ascent,TALON,0.8,176.6,67.0,120.6,1.6,2.4
296734,Ascent,Team Secret,1.25,218.6,83.0,147.0,2.4,1.6
296734,Breeze,TALON,0.74,177.4,60.2,114.4,1.2,3.0
296734,Breeze,Team Secret,1.28,231.4,86.6,152.2,3.0,1.2
296735,Breeze,BLEED,0.85,192.6,73.0,125.6,3.8,3.0
296735,Breeze,T1,1.1,214.6,72.4,145.2,3.0,3.8
296735,Lotus,BLEED,0.86,191.8,64.2,128.8,1.6,2.2
296735,Lotus,T1,1.16,221.2,75.8,143.4,2.2,1.6
296736,Breeze,DetonatioN FocusMe,0.83,177.2,63.8,119.0,2.0,2.2
296736,Breeze,KIWOOM DRX,1.12,207.6,74.2,132.6,2.2,2.0
296736,Lotus,DetonatioN FocusMe,0.82,181.8,70.4,118.8,1.8,2.4
296736,Lotus,KIWOOM DRX,1.13,218.0,81.0,143.0,2.4,1.8
296737,Ascent,T1,0.94,192.4,72.6,120.2,2.2,2.6
296737,Ascent,ZETA DIVISION,1.08,209.4,71.2,137.8,2.6,2.2
296737,Lotus,T1,1.3,239.2,90.4,153.0,2.8,0.6
296737,Lotus,ZETA DIVISION,0.67,152.4,49.4,99.8,0.6,2.8
296737,Sunset,T1,1.11,207.6,75.0,138.0,2.2,1.8
296737,Sunset,ZETA DIVISION,0.87,183.0,64.0,121.4,1.8,2.2
296738,Icebox,BLEED,1.1,198.0,75.6,142.0,2.4,2.2
296738,Icebox,Global Esports,0.91,188.4,75.8,125.0,2.2,2.4
296738,Split,BLEED,0.88,181.4,72.0,115.0,2.4,2.6
296738,Split,Global Esports,1.07,202.4,75.8,134.8,2.4,2.2
296738,Sunset,BLEED,0.97,187.6,66.4,119.2,2.2,2.2
296738,Sunset,Global Esports,0.98,192.0,64.6,123.4,2.2,2.2
296739,Bind,Global Esports,0.73,151.2,51.4,101.4,1.8,2.4
296739,Bind,ZETA DIVISION,1.21,214.4,75.4,136.6,2.4,1.8
296739,Lotus,Global Esports,0.71,159.6,55.2,104.8,0.6,2.6
296739,Lotus,ZETA DIVISION,1.27,222.4,81.2,148.8,2.6,0.6
296745,Icebox,Gen.G,1.04,205.0,74.2,136.2,3.0,1.8
296745,Icebox,Rex Regum Qeon,0.94,193.4,69.2,124.4,1.8,3.0
296745,Split,Gen.G,1.03,213.4,75.8,136.8,3.0,1.8
296745,Split,Rex Regum Qeon,1.01,202.8,69.2,134.8,1.8,3.0
296745,Sunset,Gen.G,1.04,217.0,75.2,144.2,2.6,1.6
296745,Sunset,Rex Regum Qeon,0.95,202.0,71.2,123.6,1.6,2.6
296747,Breeze,Gen.G,1.04,214.4,66.8,139.2,2.4,2.2
296747,Breeze,Paper Rex,0.95,205.8,72.2,145.8,2.2,2.4
296747,Lotus,Gen.G,1.0,207.0,73.2,137.2,2.8,1.8
296747,Lotus,Paper Rex,1.04,203.4,69.6,139.0,1.8,2.8
296747,Sunset,Gen.G,0.71,175.4,57.0,112.4,0.8,3.2
296747,Sunset,Paper Rex,1.28,238.6,80.0,160.4,3.2,0.8
296749,Breeze,Gen.G,0.94,188.4,68.8,130.2,2.0,2.6
296749,Breeze,Rex Regum Qeon,1.02,193.6,72.2,124.6,2.6,2.0
296749,Icebox,Gen.G,1.1,211.6,79.2,132.6,3.0,1.8
296749,Icebox,Rex Regum Qeon,0.88,184.2,61.0,116.6,1.8,3.0
296749,Lotus,Gen.G,1.1,204.4,79.0,133.8,2.0,2.0
296749,Lotus,Rex Regum Qeon,0.85,178.4,65.0,114.8,2.0,2.0
297253,Ascent,Team Secret,1.21,229.2,85.6,150.2,2.6,1.6
297253,Ascent,ZETA DIVISION,0.84,194.4,68.4,123.6,1.6,2.6
297253,Icebox,Team Secret,1.39,247.0,84.6,158.4,1.8,1.0
297253,Icebox,ZETA DIVISION,0.64,175.4,60.0,118.0,1.0,1.8
297254,Breeze,Gen.G,0.73,162.4,53.4,102.6,1.0,2.6
297254,Breeze,Team Secret,1.27,233.0,77.6,151.0,2.6,1.0
297254,Icebox,Gen.G,1.03,210.8,73.4,140.0,3.0,2.6
297254,Icebox,Team Secret,0.98,193.8,71.4,135.2,2.6,3.0
297254,Lotus,Gen.G,0.95,189.4,68.2,123.8,2.4,2.0
297254,Lotus,Team Secret,1.04,197.0,70.0,130.6,2.0,2.4
297255,Ascent,Gen.G,1.31,227.0,78.6,150.4,1.8,1.6
297255,Ascent,ZETA DIVISION,0.74,166.6,63.6,111.6,1.6,1.8
297255,Icebox,Gen.G,1.29,239.6,79.0,160.4,2.2,1.6
297255,Icebox,ZETA DIVISION,0.67,168.8,59.0,107.6,1.6,2.2
297256,Ascent,Paper Rex,1.13,199.8,82.0,122.4,1.8,2.0
297256,Ascent,T1,0.89,185.0,69.4,119.0,2.0,1.8
297256,Split,Paper Rex,1.04,210.4,72.0,137.8,2.2,3.8
297256,Split,T1,0.93,203.8,76.8,129.6,3.8,2.2
297257,Bind,Gen.G,1.15,218.0,81.0,146.2,2.6,2.6
297257,Bind,KIWOOM DRX,0.91,191.0,68.4,124.8,2.6,2.6
297257,Lotus,Gen.G,1.04,201.2,75.4,138.4,1.4,2.8
297257,Lotus,KIWOOM DRX,0.96,192.6,72.2,126.0,2.8,1.4
297258,Ascent,Gen.G,1.19,226.6,76.6,152.2,2.2,1.4
297258,Ascent,Paper Rex,0.82,174.8,67.8,110.8,1.4,2.2
297258,Bind,Gen.G,1.25,224.0,89.2,148.2,2.6,0.8
297258,Bind,Paper Rex,0.78,164.8,62.6,115.0,0.8,2.6
297258,Lotus,Gen.G,1.1,212.8,79.2,140.0,2.2,2.6
297258,Lotus,Paper Rex,0.9,189.8,69.4,126.4,2.6,2.2
297258,Split,Gen.G,0.82,184.6,68.4,124.8,1.0,2.4
297258,Split,Paper Rex,1.17,223.6,77.4,144.0,2.4,1.0
297401,Bind,FUT Esports,0.98,206.6,76.4,144.4,2.2,2.4
297401,Bind,Team Heretics,1.08,206.6,73.0,139.8,2.4,2.2
297401,Lotus,FUT Esports,1.01,203.4,72.6,128.6,2.2,2.6
297401,Lotus,Team Heretics,1.01,200.8,71.0,136.6,2.6,2.2
297402,Lotus,GIANTX,0.68,160.6,56.6,109.4,1.4,2.0
297402,Lotus,Karmine Corp,1.3,223.2,82.0,150.8,2.0,1.4
297402,Split,GIANTX,0.99,194.2,71.0,124.8,2.0,2.8
297402,Split,Karmine Corp,1.0,200.2,70.0,127.6,2.8,2.0
297402,Sunset,GIANTX,1.05,203.2,71.4,130.8,2.4,2.2
297402,Sunset,Karmine Corp,0.99,193.8,69.6,130.4,2.2,2.4
297403,Lotus,Karmine Corp,0.69,147.4,57.8,98.6,0.6,2.8
297403,Lotus,Team Heretics,1.34,226.8,82.0,158.4,2.8,0.6
297403,Split,Karmine Corp,0.75,174.2,75.4,117.6,1.6,1.8
297403,Split,Team Heretics,1.27,240.4,85.6,147.2,1.8,1.6
297404,Icebox,FUT Esports,0.94,193.6,73.4,128.2,2.0,2.2
297404,Icebox,GIANTX,1.09,220.0,75.2,156.4,2.2,2.0
297404,Split,FUT Esports,1.14,211.0,79.0,135.4,2.4,1.4
297404,Split,GIANTX,0.82,180.8,69.4,113.2,1.4,2.4
297404,Sunset,FUT Esports,1.29,230.8,82.0,145.0,2.4,1.6
297404,Sunset,GIANTX,0.73,158.6,54.0,104.2,1.6,2.4
297405,Bind,FUT Esports,1.26,224.6,83.2,147.4,1.6,1.8
297405,Bind,Karmine Corp,0.74,164.4,65.0,109.4,1.8,1.6
297405,Lotus,FUT Esports,0.94,192.6,69.0,131.0,3.6,4.0
297405,Lotus,Karmine Corp,1.07,219.6,82.4,146.8,4.0,3.6
297405,Sunset,FUT Esports,0.93,210.8,68.0,143.8,1.6,2.4
297405,Sunset,Karmine Corp,1.13,222.6,72.0,150.2,2.4,1.6
297406,Ascent,BBL Esports,0.8,179.6,68.2,120.2,1.8,2.0
297406,Ascent,Natus Vincere,1.24,225.6,76.8,145.6,2.0,1.8
297406,Bind,BBL Esports,1.04,210.6,76.0,134.0,2.4,1.8
297406,Bind,Natus Vincere,0.99,213.6,75.2,150.0,1.8,2.4
297406,Breeze,BBL Esports,0.84,176.6,64.0,116.2,1.8,2.0
297406,Breeze,Natus Vincere,1.2,226.8,78.0,155.6,2.0,1.8
297407,Bind,Movistar KOI,0.95,192.2,64.2,123.4,2.8,2.0
297407,Bind,Team Liquid,1.04,207.0,75.8,142.6,2.0,2.8
297407,Icebox,Movistar KOI,0.89,192.4,72.2,128.8,2.4,2.2
297407,Icebox,Team Liquid,1.07,204.2,78.2,138.0,2.2,2.4
297408,Breeze,Natus Vincere,1.08,205.0,64.0,136.6,1.8,2.2
297408,Breeze,Team Liquid,0.87,183.6,66.0,120.6,2.2,1.8
297408,Split,Natus Vincere,1.13,212.0,73.0,136.6,1.6,2.4
297408,Split,Team Liquid,0.86,184.8,67.0,129.6,2.4,1.6
297409,Bind,BBL Esports,0.79,176.8,63.4,116.4,1.6,2.0
297409,Bind,Movistar KOI,1.22,211.2,80.0,138.6,2.0,1.6
297409,Split,BBL Esports,0.85,185.0,69.8,122.0,1.8,2.8
297409,Split,Movistar KOI,1.15,211.8,81.8,137.0,2.8,1.8
297410,Icebox,Movistar KOI,0.97,197.8,65.2,135.2,1.8,3.4
297410,Icebox,Team Liquid,1.04,209.4,73.8,141.0,3.4,1.8
297410,Split,Movistar KOI,1.07,200.2,71.6,131.6,1.6,3.0
297410,Split,Team Liquid,0.91,198.0,73.0,132.2,3.0,1.6
297410,Sunset,Movistar KOI,1.05,186.0,72.6,119.8,2.6,2.2
297410,Sunset,Team Liquid,0.87,169.6,64.4,115.2,2.2,2.6
297412,Lotus,Gentle Mates,0.76,162.6,61.0,109.6,1.2,2.8
297412,Lotus,Team Vitality,1.23,214.8,79.0,140.8,2.8,1.2
297412,Sunset,Gentle Mates,0.91,181.2,75.8,116.6,2.6,2.0
297412,Sunset,Team Vitality,1.05,190.8,72.4,133.6,2.0,2.6
297414,Ascent,FNATIC,1.3,235.2,83.2,153.6,2.4,1.2
297414,Ascent,Team Vitality,0.7,159.6,58.8,104.4,1.2,2.4
297414,Lotus,FNATIC,1.02,206.2,70.8,133.0,3.0,2.2
297414,Lotus,Team Vitality,0.95,191.8,67.0,123.6,2.2,3.0
297416,Breeze,Gentle Mates,1.16,226.2,73.0,151.8,2.2,1.2
297416,Breeze,Team Vitality,0.84,185.8,63.4,123.4,1.2,2.2
297416,Lotus,Gentle Mates,0.94,200.0,72.8,135.0,2.6,3.0
297416,Lotus,Team Vitality,1.08,207.0,67.0,136.2,3.0,2.6
297416,Sunset,Gentle Mates,0.88,179.6,69.0,114.0,1.8,1.4
297416,Sunset,Team Vitality,0.99,181.8,73.8,115.2,1.4,1.8
298687,Ascent,TYLOO,,194.2,,,,
298687,Ascent,Trace Esports,,232.4,,,,
298687,Sunset,TYLOO,,173.6,,,,
298687,Sunset,Trace Esports,,246.8,,,,
298688,Lotus,FunPlus Phoenix,,220.4,,,,
298688,Lotus,Nova Esports,,172.2,,,,
298688,Sunset,FunPlus Phoenix,,207.0,,,,
298688,Sunset,Nova Esports,,195.8,,,,
298689,Bind,FunPlus Phoenix,,199.4,,,,
298689,Bind,Trace Esports,,197.0,,,,
298689,Lotus,FunPlus Phoenix,,202.8,,,,
298689,Lotus,Trace Esports,,205.2,,,,
298689,Sunset,FunPlus Phoenix,,203.4,,,,
298689,Sunset,Trace Esports,,200.2,,,,
298690,Ascent,Nova Esports,,207.4,,,,
298690,Ascent,TYLOO,,210.4,,,,
298690,Split,Nova Esports,,202.8,,,,
298690,Split,TYLOO,,201.6,,,,
298691,Lotus,Nova Esports,,156.2,,,,
298691,Lotus,Trace Esports,,230.0,,,,
298691,Split,Nova Esports,,173.0,,,,
298691,Split,Trace Esports,,234.6,,,,
298692,Bind,JDG Esports,,211.2,,,,
298692,Bind,Titan Esports Club,,212.6,,,,
298692,Lotus,JDG Esports,,183.8,,,,
298692,Lotus,Titan Esports Club,,203.2,,,,
298693,Ascent,All Gamers,,185.4,,,,
298693,Ascent,Dragon Ranger Gaming,,234.6,,,,
298693,Sunset,All Gamers,,198.6,,,,
298693,Sunset,Dragon Ranger Gaming,,203.6,,,,
298694,Bind,Dragon Ranger Gaming,,211.2,,,,
298694,Bind,Titan Esports Club,,189.2,,,,
298694,Icebox,Dragon Ranger Gaming,,220.0,,,,
298694,Icebox,Titan Esports Club,,202.6,,,,
298694,Split,Dragon Ranger Gaming,,184.2,,,,
298694,Split,Titan Esports Club,,228.6,,,,
298695,Icebox,All Gamers,,218.2,,,,
298695,Icebox,JDG Esports,,204.6,,,,
298695,Sunset,All Gamers,,162.4,,,,
298695,Sunset,JDG Esports,,213.0,,,,
298696,Bind,JDG Esports,,223.4,,,,
298696,Bind,Titan Esports Club,,173.6,,,,
298696,Icebox,JDG Esports,,204.4,,,,
298696,Icebox,Titan Esports Club,,183.8,,,,
298696,Lotus,JDG Esports,,181.4,,,,
298696,Lotus,Titan Esports Club,,198.2,,,,
298697,Ascent,Bilibili Gaming,,159.6,,,,
298697,Ascent,Wolves Esports,,199.0,,,,
298697,Icebox,Bilibili Gaming,,194.4,,,,
298697,Icebox,Wolves Esports,,198.2,,,,
298698,Ascent,EDward Gaming,,204.2,,,,
298698,Ascent,Wolves Esports,,216.4,,,,
298698,Bind,EDward Gaming,,200.4,,,,
298698,Bind,Wolves Esports,,195.0,,,,
298698,Breeze,EDward Gaming,,199.6,,,,
298698,Breeze,Wolves Esports,,202.6,,,,
298699,Icebox,Bilibili Gaming,,208.2,,,,
298699,Icebox,Wolves Esports,,198.6,,,,
298699,Sunset,Bilibili Gaming,,208.8,,,,
298699,Sunset,Wolves Esports,,191.0,,,,
298830,Breeze,Titan Esports Club,,208.2,,,,
298830,Breeze,Trace Esports,,209.6,,,,
298830,Lotus,Titan Esports Club,,184.8,,,,
298830,Lotus,Trace Esports,,221.0,,,,
298830,Split,Titan Esports Club,,180.2,,,,
298830,Split,Trace Esports,,223.0,,,,
298831,Ascent,Bilibili Gaming,,223.6,,,,
298831,Ascent,Titan Esports Club,,197.8,,,,
298831,Lotus,Bilibili Gaming,,233.0,,,,
298831,Lotus,Titan Esports Club,,166.6,,,,
298832,Bind,Bilibili Gaming,,188.2,,,,
298832,Bind,Trace Esports,,197.8,,,,
298832,Lotus,Bilibili Gaming,,217.0,,,,
298832,Lotus,Trace Esports,,188.8,,,,
298832,Sunset,Bilibili Gaming,,192.8,,,,
298832,Sunset,Trace Esports,,211.6,,,,
298833,Ascent,Dragon Ranger Gaming,,186.4,,,,
298833,Ascent,FunPlus Phoenix,,202.8,,,,
298833,Breeze,Dragon Ranger Gaming,,164.0,,,,
298833,Breeze,FunPlus Phoenix,,225.8,,,,
298834,Bind,EDward Gaming,,221.4,,,,
298834,Bind,Trace Esports,,194.4,,,,
298834,Sunset,EDward Gaming,,200.4,,,,
298834,Sunset,Trace Esports,,186.2,,,,
298835,Ascent,EDward Gaming,,209.4,,,,
298835,Ascent,FunPlus Phoenix,,186.0,,,,
298835,Breeze,EDward Gaming,,208.8,,,,
298835,Breeze,FunPlus Phoenix,,200.8,,,,
298835,Icebox,EDward Gaming,,197.6,,,,
298835,Icebox,FunPlus Phoenix,,207.8,,,,
298835,Split,EDward Gaming,,217.2,,,,
298835,Split,FunPlus Phoenix,,194.0,,,,
303086,Bind,LOUD,1.15,212.0,72.4,131.4,2.8,1.4
303086,Bind,Sentinels,0.9,196.2,67.4,129.8,1.4,2.8
303086,Icebox,LOUD,1.12,201.8,75.0,138.2,2.4,2.4
303086,Icebox,Sentinels,0.88,182.4,71.8,114.8,2.4,2.4
303086,Lotus,LOUD,0.93,215.6,71.8,138.6,1.6,1.8
303086,Lotus,Sentinels,1.1,237.2,86.8,155.6,1.8,1.6
303086,Split,LOUD,0.69,143.8,55.0,97.4,1.2,2.0
303086,Split,Sentinels,1.3,219.4,84.0,143.6,2.0,1.2
303086,Sunset,LOUD,0.8,187.2,68.2,131.4,1.8,2.6
303086,Sunset,Sentinels,1.19,232.6,76.2,153.6,2.6,1.8
303087,Ascent,Evil Geniuses,1.29,229.6,81.0,150.6,2.4,1.6
303087,Ascent,LOUD,0.75,174.0,65.0,115.2,1.6,2.4
303087,Icebox,Evil Geniuses,0.8,180.4,60.0,117.4,1.6,2.4
303087,Icebox,LOUD,1.17,212.2,84.0,138.2,2.4,1.6
303087,Sunset,Evil Geniuses,0.71,164.4,55.8,113.4,1.2,2.4
303087,Sunset,LOUD,1.25,226.4,80.0,143.4,2.4,1.2
303088,Ascent,NRG,1.03,203.2,77.0,129.6,2.0,2.2
303088,Ascent,Sentinels,0.92,186.8,68.4,120.4,2.2,2.0
303088,Split,NRG,0.76,189.2,63.0,126.0,0.6,2.6
303088,Split,Sentinels,1.29,238.8,78.8,150.4,2.6,0.6
303088,Sunset,NRG,0.85,174.2,68.8,111.2,2.2,3.8
303088,Sunset,Sentinels,1.19,213.0,76.6,145.2,3.8,2.2
303093,Breeze,Natus Vincere,0.66,152.0,58.8,103.0,0.8,2.6
303093,Breeze,Team Heretics,1.35,235.6,84.4,157.6,2.6,0.8
303093,Sunset,Natus Vincere,0.95,199.4,66.6,128.8,3.0,3.0
303093,Sunset,Team Heretics,1.06,204.6,74.8,133.0,3.0,3.0
303094,Lotus,FNATIC,0.9,190.2,71.2,123.2,2.6,1.8
303094,Lotus,Karmine Corp,1.1,191.8,73.2,130.8,1.8,2.6
303094,Split,FNATIC,0.88,183.6,64.8,127.2,1.6,2.6
303094,Split,Karmine Corp,1.13,205.6,78.0,135.6,2.6,1.6
303095,Icebox,Karmine Corp,1.2,233.8,83.0,159.0,2.6,1.4
303095,Icebox,Team Heretics,0.78,188.0,63.0,119.6,1.4,2.6
303095,Lotus,Karmine Corp,1.29,232.0,79.0,152.4,2.0,2.0
303095,Lotus,Team Heretics,0.76,180.6,58.0,126.6,2.0,2.0
303095,Split,Karmine Corp,1.2,220.6,76.6,141.2,1.8,1.8
303095,Split,Team Heretics,0.81,170.0,56.8,112.6,1.8,1.8
303095,Sunset,Karmine Corp,0.93,187.0,67.4,121.6,1.6,2.8
303095,Sunset,Team Heretics,1.14,219.4,77.2,149.6,2.8,1.6
307564,Bind,KOI,0.81,163.0,62.0,104.0,1.2,2.8
307564,Bind,Karmine Corp,1.12,198.8,75.0,129.2,2.8,1.2
307564,Sunset,KOI,0.63,167.4,61.4,115.0,1.2,2.2
307564,Sunset,Karmine Corp,1.35,239.0,85.8,154.4,2.2,1.2
307565,Breeze,KOI,0.76,165.2,56.8,108.6,1.6,2.2
307565,Breeze,Team Vitality,1.2,207.8,70.4,137.4,2.2,1.6
307565,Sunset,KOI,0.89,161.8,70.2,105.0,1.8,2.4
307565,Sunset,Team Vitality,1.04,183.0,73.6,114.8,2.6,2.0
307567,Ascent,Karmine Corp,0.99,195.8,70.4,136.4,2.8,2.8
307567,Ascent,Team Vitality,1.07,213.2,71.6,144.8,2.8,2.8
307567,Sunset,Karmine Corp,1.09,214.0,75.0,137.2,2.8,1.4
307567,Sunset,Team Vitality,0.88,184.2,69.2,117.0,1.4,2.8
307572,Ascent,MIBR,0.77,169.0,60.2,113.8,1.4,2.4
307572,Ascent,Sentinels,1.19,223.8,79.0,146.0,2.4,1.4
307572,Split,MIBR,0.85,190.6,65.0,122.6,1.6,2.4
307572,Split,Sentinels,1.21,217.4,78.0,140.6,2.4,1.6
307573,Breeze,G2 Esports,0.83,185.6,64.6,119.4,2.0,2.6
307573,Breeze,MIBR,1.15,211.6,77.6,141.6,2.6,2.0
307573,Split,G2 Esports,1.02,193.8,73.6,133.2,3.6,2.0
307573,Split,MIBR,0.93,192.0,67.2,127.4,2.0,3.6
307573,Sunset,G2 Esports,0.94,190.6,70.8,130.8,1.8,2.6
307573,Sunset,MIBR,1.07,210.2,76.4,140.6,2.6,1.8
307574,Breeze,G2 Esports,1.15,220.4,75.6,148.0,2.8,1.6
307574,Breeze,Sentinels,0.85,181.0,56.6,127.6,1.6,2.8
307574,Split,G2 Esports,1.0,177.6,64.8,110.2,2.4,2.0
307574,Split,Sentinels,0.99,182.6,67.6,120.6,2.0,2.4
307574,Sunset,G2 Esports,0.86,186.8,75.2,120.8,1.8,2.4
307574,Sunset,Sentinels,1.17,220.4,82.0,142.4,2.4,1.8
312765,Icebox,FunPlus Phoenix,0.9,200.6,69.4,136.0,2.8,1.4
312765,Icebox,Karmine Corp,1.12,215.4,73.4,149.4,1.4,2.8
312765,Lotus,FunPlus Phoenix,0.89,193.4,68.8,131.6,2.6,2.0
312765,Lotus,Karmine Corp,1.15,217.6,73.2,146.6,2.0,2.6
312766,Ascent,Gen.G,1.17,214.2,75.4,140.0,2.2,1.4
312766,Ascent,LOUD,0.8,170.8,68.0,109.8,1.4,2.2
312766,Breeze,Gen.G,0.81,172.8,60.2,111.0,1.8,2.4
312766,Breeze,LOUD,1.21,217.6,77.2,149.0,2.4,1.8
312766,Icebox,Gen.G,0.98,191.4,62.6,131.8,2.8,1.8
312766,Icebox,LOUD,1.03,206.8,71.6,141.8,2.0,3.0
312767,Bind,EDward Gaming,1.1,203.8,73.6,139.0,2.6,1.6
312767,Bind,Paper Rex,0.89,191.6,67.2,125.6,1.8,2.8
312767,Split,EDward Gaming,1.19,229.8,78.0,154.2,3.6,0.8
312767,Split,Paper Rex,0.81,181.8,54.4,120.2,0.8,3.6
312767,Sunset,EDward Gaming,0.92,181.0,65.6,121.2,1.8,2.4
312767,Sunset,Paper Rex,1.1,215.8,84.8,135.6,2.4,1.8
312768,Bind,Sentinels,1.1,207.8,73.4,137.2,2.6,2.2
312768,Bind,Team Heretics,0.94,188.8,71.8,117.8,2.2,2.6
312768,Lotus,Sentinels,1.14,225.8,75.6,147.8,2.4,2.0
312768,Lotus,Team Heretics,0.89,195.0,72.8,126.0,2.0,2.4
312768,Sunset,Sentinels,0.74,171.2,61.2,113.0,1.0,2.6
312768,Sunset,Team Heretics,1.26,232.4,88.8,150.2,2.6,1.0
312776,Icebox,LOUD,1.14,213.6,77.0,142.4,3.8,1.4
312776,Icebox,Sentinels,0.83,179.2,62.2,117.4,1.4,3.8
312776,Split,LOUD,0.81,185.2,64.8,126.4,0.4,3.0
312776,Split,Sentinels,1.25,233.0,85.6,143.6,3.0,0.4
312776,Sunset,LOUD,1.13,216.0,75.6,146.0,3.0,2.2
312776,Sunset,Sentinels,0.88,196.6,65.2,135.4,2.2,3.0
312777,Lotus,Gen.G,1.08,220.6,81.8,149.0,2.6,1.8
312777,Lotus,Paper Rex,0.91,198.2,67.4,135.0,1.8,2.6
312777,Split,Gen.G,1.11,208.0,76.2,143.0,2.8,1.4
312777,Split,Paper Rex,0.98,186.6,70.6,126.2,1.4,2.8
312778,Breeze,Gen.G,1.33,229.2,86.6,161.6,2.0,1.2
312778,Breeze,Sentinels,0.73,156.0,67.6,103.0,1.2,2.0
312778,Lotus,Gen.G,0.83,174.2,68.0,121.6,1.8,2.2
312778,Lotus,Sentinels,1.17,211.2,79.0,135.2,2.2,1.8
312778,Split,Gen.G,1.04,195.6,67.8,122.8,2.0,1.6
312778,Split,Sentinels,0.91,196.8,66.8,122.6,1.6,2.0
312779,Ascent,Gen.G,1.07,207.6,79.0,136.0,2.2,2.0
312779,Ascent,Sentinels,0.96,194.4,72.2,131.0,2.0,2.2
312779,Bind,Gen.G,1.0,193.6,70.0,129.6,2.0,3.2
312779,Bind,Sentinels,1.07,199.0,77.8,128.8,3.2,2.0
312779,Breeze,Gen.G,1.01,198.4,66.6,136.6,1.2,3.0
312779,Breeze,Sentinels,0.95,196.8,68.6,121.0,3.0,1.2
312779,Icebox,Gen.G,0.76,184.4,67.4,124.2,1.6,2.2
312779,Icebox,Sentinels,1.24,224.2,87.2,148.8,2.2,1.6
312779,Split,Gen.G,0.83,186.8,62.8,118.4,2.0,2.4
312779,Split,Sentinels,1.2,224.4,83.6,149.0,2.6,2.2
312780,Ascent,LOUD,0.97,188.8,67.6,129.4,1.6,3.2
312780,Ascent,Paper Rex,1.04,200.2,71.6,129.8,3.2,1.6
312780,Sunset,LOUD,0.91,198.4,67.6,127.8,1.6,2.6
312780,Sunset,Paper Rex,1.1,215.6,73.4,138.4,2.6,1.6
312781,Ascent,Paper Rex,0.74,160.8,56.8,104.6,1.4,2.4
312781,Ascent,Sentinels,1.28,219.8,76.8,139.6,2.4,1.4
312781,Lotus,Paper Rex,0.8,181.6,55.4,117.4,2.0,3.2
312781,Lotus,Sentinels,1.19,227.0,80.2,145.8,3.2,2.0
312781,Split,Paper Rex,1.29,235.0,84.4,146.4,2.8,0.8
312781,Split,Sentinels,0.73,187.6,64.6,121.4,0.8,2.8
312781,Sunset,Paper Rex,0.66,161.4,54.0,111.4,0.8,2.4
312781,Sunset,Sentinels,1.37,250.6,90.2,152.6,2.4,0.8
312797,Breeze,EDward Gaming,0.78,163.2,65.4,110.4,1.6,2.2
312797,Breeze,Gen.G,1.17,215.2,77.8,142.6,2.2,1.6
312797,Icebox,EDward Gaming,1.2,227.0,84.8,155.0,2.4,1.8
312797,Icebox,Gen.G,0.81,183.6,65.8,126.0,1.8,2.4
312797,Split,EDward Gaming,0.78,189.8,67.8,122.4,1.2,2.4
312797,Split,Gen.G,1.22,237.4,82.0,147.6,2.4,1.2
312798,Lotus,Karmine Corp,0.92,174.4,66.0,114.6,2.6,2.2
312798,Lotus,Sentinels,1.05,199.4,78.4,128.6,2.2,2.6
312798,Split,Karmine Corp,0.76,150.6,65.8,95.6,2.0,2.2
312798,Split,Sentinels,1.21,210.6,82.6,130.8,2.2,2.0
312799,Lotus,Paper Rex,0.84,180.4,63.4,119.6,2.0,2.6
312799,Lotus,Team Heretics,1.18,215.6,75.0,140.2,2.6,2.0
312799,Split,Paper Rex,1.18,209.4,76.0,126.6,2.2,1.8
312799,Split,Team Heretics,0.83,169.2,59.0,113.4,1.8,2.2
312799,Sunset,Paper Rex,1.05,209.8,76.4,138.4,2.4,2.2
312799,Sunset,Team Heretics,0.98,204.2,74.0,141.2,2.2,2.4
312800,Breeze,FunPlus Phoenix,0.93,190.0,63.6,130.8,2.8,2.0
312800,Breeze,LOUD,1.07,206.2,75.0,132.0,2.0,2.8
312800,Sunset,FunPlus Phoenix,0.64,157.0,53.4,104.6,1.6,2.0
312800,Sunset,LOUD,1.33,234.8,78.6,154.8,2.0,1.6
312802,Ascent,Karmine Corp,1.03,199.2,77.2,123.0,2.6,2.6
312802,Ascent,Paper Rex,1.02,196.8,67.8,132.6,2.6,2.6
312802,Bind,Karmine Corp,0.97,193.2,68.6,130.2,2.0,2.6
312802,Bind,Paper Rex,1.04,204.4,75.0,135.6,2.6,2.0
312802,Lotus,Karmine Corp,1.16,210.6,80.2,138.4,2.4,1.4
312802,Lotus,Paper Rex,0.78,181.8,60.0,117.2,1.4,2.4
312803,Icebox,EDward Gaming,0.72,164.8,53.4,113.6,1.0,2.0
312803,Icebox,LOUD,1.28,223.6,82.4,159.0,2.0,1.0
312803,Sunset,EDward Gaming,0.58,145.8,50.2,102.8,0.8,2.4
312803,Sunset,LOUD,1.41,226.2,83.8,154.4,2.4,0.8
314301,Ascent,Global Esports,0.93,196.2,62.0,134.6,1.8,2.4
314301,Ascent,ZETA DIVISION,1.09,204.0,72.4,136.2,2.4,1.8
314301,Icebox,Global Esports,1.01,209.8,70.8,138.2,2.8,1.8
314301,Icebox,ZETA DIVISION,1.0,205.8,67.2,140.8,1.8,2.8
314301,Sunset,Global Esports,0.54,160.4,58.4,117.8,1.2,1.6
314301,Sunset,ZETA DIVISION,1.46,247.0,91.6,164.4,1.6,1.2
314302,Lotus,KIWOOM DRX,1.2,219.4,76.0,143.2,2.0,2.2
314302,Lotus,Team Secret,0.82,189.4,64.8,121.6,2.2,2.0
314302,Sunset,KIWOOM DRX,1.17,212.2,77.0,135.0,1.8,2.4
314302,Sunset,Team Secret,0.83,178.6,67.6,115.4,2.4,1.8
314303,Bind,BLEED,0.84,183.0,70.0,122.6,2.0,2.0
314303,Bind,TALON,1.11,215.2,75.0,140.2,2.0,2.0
314303,Icebox,BLEED,0.78,157.0,66.4,102.0,1.6,2.2
314303,Icebox,TALON,1.18,202.4,79.0,130.2,2.2,1.6
314303,Lotus,BLEED,1.12,194.4,79.0,127.6,2.6,2.0
314303,Lotus,TALON,0.81,172.2,64.8,117.0,1.8,2.4
314304,Bind,Paper Rex,1.09,209.8,84.8,132.4,3.0,2.2
314304,Bind,T1,0.93,186.6,76.2,126.8,2.2,3.0
314304,Lotus,Paper Rex,1.08,216.6,74.0,141.4,2.8,1.8
314304,Lotus,T1,0.92,195.0,68.2,124.8,1.8,2.8
314305,Breeze,Rex Regum Qeon,1.08,212.6,77.4,142.6,2.0,2.6
314305,Breeze,Team Secret,0.92,187.4,73.0,117.4,2.6,2.0
314305,Icebox,Rex Regum Qeon,1.0,196.4,67.0,127.8,2.0,3.2
314305,Icebox,Team Secret,1.0,203.0,73.0,138.2,3.2,2.0
314305,Split,Rex Regum Qeon,0.78,185.8,71.6,123.6,2.0,1.8
314305,Split,Team Secret,1.26,223.2,80.0,148.0,1.8,2.0
314306,Ascent,Global Esports,0.91,178.6,69.6,115.6,2.0,2.2
314306,Ascent,KIWOOM DRX,1.12,195.2,84.6,141.2,2.2,2.0
314306,Lotus,Global Esports,0.77,184.0,65.4,117.4,2.2,1.6
314306,Lotus,KIWOOM DRX,1.19,213.0,79.0,137.4,1.6,2.2
314307,Ascent,Gen.G,1.15,192.2,69.4,122.0,2.0,2.2
314307,Ascent,TALON,0.83,164.6,60.0,102.2,2.2,2.0
314307,Lotus,Gen.G,1.11,214.4,82.6,136.0,2.6,1.8
314307,Lotus,TALON,0.87,170.6,63.6,111.0,1.8,2.6
314308,Ascent,DetonatioN FocusMe,1.15,212.4,79.0,139.0,2.2,2.4
314308,Ascent,T1,0.88,179.6,69.8,120.8,2.4,2.2
314308,Lotus,DetonatioN FocusMe,0.84,190.0,64.6,126.6,1.0,2.6
314308,Lotus,T1,1.19,219.8,76.6,143.6,2.6,1.0
314308,Sunset,DetonatioN FocusMe,1.08,192.2,84.4,129.6,2.2,2.6
314308,Sunset,T1,0.96,179.2,71.0,117.4,2.6,2.2
314309,Bind,Gen.G,0.81,176.2,63.4,117.2,1.6,2.2
314309,Bind,Paper Rex,1.2,220.6,77.8,144.2,2.2,1.6
314309,Icebox,Gen.G,0.94,199.4,66.6,132.8,1.6,3.2
314309,Icebox,Paper Rex,1.08,202.6,79.2,140.4,3.2,1.6
314309,Lotus,Gen.G,0.93,192.0,74.2,125.4,2.4,2.4
314309,Lotus,Paper Rex,1.1,215.8,81.0,144.0,2.4,2.4
314310,Bind,KIWOOM DRX,1.22,226.0,86.4,141.8,2.4,1.4
314310,Bind,T1,0.79,153.4,61.0,100.6,1.4,2.4
314310,Breeze,KIWOOM DRX,1.0,195.8,76.2,129.0,2.0,2.4
314310,Breeze,T1,0.99,200.0,70.0,134.2,2.4,2.0
314310,Split,KIWOOM DRX,1.34,234.4,85.4,150.0,2.8,0.8
314310,Split,T1,0.64,141.8,55.4,87.8,0.8,2.8
314311,Icebox,Team Secret,1.12,224.6,79.0,144.6,2.8,1.4
314311,Icebox,ZETA DIVISION,0.94,204.0,68.4,130.6,1.4,2.8
314311,Lotus,Team Secret,0.75,173.0,56.8,112.8,1.6,2.2
314311,Lotus,ZETA DIVISION,1.25,236.8,87.4,155.0,2.2,1.6
314311,Sunset,Team Secret,1.18,209.2,71.0,146.2,2.0,2.0
314311,Sunset,ZETA DIVISION,0.89,191.4,72.0,125.0,2.0,2.0
314312,Icebox,BLEED,0.77,177.4,65.4,115.6,1.8,1.8
314312,Icebox,Rex Regum Qeon,1.19,226.0,81.2,147.4,1.8,1.8
314312,Lotus,BLEED,0.6,153.4,58.8,104.8,0.8,2.2
314312,Lotus,Rex Regum Qeon,1.31,218.6,88.0,146.2,2.2,0.8
314313,Lotus,DetonatioN FocusMe,0.82,172.0,58.0,111.6,1.4,2.6
314313,Lotus,Gen.G,1.13,206.6,76.0,132.8,2.6,1.4
314313,Split,DetonatioN FocusMe,0.82,154.8,65.8,95.2,1.8,2.6
314313,Split,Gen.G,1.11,186.8,81.0,121.4,2.4,1.6
314314,Breeze,Global Esports,0.97,198.8,70.6,128.2,2.8,2.4
314314,Breeze,TALON,1.02,212.4,70.8,145.6,2.4,2.8
314314,Icebox,Global Esports,1.27,226.4,82.2,141.4,1.0,2.4
314314,Icebox,TALON,0.65,165.4,55.2,115.4,2.4,1.0
314314,Lotus,Global Esports,0.79,155.6,68.4,109.0,1.8,2.0
314314,Lotus,TALON,1.12,187.6,72.8,120.0,2.0,1.8
314315,Ascent,Rex Regum Qeon,0.72,149.4,61.0,96.0,1.2,2.6
314315,Ascent,T1,1.25,205.4,81.0,139.8,2.6,1.2
314315,Lotus,Rex Regum Qeon,0.88,198.6,66.6,134.4,2.0,2.2
314315,Lotus,T1,1.11,210.8,78.0,140.2,2.2,2.0
314316,Ascent,BLEED,1.15,222.6,78.2,142.2,3.0,1.4
314316,Ascent,ZETA DIVISION,0.87,184.4,61.0,118.2,1.4,3.0
314316,Lotus,BLEED,0.93,182.4,75.4,115.8,1.2,3.0
314316,Lotus,ZETA DIVISION,1.07,198.2,79.0,124.4,3.0,1.2
314316,Sunset,BLEED,0.93,188.6,70.2,121.0,1.8,2.6
314316,Sunset,ZETA DIVISION,1.04,206.2,75.4,138.2,2.6,1.8
314317,Ascent,Gen.G,1.06,197.4,73.4,138.6,2.4,2.0
314317,Ascent,KIWOOM DRX,0.94,187.2,76.4,122.4,2.0,2.4
314317,Bind,Gen.G,0.89,190.2,69.8,122.0,2.0,2.6
314317,Bind,KIWOOM DRX,1.17,213.2,78.4,142.4,2.6,2.0
314317,Split,Gen.G,0.74,154.6,61.0,100.8,1.6,2.4
314317,Split,KIWOOM DRX,1.18,200.4,78.0,131.0,2.4,1.6
314318,Ascent,BLEED,1.35,218.4,84.4,140.0,2.2,1.2
314318,Ascent,DetonatioN FocusMe,0.65,139.8,62.2,91.4,1.2,2.2
314318,Lotus,BLEED,0.94,187.4,72.0,120.6,2.2,2.2
314318,Lotus,DetonatioN FocusMe,1.03,185.0,70.8,128.2,2.2,2.2
314318,Split,BLEED,1.1,199.0,79.0,136.0,1.8,2.2
314318,Split,DetonatioN FocusMe,0.91,176.4,76.0,116.4,2.2,1.8
314319,Icebox,Global Esports,1.06,204.2,70.6,133.6,1.6,1.8
314319,Icebox,Rex Regum Qeon,0.89,193.6,62.4,123.4,1.8,1.6
314319,Lotus,Global Esports,1.15,201.6,73.0,129.6,3.2,1.4
314319,Lotus,Rex Regum Qeon,0.8,155.6,61.8,106.4,1.4,3.2
314320,Icebox,Paper Rex,0.84,183.6,68.2,124.2,1.8,2.6
314320,Icebox,Team Secret,1.17,224.2,79.8,147.6,2.6,1.8
314320,Sunset,Paper Rex,0.86,190.8,69.6,128.0,1.0,3.4
314320,Sunset,Team Secret,1.15,229.0,84.8,144.4,3.2,0.8
314321,Bind,T1,0.9,188.0,71.4,120.4,1.4,3.2
314321,Bind,TALON,1.11,204.4,75.6,138.0,3.2,1.4
314321,Lotus,T1,0.97,183.8,75.0,120.0,3.0,1.8
314321,Lotus,TALON,1.01,191.6,67.6,124.4,1.8,3.0
314322,Ascent,Gen.G,1.06,202.0,65.6,136.0,2.8,2.4
314322,Ascent,ZETA DIVISION,0.97,193.0,67.0,126.4,2.4,2.8
314322,Split,Gen.G,1.13,205.2,74.0,132.0,1.6,2.6
314322,Split,ZETA DIVISION,0.87,164.2,64.8,114.6,2.6,1.6
314323,Breeze,DetonatioN FocusMe,1.08,211.4,72.6,133.6,2.6,1.8
314323,Breeze,Team Secret,0.95,196.4,67.4,129.2,1.8,2.6
314323,Lotus,DetonatioN FocusMe,0.8,189.6,69.4,116.0,1.6,1.8
314323,Lotus,Team Secret,1.2,222.2,82.2,142.8,1.8,1.6
314323,Sunset,DetonatioN FocusMe,0.5,142.4,60.0,95.6,1.0,2.0
314323,Sunset,Team Secret,1.55,256.8,92.0,175.8,2.0,1.0
314324,Icebox,Global Esports,0.93,208.2,75.0,145.6,2.2,1.8
314324,Icebox,Paper Rex,1.15,227.4,82.0,144.6,1.8,2.2
314324,Sunset,Global Esports,0.78,173.0,56.6,113.4,1.6,1.8
314324,Sunset,Paper Rex,1.26,215.6,79.8,147.6,1.8,1.6
314325,Ascent,BLEED,0.79,179.4,64.2,120.4,1.0,2.6
314325,Ascent,Paper Rex,1.16,216.2,87.6,136.4,2.6,1.0
314325,Bind,BLEED,0.76,175.6,66.4,118.2,1.6,2.2
314325,Bind,Paper Rex,1.19,221.8,80.0,146.2,2.2,1.6
314326,Ascent,DetonatioN FocusMe,0.87,176.2,62.6,115.6,2.0,2.8
314326,Ascent,Global Esports,1.11,206.2,75.2,139.2,2.8,2.0
314326,Lotus,DetonatioN FocusMe,0.76,172.4,59.2,115.4,1.4,2.2
314326,Lotus,Global Esports,1.23,214.8,77.8,144.2,2.2,1.4
314326,Split,DetonatioN FocusMe,1.03,195.6,67.0,128.0,2.0,2.6
314326,Split,Global Esports,1.02,203.6,78.4,139.4,2.6,2.0
314327,Bind,T1,1.01,205.0,75.0,136.2,2.2,2.6
314327,Bind,ZETA DIVISION,1.03,203.6,71.8,135.6,2.6,2.2
314327,Lotus,T1,1.09,214.6,78.0,147.0,3.4,1.0
314327,Lotus,ZETA DIVISION,0.92,195.4,70.0,127.4,1.0,3.4
314327,Sunset,T1,1.03,199.4,75.8,130.4,3.0,1.6
314327,Sunset,ZETA DIVISION,1.01,191.0,70.6,122.6,1.6,3.0
314328,Breeze,TALON,1.14,202.0,73.2,145.0,2.4,2.2
314328,Breeze,Team Secret,0.87,184.6,65.4,124.8,2.2,2.4
314328,Lotus,TALON,1.09,214.4,79.2,140.4,3.0,1.8
314328,Lotus,Team Secret,0.87,181.8,68.4,116.4,1.8,3.0
314328,Sunset,TALON,0.91,184.6,67.6,119.0,2.2,2.6
314328,Sunset,Team Secret,1.11,196.2,77.6,133.6,2.6,2.2
314329,Bind,BLEED,0.93,193.6,74.6,121.6,2.0,2.4
314329,Bind,KIWOOM DRX,1.08,210.0,71.0,137.8,2.4,2.0
314329,Breeze,BLEED,0.67,149.4,60.2,102.0,2.0,1.4
314329,Breeze,KIWOOM DRX,1.28,220.4,77.6,143.2,1.4,2.0
314330,Ascent,Gen.G,0.89,185.2,73.4,123.4,2.6,2.2
314330,Ascent,Rex Regum Qeon,1.12,213.2,72.6,140.4,2.2,2.6
314330,Breeze,Gen.G,1.24,214.0,78.6,150.4,2.4,0.8
314330,Breeze,Rex Regum Qeon,0.71,158.8,57.8,105.6,0.8,2.4
314330,Split,Gen.G,0.87,189.8,63.6,127.4,1.4,3.2
314330,Split,Rex Regum Qeon,1.13,210.4,77.4,134.4,3.2,1.4
314340,Breeze,KIWOOM DRX,1.22,220.0,76.2,150.8,2.0,1.4
314340,Breeze,ZETA DIVISION,0.76,167.8,66.0,109.0,1.4,2.0
314340,Icebox,KIWOOM DRX,1.47,257.0,96.8,166.8,1.6,1.0
314340,Icebox,ZETA DIVISION,0.47,148.2,52.4,97.2,1.0,1.6
314340,Sunset,KIWOOM DRX,0.97,200.0,69.2,134.4,1.6,3.2
314340,Sunset,ZETA DIVISION,1.13,209.4,74.4,133.6,3.2,1.6
314341,Ascent,BLEED,1.1,207.6,80.0,133.2,2.8,1.8
314341,Ascent,Team Secret,0.98,187.0,70.8,123.0,1.8,2.8
314341,Split,BLEED,0.81,167.4,65.8,116.8,1.6,2.6
314341,Split,Team Secret,1.23,211.2,87.6,137.8,2.6,1.6
314341,Sunset,BLEED,0.88,180.2,66.6,111.6,1.4,2.8
314341,Sunset,Team Secret,1.11,199.0,67.6,131.2,2.8,1.4
314342,Lotus,Gen.G,0.71,160.8,62.2,103.2,1.8,1.8
314342,Lotus,T1,1.25,229.8,82.2,144.6,1.8,1.8
314342,Split,Gen.G,1.07,198.2,72.0,131.0,2.8,2.8
314342,Split,T1,0.91,191.4,72.0,123.2,2.8,2.8
314342,Sunset,Gen.G,1.08,200.4,74.4,128.4,2.0,2.4
314342,Sunset,T1,0.94,203.8,76.4,134.0,2.4,2.0
314343,Icebox,Paper Rex,1.28,211.6,82.2,129.6,2.4,1.0
314343,Icebox,TALON,0.62,147.0,56.6,97.4,1.0,2.4
314343,Sunset,Paper Rex,1.11,209.2,83.0,141.8,2.0,2.0
314343,Sunset,TALON,0.89,185.6,72.0,118.8,2.0,2.0
314344,Ascent,DetonatioN FocusMe,0.92,185.0,74.4,123.8,1.8,2.6
314344,Ascent,Rex Regum Qeon,1.12,204.6,68.4,136.4,2.6,1.8
314344,Icebox,DetonatioN FocusMe,0.84,190.6,63.6,131.0,2.4,3.2
314344,Icebox,Rex Regum Qeon,1.2,235.6,86.0,160.4,3.2,2.4
314345,Ascent,Global Esports,0.88,197.2,64.2,132.0,2.6,2.0
314345,Ascent,Team Secret,1.13,218.4,70.4,141.8,2.0,2.6
314345,Sunset,Global Esports,0.89,184.0,68.6,126.0,1.8,2.4
314345,Sunset,Team Secret,1.11,204.2,68.6,126.6,2.4,1.8
314346,Ascent,Rex Regum Qeon,1.04,211.2,74.8,143.6,1.8,2.8
314346,Ascent,TALON,0.96,192.2,71.4,126.6,2.8,1.8
314346,Icebox,Rex Regum Qeon,0.94,194.0,65.4,127.8,2.2,2.4
314346,Icebox,TALON,0.99,196.2,68.8,128.2,2.4,2.2
314346,Lotus,Rex Regum Qeon,0.93,176.8,67.8,115.2,3.0,2.6
314346,Lotus,TALON,1.07,190.4,75.0,133.0,2.6,3.0
314347,Haven,KIWOOM DRX,1.07,196.6,73.2,122.6,1.4,2.8
314347,Haven,Paper Rex,0.89,192.0,67.6,128.4,2.8,1.4
314347,Icebox,KIWOOM DRX,0.73,172.6,63.4,113.6,1.6,2.0
314347,Icebox,Paper Rex,1.32,230.6,82.2,149.6,2.0,1.6
314347,Split,KIWOOM DRX,0.67,170.2,56.6,109.2,1.8,1.6
314347,Split,Paper Rex,1.3,241.4,80.8,156.0,1.6,1.8
314348,Lotus,BLEED,0.87,184.4,71.6,122.2,1.6,2.2
314348,Lotus,Global Esports,1.15,213.8,84.2,141.2,2.2,1.6
314348,Sunset,BLEED,0.8,168.0,62.0,108.6,1.6,2.2
314348,Sunset,Global Esports,1.2,203.4,83.0,128.2,2.2,1.6
314349,Ascent,DetonatioN FocusMe,1.14,216.4,82.0,145.6,3.2,1.4
314349,Ascent,ZETA DIVISION,0.92,185.0,68.0,126.6,1.4,3.2
314349,Haven,DetonatioN FocusMe,0.84,186.2,67.0,120.0,2.4,1.6
314349,Haven,ZETA DIVISION,1.09,207.0,77.0,138.0,1.6,2.4
314349,Sunset,DetonatioN FocusMe,1.12,216.4,74.6,140.4,1.8,2.6
314349,Sunset,ZETA DIVISION,0.9,203.2,74.8,134.4,2.6,1.8
314350,Split,KIWOOM DRX,0.84,167.8,61.6,113.6,2.2,3.0
314350,Split,Rex Regum Qeon,1.18,225.2,79.0,147.4,3.0,2.2
314350,Sunset,KIWOOM DRX,0.92,198.6,72.2,131.0,2.8,2.4
314350,Sunset,Rex Regum Qeon,1.1,212.2,78.6,142.0,2.4,2.8
314351,Haven,T1,1.12,225.0,77.4,147.8,2.6,2.0
314351,Haven,Team Secret,0.92,186.0,71.2,120.6,2.0,2.6
314351,Icebox,T1,1.02,186.8,69.0,121.2,2.6,2.6
314351,Icebox,Team Secret,1.01,187.4,64.0,126.8,2.6,2.6
314351,Split,T1,0.77,184.4,63.2,118.8,1.6,2.2
314351,Split,Team Secret,1.17,205.4,75.6,131.6,2.2,1.6
314352,Lotus,DetonatioN FocusMe,0.74,164.4,58.0,100.0,1.0,3.0
314352,Lotus,TALON,1.2,221.4,77.0,139.2,3.0,1.0
314352,Sunset,DetonatioN FocusMe,0.98,193.8,82.6,126.2,2.4,2.2
314352,Sunset,TALON,1.04,208.8,71.4,129.6,2.2,2.4
314353,Split,Rex Regum Qeon,1.1,208.4,77.8,142.8,2.2,2.0
314353,Split,ZETA DIVISION,0.9,179.4,66.8,118.6,2.0,2.2
314353,Sunset,Rex Regum Qeon,1.04,193.8,74.0,122.6,2.4,2.2
314353,Sunset,ZETA DIVISION,0.98,185.0,78.2,120.6,2.2,2.4
314354,Ascent,Global Esports,0.82,166.2,63.0,104.4,1.6,2.6
314354,Ascent,T1,1.2,208.2,80.0,137.2,2.6,1.6
314354,Icebox,Global Esports,1.06,199.6,72.2,129.6,1.8,2.8
314354,Icebox,T1,0.96,208.8,73.2,142.6,2.8,1.8
314354,Lotus,Global Esports,0.92,189.2,67.4,122.4,2.4,1.8
314354,Lotus,T1,1.12,216.4,78.8,152.8,1.8,2.4
314355,Ascent,BLEED,0.86,181.6,63.2,121.4,1.4,2.4
314355,Ascent,Gen.G,1.16,212.6,84.2,144.0,2.4,1.4
314355,Icebox,BLEED,0.9,176.6,66.0,117.0,2.2,2.6
314355,Icebox,Gen.G,1.09,195.4,75.8,126.0,2.6,2.2
314355,Sunset,BLEED,1.06,204.0,80.2,133.4,2.8,1.8
314355,Sunset,Gen.G,1.0,198.4,73.2,135.4,1.8,2.8
314356,Icebox,DetonatioN FocusMe,0.71,158.4,62.4,104.4,1.0,2.4
314356,Icebox,Paper Rex,1.22,225.4,83.4,151.6,2.4,1.0
314356,Sunset,DetonatioN FocusMe,0.92,193.2,68.6,128.4,2.2,2.0
314356,Sunset,Paper Rex,1.08,209.8,72.4,139.0,2.0,2.2
314357,Ascent,KIWOOM DRX,0.94,190.4,71.8,129.0,2.4,2.4
314357,Ascent,TALON,1.11,210.8,75.2,141.4,2.4,2.4
314357,Haven,KIWOOM DRX,1.05,193.2,77.4,124.6,2.4,2.2
314357,Haven,TALON,0.94,190.8,70.6,127.6,2.2,2.4
314357,Icebox,KIWOOM DRX,1.11,231.0,74.6,151.2,2.2,1.4
314357,Icebox,TALON,0.85,198.8,69.0,138.2,1.4,2.2
314358,Ascent,Paper Rex,0.88,198.6,68.0,132.4,2.0,2.0
314358,Ascent,Rex Regum Qeon,1.14,223.4,82.0,149.2,2.0,2.0
314358,Lotus,Paper Rex,1.06,204.2,77.0,132.8,2.8,1.2
314358,Lotus,Rex Regum Qeon,0.99,204.2,72.0,132.2,1.2,2.8
314358,Sunset,Paper Rex,1.04,196.4,78.4,127.6,3.0,1.6
314358,Sunset,Rex Regum Qeon,0.95,192.8,77.6,129.4,1.6,3.0
314359,Ascent,Gen.G,1.25,227.2,76.8,155.0,2.0,1.8
314359,Ascent,Global Esports,0.79,167.2,64.2,113.4,1.8,2.0
314359,Lotus,Gen.G,1.58,245.2,93.0,150.4,1.8,1.0
314359,Lotus,Global Esports,0.37,106.6,48.6,67.0,1.0,1.8
314360,Ascent,DetonatioN FocusMe,1.22,207.8,81.0,128.6,2.4,1.4
314360,Ascent,KIWOOM DRX,0.82,170.4,67.4,108.6,1.4,2.4
314360,Haven,DetonatioN FocusMe,0.64,162.6,58.6,103.6,0.8,2.2
314360,Haven,KIWOOM DRX,1.32,237.6,90.6,146.4,2.2,0.8
314360,Icebox,DetonatioN FocusMe,0.94,187.2,73.0,120.0,1.6,2.4
314360,Icebox,KIWOOM DRX,0.99,201.4,72.0,130.0,2.4,1.6
314361,Ascent,TALON,0.8,172.0,69.2,116.6,1.4,2.4
314361,Ascent,ZETA DIVISION,1.24,232.0,78.8,156.0,2.4,1.4
314361,Haven,TALON,0.86,181.8,55.4,120.2,1.4,2.8
314361,Haven,ZETA DIVISION,1.1,211.8,71.4,136.0,2.8,1.4
314361,Lotus,TALON,1.1,196.0,72.0,131.6,2.4,1.8
314361,Lotus,ZETA DIVISION,0.89,180.4,64.8,121.6,1.8,2.4
314362,Lotus,Gen.G,1.26,222.6,77.0,148.0,2.0,2.0
314362,Lotus,Team Secret,0.8,186.8,70.0,122.4,2.0,2.0
314362,Split,Gen.G,0.97,187.0,72.2,123.8,2.8,2.4
314362,Split,Team Secret,1.05,204.0,73.8,137.2,2.4,2.8
314362,Sunset,Gen.G,0.78,184.2,63.2,123.6,1.6,2.2
314362,Sunset,Team Secret,1.27,233.0,82.0,156.2,2.2,1.6
314363,Ascent,Paper Rex,0.94,196.8,70.2,132.0,2.2,2.2
314363,Ascent,ZETA DIVISION,1.14,222.0,75.6,145.4,2.2,2.2
314363,Lotus,Paper Rex,1.29,239.8,87.6,154.8,3.0,1.2
314363,Lotus,ZETA DIVISION,0.7,164.8,52.6,114.4,1.2,3.0
314363,Sunset,Paper Rex,1.19,234.6,79.8,151.4,2.2,1.2
314363,Sunset,ZETA DIVISION,0.79,170.4,67.4,112.2,1.2,2.2
314364,Ascent,BLEED,0.96,203.0,65.8,138.2,2.0,2.2
314364,Ascent,T1,1.03,220.6,78.0,135.6,2.2,2.0
314364,Bind,BLEED,0.91,176.6,61.6,114.0,2.2,2.6
314364,Bind,T1,1.1,208.0,74.0,133.0,2.6,2.2
314364,Lotus,BLEED,1.04,214.2,78.2,140.4,2.4,2.0
314364,Lotus,T1,1.0,211.8,80.8,141.2,2.0,2.4
314622,Ascent,Cloud9,1.03,204.6,73.2,142.0,3.4,3.4
314622,Ascent,LEVIATÁN,1.0,205.4,73.0,134.4,3.4,3.4
314622,Icebox,Cloud9,0.76,178.8,67.0,124.2,1.6,2.4
314622,Icebox,LEVIATÁN,1.2,227.0,82.0,149.0,2.4,1.6
314622,Sunset,Cloud9,1.16,201.0,77.0,129.0,1.6,2.4
314622,Sunset,LEVIATÁN,0.73,165.0,66.0,107.4,2.4,1.6
314623,Breeze,LOUD,0.98,208.8,75.0,133.2,1.8,2.8
314623,Breeze,NRG,1.04,201.2,72.4,139.8,2.8,1.8
314623,Sunset,LOUD,0.65,170.2,57.4,112.8,1.2,1.8
314623,Sunset,NRG,1.32,243.2,84.0,159.4,1.8,1.2
314624,Icebox,Evil Geniuses,0.62,152.8,53.8,108.2,1.0,2.2
314624,Icebox,G2 Esports,1.38,237.8,85.0,148.4,2.2,1.0
314624,Lotus,Evil Geniuses,0.91,199.6,69.2,133.8,1.6,2.6
314624,Lotus,G2 Esports,1.16,216.6,74.2,143.6,2.6,1.6
314625,Icebox,100 Thieves,0.89,180.0,68.0,123.0,2.8,1.8
314625,Icebox,Sentinels,1.13,200.4,72.4,130.2,1.8,2.8
314625,Split,100 Thieves,0.82,174.6,66.4,117.0,1.6,2.2
314625,Split,Sentinels,1.23,225.6,77.8,151.0,2.2,1.6
314626,Breeze,FURIA,0.7,152.6,56.0,104.4,1.6,2.4
314626,Breeze,KRÜ Esports,1.26,215.8,84.0,154.8,2.4,1.6
314626,Icebox,FURIA,1.0,193.0,68.6,136.4,2.8,2.0
314626,Icebox,KRÜ Esports,1.03,200.2,70.0,136.8,2.0,2.8
314626,Lotus,FURIA,0.82,191.4,69.0,124.4,0.8,3.2
314626,Lotus,KRÜ Esports,1.12,214.4,77.0,141.8,3.2,0.8
314628,Bind,100 Thieves,1.08,196.8,69.8,130.0,2.0,2.4
314628,Bind,G2 Esports,1.0,203.8,75.4,130.2,2.4,2.0
314628,Split,100 Thieves,1.15,206.2,73.2,138.4,2.6,1.6
314628,Split,G2 Esports,0.83,170.0,67.6,113.0,1.6,2.6
314629,Icebox,LEVIATÁN,0.97,186.4,69.2,126.4,2.0,2.6
314629,Icebox,Sentinels,0.92,172.4,72.6,110.2,2.6,2.0
314629,Lotus,LEVIATÁN,1.12,212.8,81.0,140.6,4.2,3.0
314629,Lotus,Sentinels,0.84,184.2,67.2,130.6,3.0,4.2
314630,Icebox,KRÜ Esports,1.13,201.6,83.2,137.6,1.8,2.0
314630,Icebox,MIBR,0.85,166.6,66.4,114.8,2.0,1.8
314630,Sunset,KRÜ Esports,1.11,209.6,69.6,143.6,2.2,2.0
314630,Sunset,MIBR,0.88,192.6,67.6,122.4,2.0,2.2
314631,Breeze,FURIA,0.92,185.2,66.6,120.6,2.0,2.2
314631,Breeze,NRG,1.05,206.0,74.0,141.4,2.2,2.0
314631,Split,FURIA,0.67,159.4,60.0,100.6,1.0,2.0
314631,Split,NRG,1.35,244.6,88.2,162.2,2.0,1.0
314632,Lotus,Cloud9,0.88,184.0,66.4,117.4,1.8,2.6
314632,Lotus,Evil Geniuses,1.1,213.0,77.2,138.6,2.6,1.8
314632,Split,Cloud9,1.37,238.2,83.2,153.2,2.4,1.0
314632,Split,Evil Geniuses,0.67,171.6,57.8,115.0,1.0,2.4
314632,Sunset,Cloud9,1.19,227.8,79.2,148.2,1.8,2.4
314632,Sunset,Evil Geniuses,0.82,181.6,60.8,126.6,2.4,1.8
314634,Bind,MIBR,0.78,162.2,56.0,108.0,1.6,2.4
314634,Bind,Sentinels,1.24,211.2,83.0,132.4,2.4,1.6
314634,Lotus,MIBR,0.64,153.0,50.0,101.2,1.2,2.0
314634,Lotus,Sentinels,1.4,249.6,89.0,164.6,2.0,1.2
314635,Bind,Cloud9,0.99,194.6,77.6,125.6,2.6,2.2
314635,Bind,LOUD,1.03,201.0,71.0,135.0,2.2,2.6
314635,Icebox,Cloud9,1.24,214.6,82.2,140.4,2.6,0.8
314635,Icebox,LOUD,0.77,173.2,57.6,121.4,0.8,2.6
314635,Lotus,Cloud9,1.13,196.2,84.6,130.6,2.4,2.0
314635,Lotus,LOUD,0.91,184.4,68.2,120.8,2.0,2.4
314636,Breeze,Evil Geniuses,0.79,159.8,51.8,110.4,2.4,2.0
314636,Breeze,KRÜ Esports,1.16,200.2,69.0,133.8,2.0,2.4
314636,Lotus,Evil Geniuses,0.77,173.4,60.0,110.6,1.4,2.2
314636,Lotus,KRÜ Esports,1.16,227.6,78.8,151.8,2.2,1.4
314637,Bind,LEVIATÁN,1.34,224.6,79.8,149.0,2.2,1.2
314637,Bind,NRG,0.63,156.0,51.8,98.0,1.2,2.2
314637,Sunset,LEVIATÁN,1.36,231.4,86.8,154.8,2.6,0.8
314637,Sunset,NRG,0.67,157.8,50.6,102.8,0.8,2.6
314638,Icebox,FURIA,0.54,139.0,46.4,96.2,1.0,2.2
314638,Icebox,G2 Esports,1.41,232.8,86.6,149.2,2.2,1.0
314638,Lotus,FURIA,0.64,147.0,56.4,98.8,0.6,2.6
314638,Lotus,G2 Esports,1.33,220.6,90.4,133.2,2.6,0.6
314639,Ascent,100 Thieves,1.41,237.8,86.2,154.8,2.2,1.6
314639,Ascent,Cloud9,0.69,159.0,56.8,110.2,1.6,2.2
314639,Bind,100 Thieves,1.18,224.6,84.0,148.4,2.2,1.8
314639,Bind,Cloud9,0.81,172.8,64.0,117.2,1.8,2.2
314640,Bind,Evil Geniuses,1.05,200.4,68.4,130.4,2.0,2.8
314640,Bind,Sentinels,0.96,193.2,62.6,127.0,2.8,2.0
314640,Lotus,Evil Geniuses,0.92,202.2,61.8,136.4,2.2,2.4
314640,Lotus,Sentinels,1.08,214.4,73.2,139.6,2.4,2.2
314640,Sunset,Evil Geniuses,1.01,205.2,71.2,135.4,2.4,2.2
314640,Sunset,Sentinels,0.97,209.4,71.6,133.0,2.2,2.4
314641,Breeze,MIBR,0.58,127.6,43.8,89.6,1.0,2.2
314641,Breeze,NRG,1.39,233.0,85.0,154.8,2.2,1.0
314641,Split,MIBR,0.97,191.2,68.4,123.8,2.8,1.6
314641,Split,NRG,1.02,205.0,72.8,134.0,1.6,2.8
314642,Breeze,G2 Esports,0.77,168.2,52.6,113.4,1.6,2.2
314642,Breeze,LEVIATÁN,1.21,225.8,77.0,149.4,2.2,1.6
314642,Icebox,G2 Esports,1.11,206.6,77.8,138.0,2.0,2.2
314642,Icebox,LEVIATÁN,0.87,182.2,70.4,124.4,2.2,2.0
314642,Lotus,G2 Esports,0.79,170.8,63.8,112.0,1.4,3.0
314642,Lotus,LEVIATÁN,1.13,209.6,80.8,139.4,3.0,1.4
314643,Ascent,KRÜ Esports,1.16,210.6,74.2,147.4,1.8,2.4
314643,Ascent,LOUD,0.86,185.2,60.8,121.2,2.4,1.8
314643,Split,KRÜ Esports,1.16,194.2,75.2,126.6,2.4,1.8
314643,Split,LOUD,0.82,174.2,68.8,114.8,1.8,2.4
314644,Bind,G2 Esports,1.26,223.4,82.4,158.4,1.8,1.4
314644,Bind,MIBR,0.68,156.6,61.6,99.4,1.4,1.8
314644,Icebox,G2 Esports,1.07,226.6,73.8,150.6,1.8,2.6
314644,Icebox,MIBR,0.92,201.4,75.4,136.8,2.6,1.8
314645,Icebox,LOUD,1.09,193.8,67.6,127.4,2.0,2.2
314645,Icebox,Sentinels,0.86,177.2,67.6,118.4,2.2,2.0
314645,Lotus,LOUD,1.13,196.8,78.0,126.0,2.2,1.8
314645,Lotus,Sentinels,0.78,156.8,68.0,102.0,1.8,2.2
314646,Ascent,Cloud9,0.72,185.2,64.2,126.4,1.6,1.4
314646,Ascent,FURIA,1.31,253.0,88.0,161.6,1.4,1.6
314646,Bind,Cloud9,1.16,227.8,82.0,150.2,2.8,1.4
314646,Bind,FURIA,0.85,193.4,68.4,124.8,1.4,2.8
314646,Lotus,Cloud9,1.37,243.0,90.0,163.0,2.0,1.2
314646,Lotus,FURIA,0.63,160.8,64.0,112.2,1.2,2.0
314647,Ascent,Evil Geniuses,1.32,222.2,79.0,146.6,2.6,1.2
314647,Ascent,NRG,0.74,160.8,58.8,105.6,1.2,2.6
314647,Lotus,Evil Geniuses,0.96,198.6,64.0,130.0,2.6,3.4
314647,Lotus,NRG,1.07,206.6,72.2,136.8,3.4,2.6
314647,Sunset,Evil Geniuses,1.13,212.6,77.6,142.8,3.0,1.8
314647,Sunset,NRG,0.89,180.2,67.6,120.8,1.8,3.0
314648,Breeze,100 Thieves,1.09,222.8,75.0,142.8,2.2,2.6
314648,Breeze,KRÜ Esports,0.93,190.2,69.4,130.8,2.6,2.2
314648,Split,100 Thieves,0.91,189.8,76.4,123.4,2.2,2.0
314648,Split,KRÜ Esports,1.08,199.8,75.0,134.2,2.0,2.2
314648,Sunset,100 Thieves,0.84,180.2,65.0,116.8,1.6,2.4
314648,Sunset,KRÜ Esports,1.15,216.6,73.0,139.2,2.4,1.6
314650,Icebox,FURIA,0.79,160.0,60.2,106.2,1.2,3.2
314650,Icebox,Sentinels,1.17,209.0,79.2,145.0,3.2,1.2
314650,Split,FURIA,0.87,177.6,71.2,124.4,1.2,2.4
314650,Split,Sentinels,1.12,199.4,80.0,137.8,2.4,1.2
314651,Bind,100 Thieves,1.24,233.4,85.0,144.8,2.8,1.2
314651,Bind,NRG,0.73,170.0,62.0,105.2,1.2,2.8
314651,Split,100 Thieves,1.23,225.2,81.0,147.0,1.8,2.4
314651,Split,NRG,0.76,184.4,69.6,123.4,2.4,1.8
314652,Ascent,KRÜ Esports,0.77,178.4,68.4,118.6,1.2,2.2
314652,Ascent,LEVIATÁN,1.26,242.4,78.6,161.6,2.2,1.2
314652,Breeze,KRÜ Esports,1.0,198.2,69.0,130.0,3.4,1.8
314652,Breeze,LEVIATÁN,0.98,186.0,64.8,119.4,1.8,3.4
314652,Lotus,KRÜ Esports,0.97,202.6,77.4,138.0,2.4,2.2
314652,Lotus,LEVIATÁN,1.04,196.6,71.2,136.2,2.2,2.4
314653,Icebox,Cloud9,1.14,235.6,77.0,160.2,3.4,1.8
314653,Icebox,MIBR,0.88,198.6,70.6,135.6,1.8,3.4
314653,Sunset,Cloud9,1.12,217.2,76.4,141.2,2.8,1.6
314653,Sunset,MIBR,0.88,190.8,62.8,123.2,1.6,2.8
314654,Bind,G2 Esports,0.94,169.8,70.2,112.8,2.4,2.4
314654,Bind,LOUD,1.14,192.6,76.8,135.2,2.4,2.4
314654,Icebox,G2 Esports,0.7,162.8,58.8,113.0,0.6,2.8
314654,Icebox,LOUD,1.25,227.8,79.8,153.0,2.8,0.6
318911,Breeze,GIANTX,0.63,157.0,63.4,102.2,1.4,2.2
318911,Breeze,Karmine Corp,1.26,217.4,89.2,147.8,2.0,1.2
318911,Sunset,GIANTX,0.93,190.2,65.4,125.6,2.4,2.0
318911,Sunset,Karmine Corp,1.13,207.4,79.0,133.0,2.0,2.4
318913,Ascent,Movistar KOI,0.9,175.2,69.0,112.2,1.6,2.4
318913,Ascent,Team Liquid,1.1,204.4,78.0,135.8,2.4,1.6
318913,Split,Movistar KOI,0.86,177.6,70.0,119.8,2.2,2.2
318913,Split,Team Liquid,1.09,201.6,78.2,133.8,2.2,2.2
318914,Bind,Natus Vincere,1.0,185.2,74.6,123.2,2.6,1.8
318914,Bind,Team Vitality,1.0,198.6,73.6,128.2,1.8,2.6
318914,Lotus,Natus Vincere,1.25,207.6,79.8,140.6,2.2,1.2
318914,Lotus,Team Vitality,0.72,163.6,62.4,101.6,1.2,2.2
318915,Icebox,FNATIC,0.76,180.2,63.6,119.0,1.0,2.4
318915,Icebox,Team Heretics,1.21,228.6,84.4,150.2,2.4,1.0
318915,Lotus,FNATIC,1.0,197.4,76.8,130.0,3.8,2.6
318915,Lotus,Team Heretics,0.98,194.6,70.8,133.4,2.6,3.8
318916,Icebox,FUT Esports,1.08,210.6,75.2,139.4,2.4,1.8
318916,Icebox,Team Liquid,0.91,200.4,66.6,125.8,1.8,2.4
318916,Split,FUT Esports,1.18,206.6,77.6,130.8,2.0,1.6
318916,Split,Team Liquid,0.73,172.0,69.0,110.0,1.6,2.0
318917,Ascent,BBL Esports,0.85,184.8,63.0,118.2,2.2,1.8
318917,Ascent,Gentle Mates,1.16,209.8,79.0,134.6,1.8,2.2
318917,Sunset,BBL Esports,0.94,190.4,69.2,132.8,2.4,2.4
318917,Sunset,Gentle Mates,1.08,210.4,77.6,137.8,2.4,2.4
318918,Bind,FUT Esports,0.97,186.8,71.6,119.8,2.2,2.6
318918,Bind,Karmine Corp,1.01,197.4,75.0,133.8,2.6,2.2
318918,Breeze,FUT Esports,1.18,208.8,73.0,135.6,2.4,1.6
318918,Breeze,Karmine Corp,0.84,172.4,65.0,121.0,1.6,2.4
318918,Lotus,FUT Esports,1.23,219.6,78.2,142.4,2.8,1.4
318918,Lotus,Karmine Corp,0.75,171.6,61.0,109.8,1.4,2.8
318919,Breeze,Team Heretics,0.94,201.0,74.6,134.0,2.8,1.6
318919,Breeze,Team Vitality,1.08,209.0,73.6,140.4,1.6,2.8
318919,Icebox,Team Heretics,0.88,191.4,65.4,125.6,2.4,2.0
318919,Icebox,Team Vitality,1.17,232.8,80.0,155.6,2.0,2.4
318919,Sunset,Team Heretics,1.12,208.6,74.0,139.0,2.4,2.4
318919,Sunset,Team Vitality,0.91,194.2,74.2,121.2,2.4,2.4
318920,Ascent,Natus Vincere,1.25,226.2,77.6,147.2,1.8,1.8
318920,Ascent,Team Liquid,0.78,185.6,61.4,120.6,1.8,1.8
318920,Lotus,Natus Vincere,0.88,184.2,72.2,128.2,1.6,3.0
318920,Lotus,Team Liquid,1.17,208.4,81.0,142.4,3.0,1.6
318920,Split,Natus Vincere,1.08,205.2,72.6,136.6,2.6,2.2
318920,Split,Team Liquid,0.92,200.4,73.4,133.6,2.2,2.6
318921,Breeze,BBL Esports,1.19,203.6,73.0,138.6,2.2,1.2
318921,Breeze,Movistar KOI,0.77,157.0,56.4,104.4,1.2,2.2
318921,Icebox,BBL Esports,1.2,215.0,76.4,146.4,1.6,1.6
318921,Icebox,Movistar KOI,0.77,168.8,61.4,116.2,1.6,1.6
318922,Bind,FNATIC,1.23,221.2,84.2,141.4,1.6,2.0
318922,Bind,GIANTX,0.8,166.4,65.6,107.6,2.0,1.6
318922,Breeze,FNATIC,0.63,162.8,56.6,106.2,1.0,2.4
318922,Breeze,GIANTX,1.27,221.4,84.6,144.6,2.4,1.0
318922,Split,FNATIC,1.17,203.2,79.0,131.2,1.6,2.4
318922,Split,GIANTX,0.73,145.2,71.0,98.0,2.4,1.6
318923,Icebox,Gentle Mates,0.75,178.4,58.8,123.6,2.2,1.6
318923,Icebox,Karmine Corp,1.25,227.4,77.8,148.8,1.6,2.2
318923,Split,Gentle Mates,0.7,167.4,61.0,109.2,1.6,2.2
318923,Split,Karmine Corp,1.23,227.6,79.0,144.8,2.2,1.6
318924,Breeze,FNATIC,1.2,219.4,79.8,150.4,2.4,1.4
318924,Breeze,Gentle Mates,0.77,155.8,54.6,109.6,1.4,2.4
318924,Lotus,FNATIC,1.38,228.6,80.8,157.4,2.6,0.8
318924,Lotus,Gentle Mates,0.58,144.0,49.4,93.8,0.8,2.6
318925,Bind,Karmine Corp,1.14,192.4,74.0,124.8,1.8,2.2
318925,Bind,Natus Vincere,0.89,174.4,63.0,117.8,2.2,1.8
318925,Split,Karmine Corp,0.9,193.8,75.8,131.2,2.0,1.8
318925,Split,Natus Vincere,1.14,217.0,72.4,138.6,1.8,2.0
318925,Sunset,Karmine Corp,0.96,204.8,65.0,129.6,1.2,2.8
318925,Sunset,Natus Vincere,1.13,216.8,77.0,145.2,2.8,1.2
318926,Split,BBL Esports,1.19,219.6,75.0,146.2,2.2,1.8
318926,Split,Team Heretics,0.83,170.4,66.0,112.2,1.8,2.2
318926,Sunset,BBL Esports,1.11,219.0,81.0,142.2,3.2,1.4
318926,Sunset,Team Heretics,0.86,186.8,70.6,122.0,1.4,3.2
318927,Ascent,FUT Esports,1.17,210.4,77.0,134.6,2.2,1.8
318927,Ascent,Team Vitality,0.87,178.2,64.0,115.6,1.8,2.2
318927,Icebox,FUT Esports,0.96,193.0,67.4,130.2,2.0,2.4
318927,Icebox,Team Vitality,1.06,211.4,71.8,132.2,2.4,2.0
318927,Sunset,FUT Esports,0.86,177.4,67.2,115.0,1.8,2.6
318927,Sunset,Team Vitality,1.11,209.0,84.4,135.8,2.6,1.8
318928,Ascent,GIANTX,0.94,189.8,69.2,121.8,2.6,2.2
318928,Ascent,Team Liquid,1.08,196.6,71.8,125.6,2.2,2.6
318928,Icebox,GIANTX,0.91,173.0,65.0,118.2,2.0,1.8
318928,Icebox,Team Liquid,1.04,198.8,77.0,131.8,1.8,2.0
318928,Lotus,GIANTX,1.03,189.0,70.8,124.4,3.2,2.8
318928,Lotus,Team Liquid,0.94,188.2,66.6,127.6,2.8,3.2
318929,Bind,FNATIC,1.05,198.2,73.4,136.2,2.8,2.0
318929,Bind,Movistar KOI,0.96,181.4,70.6,116.2,2.0,2.8
318929,Icebox,FNATIC,1.27,221.6,80.8,144.2,2.0,1.4
318929,Icebox,Movistar KOI,0.72,161.4,64.8,106.0,1.4,2.0
318930,Bind,Team Heretics,1.16,209.6,82.0,141.8,2.6,1.4
318930,Bind,Team Liquid,0.85,175.8,66.0,112.8,1.4,2.6
318930,Sunset,Team Heretics,1.48,217.8,89.4,139.4,1.8,1.2
318930,Sunset,Team Liquid,0.52,142.6,61.6,102.0,1.2,1.8
318931,Icebox,Gentle Mates,1.25,208.2,73.2,136.0,2.2,1.4
318931,Icebox,Team Vitality,0.76,168.2,60.2,115.4,1.4,2.2
318931,Sunset,Gentle Mates,1.19,224.6,79.0,143.0,2.0,1.6
318931,Sunset,Team Vitality,0.85,190.6,73.4,128.0,1.6,2.0
318932,Lotus,FNATIC,1.05,217.0,77.2,143.8,2.8,2.8
318932,Lotus,FUT Esports,0.99,198.8,69.2,127.6,2.8,2.8
318932,Split,FNATIC,0.88,186.8,67.0,123.0,1.8,2.2
318932,Split,FUT Esports,1.15,214.0,77.0,146.2,2.2,1.8
318933,Ascent,BBL Esports,0.85,180.8,73.2,121.4,2.6,1.6
318933,Ascent,Natus Vincere,1.2,225.2,84.8,148.2,1.6,2.6
318933,Split,BBL Esports,1.1,209.4,71.8,136.8,1.8,2.6
318933,Split,Natus Vincere,0.98,206.6,76.4,140.0,2.6,1.8
318933,Sunset,BBL Esports,1.12,211.2,71.4,140.8,1.8,2.4
318933,Sunset,Natus Vincere,0.87,186.2,67.4,125.8,2.4,1.8
318934,Breeze,GIANTX,0.77,165.0,47.0,124.4,1.0,3.0
318934,Breeze,Team Vitality,1.24,220.0,80.0,144.4,3.0,1.0
318934,Lotus,GIANTX,1.09,206.4,75.4,138.6,3.6,2.4
318934,Lotus,Team Vitality,0.92,195.2,71.4,129.6,2.4,3.6
318934,Sunset,GIANTX,0.84,183.0,64.0,124.4,1.6,2.2
318934,Sunset,Team Vitality,1.18,228.8,76.8,150.0,2.2,1.6
318935,Bind,Karmine Corp,1.14,215.6,81.6,145.6,3.2,2.4
318935,Bind,Movistar KOI,0.93,193.0,72.2,124.8,2.4,3.2
318935,Icebox,Karmine Corp,0.82,197.0,67.0,127.6,1.0,3.0
318935,Icebox,Movistar KOI,1.13,220.2,82.0,145.0,3.0,1.0
318935,Sunset,Karmine Corp,1.1,186.4,81.0,122.4,1.8,2.2
318935,Sunset,Movistar KOI,0.84,149.6,73.0,93.2,2.2,1.8
318936,Bind,BBL Esports,0.86,174.2,61.0,116.2,1.0,2.8
318936,Bind,GIANTX,1.14,213.2,75.6,140.8,2.8,1.0
318936,Sunset,BBL Esports,0.93,196.8,74.2,131.4,2.6,2.2
318936,Sunset,GIANTX,1.1,214.6,76.6,140.8,2.2,2.6
318937,Bind,Karmine Corp,0.94,188.6,72.8,123.2,2.4,2.0
318937,Bind,Team Heretics,1.09,214.0,80.2,139.8,2.0,2.4
318937,Icebox,Karmine Corp,0.99,201.4,71.6,133.4,2.8,2.4
318937,Icebox,Team Heretics,1.01,203.4,72.2,139.8,2.4,2.8
318937,Lotus,Karmine Corp,1.27,211.6,91.0,139.4,2.8,0.8
318937,Lotus,Team Heretics,0.59,134.4,54.4,91.2,0.8,2.8
318938,Breeze,Movistar KOI,0.9,186.2,69.0,120.6,1.2,2.8
318938,Breeze,Team Vitality,1.06,199.8,75.0,133.8,2.8,1.2
318938,Icebox,Movistar KOI,1.37,231.0,89.2,151.4,2.4,1.0
318938,Icebox,Team Vitality,0.63,164.4,57.6,106.8,1.0,2.4
318938,Split,Movistar KOI,1.28,224.0,86.6,148.6,1.6,2.0
318938,Split,Team Vitality,0.64,155.8,64.4,105.0,2.0,1.6
318939,Ascent,FNATIC,0.95,195.8,74.0,125.8,1.4,2.8
318939,Ascent,Natus Vincere,1.06,198.8,74.4,136.0,2.8,1.4
318939,Bind,FNATIC,0.66,151.4,57.6,97.2,1.4,1.8
318939,Bind,Natus Vincere,1.35,218.2,78.8,148.8,1.8,1.4
318939,Breeze,FNATIC,1.16,207.6,73.6,136.6,1.8,2.0
318939,Breeze,Natus Vincere,0.77,155.8,54.6,105.4,2.0,1.8
318940,Icebox,Gentle Mates,0.62,152.6,54.8,102.0,2.2,0.8
318940,Icebox,Team Liquid,1.36,246.4,86.8,161.4,0.8,2.2
318940,Lotus,Gentle Mates,0.83,184.2,62.4,121.6,1.8,1.6
318940,Lotus,Team Liquid,1.17,221.2,79.8,144.4,1.6,1.8
318941,Bind,BBL Esports,0.87,179.8,67.4,117.2,2.4,2.0
318941,Bind,FUT Esports,1.14,207.8,78.2,137.6,2.0,2.4
318941,Icebox,BBL Esports,0.74,167.0,55.6,115.6,1.2,2.6
318941,Icebox,FUT Esports,1.26,227.0,80.0,148.4,2.6,1.2
319765,Bind,Bilibili Gaming,,155.2,,,,
319765,Bind,TYLOO,,228.8,,,,
319765,Icebox,Bilibili Gaming,,221.2,,,,
319765,Icebox,TYLOO,,189.0,,,,
319765,Lotus,Bilibili Gaming,,230.2,,,,
319765,Lotus,TYLOO,,162.4,,,,
319766,Bind,Titan Esports Club,,201.2,,,,
319766,Bind,Wolves Esports,,185.8,,,,
319766,Lotus,Titan Esports Club,,223.0,,,,
319766,Lotus,Wolves Esports,,184.2,,,,
319766,Split,Titan Esports Club,,177.2,,,,
319766,Split,Wolves Esports,,238.0,,,,
319767,Breeze,All Gamers,,199.8,,,,
319767,Breeze,Dragon Ranger Gaming,,185.6,,,,
319767,Icebox,All Gamers,,193.8,,,,
319767,Icebox,Dragon Ranger Gaming,,200.8,,,,
319767,Sunset,All Gamers,,209.8,,,,
319767,Sunset,Dragon Ranger Gaming,,196.0,,,,
319768,Ascent,EDward Gaming,,218.6,,,,
319768,Ascent,JDG Esports,,153.4,,,,
319768,Bind,EDward Gaming,,196.4,,,,
319768,Bind,JDG Esports,,226.0,,,,
319768,Split,EDward Gaming,,198.0,,,,
319768,Split,JDG Esports,,174.8,,,,
319769,Ascent,Nova Esports,,181.6,,,,
319769,Ascent,Trace Esports,,214.2,,,,
319769,Lotus,Nova Esports,,163.6,,,,
319769,Lotus,Trace Esports,,228.4,,,,
319770,Ascent,FunPlus Phoenix,,209.0,,,,
319770,Ascent,Wolves Esports,,186.0,,,,
319770,Lotus,FunPlus Phoenix,,222.0,,,,
319770,Lotus,Wolves Esports,,176.6,,,,
319771,Ascent,JDG Esports,,147.6,,,,
319771,Ascent,Nova Esports,,213.4,,,,
319771,Bind,JDG Esports,,190.2,,,,
319771,Bind,Nova Esports,,202.4,,,,
319771,Sunset,JDG Esports,,218.6,,,,
319771,Sunset,Nova Esports,,180.4,,,,
319772,Breeze,Dragon Ranger Gaming,,197.4,,,,
319772,Breeze,FunPlus Phoenix,,206.2,,,,
319772,Icebox,Dragon Ranger Gaming,,199.4,,,,
319772,Icebox,FunPlus Phoenix,,192.6,,,,
319772,Sunset,Dragon Ranger Gaming,,172.6,,,,
319772,Sunset,FunPlus Phoenix,,237.0,,,,
319773,Breeze,All Gamers,,198.8,,,,
319773,Breeze,Wolves Esports,,213.0,,,,
319773,Icebox,All Gamers,,197.4,,,,
319773,Icebox,Wolves Esports,,198.0,,,,
319774,Bind,Bilibili Gaming,,171.8,,,,
319774,Bind,Trace Esports,,204.4,,,,
319774,Breeze,Bilibili Gaming,,172.6,,,,
319774,Breeze,Trace Esports,,205.8,,,,
319774,Split,Bilibili Gaming,,192.8,,,,
319774,Split,Trace Esports,,176.6,,,,
319775,Breeze,Dragon Ranger Gaming,,150.8,,,,
319775,Breeze,Titan Esports Club,,241.0,,,,
319775,Icebox,Dragon Ranger Gaming,,239.4,,,,
319775,Icebox,Titan Esports Club,,163.2,,,,
319775,Split,Dragon Ranger Gaming,,219.0,,,,
319775,Split,Titan Esports Club,,180.0,,,,
319776,Bind,EDward Gaming,,202.2,,,,
319776,Bind,TYLOO,,205.0,,,,
319776,Sunset,EDward Gaming,,224.8,,,,
319776,Sunset,TYLOO,,173.0,,,,
319777,Ascent,Trace Esports,,208.8,,,,
319777,Ascent,Wolves Esports,,175.8,,,,
319777,Lotus,Trace Esports,,222.6,,,,
319777,Lotus,Wolves Esports,,190.2,,,,
319778,Ascent,FunPlus Phoenix,,217.0,,,,
319778,Ascent,Nova Esports,,165.6,,,,
319778,Lotus,FunPlus Phoenix,,245.0,,,,
319778,Lotus,Nova Esports,,175.0,,,,
319779,Bind,All Gamers,,209.0,,,,
319779,Bind,Bilibili Gaming,,189.0,,,,
319779,Lotus,All Gamers,,176.4,,,,
319779,Lotus,Bilibili Gaming,,202.0,,,,
319780,Bind,Dragon Ranger Gaming,,216.6,,,,
319780,Bind,JDG Esports,,197.2,,,,
319780,Breeze,Dragon Ranger Gaming,,221.2,,,,
319780,Breeze,JDG Esports,,176.6,,,,
319780,Icebox,Dragon Ranger Gaming,,158.4,,,,
319780,Icebox,JDG Esports,,228.0,,,,
319781,Ascent,Nova Esports,,186.2,,,,
319781,Ascent,TYLOO,,202.0,,,,
319781,Icebox,Nova Esports,,217.0,,,,
319781,Icebox,TYLOO,,198.0,,,,
319781,Split,Nova Esports,,194.2,,,,
319781,Split,TYLOO,,216.2,,,,
319782,Ascent,EDward Gaming,,236.6,,,,
319782,Ascent,Titan Esports Club,,188.2,,,,
319782,Sunset,EDward Gaming,,224.8,,,,
319782,Sunset,Titan Esports Club,,170.2,,,,
319783,Bind,Bilibili Gaming,,224.0,,,,
319783,Bind,Titan Esports Club,,166.6,,,,
319783,Icebox,Bilibili Gaming,,189.6,,,,
319783,Icebox,Titan Esports Club,,211.6,,,,
319783,Sunset,Bilibili Gaming,,188.8,,,,
319783,Sunset,Titan Esports Club,,203.6,,,,
319784,Breeze,Dragon Ranger Gaming,,211.4,,,,
319784,Breeze,Trace Esports,,191.0,,,,
319784,Sunset,Dragon Ranger Gaming,,221.2,,,,
319784,Sunset,Trace Esports,,199.4,,,,
319785,Ascent,TYLOO,,198.2,,,,
319785,Ascent,Wolves Esports,,206.0,,,,
319785,Split,TYLOO,,221.0,,,,
319785,Split,Wolves Esports,,178.6,,,,
319785,Sunset,TYLOO,,191.6,,,,
319785,Sunset,Wolves Esports,,206.4,,,,
319786,Ascent,EDward Gaming,,154.2,,,,
319786,Ascent,FunPlus Phoenix,,232.8,,,,
319786,Bind,EDward Gaming,,186.8,,,,
319786,Bind,FunPlus Phoenix,,204.2,,,,
319786,Breeze,EDward Gaming,,207.6,,,,
319786,Breeze,FunPlus Phoenix,,164.2,,,,
319787,Bind,All Gamers,,184.4,,,,
319787,Bind,Nova Esports,,210.4,,,,
319787,Lotus,All Gamers,,218.2,,,,
319787,Lotus,Nova Esports,,190.4,,,,
319787,Split,All Gamers,,232.2,,,,
319787,Split,Nova Esports,,183.2,,,,
319788,Icebox,Bilibili Gaming,,212.0,,,,
319788,Icebox,JDG Esports,,198.0,,,,
319788,Lotus,Bilibili Gaming,,205.2,,,,
319788,Lotus,JDG Esports,,186.4,,,,
319789,Icebox,All Gamers,,161.4,,,,
319789,Icebox,EDward Gaming,,208.8,,,,
319789,Sunset,All Gamers,,161.8,,,,
319789,Sunset,EDward Gaming,,211.6,,,,
319790,Ascent,JDG Esports,,253.2,,,,
319790,Ascent,Wolves Esports,,152.0,,,,
319790,Lotus,JDG Esports,,222.4,,,,
319790,Lotus,Wolves Esports,,197.4,,,,
319791,Bind,Dragon Ranger Gaming,,183.4,,,,
319791,Bind,TYLOO,,215.8,,,,
319791,Breeze,Dragon Ranger Gaming,,172.6,,,,
319791,Breeze,TYLOO,,218.0,,,,
319792,Icebox,Bilibili Gaming,,182.6,,,,
319792,Icebox,FunPlus Phoenix,,232.8,,,,
319792,Lotus,Bilibili Gaming,,173.6,,,,
319792,Lotus,FunPlus Phoenix,,200.2,,,,
319793,Lotus,Nova Esports,,220.0,,,,
319793,Lotus,Titan Esports Club,,174.8,,,,
319793,Split,Nova Esports,,217.6,,,,
319793,Split,Titan Esports Club,,163.8,,,,
319794,Breeze,EDward Gaming,,212.2,,,,
319794,Breeze,Trace Esports,,194.8,,,,
319794,Sunset,EDward Gaming,,220.0,,,,
319794,Sunset,Trace Esports,,200.6,,,,
321373,Ascent,Team International,,,,,,
321373,Ascent,Team Spain,,,,,,
329907,Lotus,T1,1.15,225.6,78.0,148.0,2.2,1.8
329907,Lotus,Team Secret,0.87,192.2,66.0,126.8,1.8,2.2
329907,Sunset,T1,1.08,209.2,80.0,137.2,2.2,2.6
329907,Sunset,Team Secret,0.95,195.0,71.0,134.2,2.6,2.2
329908,Bind,Paper Rex,0.89,192.8,73.0,126.2,1.6,2.4
329908,Bind,TALON,1.09,198.4,74.0,133.6,2.4,1.6
329908,Lotus,Paper Rex,1.65,254.6,92.4,165.6,2.4,0.2
329908,Lotus,TALON,0.36,116.6,50.8,83.8,0.2,2.4
329908,Sunset,Paper Rex,1.1,222.6,81.8,146.2,2.6,1.8
329908,Sunset,TALON,0.97,197.0,71.0,126.4,1.8,2.6
329909,Ascent,Gen.G,0.91,175.2,70.8,118.4,2.0,2.4
329909,Ascent,T1,1.05,196.0,73.6,124.2,2.4,2.0
329909,Breeze,Gen.G,0.94,197.4,70.0,130.8,2.6,1.4
329909,Breeze,T1,1.06,202.6,70.0,128.2,1.4,2.6
329909,Sunset,Gen.G,1.25,229.4,80.0,146.8,2.8,1.4
329909,Sunset,T1,0.77,169.4,64.8,107.2,1.4,2.8
329910,Ascent,KIWOOM DRX,1.08,206.8,77.4,129.8,2.8,1.8
329910,Ascent,Paper Rex,0.97,196.2,76.6,128.6,1.8,2.8
329910,Bind,KIWOOM DRX,0.83,171.6,56.8,115.6,1.0,2.8
329910,Bind,Paper Rex,1.17,216.8,81.0,146.0,2.8,1.0
329910,Lotus,KIWOOM DRX,0.76,173.6,66.2,117.8,1.0,2.8
329910,Lotus,Paper Rex,1.26,219.6,86.2,143.6,2.8,1.0
329911,Ascent,Gen.G,1.14,230.0,82.8,151.0,2.2,2.0
329911,Ascent,KIWOOM DRX,0.88,186.4,68.6,117.0,2.0,2.2
329911,Bind,Gen.G,0.92,189.0,65.8,125.0,2.6,1.6
329911,Bind,KIWOOM DRX,1.1,194.0,70.4,133.0,1.6,2.6
329911,Sunset,Gen.G,1.11,210.4,73.4,138.6,3.2,1.6
329911,Sunset,KIWOOM DRX,0.89,185.8,65.8,121.6,1.6,3.2
329912,Lotus,Paper Rex,1.29,236.8,79.0,153.0,1.2,2.0
329912,Lotus,T1,0.66,171.4,61.4,113.0,2.0,1.2
329912,Sunset,Paper Rex,1.28,233.4,82.2,152.0,2.8,0.8
329912,Sunset,T1,0.69,170.4,61.0,110.0,0.8,2.8
329913,Bind,Gen.G,1.07,209.0,76.4,142.0,2.6,1.8
329913,Bind,T1,0.95,194.4,69.0,129.8,1.8,2.6
329913,Icebox,Gen.G,1.07,212.0,74.2,140.4,2.8,2.0
329913,Icebox,T1,0.94,212.6,72.4,139.4,2.0,2.8
329913,Lotus,Gen.G,1.5,252.0,90.6,164.6,2.4,0.6
329913,Lotus,T1,0.54,142.8,60.0,95.2,0.6,2.4
329914,Bind,Gen.G,1.1,210.2,71.0,138.0,2.6,1.8
329914,Bind,Paper Rex,0.93,182.8,62.8,120.2,1.8,2.6
329914,Icebox,Gen.G,0.99,203.0,72.6,139.0,1.6,3.2
329914,Icebox,Paper Rex,1.06,210.4,75.0,145.8,3.2,1.6
329914,Lotus,Gen.G,1.17,208.0,74.6,144.2,2.6,1.8
329914,Lotus,Paper Rex,0.86,191.6,65.6,121.2,1.8,2.6
329914,Split,Gen.G,0.75,167.8,61.0,110.2,1.6,2.6
329914,Split,Paper Rex,1.23,219.8,78.2,141.4,2.6,1.6
329914,Sunset,Gen.G,0.98,196.0,66.4,132.2,2.0,2.4
329914,Sunset,Paper Rex,1.03,207.8,77.0,131.8,2.4,2.0
337407,Ascent,Cloud9,0.84,172.2,63.0,116.4,2.6,3.0
337407,Ascent,G2 Esports,1.18,217.6,78.0,147.2,3.0,2.6
337407,Lotus,Cloud9,0.83,181.2,68.2,122.0,2.2,1.6
337407,Lotus,G2 Esports,1.15,213.4,79.8,133.6,1.6,2.2
337408,Bind,100 Thieves,1.09,219.2,79.0,143.2,2.4,1.4
337408,Bind,LOUD,0.93,188.6,73.8,119.6,1.4,2.4
337408,Icebox,100 Thieves,1.29,223.0,82.2,146.0,2.4,1.0
337408,Icebox,LOUD,0.66,145.2,51.8,93.8,1.0,2.4
337409,Ascent,G2 Esports,1.24,221.2,78.0,150.8,2.2,2.0
337409,Ascent,KRÜ Esports,0.8,179.4,63.0,116.8,2.0,2.2
337409,Icebox,G2 Esports,1.24,224.4,80.0,149.0,2.4,1.2
337409,Icebox,KRÜ Esports,0.76,173.2,59.0,115.0,1.2,2.4
337410,Bind,100 Thieves,1.23,233.8,81.2,145.4,2.0,1.2
337410,Bind,LEVIATÁN,0.74,180.0,66.6,114.0,1.2,2.0
337410,Icebox,100 Thieves,1.08,206.2,70.4,135.6,2.2,2.4
337410,Icebox,LEVIATÁN,0.93,176.6,70.6,121.8,2.4,2.2
337410,Sunset,100 Thieves,0.93,195.0,66.2,129.6,1.6,3.6
337410,Sunset,LEVIATÁN,1.1,215.4,72.8,142.6,3.6,1.6
337411,Ascent,100 Thieves,1.3,219.6,78.8,137.8,2.4,1.2
337411,Ascent,G2 Esports,0.72,151.0,51.2,98.8,1.2,2.4
337411,Bind,100 Thieves,0.97,213.2,82.0,143.6,2.2,2.0
337411,Bind,G2 Esports,1.08,216.2,72.4,145.6,2.0,2.2
337411,Split,100 Thieves,1.0,191.0,68.6,123.2,2.4,2.4
337411,Split,G2 Esports,1.03,189.2,70.2,122.4,2.4,2.4
337412,Bind,100 Thieves,1.03,204.4,70.0,137.6,1.8,2.6
337412,Bind,G2 Esports,0.96,201.4,77.4,134.6,2.6,1.8
337412,Breeze,100 Thieves,1.24,220.0,83.0,144.8,3.0,1.0
337412,Breeze,G2 Esports,0.73,162.8,58.0,111.2,1.0,3.0
337412,Sunset,100 Thieves,1.11,215.0,79.8,142.2,2.4,1.8
337412,Sunset,G2 Esports,0.91,191.4,74.2,128.6,1.8,2.4
337413,Icebox,KRÜ Esports,1.0,203.6,69.2,133.2,2.8,2.0
337413,Icebox,LEVIATÁN,0.98,204.8,67.0,137.2,2.0,2.8
337413,Lotus,KRÜ Esports,1.13,215.6,79.0,143.8,2.4,1.4
337413,Lotus,LEVIATÁN,0.87,177.0,65.0,113.4,1.4,2.4
337413,Sunset,KRÜ Esports,0.76,182.6,66.8,125.2,1.4,2.6
337413,Sunset,LEVIATÁN,1.24,229.6,81.8,151.4,2.6,1.4
337414,Ascent,G2 Esports,0.94,194.4,71.8,134.6,2.8,2.0
337414,Ascent,LEVIATÁN,1.07,204.6,70.8,132.8,2.0,2.8
337414,Bind,G2 Esports,0.91,192.4,70.0,128.0,2.6,2.6
337414,Bind,LEVIATÁN,1.09,214.0,77.8,149.0,2.6,2.6
337414,Breeze,G2 Esports,1.06,191.4,65.0,119.6,2.4,1.6
337414,Breeze,LEVIATÁN,0.9,190.6,65.0,121.2,1.6,2.4
337414,Icebox,G2 Esports,1.08,215.4,73.4,142.6,2.4,2.8
337414,Icebox,LEVIATÁN,0.89,210.8,67.8,141.6,2.8,2.4
337414,Lotus,G2 Esports,1.02,208.4,77.6,134.4,2.0,2.6
337414,Lotus,LEVIATÁN,0.98,200.2,77.6,136.8,2.6,2.0
341816,Ascent,FNATIC,1.09,204.8,79.4,136.6,2.4,2.4
341816,Ascent,Team Liquid,0.98,200.8,74.2,136.8,2.4,2.4
341816,Icebox,FNATIC,1.04,214.0,78.6,142.6,2.6,2.6
341816,Icebox,Team Liquid,0.97,203.2,70.0,142.6,2.6,2.6
341816,Lotus,FNATIC,1.2,212.8,73.2,134.6,1.4,2.2
341816,Lotus,Team Liquid,0.8,176.8,68.8,114.8,2.2,1.4
341817,Lotus,Natus Vincere,0.96,205.0,80.2,144.8,2.2,2.6
341817,Lotus,Team Heretics,1.12,212.6,78.2,141.6,2.6,2.2
341817,Split,Natus Vincere,0.93,199.4,74.6,133.2,1.8,2.6
341817,Split,Team Heretics,1.08,211.4,82.6,140.2,2.6,1.8
341818,Bind,FNATIC,1.1,204.0,71.8,132.4,1.2,3.2
341818,Bind,Karmine Corp,0.83,167.6,65.6,115.0,3.2,1.2
341818,Breeze,FNATIC,1.11,205.8,76.0,136.6,2.2,2.6
341818,Breeze,Karmine Corp,0.86,171.2,68.6,113.2,2.6,2.2
341819,Lotus,FUT Esports,0.98,202.4,71.4,137.6,2.0,2.6
341819,Lotus,Team Heretics,1.05,206.2,70.6,135.2,2.6,2.0
341819,Split,FUT Esports,0.89,192.0,64.4,127.6,2.2,3.4
341819,Split,Team Heretics,1.11,208.0,71.2,135.4,3.4,2.2
341820,Breeze,FNATIC,0.63,164.0,62.4,110.4,1.6,1.8
341820,Breeze,Team Heretics,1.38,231.0,82.2,158.0,1.8,1.6
341820,Lotus,FNATIC,0.93,189.8,64.4,125.6,3.4,2.2
341820,Lotus,Team Heretics,1.08,193.8,67.8,126.6,2.2,3.4
341821,Bind,FNATIC,0.98,184.8,72.2,124.6,2.6,2.8
341821,Bind,Team Heretics,1.05,191.6,76.4,132.8,2.8,2.6
341821,Breeze,FNATIC,1.16,208.8,77.2,137.8,2.2,2.0
341821,Breeze,Team Heretics,0.83,165.0,63.0,111.0,2.0,2.2
341821,Lotus,FNATIC,1.18,227.6,76.2,145.0,2.8,1.4
341821,Lotus,Team Heretics,0.87,196.2,69.4,126.4,1.4,2.8
341821,Split,FNATIC,1.25,216.6,78.8,134.8,2.2,1.4
341821,Split,Team Heretics,0.76,147.6,55.8,97.8,1.4,2.2
341821,Sunset,FNATIC,0.88,191.4,70.0,127.0,1.2,2.8
341821,Sunset,Team Heretics,1.16,208.4,78.0,142.0,2.8,1.2
341822,Icebox,FUT Esports,1.33,258.4,83.8,167.6,1.6,1.6
341822,Icebox,Karmine Corp,0.73,182.2,69.0,122.0,1.6,1.6
341822,Sunset,FUT Esports,1.05,216.4,76.8,139.4,2.0,2.6
341822,Sunset,Karmine Corp,1.01,210.2,75.6,136.4,2.6,2.0
341823,Bind,FNATIC,1.14,211.2,79.0,141.8,2.4,1.4
341823,Bind,FUT Esports,0.91,174.2,65.2,114.6,1.4,2.4
341823,Breeze,FNATIC,1.04,202.0,74.8,141.0,2.2,2.6
341823,Breeze,FUT Esports,0.98,194.2,75.2,123.8,2.6,2.2
341823,Icebox,FNATIC,1.1,230.6,77.6,153.6,2.6,2.2
341823,Icebox,FUT Esports,0.92,199.4,68.4,135.0,2.2,2.6
341823,Split,FNATIC,1.09,207.8,76.8,142.2,3.2,2.0
341823,Split,FUT Esports,0.95,187.4,65.4,125.0,2.0,3.2
342356,Breeze,All Gamers,,189.4,,,,
342356,Breeze,Trace Esports,,212.0,,,,
342356,Sunset,All Gamers,,192.0,,,,
342356,Sunset,Trace Esports,,220.4,,,,
342357,Ascent,Dragon Ranger Gaming,,220.4,,,,
342357,Ascent,Nova Esports,,191.4,,,,
342357,Bind,Dragon Ranger Gaming,,235.8,,,,
342357,Bind,Nova Esports,,189.2,,,,
342358,Bind,FunPlus Phoenix,,219.8,,,,
342358,Bind,Trace Esports,,184.0,,,,
342358,Lotus,FunPlus Phoenix,,216.2,,,,
342358,Lotus,Trace Esports,,191.8,,,,
342359,Ascent,Dragon Ranger Gaming,,181.2,,,,
342359,Ascent,EDward Gaming,,249.2,,,,
342359,Split,Dragon Ranger Gaming,,181.2,,,,
342359,Split,EDward Gaming,,219.2,,,,
342360,Breeze,EDward Gaming,,185.6,,,,
342360,Breeze,FunPlus Phoenix,,211.2,,,,
342360,Icebox,EDward Gaming,,211.8,,,,
342360,Icebox,FunPlus Phoenix,,210.4,,,,
342361,Bind,Dragon Ranger Gaming,,232.0,,,,
342361,Bind,Trace Esports,,173.0,,,,
342361,Split,Dragon Ranger Gaming,,204.4,,,,
342361,Split,Trace Esports,,203.4,,,,
342361,Sunset,Dragon Ranger Gaming,,199.4,,,,
342361,Sunset,Trace Esports,,222.8,,,,
342362,Ascent,Dragon Ranger Gaming,,249.0,,,,
342362,Ascent,EDward Gaming,,158.0,,,,
342362,Bind,Dragon Ranger Gaming,,165.2,,,,
342362,Bind,EDward Gaming,,205.6,,,,
342362,Breeze,Dragon Ranger Gaming,,185.6,,,,
342362,Breeze,EDward Gaming,,210.8,,,,
342362,Split,Dragon Ranger Gaming,,172.2,,,,
342362,Split,EDward Gaming,,235.6,,,,
342363,Bind,EDward Gaming,,216.8,,,,
342363,Bind,FunPlus Phoenix,,194.4,,,,
342363,Breeze,EDward Gaming,,215.0,,,,
342363,Breeze,FunPlus Phoenix,,181.2,,,,
342363,Icebox,EDward Gaming,,209.6,,,,
342363,Icebox,FunPlus Phoenix,,209.8,,,,
342363,Lotus,EDward Gaming,,182.8,,,,
342363,Lotus,FunPlus Phoenix,,223.0,,,,
348059,Icebox,Dragon Ranger Gaming,,150.2,,109.6,0.8,2.8
348059,Icebox,Team Heretics,,222.2,,151.8,2.8,0.8
348059,Sunset,Dragon Ranger Gaming,,186.8,,124.4,0.8,2.8
348059,Sunset,Team Heretics,,220.6,,139.8,2.8,0.8
348061,Icebox,FUT Esports,,205.4,,136.8,2.2,2.4
348061,Icebox,FunPlus Phoenix,,203.0,,132.8,2.4,2.2
348061,Lotus,FUT Esports,,189.0,,118.2,2.0,3.2
348061,Lotus,FunPlus Phoenix,,190.4,,127.0,3.2,2.0
348061,Sunset,FUT Esports,,174.4,,112.0,1.8,2.2
348061,Sunset,FunPlus Phoenix,,220.2,,148.2,2.2,1.8
348063,Breeze,G2 Esports,,216.4,,139.8,3.0,1.2
348063,Breeze,T1,,174.4,,115.8,1.2,3.0
348063,Icebox,G2 Esports,,144.2,,97.4,1.4,1.4
348063,Icebox,T1,,249.8,,168.2,1.4,1.4
348063,Lotus,G2 Esports,,212.4,,129.0,2.6,2.6
348063,Lotus,T1,,205.2,,133.8,2.6,2.6
348064,Breeze,Gen.G,,205.6,,140.0,1.4,2.6
348064,Breeze,LEVIATÁN,,173.0,,113.2,2.6,1.4
348064,Icebox,Gen.G,,162.4,,111.0,1.4,2.6
348064,Icebox,LEVIATÁN,,218.6,,137.0,2.6,1.4
348064,Lotus,Gen.G,,222.6,,145.8,2.2,1.4
348064,Lotus,LEVIATÁN,,171.8,,114.6,1.4,2.2
348457,Bind,G2 Esports,,206.8,,140.0,2.4,1.4
348457,Bind,Team Heretics,,188.2,,120.4,1.4,2.4
348457,Lotus,G2 Esports,,166.4,,109.4,2.0,2.4
348457,Lotus,Team Heretics,,205.8,,133.2,2.4,2.0
348457,Split,G2 Esports,,207.0,,134.8,2.0,2.2
348457,Split,Team Heretics,,211.6,,137.4,2.2,2.0
348458,Ascent,FunPlus Phoenix,,191.0,,127.0,2.0,2.8
348458,Ascent,Gen.G,,215.8,,142.2,2.8,2.0
348458,Lotus,FunPlus Phoenix,,203.6,,137.0,3.6,2.4
348458,Lotus,Gen.G,,192.0,,126.0,2.4,3.6
348458,Sunset,FunPlus Phoenix,,170.2,,114.8,1.0,3.0
348458,Sunset,Gen.G,,221.2,,136.6,3.0,1.0
348459,Breeze,LEVIATÁN,,230.0,,151.6,2.2,2.2
348459,Breeze,T1,,182.8,,122.0,2.2,2.2
348459,Sunset,LEVIATÁN,,225.8,,148.4,1.8,2.2
348459,Sunset,T1,,166.2,,104.4,2.2,1.8
348460,Ascent,Dragon Ranger Gaming,,207.2,,142.6,2.8,2.4
348460,Ascent,FUT Esports,,209.4,,141.2,2.4,2.8
348460,Bind,Dragon Ranger Gaming,,208.0,,148.4,2.4,2.2
348460,Bind,FUT Esports,,203.8,,127.4,2.2,2.4
348461,Bind,FUT Esports,,202.0,,138.4,2.2,2.6
348461,Bind,LEVIATÁN,,217.2,,151.4,2.6,2.2
348461,Lotus,FUT Esports,,199.0,,125.2,1.8,3.0
348461,Lotus,LEVIATÁN,,204.0,,130.6,3.0,1.8
348461,Sunset,FUT Esports,,251.2,,169.8,2.0,1.0
348461,Sunset,LEVIATÁN,,180.2,,126.6,0.8,1.8
348462,Icebox,FunPlus Phoenix,,208.8,,142.6,2.6,3.8
348462,Icebox,Team Heretics,,212.0,,138.6,3.8,2.6
348462,Lotus,FunPlus Phoenix,,220.4,,143.4,2.8,1.0
348462,Lotus,Team Heretics,,166.0,,115.6,1.0,2.8
348462,Sunset,FunPlus Phoenix,,164.4,,108.6,1.2,2.2
348462,Sunset,Team Heretics,,231.4,,155.4,2.2,1.2
348463,Bind,G2 Esports,,232.0,,155.4,2.6,1.0
348463,Bind,Paper Rex,,166.6,,110.4,1.0,2.6
348463,Lotus,G2 Esports,,216.4,,137.4,3.2,1.4
348463,Lotus,Paper Rex,,176.8,,119.8,1.4,3.2
348463,Split,G2 Esports,,189.2,,127.6,1.4,2.6
348463,Split,Paper Rex,,212.4,,144.4,2.6,1.4
348464,Split,EDward Gaming,,206.2,,134.2,1.2,2.0
348464,Split,Team Heretics,,236.0,,152.2,2.0,1.2
348464,Sunset,EDward Gaming,,179.0,,116.6,1.4,2.4
348464,Sunset,Team Heretics,,213.6,,138.8,2.4,1.4
348465,Bind,100 Thieves,,230.8,,148.6,2.6,1.0
348465,Bind,FUT Esports,,173.0,,122.8,1.0,2.6
348465,Icebox,100 Thieves,,228.0,,149.2,2.0,1.0
348465,Icebox,FUT Esports,,116.4,,78.8,1.0,2.0
348466,Bind,FNATIC,,204.2,,129.6,1.6,3.0
348466,Bind,Gen.G,,202.8,,136.0,3.0,1.6
348466,Breeze,FNATIC,,179.4,,119.2,2.6,2.2
348466,Breeze,Gen.G,,189.6,,127.6,2.2,2.6
348466,Lotus,FNATIC,,207.0,,143.8,2.6,2.0
348466,Lotus,Gen.G,,199.2,,124.6,2.0,2.6
348467,Bind,EDward Gaming,,197.0,,124.0,3.6,1.2
348467,Bind,Paper Rex,,208.8,,142.2,1.2,3.6
348467,Sunset,EDward Gaming,,187.0,,122.4,1.4,2.4
348467,Sunset,Paper Rex,,225.0,,141.6,2.4,1.4
348468,Ascent,FNATIC,,143.2,,94.4,0.6,2.6
348468,Ascent,FUT Esports,,243.0,,154.0,2.6,0.6
348468,Lotus,FNATIC,,195.6,,136.2,2.0,2.2
348468,Lotus,FUT Esports,,203.2,,132.0,2.2,2.0
348468,Split,FNATIC,,241.6,,156.8,2.4,1.2
348468,Split,FUT Esports,,142.8,,96.2,1.2,2.4
348469,Ascent,G2 Esports,,203.4,,131.8,2.2,2.6
348469,Ascent,Team Heretics,,186.8,,117.8,2.6,2.2
348469,Icebox,G2 Esports,,163.4,,108.2,1.4,2.6
348469,Icebox,Team Heretics,,239.0,,158.2,2.6,1.4
348469,Lotus,G2 Esports,,243.2,,151.4,2.2,1.2
348469,Lotus,Team Heretics,,141.0,,95.6,1.2,2.2
348470,Ascent,100 Thieves,,189.6,,126.8,2.6,2.0
348470,Ascent,Gen.G,,211.2,,135.4,2.0,2.6
348470,Icebox,100 Thieves,,190.6,,123.2,1.4,3.2
348470,Icebox,Gen.G,,208.8,,131.2,3.2,1.4
348471,Breeze,100 Thieves,,237.2,,158.8,1.8,1.8
348471,Breeze,Paper Rex,,176.4,,123.2,1.8,1.8
348471,Icebox,100 Thieves,,207.8,,144.6,2.8,2.4
348471,Icebox,Paper Rex,,215.8,,142.0,2.4,2.8
348471,Sunset,100 Thieves,,190.0,,126.2,1.2,3.4
348471,Sunset,Paper Rex,,229.6,,149.6,3.4,1.2
348472,Bind,FUT Esports,,190.0,,129.8,1.4,2.6
348472,Bind,Team Heretics,,217.0,,135.2,2.6,1.4
348472,Sunset,FUT Esports,,156.4,,105.0,0.6,2.8
348472,Sunset,Team Heretics,,233.0,,155.2,2.8,0.6
348473,Ascent,G2 Esports,,186.0,,126.2,2.0,2.6
348473,Ascent,Gen.G,,213.6,,137.0,2.6,2.0
348473,Lotus,G2 Esports,,194.2,,127.4,2.0,2.2
348473,Lotus,Gen.G,,221.8,,149.6,2.2,2.0
348474,Bind,100 Thieves,,195.0,,125.8,2.8,2.8
348474,Bind,Team Heretics,,194.6,,128.4,2.8,2.8
348474,Sunset,100 Thieves,,120.4,,76.2,1.0,1.8
348474,Sunset,Team Heretics,,260.4,,166.4,1.8,1.0
348475,Bind,G2 Esports,,159.8,,103.6,1.0,2.0
348475,Bind,Team Heretics,,238.4,,154.8,2.0,1.0
348475,Icebox,G2 Esports,,173.8,,117.0,1.2,2.6
348475,Icebox,Team Heretics,,228.6,,150.8,2.6,1.2
348475,Lotus,G2 Esports,,183.4,,122.4,1.0,3.2
348475,Lotus,Team Heretics,,201.4,,126.8,3.2,1.0
348476,Ascent,Gen.G,,180.8,,119.2,1.4,3.0
348476,Ascent,Team Heretics,,210.6,,135.4,3.0,1.4
348476,Breeze,Gen.G,,215.2,,136.2,2.2,1.6
348476,Breeze,Team Heretics,,155.0,,99.4,1.6,2.2
348476,Icebox,Gen.G,,192.4,,124.4,2.4,2.0
348476,Icebox,Team Heretics,,205.0,,143.6,2.0,2.4
348476,Lotus,Gen.G,,244.8,,160.0,2.2,1.2
348476,Lotus,Team Heretics,,157.0,,100.6,1.2,2.2
348476,Split,Gen.G,,213.8,,145.8,2.0,1.2
348476,Split,Team Heretics,,165.0,,102.0,1.2,2.0
353153,Lotus,FUT Esports,0.89,187.0,71.0,121.8,2.2,1.8
353153,Lotus,KOI,1.12,216.6,73.0,138.0,1.8,2.2
353153,Split,FUT Esports,1.18,204.2,76.0,140.2,1.8,2.2
353153,Split,KOI,0.82,168.4,59.0,107.6,2.2,1.8
353153,Sunset,FUT Esports,1.1,195.8,75.8,128.6,2.6,1.2
353153,Sunset,KOI,0.85,173.4,64.4,107.8,1.2,2.6
353154,Ascent,BBL Esports,0.92,191.4,64.6,129.2,2.6,1.8
353154,Ascent,FNATIC,1.12,207.2,69.0,130.4,1.8,2.6
353154,Bind,BBL Esports,1.05,195.8,70.2,124.2,2.8,2.0
353154,Bind,FNATIC,0.92,183.4,71.0,119.4,2.0,2.8
353154,Lotus,BBL Esports,0.88,182.4,66.8,121.6,2.2,2.6
353154,Lotus,FNATIC,1.14,206.0,79.4,135.8,2.6,2.2
353155,Bind,Natus Vincere,0.75,168.4,60.2,116.0,1.6,2.0
353155,Bind,Team Heretics,1.29,227.0,81.0,149.4,2.0,1.6
353155,Sunset,Natus Vincere,0.65,167.6,60.0,109.4,0.8,2.4
353155,Sunset,Team Heretics,1.39,242.0,87.8,161.8,2.4,0.8
353156,Icebox,Team Liquid,0.94,193.2,66.4,130.8,2.6,3.8
353156,Icebox,Team Vitality,1.03,204.2,69.4,137.8,3.8,2.6
353156,Lotus,Team Liquid,0.84,177.0,61.0,114.6,2.0,2.6
353156,Lotus,Team Vitality,1.15,212.8,80.8,137.2,2.6,2.0
353157,Breeze,GIANTX,1.03,187.2,72.6,126.8,2.2,2.6
353157,Breeze,Gentle Mates,0.93,172.2,66.6,112.4,2.6,2.2
353157,Split,GIANTX,0.45,140.0,59.8,102.0,0.6,2.2
353157,Split,Gentle Mates,1.5,238.6,90.2,152.4,2.2,0.6
353157,Sunset,GIANTX,1.03,185.2,71.8,124.2,4.0,0.8
353157,Sunset,Gentle Mates,0.89,179.0,65.2,116.4,0.8,4.0
353158,Ascent,FUT Esports,0.98,198.8,70.2,132.8,2.8,2.0
353158,Ascent,Natus Vincere,1.06,213.2,72.8,141.4,2.0,2.8
353158,Lotus,FUT Esports,1.26,224.8,77.8,139.6,2.2,1.4
353158,Lotus,Natus Vincere,0.74,180.6,55.4,125.0,1.4,2.2
353159,Lotus,BBL Esports,0.72,163.4,64.2,107.6,1.6,2.2
353159,Lotus,Karmine Corp,1.19,200.2,82.0,132.4,2.2,1.6
353159,Sunset,BBL Esports,0.65,162.4,59.0,105.2,1.8,1.8
353159,Sunset,Karmine Corp,1.37,228.0,86.6,154.0,1.8,1.8
353160,Haven,FNATIC,1.17,213.0,77.8,140.8,2.0,1.8
353160,Haven,Team Vitality,0.86,175.0,57.0,119.2,1.8,2.0
353160,Icebox,FNATIC,0.79,161.6,56.8,110.6,0.8,3.0
353160,Icebox,Team Vitality,1.2,222.6,80.0,149.2,3.0,0.8
353160,Lotus,FNATIC,1.2,223.6,87.0,151.8,2.8,1.2
353160,Lotus,Team Vitality,0.83,175.4,62.0,112.2,1.2,2.8
353161,Split,FUT Esports,0.76,170.8,64.0,108.6,2.0,1.8
353161,Split,Team Heretics,1.27,229.6,85.2,151.0,1.8,2.0
353161,Sunset,FUT Esports,0.97,209.8,71.6,136.6,2.4,2.2
353161,Sunset,Team Heretics,1.1,215.6,73.2,138.6,2.2,2.4
353162,Ascent,BBL Esports,1.17,217.6,80.0,137.2,2.8,0.8
353162,Ascent,Team Liquid,0.84,177.6,69.0,117.8,0.8,2.8
353162,Lotus,BBL Esports,1.1,206.6,71.4,139.2,2.4,1.4
353162,Lotus,Team Liquid,0.85,179.0,66.4,116.2,1.4,2.4
353163,Ascent,GIANTX,1.2,216.8,78.0,146.8,2.0,2.2
353163,Ascent,Natus Vincere,0.86,181.4,66.6,118.8,2.2,2.0
353163,Lotus,GIANTX,1.16,221.2,80.0,144.0,2.8,1.6
353163,Lotus,Natus Vincere,0.85,174.8,64.6,120.2,1.6,2.8
353164,Split,Gentle Mates,0.97,192.6,75.2,128.0,3.2,1.6
353164,Split,KOI,1.0,199.4,78.4,133.4,1.6,3.2
353164,Sunset,Gentle Mates,0.99,193.6,78.4,129.0,2.4,2.2
353164,Sunset,KOI,0.96,185.4,77.6,120.8,2.2,2.4
353165,Haven,FNATIC,1.32,238.6,75.2,159.4,2.2,1.0
353165,Haven,Karmine Corp,0.7,172.2,57.6,120.8,1.0,2.2
353165,Lotus,FNATIC,1.14,215.6,80.0,141.6,2.2,2.0
353165,Lotus,Karmine Corp,0.89,190.2,73.2,128.4,2.0,2.2
353166,Bind,GIANTX,0.89,183.4,73.4,129.0,2.2,2.2
353166,Bind,Team Heretics,1.11,200.4,80.8,126.6,2.2,2.2
353166,Haven,GIANTX,0.97,191.2,76.2,130.6,2.2,2.2
353166,Haven,Team Heretics,1.01,180.0,69.2,119.6,2.2,2.2
353166,Split,GIANTX,1.07,212.8,73.6,142.2,3.0,2.6
353166,Split,Team Heretics,0.96,200.6,66.2,135.6,2.6,3.0
353167,Split,FUT Esports,1.25,217.4,77.8,139.8,1.6,1.8
353167,Split,Gentle Mates,0.78,169.4,60.2,119.4,1.8,1.6
353167,Sunset,FUT Esports,1.13,209.6,74.2,140.6,2.0,2.2
353167,Sunset,Gentle Mates,0.81,179.2,69.6,117.6,2.2,2.0
353168,Icebox,KOI,1.24,215.8,83.2,140.6,1.8,2.0
353168,Icebox,Natus Vincere,0.75,166.4,66.4,113.6,2.0,1.8
353168,Split,KOI,0.97,195.6,62.8,128.2,1.8,2.8
353168,Split,Natus Vincere,1.02,208.6,72.2,132.0,2.8,1.8
353169,Bind,Karmine Corp,0.88,195.6,70.0,125.4,2.8,2.0
353169,Bind,Team Liquid,1.15,225.6,79.2,143.2,2.0,2.8
353169,Sunset,Karmine Corp,0.63,158.8,53.4,106.2,1.0,2.0
353169,Sunset,Team Liquid,1.34,244.0,81.2,148.2,2.0,1.0
353170,Ascent,BBL Esports,0.82,174.2,60.0,118.2,2.0,2.0
353170,Ascent,Team Vitality,1.18,204.8,75.0,131.6,2.0,2.0
353170,Lotus,BBL Esports,0.95,185.0,66.0,119.6,2.8,2.0
353170,Lotus,Team Vitality,1.06,194.4,70.0,124.0,2.0,2.8
353170,Sunset,BBL Esports,1.23,218.4,79.0,148.6,3.0,0.8
353170,Sunset,Team Vitality,0.83,186.2,73.6,118.8,0.8,3.0
353171,Icebox,Gentle Mates,1.11,203.0,74.8,130.2,2.2,2.4
353171,Icebox,Team Heretics,0.9,185.6,70.6,124.6,2.4,2.2
353171,Lotus,Gentle Mates,0.69,150.8,63.4,100.6,0.6,3.0
353171,Lotus,Team Heretics,1.25,208.0,85.6,134.6,3.0,0.6
353171,Sunset,Gentle Mates,0.84,168.6,59.0,117.0,1.6,2.4
353171,Sunset,Team Heretics,1.16,198.6,80.0,128.8,2.4,1.6
353172,Lotus,FUT Esports,1.15,215.0,73.6,139.4,1.8,2.0
353172,Lotus,GIANTX,0.87,188.4,68.2,123.2,2.0,1.8
353172,Split,FUT Esports,1.3,211.2,77.4,133.4,2.0,1.4
353172,Split,GIANTX,0.68,140.2,53.0,92.2,1.4,2.0
353173,Bind,KOI,0.96,189.8,64.6,122.6,1.6,2.8
353173,Bind,Team Heretics,0.97,195.0,66.4,127.2,2.8,1.6
353173,Haven,KOI,0.98,181.0,73.2,124.2,2.8,1.8
353173,Haven,Team Heretics,1.05,184.4,78.2,126.8,1.8,2.8
353173,Icebox,KOI,1.09,212.6,75.0,134.4,2.4,2.4
353173,Icebox,Team Heretics,0.92,182.8,64.0,127.4,2.4,2.4
353174,Haven,FNATIC,1.14,206.0,74.6,137.2,2.4,2.0
353174,Haven,Team Liquid,0.84,162.0,62.6,100.6,2.0,2.4
353174,Icebox,FNATIC,1.49,240.2,88.2,168.8,2.2,0.8
353174,Icebox,Team Liquid,0.51,137.6,53.2,91.0,0.8,2.2
353175,Ascent,Gentle Mates,1.25,231.2,79.0,153.0,1.4,2.8
353175,Ascent,Natus Vincere,0.76,180.6,72.4,121.4,2.8,1.4
353175,Split,Gentle Mates,0.88,183.8,68.6,115.8,2.0,2.8
353175,Split,Natus Vincere,1.1,200.0,80.6,137.4,2.8,2.0
353175,Sunset,Gentle Mates,0.89,203.8,65.0,131.4,2.4,1.6
353175,Sunset,Natus Vincere,1.12,212.4,72.0,139.8,1.6,2.4
353177,Ascent,LEVIATÁN,1.09,201.8,67.4,136.8,1.6,2.8
353177,Ascent,MIBR,0.95,190.4,74.6,129.2,2.8,1.6
353177,Icebox,LEVIATÁN,1.2,214.8,75.0,154.6,2.6,1.4
353177,Icebox,MIBR,0.77,179.8,63.0,122.4,1.4,2.6
353178,Lotus,NRG,0.78,164.2,63.6,110.0,2.0,2.4
353178,Lotus,Sentinels,1.22,222.0,78.2,147.4,2.2,1.8
353178,Sunset,NRG,0.84,187.2,64.6,121.8,2.4,2.8
353178,Sunset,Sentinels,1.18,220.0,77.0,144.8,2.8,2.4
353179,Haven,100 Thieves,1.01,203.4,75.4,138.6,4.0,2.0
353179,Haven,FURIA,1.05,207.8,72.6,135.4,2.0,4.0
353179,Icebox,100 Thieves,0.97,202.0,70.0,136.2,2.4,2.8
353179,Icebox,FURIA,1.02,217.0,79.4,141.8,2.8,2.4
353180,Icebox,Evil Geniuses,0.97,185.4,67.8,122.0,2.6,2.2
353180,Icebox,LOUD,0.99,207.6,69.8,140.2,2.2,2.6
353180,Lotus,Evil Geniuses,0.81,180.0,66.0,118.0,2.6,1.4
353180,Lotus,LOUD,1.19,222.4,79.0,139.8,1.4,2.6
353180,Sunset,Evil Geniuses,1.12,209.4,79.0,131.0,2.4,1.4
353180,Sunset,LOUD,0.9,185.0,72.4,132.0,1.4,2.4
353181,Ascent,Cloud9,0.97,194.2,76.0,128.0,2.6,2.2
353181,Ascent,G2 Esports,1.07,191.8,71.8,124.0,2.2,2.6
353181,Icebox,Cloud9,1.1,207.6,71.2,145.8,2.0,1.6
353181,Icebox,G2 Esports,0.88,188.8,62.2,119.8,1.6,2.0
353181,Lotus,Cloud9,0.85,172.6,68.6,115.2,1.6,2.6
353181,Lotus,G2 Esports,1.1,195.0,73.2,127.6,2.6,1.6
353182,Bind,Evil Geniuses,1.36,241.8,89.8,164.2,2.2,1.4
353182,Bind,FURIA,0.64,158.8,64.6,109.4,1.4,2.2
353182,Lotus,Evil Geniuses,1.32,239.8,88.0,154.8,2.2,1.2
353182,Lotus,FURIA,0.7,174.6,60.2,110.4,1.2,2.2
353183,Lotus,KRÜ Esports,0.87,186.8,71.6,124.8,2.8,2.0
353183,Lotus,Sentinels,1.14,209.6,70.0,139.4,2.0,2.8
353183,Split,KRÜ Esports,0.94,176.6,73.0,119.0,2.2,2.4
353183,Split,Sentinels,1.06,191.2,77.6,128.0,2.4,2.2
353184,Ascent,LOUD,1.21,231.6,84.0,150.8,2.4,1.6
353184,Ascent,MIBR,0.78,175.8,62.0,119.8,1.6,2.4
353184,Lotus,LOUD,0.86,188.6,69.2,122.0,2.4,2.4
353184,Lotus,MIBR,1.1,208.0,74.4,146.4,2.4,2.4
353184,Sunset,LOUD,1.06,200.6,71.6,133.4,2.0,2.4
353184,Sunset,MIBR,0.93,189.4,61.0,122.8,2.4,2.0
353185,Bind,100 Thieves,0.9,181.8,63.4,121.4,2.0,2.6
353185,Bind,LEVIATÁN,1.12,206.4,74.2,131.4,2.6,2.0
353185,Haven,100 Thieves,0.78,173.4,70.4,115.4,1.0,2.4
353185,Haven,LEVIATÁN,1.27,223.2,77.4,143.6,2.4,1.0
353186,Bind,G2 Esports,1.12,211.2,78.0,139.2,2.4,1.8
353186,Bind,NRG,0.9,187.2,70.4,124.6,1.8,2.4
353186,Haven,G2 Esports,1.17,222.8,82.0,146.2,2.2,1.8
353186,Haven,NRG,0.75,179.2,67.0,114.6,1.8,2.2
353187,Haven,Cloud9,0.72,148.6,64.4,95.8,1.2,2.4
353187,Haven,Sentinels,1.26,205.4,80.8,127.4,2.4,1.2
353187,Split,Cloud9,0.91,169.4,67.4,111.0,2.0,2.0
353187,Split,Sentinels,1.05,196.0,75.0,132.8,2.2,2.2
353188,Icebox,Evil Geniuses,0.58,142.0,56.8,94.2,1.2,2.4
353188,Icebox,LEVIATÁN,1.39,247.8,81.0,164.4,2.4,1.2
353188,Sunset,Evil Geniuses,0.95,200.4,72.2,139.6,1.6,3.0
353188,Sunset,LEVIATÁN,1.09,216.6,80.0,139.4,3.0,1.6
353189,Bind,FURIA,1.24,214.4,85.2,143.2,2.2,2.2
353189,Bind,LOUD,0.81,177.0,61.8,114.6,2.2,2.2
353189,Haven,FURIA,0.89,190.8,68.4,129.2,2.6,2.2
353189,Haven,LOUD,1.09,211.6,69.8,143.0,2.2,2.6
353189,Icebox,FURIA,1.05,209.4,69.4,143.2,2.4,2.2
353189,Icebox,LOUD,0.96,208.8,68.8,139.8,2.2,2.4
353190,Icebox,100 Thieves,1.26,222.2,81.0,151.6,1.6,2.0
353190,Icebox,MIBR,0.71,165.0,65.6,110.6,2.0,1.6
353190,Split,100 Thieves,1.26,229.8,86.4,145.6,2.0,1.8
353190,Split,MIBR,0.76,166.2,65.2,107.8,1.8,2.0
353191,Ascent,KRÜ Esports,0.89,185.4,63.6,119.8,1.4,2.8
353191,Ascent,NRG,1.11,224.0,79.0,150.4,2.8,1.4
353191,Split,KRÜ Esports,1.03,204.6,75.0,137.0,2.0,2.2
353191,Split,NRG,0.96,217.0,74.0,131.0,2.2,2.0
353191,Sunset,KRÜ Esports,0.91,182.2,71.0,119.4,1.0,3.0
353191,Sunset,NRG,1.07,209.2,78.0,135.4,3.0,1.0
353192,Ascent,G2 Esports,1.05,217.6,76.0,141.6,2.4,3.6
353192,Ascent,KRÜ Esports,0.97,210.8,77.2,138.0,3.6,2.4
353192,Lotus,G2 Esports,0.68,158.8,58.8,104.8,1.4,2.0
353192,Lotus,KRÜ Esports,1.29,237.8,83.2,153.4,2.0,1.4
353192,Split,G2 Esports,1.1,227.6,79.8,144.8,1.8,1.8
353192,Split,KRÜ Esports,0.89,196.2,62.2,131.2,1.8,1.8
353193,Icebox,LEVIATÁN,1.17,224.8,76.8,145.0,1.6,2.2
353193,Icebox,LOUD,0.76,173.6,61.0,111.2,2.2,1.6
353193,Lotus,LEVIATÁN,1.15,209.0,81.6,135.6,2.2,2.6
353193,Lotus,LOUD,0.89,177.2,65.8,113.2,2.6,2.2
353194,Icebox,FURIA,1.18,221.4,78.0,149.2,2.2,1.8
353194,Icebox,MIBR,0.74,176.4,56.0,113.2,1.8,2.2
353194,Sunset,FURIA,1.17,218.2,74.8,148.2,2.6,2.0
353194,Sunset,MIBR,0.87,194.0,68.6,125.0,2.0,2.6
353195,Ascent,Cloud9,0.7,159.8,69.0,110.6,1.4,1.8
353195,Ascent,NRG,1.28,218.0,83.8,133.4,1.8,1.4
353195,Icebox,Cloud9,1.08,214.4,74.2,140.0,2.4,2.2
353195,Icebox,NRG,0.93,197.4,74.2,135.0,2.2,2.4
353195,Sunset,Cloud9,1.03,195.2,72.4,127.2,2.4,2.8
353195,Sunset,NRG,0.98,199.4,73.0,123.6,2.8,2.4
353196,Ascent,100 Thieves,1.26,229.6,85.0,153.4,2.6,1.4
353196,Ascent,Evil Geniuses,0.82,185.4,60.0,124.6,1.4,2.6
353196,Bind,100 Thieves,1.0,204.6,72.4,123.8,2.0,2.6
353196,Bind,Evil Geniuses,1.04,207.2,75.0,134.2,2.6,2.0
353196,Lotus,100 Thieves,1.04,208.2,78.4,137.8,3.0,1.6
353196,Lotus,Evil Geniuses,0.95,190.0,71.4,119.6,1.6,3.0
353197,Icebox,Cloud9,0.74,166.0,55.0,119.0,1.4,2.6
353197,Icebox,KRÜ Esports,1.27,222.0,79.0,150.4,2.6,1.4
353197,Split,Cloud9,0.93,181.0,72.4,120.2,2.8,1.8
353197,Split,KRÜ Esports,1.09,198.8,74.6,139.0,1.8,2.8
353198,Bind,Evil Geniuses,0.94,200.0,71.0,130.8,1.6,2.8
353198,Bind,MIBR,1.08,199.8,68.2,133.6,2.8,1.6
353198,Lotus,Evil Geniuses,0.62,150.0,52.2,104.4,0.6,2.4
353198,Lotus,MIBR,1.36,242.0,88.0,158.0,2.4,0.6
353199,Icebox,FURIA,0.73,167.2,65.2,123.8,1.6,2.2
353199,Icebox,LEVIATÁN,1.23,220.4,76.8,149.6,2.2,1.6
353199,Sunset,FURIA,0.74,174.4,61.2,113.2,2.2,1.6
353199,Sunset,LEVIATÁN,1.21,222.0,74.6,147.6,1.6,2.2
353200,Ascent,100 Thieves,1.5,256.2,93.0,168.4,2.2,0.6
353200,Ascent,LOUD,0.5,122.6,43.0,80.4,0.6,2.2
353200,Bind,100 Thieves,0.93,186.0,71.4,122.4,2.2,2.0
353200,Bind,LOUD,1.06,204.0,72.2,137.0,2.0,2.2
353200,Lotus,100 Thieves,0.84,184.4,66.2,112.4,2.0,2.6
353200,Lotus,LOUD,1.15,209.6,72.4,137.2,2.6,2.0
353201,Bind,G2 Esports,1.33,226.2,83.0,141.8,2.6,1.2
353201,Bind,Sentinels,0.71,174.2,59.8,113.8,1.2,2.6
353201,Lotus,G2 Esports,1.07,201.0,73.6,129.6,2.6,1.8
353201,Lotus,Sentinels,0.93,186.8,75.4,120.2,1.8,2.6
353202,Icebox,GIANTX,0.78,164.0,53.2,112.8,2.4,2.8
353202,Icebox,KOI,1.22,224.0,74.6,141.8,2.8,2.4
353202,Sunset,GIANTX,0.7,147.4,63.6,99.4,1.8,1.8
353202,Sunset,KOI,1.32,224.8,85.4,140.8,1.8,1.8
353203,Icebox,Karmine Corp,0.71,173.2,72.0,115.6,1.2,2.2
353203,Icebox,Team Vitality,1.28,233.2,81.0,143.0,2.2,1.2
353203,Lotus,Karmine Corp,1.09,198.8,71.8,132.6,2.2,2.2
353203,Lotus,Team Vitality,0.93,177.0,70.2,116.6,2.2,2.2
353203,Sunset,Karmine Corp,0.94,194.0,73.2,126.4,3.0,2.2
353203,Sunset,Team Vitality,1.08,197.4,75.4,129.4,2.2,3.0
359463,Abyss,Team China,,,,,,
359463,Abyss,Team International,,,,,,
359603,Icebox,JDG Esports,,211.2,,135.8,2.6,2.6
359603,Icebox,Titan Esports Club,,190.8,,125.2,2.6,2.6
359603,Lotus,JDG Esports,,185.8,,131.8,2.6,2.2
359603,Lotus,Titan Esports Club,,195.2,,123.6,2.2,2.6
359604,Icebox,All Gamers,,238.2,,150.0,2.6,0.8
359604,Icebox,TYLOO,,169.6,,106.0,0.8,2.6
359604,Sunset,All Gamers,,211.0,,130.6,2.2,2.2
359604,Sunset,TYLOO,,183.0,,121.2,2.2,2.2
359605,Bind,Bilibili Gaming,,217.4,,142.0,2.6,1.4
359605,Bind,Wolves Esports,,201.4,,135.8,1.4,2.6
359605,Sunset,Bilibili Gaming,,220.4,,150.0,2.4,1.2
359605,Sunset,Wolves Esports,,176.0,,111.4,1.2,2.4
359606,Ascent,Dragon Ranger Gaming,,224.4,,151.6,2.6,1.4
359606,Ascent,Nova Esports,,176.6,,118.8,1.4,2.6
359606,Lotus,Dragon Ranger Gaming,,194.0,,128.0,2.2,3.0
359606,Lotus,Nova Esports,,205.4,,138.6,3.0,2.2
359606,Sunset,Dragon Ranger Gaming,,192.4,,134.2,1.6,2.0
359606,Sunset,Nova Esports,,226.8,,152.8,2.0,1.6
359607,Haven,FunPlus Phoenix,,222.8,,145.8,1.2,2.4
359607,Haven,Trace Esports,,159.8,,105.0,2.4,1.2
359607,Lotus,FunPlus Phoenix,,194.6,,127.6,3.0,2.6
359607,Lotus,Trace Esports,,207.2,,126.8,2.6,3.0
359607,Sunset,FunPlus Phoenix,,183.2,,125.8,1.6,2.2
359607,Sunset,Trace Esports,,198.8,,128.2,2.2,1.6
359608,Icebox,All Gamers,,215.2,,149.6,2.8,1.0
359608,Icebox,Titan Esports Club,,165.2,,114.8,1.0,2.8
359608,Sunset,All Gamers,,213.2,,140.4,2.8,1.8
359608,Sunset,Titan Esports Club,,205.2,,125.8,1.8,2.8
359609,Bind,EDward Gaming,,199.2,,128.2,2.4,2.8
359609,Bind,Wolves Esports,,204.0,,133.2,2.8,2.4
359609,Icebox,EDward Gaming,,187.8,,122.8,1.2,2.8
359609,Icebox,Wolves Esports,,219.0,,142.6,2.8,1.2
359609,Split,EDward Gaming,,214.2,,153.4,2.4,1.6
359609,Split,Wolves Esports,,193.6,,132.0,1.6,2.4
359610,Haven,TYLOO,,169.4,,120.4,0.8,2.6
359610,Haven,Trace Esports,,235.2,,155.0,2.6,0.8
359610,Split,TYLOO,,204.4,,127.0,2.6,2.2
359610,Split,Trace Esports,,203.6,,136.8,2.2,2.6
359610,Sunset,TYLOO,,226.4,,148.0,2.4,1.6
359610,Sunset,Trace Esports,,183.6,,124.0,1.6,2.4
359611,Ascent,Bilibili Gaming,,231.2,,147.0,2.6,1.2
359611,Ascent,Nova Esports,,175.4,,112.8,1.2,2.6
359611,Bind,Bilibili Gaming,,207.6,,137.2,2.6,1.8
359611,Bind,Nova Esports,,152.0,,97.8,1.8,2.6
359611,Split,Bilibili Gaming,,209.4,,137.6,2.6,3.4
359611,Split,Nova Esports,,213.8,,140.0,3.4,2.6
359612,Haven,FunPlus Phoenix,,207.8,,136.6,2.2,3.0
359612,Haven,JDG Esports,,185.2,,120.2,3.0,2.2
359612,Sunset,FunPlus Phoenix,,200.6,,128.4,2.4,1.8
359612,Sunset,JDG Esports,,165.2,,108.0,1.8,2.4
359613,Haven,Dragon Ranger Gaming,,234.0,,146.4,1.8,1.8
359613,Haven,EDward Gaming,,177.4,,116.2,1.8,1.8
359613,Lotus,Dragon Ranger Gaming,,208.2,,137.4,2.6,2.2
359613,Lotus,EDward Gaming,,204.6,,128.8,2.2,2.6
359614,Icebox,Nova Esports,,214.4,,147.2,1.8,3.4
359614,Icebox,Wolves Esports,,201.8,,136.6,3.4,1.8
359614,Sunset,Nova Esports,,215.0,,144.0,2.6,3.0
359614,Sunset,Wolves Esports,,205.0,,137.0,3.0,2.6
359615,Bind,JDG Esports,,240.8,,155.6,2.2,0.8
359615,Bind,Trace Esports,,161.6,,108.8,0.8,2.2
359615,Haven,JDG Esports,,218.6,,148.4,2.2,1.6
359615,Haven,Trace Esports,,177.6,,116.2,1.6,2.2
359615,Sunset,JDG Esports,,184.6,,124.0,2.2,2.0
359615,Sunset,Trace Esports,,206.2,,135.6,2.0,2.2
359616,Ascent,TYLOO,,195.0,,131.2,1.8,2.6
359616,Ascent,Titan Esports Club,,216.4,,145.2,2.6,1.8
359616,Bind,TYLOO,,206.8,,139.2,3.0,1.6
359616,Bind,Titan Esports Club,,195.6,,124.6,1.6,3.0
359616,Icebox,TYLOO,,229.2,,154.4,2.6,1.8
359616,Icebox,Titan Esports Club,,202.4,,138.2,1.8,2.6
359617,Ascent,All Gamers,,190.6,,126.4,2.4,1.6
359617,Ascent,FunPlus Phoenix,,211.6,,144.2,1.6,2.4
359617,Haven,All Gamers,,220.8,,143.4,2.8,1.4
359617,Haven,FunPlus Phoenix,,164.4,,112.4,1.4,2.8
359617,Sunset,All Gamers,,182.8,,114.4,2.6,2.2
359617,Sunset,FunPlus Phoenix,,211.6,,136.8,2.2,2.6
359618,Ascent,Bilibili Gaming,,199.6,,135.0,1.6,3.2
359618,Ascent,Dragon Ranger Gaming,,199.2,,134.0,3.2,1.6
359618,Lotus,Bilibili Gaming,,219.6,,139.4,3.0,1.8
359618,Lotus,Dragon Ranger Gaming,,192.0,,126.4,1.8,3.0
359619,Bind,EDward Gaming,,211.2,,139.8,2.2,1.6
359619,Bind,Nova Esports,,180.4,,121.4,1.8,2.4
359619,Lotus,EDward Gaming,,201.0,,129.0,3.0,1.4
359619,Lotus,Nova Esports,,163.6,,104.2,1.4,3.0
359621,Haven,All Gamers,,169.0,,109.2,1.2,2.6
359621,Haven,Trace Esports,,222.4,,139.2,2.6,1.2
359621,Sunset,All Gamers,,178.4,,118.8,1.0,2.4
359621,Sunset,Trace Esports,,237.8,,155.2,2.4,1.0
359622,Lotus,FunPlus Phoenix,,190.0,,122.2,2.2,2.2
359622,Lotus,Titan Esports Club,,187.4,,122.8,2.2,2.2
359622,Sunset,FunPlus Phoenix,,176.6,,113.8,1.8,2.0
359622,Sunset,Titan Esports Club,,224.8,,146.4,2.0,1.8
359623,Haven,JDG Esports,,257.4,,169.6,2.4,0.4
359623,Haven,TYLOO,,131.6,,87.2,0.4,2.4
359623,Icebox,JDG Esports,,211.8,,139.4,2.0,2.4
359623,Icebox,TYLOO,,190.0,,133.8,2.4,2.0
359624,Ascent,Dragon Ranger Gaming,,163.0,,107.4,1.2,2.6
359624,Ascent,Wolves Esports,,240.4,,157.8,2.6,1.2
359624,Icebox,Dragon Ranger Gaming,,169.2,,115.0,1.8,2.2
359624,Icebox,Wolves Esports,,218.0,,138.6,2.2,1.8
359625,Bind,Titan Esports Club,,212.8,,141.6,1.6,2.6
359625,Bind,Trace Esports,,180.0,,114.2,2.6,1.6
359625,Haven,Titan Esports Club,,201.0,,130.0,1.6,3.0
359625,Haven,Trace Esports,,209.8,,138.4,3.0,1.6
359625,Lotus,Titan Esports Club,,205.0,,130.4,3.2,1.6
359625,Lotus,Trace Esports,,217.2,,144.8,1.6,3.2
359626,Haven,Bilibili Gaming,,178.2,,113.6,2.0,2.2
359626,Haven,EDward Gaming,,214.8,,136.0,2.2,2.0
359626,Icebox,Bilibili Gaming,,209.0,,139.2,3.0,1.8
359626,Icebox,EDward Gaming,,212.0,,139.6,1.8,3.0
359627,Haven,All Gamers,,178.2,,118.2,2.8,1.4
359627,Haven,JDG Esports,,215.0,,139.4,1.4,2.8
359627,Icebox,All Gamers,,153.8,,104.2,0.8,2.4
359627,Icebox,JDG Esports,,244.2,,159.8,2.4,0.8
359628,Ascent,FunPlus Phoenix,,168.8,,116.4,1.0,2.4
359628,Ascent,TYLOO,,228.4,,157.4,2.4,1.0
359628,Haven,FunPlus Phoenix,,198.4,,138.8,2.4,2.8
359628,Haven,TYLOO,,201.0,,132.6,2.8,2.4
359628,Icebox,FunPlus Phoenix,,228.6,,146.2,2.4,1.2
359628,Icebox,TYLOO,,172.4,,112.8,1.2,2.4
365316,Bind,Gen.G,1.02,195.0,72.6,126.0,3.2,1.6
365316,Bind,Rex Regum Qeon,0.96,194.6,68.4,126.6,1.6,3.2
365316,Haven,Gen.G,1.1,194.4,71.4,121.8,2.6,1.6
365316,Haven,Rex Regum Qeon,0.92,169.6,62.8,108.2,1.6,2.6
365317,Abyss,TALON,1.03,199.0,71.6,135.8,2.4,2.0
365317,Abyss,Team Secret,0.96,188.4,69.2,131.8,2.4,2.8
365317,Lotus,TALON,0.97,190.0,70.8,121.6,2.4,2.4
365317,Lotus,Team Secret,1.03,197.2,78.6,134.2,2.4,2.4
365318,Ascent,Gen.G,1.12,195.0,73.2,128.8,2.6,2.0
365318,Ascent,Paper Rex,0.9,174.6,63.8,115.2,2.0,2.6
365318,Icebox,Gen.G,1.3,235.6,84.4,164.8,2.4,1.2
365318,Icebox,Paper Rex,0.72,146.8,58.8,96.6,1.2,2.4
365319,Abyss,KIWOOM DRX,1.3,226.4,83.2,145.8,2.6,0.8
365319,Abyss,TALON,0.69,167.2,61.2,113.0,0.8,2.6
365319,Ascent,KIWOOM DRX,0.97,206.2,72.2,138.4,2.0,2.2
365319,Ascent,TALON,1.03,208.6,72.4,138.8,2.2,2.0
365320,Bind,Gen.G,1.27,202.2,81.0,131.4,2.6,1.2
365320,Bind,KIWOOM DRX,0.7,128.8,54.8,87.6,1.2,2.6
365320,Haven,Gen.G,1.15,195.6,70.8,123.4,2.2,2.2
365320,Haven,KIWOOM DRX,0.86,165.6,65.8,111.0,2.2,2.2
365320,Sunset,Gen.G,0.93,194.2,67.0,125.6,2.2,2.4
365320,Sunset,KIWOOM DRX,1.06,202.0,69.6,129.6,2.4,2.2
365321,Bind,Gen.G,1.15,229.8,77.6,152.2,4.8,2.0
365321,Bind,KIWOOM DRX,0.87,201.2,65.6,132.8,2.0,4.8
365321,Haven,Gen.G,0.82,188.4,66.4,122.8,1.6,2.4
365321,Haven,KIWOOM DRX,1.18,205.8,79.8,140.8,2.2,1.4
365321,Icebox,Gen.G,1.3,220.6,80.8,145.0,2.8,1.0
365321,Icebox,KIWOOM DRX,0.7,147.0,52.4,94.0,1.0,2.8
365321,Lotus,Gen.G,1.1,206.4,77.8,134.4,3.0,2.2
365321,Lotus,KIWOOM DRX,0.93,197.0,70.6,132.6,2.2,3.0
365322,Ascent,Paper Rex,1.38,232.8,85.2,149.0,2.0,1.2
365322,Ascent,TALON,0.57,143.2,52.6,103.2,1.2,2.0
365322,Sunset,Paper Rex,1.29,237.4,85.2,158.4,1.4,1.8
365322,Sunset,TALON,0.78,187.4,64.0,125.2,1.8,1.4
365323,Abyss,KIWOOM DRX,0.84,196.4,64.0,134.6,2.0,2.0
365323,Abyss,Paper Rex,1.15,210.0,77.0,137.0,2.0,2.0
365323,Ascent,KIWOOM DRX,1.12,211.6,79.0,137.0,2.6,1.4
365323,Ascent,Paper Rex,0.9,187.4,64.0,121.0,1.4,2.6
365323,Bind,KIWOOM DRX,1.05,195.2,72.2,123.8,2.4,2.2
365323,Bind,Paper Rex,0.88,177.8,63.0,113.8,2.2,2.4
365323,Icebox,KIWOOM DRX,1.04,214.4,69.0,144.0,2.6,2.0
365323,Icebox,Paper Rex,0.97,203.4,74.0,136.0,2.0,2.6
365323,Lotus,KIWOOM DRX,0.9,179.0,66.2,120.0,1.4,3.2
365323,Lotus,Paper Rex,1.16,216.4,79.2,138.4,3.2,1.4
370722,Icebox,Bilibili Gaming,,225.6,,140.2,2.4,1.6
370722,Icebox,JDG Esports,,172.8,,116.0,1.6,2.4
370722,Sunset,Bilibili Gaming,,213.4,,134.0,2.0,2.4
370722,Sunset,JDG Esports,,210.8,,137.0,2.4,2.0
370723,Lotus,All Gamers,,170.8,,108.0,1.8,2.2
370723,Lotus,Trace Esports,,229.8,,145.4,2.2,1.8
370723,Sunset,All Gamers,,208.6,,133.6,2.0,2.6
370723,Sunset,Trace Esports,,201.4,,126.4,2.6,2.0
370724,Bind,Bilibili Gaming,,227.0,,150.0,2.0,2.0
370724,Bind,EDward Gaming,,181.0,,123.6,2.0,2.0
370724,Lotus,Bilibili Gaming,,188.8,,125.8,2.8,1.8
370724,Lotus,EDward Gaming,,205.6,,131.4,1.8,2.8
370724,Sunset,Bilibili Gaming,,177.4,,117.0,1.2,2.4
370724,Sunset,EDward Gaming,,233.4,,154.2,2.4,1.2
370725,Ascent,FunPlus Phoenix,,160.8,,109.8,1.6,1.6
370725,Ascent,Trace Esports,,235.8,,148.0,1.6,1.6
370725,Haven,FunPlus Phoenix,,185.0,,118.4,2.2,2.6
370725,Haven,Trace Esports,,209.4,,135.4,2.6,2.2
370726,Abyss,EDward Gaming,,243.8,,161.2,1.8,1.8
370726,Abyss,Trace Esports,,169.6,,121.0,1.8,1.8
370726,Sunset,EDward Gaming,,226.4,,146.2,1.8,1.2
370726,Sunset,Trace Esports,,154.8,,105.8,1.2,1.8
370727,Abyss,EDward Gaming,,180.8,,121.0,1.8,2.4
370727,Abyss,FunPlus Phoenix,,222.0,,140.0,2.4,1.8
370727,Bind,EDward Gaming,,190.8,,121.2,1.6,2.6
370727,Bind,FunPlus Phoenix,,183.8,,120.4,2.6,1.6
370727,Haven,EDward Gaming,,230.4,,152.6,1.2,2.8
370727,Haven,FunPlus Phoenix,,187.4,,126.0,2.8,1.2
370727,Icebox,EDward Gaming,,206.4,,135.0,1.8,2.6
370727,Icebox,FunPlus Phoenix,,225.4,,144.8,2.6,1.8
370727,Sunset,EDward Gaming,,203.6,,138.6,2.4,2.0
370727,Sunset,FunPlus Phoenix,,180.8,,121.4,2.0,2.4
370728,Ascent,Bilibili Gaming,,156.0,,104.0,1.0,2.2
370728,Ascent,FunPlus Phoenix,,247.4,,163.2,2.2,1.0
370728,Icebox,Bilibili Gaming,,206.4,,128.8,2.0,3.2
370728,Icebox,FunPlus Phoenix,,205.6,,138.4,3.2,2.0
370728,Lotus,Bilibili Gaming,,176.4,,115.2,2.2,2.4
370728,Lotus,FunPlus Phoenix,,199.2,,128.4,2.4,2.2
370729,Abyss,FunPlus Phoenix,,209.6,,141.4,2.8,1.4
370729,Abyss,Trace Esports,,163.6,,103.8,1.4,2.8
370729,Ascent,FunPlus Phoenix,,186.2,,118.4,1.8,2.4
370729,Ascent,Trace Esports,,202.8,,137.6,2.4,1.8
370729,Bind,FunPlus Phoenix,,202.8,,133.6,2.8,1.6
370729,Bind,Trace Esports,,171.8,,116.0,1.6,2.8
370729,Haven,FunPlus Phoenix,,215.6,,141.8,1.6,2.6
370729,Haven,Trace Esports,,211.6,,132.2,2.6,1.6
370729,Lotus,FunPlus Phoenix,,199.6,,130.8,2.2,2.6
370729,Lotus,Trace Esports,,196.2,,120.4,2.6,2.2
371266,Abyss,Cloud9,0.86,189.0,64.4,122.0,2.4,2.4
371266,Abyss,KRÜ Esports,1.09,210.8,75.8,138.0,2.4,2.4
371266,Haven,Cloud9,0.73,167.0,61.0,112.4,1.6,2.2
371266,Haven,KRÜ Esports,1.34,227.8,82.8,157.2,2.2,1.6
371266,Lotus,Cloud9,0.99,210.0,74.2,139.0,2.0,2.8
371266,Lotus,KRÜ Esports,1.03,207.4,76.0,139.8,2.8,2.0
371267,Ascent,100 Thieves,1.01,199.4,72.2,129.6,2.6,2.0
371267,Ascent,Sentinels,0.98,210.0,72.4,139.4,2.0,2.6
371267,Haven,100 Thieves,1.17,215.0,78.0,144.2,2.8,1.2
371267,Haven,Sentinels,0.84,185.8,63.0,118.4,1.2,2.8
371268,Icebox,KRÜ Esports,0.52,134.0,45.2,86.2,0.6,2.4
371268,Icebox,LEVIATÁN,1.41,243.0,88.0,159.2,2.4,0.6
371268,Sunset,KRÜ Esports,0.63,144.0,57.8,104.8,0.6,2.8
371268,Sunset,LEVIATÁN,1.4,237.0,90.4,161.6,2.8,0.6
371269,Abyss,100 Thieves,0.88,200.4,67.8,130.2,2.0,2.8
371269,Abyss,G2 Esports,1.07,214.0,73.2,138.0,2.6,1.8
371269,Lotus,100 Thieves,0.73,169.0,62.4,109.4,1.2,2.6
371269,Lotus,G2 Esports,1.28,229.0,86.6,156.8,2.4,1.0
371270,Bind,G2 Esports,1.03,207.2,72.6,132.8,1.6,2.2
371270,Bind,LEVIATÁN,0.92,199.4,70.4,127.4,2.2,1.6
371270,Icebox,G2 Esports,1.04,211.0,73.2,137.6,1.6,2.6
371270,Icebox,LEVIATÁN,0.92,216.0,74.2,136.2,2.6,1.6
371271,Ascent,G2 Esports,0.56,135.0,50.6,91.0,1.6,1.8
371271,Ascent,LEVIATÁN,1.4,234.0,84.6,143.2,1.8,1.6
371271,Bind,G2 Esports,1.1,216.4,77.2,145.8,2.6,1.8
371271,Bind,LEVIATÁN,0.93,199.2,72.6,132.2,1.8,2.6
371271,Haven,G2 Esports,0.96,193.6,70.6,124.6,2.4,3.6
371271,Haven,LEVIATÁN,1.1,212.8,78.0,142.6,3.6,2.4
371271,Lotus,G2 Esports,0.85,180.0,66.6,118.6,2.2,3.4
371271,Lotus,LEVIATÁN,1.2,221.0,80.0,144.4,3.4,2.2
371272,Ascent,100 Thieves,1.03,206.6,71.0,131.0,2.2,2.6
371272,Ascent,KRÜ Esports,1.01,199.6,71.0,131.2,2.6,2.2
371272,Icebox,100 Thieves,1.1,213.4,79.0,140.0,2.0,2.4
371272,Icebox,KRÜ Esports,0.91,184.6,65.6,130.2,2.4,2.0
371272,Lotus,100 Thieves,0.9,190.0,63.4,130.0,2.0,2.6
371272,Lotus,KRÜ Esports,1.09,202.2,75.2,134.8,2.8,2.2
371273,Abyss,KRÜ Esports,0.88,186.0,63.8,126.0,1.4,3.2
371273,Abyss,LEVIATÁN,1.11,223.0,85.2,149.6,3.2,1.4
371273,Ascent,KRÜ Esports,0.8,185.4,62.8,117.4,2.0,2.6
371273,Ascent,LEVIATÁN,1.18,226.6,78.2,150.0,2.6,2.0
371273,Haven,KRÜ Esports,1.07,217.2,80.0,139.2,2.2,2.6
371273,Haven,LEVIATÁN,0.99,209.8,75.0,140.8,2.6,2.2
371273,Icebox,KRÜ Esports,0.49,127.6,43.8,85.4,0.6,2.6
371273,Icebox,LEVIATÁN,1.46,234.0,87.6,153.6,2.6,0.6
371273,Sunset,KRÜ Esports,1.2,215.2,73.0,148.4,2.2,1.8
371273,Sunset,LEVIATÁN,0.84,180.8,70.0,117.2,1.8,2.2
371278,Ascent,Natus Vincere,0.8,167.8,65.0,109.8,2.4,1.6
371278,Ascent,Team Vitality,1.2,211.8,77.0,136.6,1.6,2.4
371278,Haven,Natus Vincere,1.11,202.6,72.2,135.4,2.6,1.6
371278,Haven,Team Vitality,0.88,189.4,65.0,121.4,1.6,2.6
371278,Sunset,Natus Vincere,0.69,152.0,63.4,102.6,1.4,2.2
371278,Sunset,Team Vitality,1.33,232.0,85.6,151.6,2.2,1.4
371279,Icebox,FNATIC,0.83,162.6,67.0,108.8,1.6,2.4
371279,Icebox,Karmine Corp,1.1,190.4,72.0,125.6,2.4,1.6
371279,Lotus,FNATIC,1.1,222.6,73.4,141.8,1.6,2.2
371279,Lotus,Karmine Corp,0.9,192.0,79.0,122.6,2.2,1.6
371279,Sunset,FNATIC,1.02,208.2,68.6,134.6,2.2,3.4
371279,Sunset,Karmine Corp,0.96,196.6,76.4,128.2,3.4,2.2
371280,Bind,Team Heretics,1.03,206.2,71.4,134.0,2.0,3.2
371280,Bind,Team Vitality,1.03,200.8,74.0,136.6,3.2,2.0
371280,Icebox,Team Heretics,1.03,195.8,72.2,127.6,2.6,2.4
371280,Icebox,Team Vitality,0.98,195.0,67.0,131.4,2.4,2.6
371280,Sunset,Team Heretics,0.95,182.8,75.6,117.0,2.6,2.0
371280,Sunset,Team Vitality,1.09,198.8,76.8,132.2,2.0,2.6
371281,Haven,FNATIC,1.21,219.2,78.8,144.6,2.4,1.2
371281,Haven,FUT Esports,0.78,164.6,60.2,103.4,1.2,2.4
371281,Sunset,FNATIC,1.05,196.4,63.6,133.6,2.4,3.2
371281,Sunset,FUT Esports,0.97,190.2,71.4,126.4,3.2,2.4
371282,Lotus,FNATIC,1.05,210.2,75.0,138.8,3.2,1.6
371282,Lotus,Team Vitality,0.97,186.0,59.4,119.8,1.6,3.2
371282,Sunset,FNATIC,1.17,209.8,75.6,149.8,2.2,1.6
371282,Sunset,Team Vitality,0.91,182.4,71.4,115.4,1.6,2.2
371283,Ascent,FNATIC,0.94,190.2,63.6,127.6,2.0,2.4
371283,Ascent,Team Vitality,1.06,196.6,70.0,130.8,2.4,2.0
371283,Bind,FNATIC,1.35,234.4,85.2,154.6,2.0,1.2
371283,Bind,Team Vitality,0.7,168.2,60.2,110.0,1.2,2.0
371283,Haven,FNATIC,1.25,219.2,78.0,154.2,2.2,2.0
371283,Haven,Team Vitality,0.77,162.8,59.0,114.0,2.0,2.2
371283,Lotus,FNATIC,1.12,206.2,75.6,131.8,2.6,1.8
371283,Lotus,Team Vitality,0.94,194.6,74.4,129.6,1.8,2.6
371284,Abyss,FUT Esports,0.87,181.4,70.4,118.4,2.0,2.6
371284,Abyss,Team Heretics,1.12,206.8,80.8,140.6,2.6,2.0
371284,Sunset,FUT Esports,0.94,201.8,68.4,135.8,2.2,2.6
371284,Sunset,Team Heretics,1.07,205.8,75.8,133.8,2.6,2.2
371285,Haven,Team Heretics,0.92,177.2,70.2,115.0,2.8,1.6
371285,Haven,Team Vitality,1.11,197.4,70.2,135.0,1.6,2.8
371285,Icebox,Team Heretics,1.19,223.8,80.0,156.0,2.2,1.6
371285,Icebox,Team Vitality,0.84,196.0,67.2,131.6,1.6,2.2
371285,Lotus,Team Heretics,0.67,156.4,59.0,104.4,1.2,2.0
371285,Lotus,Team Vitality,1.39,245.4,86.2,159.4,2.0,1.2
371285,Sunset,Team Heretics,0.78,164.6,74.0,111.4,1.2,2.2
371285,Sunset,Team Vitality,1.28,225.8,86.8,152.6,2.2,1.2
378656,Bind,Bilibili Gaming,0.94,190.0,65.6,125.8,2.6,1.8
378656,Bind,FNATIC,1.07,192.6,66.4,132.2,1.8,2.6
378656,Lotus,Bilibili Gaming,0.7,156.8,63.8,96.8,0.8,2.6
378656,Lotus,FNATIC,1.29,225.4,84.4,145.6,2.6,0.8
378657,Abyss,KIWOOM DRX,1.13,227.4,75.8,148.8,2.6,1.2
378657,Abyss,KRÜ Esports,0.89,185.8,63.2,132.0,1.2,2.6
378657,Bind,KIWOOM DRX,1.19,221.8,80.0,144.4,2.0,1.8
378657,Bind,KRÜ Esports,0.79,169.8,61.0,110.0,1.8,2.0
378657,Haven,KIWOOM DRX,0.57,149.2,52.0,97.4,0.4,2.6
378657,Haven,KRÜ Esports,1.46,247.0,85.4,159.8,2.6,0.4
378658,Abyss,FNATIC,0.92,176.4,68.2,117.4,2.2,2.6
378658,Abyss,KIWOOM DRX,0.97,191.2,75.0,125.4,2.6,2.2
378658,Lotus,FNATIC,0.94,181.6,68.6,115.6,1.4,2.4
378658,Lotus,KIWOOM DRX,0.99,194.8,72.6,129.4,2.4,1.4
378659,Icebox,Bilibili Gaming,0.71,175.4,60.0,112.8,0.8,2.6
378659,Icebox,KRÜ Esports,1.27,232.6,85.6,153.8,2.6,0.8
378659,Lotus,Bilibili Gaming,0.84,173.0,62.8,113.4,2.2,2.2
378659,Lotus,KRÜ Esports,1.22,220.4,83.6,152.0,2.2,2.2
378660,Haven,FNATIC,1.16,206.8,82.6,135.8,2.6,1.8
378660,Haven,KRÜ Esports,0.8,168.2,65.6,106.0,1.8,2.6
378660,Lotus,FNATIC,1.11,228.8,72.2,142.0,1.8,1.8
378660,Lotus,KRÜ Esports,0.87,189.8,69.0,131.4,1.8,1.8
378660,Sunset,FNATIC,1.06,213.6,72.6,150.4,2.2,2.6
378660,Sunset,KRÜ Esports,0.93,195.6,65.8,127.4,2.6,2.2
378662,Ascent,Gen.G,1.14,212.0,82.0,138.2,2.2,1.8
378662,Ascent,Sentinels,0.83,164.0,65.0,106.8,1.8,2.2
378662,Haven,Gen.G,1.12,208.8,81.0,135.4,2.0,2.2
378662,Haven,Sentinels,0.89,174.0,66.6,113.4,2.2,2.0
378663,Abyss,FunPlus Phoenix,0.96,199.6,69.2,136.4,2.6,2.6
378663,Abyss,Team Heretics,0.98,193.6,70.6,128.8,2.6,2.6
378663,Bind,FunPlus Phoenix,1.03,199.4,73.8,128.8,2.6,1.8
378663,Bind,Team Heretics,0.98,186.0,64.6,129.2,1.8,2.6
378663,Lotus,FunPlus Phoenix,0.94,196.4,70.6,130.0,3.2,2.4
378663,Lotus,Team Heretics,1.05,201.0,71.4,130.4,2.4,3.2
378664,Abyss,Gen.G,1.05,202.6,66.8,137.2,2.8,2.0
378664,Abyss,Team Heretics,0.97,194.0,67.6,129.4,2.0,2.8
378664,Bind,Gen.G,0.94,181.6,65.4,118.2,2.2,2.4
378664,Bind,Team Heretics,1.07,191.4,75.6,119.8,2.4,2.2
378664,Lotus,Gen.G,0.96,200.6,73.4,131.0,3.0,1.8
378664,Lotus,Team Heretics,1.04,206.4,83.4,135.2,1.8,3.0
378665,Bind,FunPlus Phoenix,0.88,169.0,63.6,115.2,2.2,2.0
378665,Bind,Sentinels,1.14,200.8,78.0,127.6,2.0,2.2
378665,Lotus,FunPlus Phoenix,0.69,150.2,59.0,90.0,1.2,2.4
378665,Lotus,Sentinels,1.29,219.4,80.0,147.0,2.4,1.2
378666,Icebox,Gen.G,0.69,173.6,62.0,112.4,1.8,2.0
378666,Icebox,Sentinels,1.3,226.8,82.2,145.0,2.0,1.8
378666,Lotus,Gen.G,0.88,184.4,72.0,120.8,1.8,2.6
378666,Lotus,Sentinels,1.13,204.4,77.4,132.0,2.6,1.8
378667,Ascent,LEVIATÁN,1.23,217.4,79.8,146.6,2.8,1.4
378667,Ascent,TALON,0.75,168.8,63.8,105.0,1.4,2.8
378667,Bind,LEVIATÁN,0.97,184.8,66.0,123.4,2.2,2.6
378667,Bind,TALON,1.04,201.4,73.4,130.8,2.6,2.2
378669,Ascent,Team Vitality,0.99,182.4,59.8,126.2,2.2,3.4
378669,Ascent,Trace Esports,1.0,197.6,68.6,132.0,3.4,2.2
378669,Bind,Team Vitality,0.72,169.8,65.0,113.8,1.4,2.6
378669,Bind,Trace Esports,1.23,214.6,83.0,139.2,2.6,1.4
378669,Sunset,Team Vitality,1.28,210.0,77.0,142.8,2.6,1.4
378669,Sunset,Trace Esports,0.77,168.2,64.0,112.0,1.4,2.6
378670,Ascent,LEVIATÁN,0.8,179.6,57.8,113.0,0.6,3.0
378670,Ascent,Trace Esports,1.21,234.4,76.6,152.4,3.0,0.6
378670,Bind,LEVIATÁN,0.86,182.0,67.2,121.2,2.4,2.2
378670,Bind,Trace Esports,1.08,194.8,71.4,123.6,2.2,2.4
378670,Sunset,LEVIATÁN,1.17,219.2,77.2,148.8,3.0,1.4
378670,Sunset,Trace Esports,0.89,186.2,71.0,125.6,1.4,3.0
378671,Lotus,TALON,0.73,173.6,65.0,113.2,2.2,1.6
378671,Lotus,Team Vitality,1.24,222.8,80.0,146.2,1.6,2.2
378671,Sunset,TALON,0.82,196.8,69.4,128.8,1.8,2.4
378671,Sunset,Team Vitality,1.13,223.4,74.2,139.8,2.4,1.8
378672,Icebox,LEVIATÁN,0.99,201.0,69.4,135.8,2.6,2.6
378672,Icebox,Team Vitality,1.0,204.6,67.8,136.6,2.6,2.6
378672,Sunset,LEVIATÁN,1.29,227.4,82.0,147.0,2.6,0.8
378672,Sunset,Team Vitality,0.73,183.2,65.0,117.6,0.8,2.6
378673,Bind,EDward Gaming,1.14,193.6,74.8,126.4,1.6,3.0
378673,Bind,FUT Esports,0.84,176.8,70.4,115.2,3.0,1.6
378673,Lotus,EDward Gaming,1.02,210.0,78.0,135.8,2.2,2.2
378673,Lotus,FUT Esports,1.01,204.0,74.6,128.6,2.2,2.2
378674,Icebox,G2 Esports,1.15,220.0,74.0,145.0,2.8,1.4
378674,Icebox,Paper Rex,0.86,194.8,66.6,124.4,1.4,2.8
378674,Lotus,G2 Esports,1.15,224.0,74.6,143.0,2.8,1.6
378674,Lotus,Paper Rex,0.9,199.0,69.8,130.8,1.6,2.8
378675,Bind,EDward Gaming,0.95,198.2,67.4,131.4,3.4,1.4
378675,Bind,G2 Esports,1.05,201.4,69.4,130.2,1.4,3.4
378675,Haven,EDward Gaming,0.96,178.0,64.2,120.6,2.0,2.8
378675,Haven,G2 Esports,1.01,183.4,71.8,119.8,2.8,2.0
378675,Icebox,EDward Gaming,1.12,214.0,68.4,128.0,2.4,1.8
378675,Icebox,G2 Esports,0.83,181.8,59.0,126.2,1.8,2.4
378676,Bind,FUT Esports,0.79,167.6,56.8,109.4,1.0,2.8
378676,Bind,Paper Rex,1.19,215.8,82.0,139.6,2.8,1.0
378676,Sunset,FUT Esports,1.0,206.0,69.4,138.4,3.0,1.8
378676,Sunset,Paper Rex,1.02,199.0,74.0,134.4,1.8,3.0
378677,Icebox,EDward Gaming,0.81,194.4,71.2,132.0,1.6,1.6
378677,Icebox,Paper Rex,1.22,230.2,80.0,159.2,1.6,1.6
378677,Lotus,EDward Gaming,1.33,223.2,83.2,133.4,2.8,0.6
378677,Lotus,Paper Rex,0.7,161.2,64.8,108.8,0.6,2.8
378677,Sunset,EDward Gaming,1.2,224.8,77.0,152.2,2.8,1.4
378677,Sunset,Paper Rex,0.84,182.8,61.0,118.6,1.4,2.8
378822,Haven,KIWOOM DRX,0.87,186.6,68.6,120.2,2.0,2.2
378822,Haven,Sentinels,1.17,215.8,82.6,136.6,2.2,2.0
378822,Sunset,KIWOOM DRX,0.96,194.4,69.8,123.4,2.6,3.0
378822,Sunset,Sentinels,1.07,202.6,74.4,130.6,3.0,2.6
378823,Bind,EDward Gaming,1.21,204.8,70.0,136.8,2.4,1.6
378823,Bind,Trace Esports,0.79,156.4,62.0,100.2,1.6,2.4
378823,Sunset,EDward Gaming,1.08,207.8,68.0,132.2,2.6,2.0
378823,Sunset,Trace Esports,0.93,190.4,69.8,126.2,2.0,2.6
378824,Abyss,G2 Esports,0.68,173.8,63.4,108.8,1.8,2.0
378824,Abyss,LEVIATÁN,1.19,226.4,82.2,153.4,1.8,1.6
378824,Icebox,G2 Esports,0.98,208.2,73.2,133.2,3.0,3.0
378824,Icebox,LEVIATÁN,0.98,204.0,69.2,136.2,3.0,3.0
378825,Abyss,FNATIC,1.02,196.2,72.4,132.4,3.2,2.2
378825,Abyss,Team Heretics,0.9,176.2,67.6,117.0,2.0,3.0
378825,Lotus,FNATIC,0.64,141.2,62.6,97.8,1.0,2.2
378825,Lotus,Team Heretics,1.33,217.8,86.4,147.6,2.2,1.0
378826,Haven,EDward Gaming,0.94,200.4,68.4,128.6,1.8,2.6
378826,Haven,Sentinels,1.1,215.6,76.4,142.2,2.6,1.8
378826,Lotus,EDward Gaming,0.96,191.8,71.8,129.0,2.6,1.8
378826,Lotus,Sentinels,1.09,204.2,78.2,137.2,1.8,2.6
378826,Sunset,EDward Gaming,1.2,218.8,79.8,135.4,2.4,1.4
378826,Sunset,Sentinels,0.83,193.4,65.2,122.4,1.4,2.4
378827,Icebox,LEVIATÁN,1.01,210.6,70.6,143.2,3.0,2.6
378827,Icebox,Team Heretics,0.97,211.8,72.2,140.6,2.6,3.0
378827,Lotus,LEVIATÁN,1.11,204.0,80.0,132.0,3.0,1.6
378827,Lotus,Team Heretics,0.9,173.8,68.0,120.6,1.6,3.0
378828,Abyss,EDward Gaming,1.06,210.2,74.2,137.2,3.4,1.4
378828,Abyss,LEVIATÁN,0.96,192.8,70.2,127.4,1.4,3.4
378828,Icebox,EDward Gaming,0.92,188.8,67.6,124.4,2.8,3.2
378828,Icebox,LEVIATÁN,1.07,197.4,71.4,133.4,3.2,2.8
378828,Lotus,EDward Gaming,1.23,220.0,84.4,135.4,2.2,1.2
378828,Lotus,LEVIATÁN,0.85,196.4,65.0,136.0,1.2,2.2
378829,Abyss,EDward Gaming,1.19,208.6,80.0,140.0,2.6,1.8
378829,Abyss,Team Heretics,0.77,175.4,69.2,115.8,1.8,2.6
378829,Bind,EDward Gaming,0.98,203.2,78.2,139.8,2.0,2.8
378829,Bind,Team Heretics,1.04,210.0,81.8,129.4,2.8,2.0
378829,Haven,EDward Gaming,0.81,182.0,67.2,118.0,1.6,2.2
378829,Haven,Team Heretics,1.21,219.8,80.2,146.2,2.2,1.6
378829,Lotus,EDward Gaming,1.17,228.4,77.4,143.4,2.2,2.2
378829,Lotus,Team Heretics,0.84,184.4,60.8,118.0,2.2,2.2
378829,Sunset,EDward Gaming,1.36,225.6,86.8,144.8,2.4,1.0
378829,Sunset,Team Heretics,0.64,142.0,54.2,97.0,1.0,2.4
378831,Abyss,KIWOOM DRX,1.09,210.2,77.8,137.4,1.8,1.8
378831,Abyss,Trace Esports,0.93,195.6,71.2,125.2,1.8,1.8
378831,Lotus,KIWOOM DRX,1.34,225.2,89.0,144.0,1.6,1.6
378831,Lotus,Trace Esports,0.65,156.6,58.6,111.2,1.6,1.6
378832,Bind,FNATIC,1.05,206.0,70.0,130.4,2.2,2.6
378832,Bind,G2 Esports,0.86,175.2,65.2,115.4,2.6,2.2
378832,Haven,FNATIC,1.32,236.2,82.6,160.2,2.4,0.8
378832,Haven,G2 Esports,0.66,154.4,56.2,104.2,0.8,2.4
378833,Abyss,KIWOOM DRX,1.23,224.6,81.2,143.8,1.8,1.8
378833,Abyss,Team Heretics,0.79,180.2,66.8,118.6,1.8,1.8
378833,Icebox,KIWOOM DRX,0.8,187.8,75.8,121.6,1.8,2.8
378833,Icebox,Team Heretics,1.19,221.0,79.0,138.6,2.8,1.8
378833,Sunset,KIWOOM DRX,0.79,167.8,58.0,108.4,1.6,2.0
378833,Sunset,Team Heretics,1.23,209.8,76.6,135.4,2.0,1.6
378834,Bind,FNATIC,1.21,211.2,77.4,135.2,2.4,2.0
378834,Bind,Sentinels,0.78,166.6,69.0,112.6,2.0,2.4
378834,Lotus,FNATIC,0.81,180.6,65.4,119.2,1.8,2.0
378834,Lotus,Sentinels,1.16,211.8,79.8,135.8,2.0,1.8
378834,Sunset,FNATIC,1.05,200.4,69.2,137.6,3.0,1.8
378834,Sunset,Sentinels,0.96,197.2,70.8,127.8,1.8,3.0
378835,Abyss,Sentinels,0.86,176.8,62.0,121.0,2.0,2.0
378835,Abyss,Team Heretics,1.2,216.8,77.0,148.0,2.0,2.0
378835,Haven,Sentinels,1.25,223.8,82.8,147.0,2.0,2.2
378835,Haven,Team Heretics,0.76,169.6,65.8,110.2,2.2,2.0
378835,Icebox,Sentinels,0.9,179.2,57.4,120.2,1.6,2.8
378835,Icebox,Team Heretics,1.06,205.0,69.0,127.8,2.8,1.6
378836,Abyss,LEVIATÁN,1.16,208.4,80.8,137.0,3.0,1.4
378836,Abyss,Team Heretics,0.86,180.8,68.2,124.6,1.4,3.0
378836,Icebox,LEVIATÁN,0.74,168.0,68.0,108.4,1.8,2.2
378836,Icebox,Team Heretics,1.18,203.2,80.0,137.6,2.2,1.8
378836,Lotus,LEVIATÁN,0.62,147.8,60.4,101.0,1.6,1.6
378836,Lotus,Team Heretics,1.39,226.0,85.4,149.8,1.6,1.6
378836,Sunset,LEVIATÁN,0.94,188.4,65.8,122.4,2.6,3.0
378836,Sunset,Team Heretics,1.08,205.4,77.8,135.4,3.0,2.6
427991,Pearl,Evil Geniuses,0.98,193.6,67.8,132.6,2.0,2.6
427991,Pearl,LOUD,1.03,201.0,73.4,138.2,2.6,2.0
427991,Split,Evil Geniuses,0.89,175.0,66.8,113.6,2.6,2.6
427991,Split,LOUD,1.11,192.4,70.0,127.2,2.6,2.6
427992,Bind,100 Thieves,1.12,212.0,79.0,142.6,2.6,1.8
427992,Bind,MIBR,0.86,187.8,65.6,125.8,1.8,2.6
427992,Lotus,100 Thieves,1.33,223.6,85.6,142.2,3.0,0.4
427992,Lotus,MIBR,0.67,149.0,50.6,102.0,0.4,3.0
427993,Fracture,Cloud9,0.91,183.2,74.0,122.4,2.6,2.8
427993,Fracture,NRG,1.04,203.2,75.6,132.0,2.6,2.4
427993,Lotus,Cloud9,0.99,211.2,75.8,135.2,2.2,2.4
427993,Lotus,NRG,1.02,208.6,74.2,134.0,2.4,2.2
427994,Haven,2Game Esports,0.94,197.4,75.0,129.0,2.2,1.8
427994,Haven,FURIA,1.05,205.2,74.0,133.0,1.8,2.2
427994,Lotus,2Game Esports,0.72,171.0,63.4,118.8,1.8,1.8
427994,Lotus,FURIA,1.27,234.2,80.0,149.0,1.8,1.8
427995,Haven,KRÜ Esports,0.75,144.8,57.0,91.4,1.8,2.2
427995,Haven,LOUD,1.17,208.8,80.0,135.2,2.2,1.8
427995,Split,KRÜ Esports,0.99,198.4,76.6,135.2,2.6,2.0
427995,Split,LOUD,0.98,188.6,67.8,124.8,2.0,2.6
427996,Bind,100 Thieves,0.84,175.4,67.4,114.2,1.8,2.6
427996,Bind,Sentinels,1.16,206.4,78.2,135.8,2.6,1.8
427996,Pearl,100 Thieves,0.82,185.6,70.8,118.6,2.0,2.4
427996,Pearl,Sentinels,1.19,202.8,85.2,135.8,2.4,2.0
427996,Split,100 Thieves,1.23,230.0,81.0,155.4,2.0,1.4
427996,Split,Sentinels,0.78,194.8,69.4,129.6,1.4,2.0
427997,Abyss,Cloud9,0.77,171.2,59.0,114.2,1.6,2.6
427997,Abyss,G2 Esports,1.25,211.8,74.2,141.4,2.6,1.6
427997,Lotus,Cloud9,0.76,168.8,60.2,114.0,1.2,2.6
427997,Lotus,G2 Esports,1.27,221.6,86.2,147.2,2.6,1.2
427998,Haven,FURIA,0.91,189.4,70.4,126.0,1.8,2.4
427998,Haven,LEVIATÁN,1.05,211.6,75.0,132.2,2.4,1.8
427998,Split,FURIA,0.74,166.6,60.8,111.2,2.0,1.8
427998,Split,LEVIATÁN,1.24,209.8,76.6,140.6,1.8,2.0
427999,Lotus,LOUD,1.06,200.8,75.0,128.6,3.2,1.6
427999,Lotus,Sentinels,0.95,182.0,71.0,121.4,1.6,3.2
427999,Pearl,LOUD,0.92,169.6,67.0,112.4,2.6,2.2
427999,Pearl,Sentinels,1.08,191.0,75.0,125.4,2.2,2.6
427999,Split,LOUD,0.88,189.0,68.2,123.6,2.2,2.2
427999,Split,Sentinels,1.08,205.0,76.2,128.4,2.2,2.2
428000,Fracture,G2 Esports,1.1,225.4,75.4,151.2,2.6,1.8
428000,Fracture,LEVIATÁN,0.98,221.8,73.8,148.8,1.8,2.6
428000,Pearl,G2 Esports,1.21,218.4,83.0,147.0,2.4,1.2
428000,Pearl,LEVIATÁN,0.78,169.2,58.8,109.2,1.2,2.4
428001,Abyss,G2 Esports,1.14,205.6,68.0,131.4,2.4,1.6
428001,Abyss,Sentinels,0.77,167.6,64.0,111.2,1.6,2.4
428001,Pearl,G2 Esports,1.11,218.8,71.0,141.2,2.2,1.8
428001,Pearl,Sentinels,0.91,193.4,71.0,128.6,1.8,2.2
428002,Abyss,G2 Esports,0.85,170.4,63.8,114.0,2.0,2.4
428002,Abyss,Sentinels,1.1,199.8,73.8,129.4,2.4,2.0
428002,Fracture,G2 Esports,1.24,212.6,82.2,131.2,2.4,1.2
428002,Fracture,Sentinels,0.78,158.0,58.0,115.0,1.2,2.4
428002,Haven,G2 Esports,1.1,207.2,71.4,133.6,2.2,2.4
428002,Haven,Sentinels,0.92,199.0,68.8,134.0,2.4,2.2
428002,Pearl,G2 Esports,1.12,199.6,74.2,127.6,2.2,2.0
428002,Pearl,Sentinels,0.88,176.2,67.6,113.4,2.0,2.2
428002,Split,G2 Esports,0.7,176.6,64.8,120.6,1.2,2.2
428002,Split,Sentinels,1.31,237.8,86.8,155.4,2.2,1.2
428003,Abyss,Evil Geniuses,1.16,208.2,78.0,133.6,1.8,2.2
428003,Abyss,FURIA,0.82,176.0,64.0,118.6,2.2,1.8
428003,Fracture,Evil Geniuses,1.13,210.8,77.0,143.4,2.6,1.4
428003,Fracture,FURIA,0.9,193.0,69.0,128.0,1.4,2.6
428004,Abyss,Cloud9,0.82,181.6,65.4,114.8,1.8,2.6
428004,Abyss,MIBR,1.13,201.0,81.0,135.0,2.6,1.8
428004,Lotus,Cloud9,1.19,209.6,81.0,138.2,2.8,1.2
428004,Lotus,MIBR,0.82,176.0,61.0,118.0,1.2,2.8
428004,Pearl,Cloud9,0.78,174.0,64.0,116.8,2.0,2.0
428004,Pearl,MIBR,1.23,213.2,76.0,140.2,2.0,2.0
428005,Bind,100 Thieves,0.81,176.4,71.2,110.6,3.0,1.4
428005,Bind,NRG,1.18,213.2,80.0,130.2,1.4,3.0
428005,Lotus,100 Thieves,1.0,188.8,77.6,122.2,2.6,2.6
428005,Lotus,NRG,1.0,190.4,70.8,125.4,2.6,2.6
428005,Pearl,100 Thieves,0.75,169.6,67.4,105.6,1.6,2.8
428005,Pearl,NRG,1.2,207.4,85.4,133.2,2.8,1.6
428006,Abyss,2Game Esports,0.66,147.8,57.6,94.6,1.0,2.2
428006,Abyss,KRÜ Esports,1.27,227.0,82.8,142.4,2.2,1.0
428006,Split,2Game Esports,0.79,185.4,70.6,123.8,1.8,1.2
428006,Split,KRÜ Esports,1.28,231.4,82.8,155.0,1.2,1.8
428007,Abyss,Evil Geniuses,0.87,186.2,61.8,123.6,1.6,3.0
428007,Abyss,MIBR,1.1,214.4,80.2,138.6,3.0,1.6
428007,Split,Evil Geniuses,0.59,162.2,54.0,102.4,1.2,2.0
428007,Split,MIBR,1.38,248.8,91.6,159.2,2.0,1.2
428008,Abyss,KRÜ Esports,1.09,207.8,68.6,137.0,2.6,1.6
428008,Abyss,NRG,0.95,206.0,75.4,138.6,1.6,2.6
428008,Bind,KRÜ Esports,1.17,208.6,77.0,131.2,2.4,1.6
428008,Bind,NRG,0.76,165.6,67.0,106.0,1.6,2.4
428008,Haven,KRÜ Esports,0.93,185.2,76.8,122.8,2.8,1.8
428008,Haven,NRG,1.06,201.6,67.0,130.4,1.8,2.8
428009,Lotus,LEVIATÁN,1.2,214.0,83.0,148.4,1.4,2.4
428009,Lotus,MIBR,0.72,160.2,53.0,109.4,2.4,1.4
428009,Pearl,LEVIATÁN,0.9,191.2,75.4,127.8,2.0,2.4
428009,Pearl,MIBR,1.12,212.2,78.2,142.6,2.4,2.0
428009,Split,LEVIATÁN,0.89,187.6,73.8,127.0,2.0,3.2
428009,Split,MIBR,1.13,215.4,79.4,138.6,3.2,2.0
428010,Bind,KRÜ Esports,1.26,228.8,87.8,150.0,2.0,1.6
428010,Bind,LOUD,0.82,183.6,67.8,125.2,1.6,2.0
428010,Haven,KRÜ Esports,1.04,198.2,71.0,131.8,2.0,2.8
428010,Haven,LOUD,0.94,187.2,64.4,127.8,2.8,2.0
428011,Abyss,KRÜ Esports,0.86,173.0,68.4,103.8,2.0,2.2
428011,Abyss,MIBR,1.14,214.6,77.8,138.0,2.2,2.0
428011,Bind,KRÜ Esports,1.13,215.0,78.2,134.6,2.2,2.0
428011,Bind,MIBR,0.93,198.2,70.2,128.2,2.0,2.2
428011,Split,KRÜ Esports,0.9,182.8,70.2,127.8,1.6,3.2
428011,Split,MIBR,1.08,206.2,80.8,130.2,3.2,1.6
428012,Abyss,MIBR,0.73,177.0,59.0,114.2,1.2,2.4
428012,Abyss,Sentinels,1.3,229.0,84.4,152.2,2.4,1.2
428012,Lotus,MIBR,0.79,169.4,65.0,113.8,1.6,2.4
428012,Lotus,Sentinels,1.21,217.4,72.0,142.4,2.4,1.6
428012,Pearl,MIBR,1.02,212.8,72.4,142.0,4.4,3.6
428012,Pearl,Sentinels,0.98,198.0,72.8,131.6,3.6,4.4
428012,Split,MIBR,0.8,178.6,67.0,124.8,2.0,2.0
428012,Split,Sentinels,1.13,205.6,76.0,129.2,2.0,2.0
429379,Abyss,Movistar KOI,0.69,171.4,62.6,118.0,1.0,2.2
429379,Abyss,Team Liquid,1.26,225.0,84.0,144.8,2.2,1.0
429379,Bind,Movistar KOI,0.94,178.6,73.2,116.8,2.6,2.0
429379,Bind,Team Liquid,1.05,198.4,73.2,134.0,2.0,2.6
429379,Fracture,Movistar KOI,1.09,203.4,77.4,136.6,2.0,2.6
429379,Fracture,Team Liquid,0.92,184.6,71.2,124.4,2.6,2.0
429380,Abyss,Karmine Corp,0.97,181.8,76.6,124.0,2.0,2.6
429380,Abyss,Natus Vincere,1.02,194.4,80.8,130.2,2.6,2.0
429380,Bind,Karmine Corp,1.31,207.6,84.0,134.0,1.6,1.4
429380,Bind,Natus Vincere,0.65,147.2,57.4,96.2,1.4,1.6
429380,Lotus,Karmine Corp,1.11,212.4,78.8,137.4,1.6,2.2
429380,Lotus,Natus Vincere,0.89,181.4,70.4,115.8,2.2,1.6
429381,Haven,BBL Esports,0.88,185.2,65.6,117.8,2.8,2.4
429381,Haven,GIANTX,1.1,203.2,66.8,134.8,2.4,2.8
429381,Lotus,BBL Esports,1.13,212.2,78.0,146.2,2.6,1.8
429381,Lotus,GIANTX,0.9,172.8,69.0,120.2,1.8,2.6
429381,Pearl,BBL Esports,1.15,219.6,79.8,142.2,2.0,1.6
429381,Pearl,GIANTX,0.82,178.4,60.4,116.0,1.6,2.0
429382,Haven,Apeks,0.97,198.2,70.8,131.2,2.2,3.0
429382,Haven,Gentle Mates,1.01,196.8,71.4,126.8,3.0,2.2
429382,Pearl,Apeks,0.73,163.4,65.0,107.2,1.6,2.4
429382,Pearl,Gentle Mates,1.27,222.4,80.0,151.8,2.4,1.6
429383,Fracture,FUT Esports,1.09,227.2,81.8,152.6,2.2,1.6
429383,Fracture,Team Liquid,0.94,212.8,76.8,145.2,1.6,2.2
429383,Pearl,FUT Esports,1.13,207.6,78.0,136.0,2.4,1.6
429383,Pearl,Team Liquid,0.88,184.6,71.0,125.0,1.6,2.4
429384,Abyss,Karmine Corp,0.91,184.6,69.0,124.2,3.4,3.0
429384,Abyss,Team Vitality,1.08,202.0,73.2,130.4,3.0,3.4
429384,Bind,Karmine Corp,1.07,201.4,78.4,127.2,2.6,1.8
429384,Bind,Team Vitality,0.81,175.0,62.8,116.2,1.8,2.6
429384,Haven,Karmine Corp,0.87,186.8,67.8,123.0,0.8,2.8
429384,Haven,Team Vitality,1.17,229.2,74.4,148.4,2.8,0.8
429385,Abyss,BBL Esports,0.93,191.8,73.2,130.4,2.4,1.8
429385,Abyss,FNATIC,1.07,212.4,69.4,142.2,1.8,2.4
429385,Fracture,BBL Esports,0.78,178.2,60.0,117.0,1.0,3.2
429385,Fracture,FNATIC,1.24,235.6,83.8,157.0,3.2,1.0
429385,Split,BBL Esports,1.0,189.4,68.8,123.8,2.0,2.6
429385,Split,FNATIC,0.95,187.2,67.4,122.6,2.6,2.0
429386,Abyss,Gentle Mates,1.36,223.4,80.8,145.8,3.0,0.4
429386,Abyss,Team Heretics,0.58,130.6,43.4,86.0,0.4,3.0
429386,Fracture,Gentle Mates,0.59,134.4,55.2,86.4,1.2,2.0
429386,Fracture,Team Heretics,1.36,225.0,86.4,145.8,2.0,1.2
429386,Pearl,Gentle Mates,0.86,166.8,55.4,108.2,1.2,3.0
429386,Pearl,Team Heretics,1.17,210.0,83.8,139.6,3.0,1.2
429387,Bind,FUT Esports,0.85,181.2,66.0,117.6,1.4,2.6
429387,Bind,Team Vitality,1.13,220.8,72.0,146.0,2.6,1.4
429387,Split,FUT Esports,0.66,163.8,64.6,105.8,1.0,2.4
429387,Split,Team Vitality,1.39,244.6,83.2,161.4,2.4,1.0
429388,Lotus,BBL Esports,0.92,183.8,72.0,120.6,1.4,2.6
429388,Lotus,Team Heretics,1.14,219.0,83.0,154.2,2.6,1.4
429388,Pearl,BBL Esports,0.88,182.4,65.0,124.2,1.6,3.2
429388,Pearl,Team Heretics,1.13,209.4,76.6,136.0,3.2,1.6
429389,Abyss,Team Heretics,0.65,172.2,63.0,114.8,1.4,1.2
429389,Abyss,Team Vitality,1.39,253.2,78.8,163.6,1.4,1.6
429389,Haven,Team Heretics,0.99,191.0,75.0,125.6,2.6,2.0
429389,Haven,Team Vitality,1.04,202.0,69.0,138.4,2.0,2.6
429390,Bind,Team Liquid,0.89,179.8,62.0,124.2,1.2,2.8
429390,Bind,Team Vitality,1.13,211.8,74.0,138.2,2.8,1.2
429390,Fracture,Team Liquid,0.86,178.8,67.6,117.2,2.4,1.8
429390,Fracture,Team Vitality,1.11,204.8,71.2,127.0,1.8,2.4
429390,Haven,Team Liquid,1.15,207.8,76.0,135.8,2.2,1.8
429390,Haven,Team Vitality,0.83,185.2,70.0,123.4,1.8,2.2
429390,Lotus,Team Liquid,0.8,171.6,62.0,119.6,1.6,2.2
429390,Lotus,Team Vitality,1.16,218.2,75.8,135.8,2.2,1.6
429390,Split,Team Liquid,1.12,218.8,79.2,139.8,2.4,2.2
429390,Split,Team Vitality,0.8,178.0,68.6,115.0,2.2,2.4
429391,Haven,Gentle Mates,1.4,225.8,85.2,145.4,2.4,0.8
429391,Haven,Movistar KOI,0.56,131.8,47.6,85.2,0.8,2.4
429391,Lotus,Gentle Mates,0.79,173.2,64.0,113.4,1.4,2.6
429391,Lotus,Movistar KOI,1.15,217.6,85.0,139.0,2.6,1.4
429391,Pearl,Gentle Mates,1.32,230.6,91.4,148.6,2.2,1.6
429391,Pearl,Movistar KOI,0.72,183.2,64.2,119.6,1.6,2.2
429392,Fracture,FNATIC,0.93,181.4,68.6,118.0,2.2,2.0
429392,Fracture,Natus Vincere,1.06,196.2,73.0,125.6,2.0,2.2
429392,Haven,FNATIC,1.11,216.6,73.6,149.2,2.8,2.8
429392,Haven,Natus Vincere,0.9,185.4,58.6,127.8,2.8,2.8
429392,Pearl,FNATIC,1.05,203.6,75.4,136.2,2.6,1.8
429392,Pearl,Natus Vincere,0.9,196.0,68.2,127.4,1.8,2.6
429393,Bind,GIANTX,0.86,177.8,73.0,117.6,3.0,2.2
429393,Bind,Karmine Corp,1.14,206.6,74.0,137.8,2.2,3.0
429393,Fracture,GIANTX,1.05,189.6,69.8,122.4,2.2,2.4
429393,Fracture,Karmine Corp,0.94,179.0,70.6,116.0,2.4,2.2
429393,Lotus,GIANTX,1.09,201.0,76.2,128.2,2.8,1.4
429393,Lotus,Karmine Corp,0.88,170.0,68.6,111.2,1.4,2.8
429394,Abyss,Apeks,0.93,193.6,71.0,121.8,2.0,2.4
429394,Abyss,Team Liquid,1.07,221.4,79.2,145.6,2.4,2.0
429394,Haven,Apeks,0.77,158.4,67.4,110.4,1.4,2.4
429394,Haven,Team Liquid,1.23,211.0,78.0,141.4,2.4,1.4
429394,Pearl,Apeks,1.13,207.8,78.4,146.0,2.6,2.2
429394,Pearl,Team Liquid,0.93,196.8,65.0,137.6,2.2,2.6
429395,Abyss,FNATIC,1.1,189.6,72.2,124.6,1.6,2.0
429395,Abyss,Gentle Mates,0.84,153.8,63.4,103.6,2.0,1.6
429395,Fracture,FNATIC,1.17,205.8,70.6,135.2,2.2,1.6
429395,Fracture,Gentle Mates,0.81,162.6,54.8,107.2,1.6,2.2
429396,Fracture,GIANTX,0.88,190.6,72.4,127.6,2.0,2.2
429396,Fracture,Team Liquid,1.19,216.0,82.0,146.2,2.2,2.0
429396,Split,GIANTX,0.85,194.0,74.8,134.0,2.0,1.8
429396,Split,Team Liquid,1.17,226.2,74.8,155.0,1.8,2.0
429397,Abyss,FNATIC,0.87,172.8,67.0,113.6,2.0,2.6
429397,Abyss,FUT Esports,1.1,200.0,73.8,130.2,2.6,2.0
429397,Fracture,FNATIC,0.84,194.0,65.4,126.8,1.8,2.0
429397,Fracture,FUT Esports,1.17,212.6,70.6,135.6,2.0,1.8
429398,Bind,BBL Esports,0.93,195.2,70.2,123.0,1.2,3.6
429398,Bind,Team Liquid,1.06,211.6,71.0,137.4,3.6,1.2
429398,Pearl,BBL Esports,1.07,220.6,73.6,143.8,1.8,2.6
429398,Pearl,Team Liquid,0.88,200.0,66.4,131.4,2.6,1.8
429398,Split,BBL Esports,0.92,184.4,63.0,117.2,1.8,2.8
429398,Split,Team Liquid,1.07,205.4,69.6,134.8,2.8,1.8
429400,Abyss,FUT Esports,0.92,178.6,63.0,121.4,1.6,2.4
429400,Abyss,Team Liquid,1.08,208.8,75.0,135.4,2.4,1.6
429400,Bind,FUT Esports,0.99,199.6,69.4,127.6,2.0,2.8
429400,Bind,Team Liquid,0.97,196.6,71.0,121.8,2.8,2.0
429400,Haven,FUT Esports,0.76,187.4,63.6,117.6,0.8,2.6
429400,Haven,Team Liquid,1.25,234.0,83.2,150.2,2.6,0.8
429401,Abyss,Team Heretics,0.73,166.2,57.8,111.2,1.4,2.0
429401,Abyss,Team Liquid,1.28,234.4,78.6,158.4,2.0,1.4
429401,Fracture,Team Heretics,0.78,161.0,61.0,105.8,1.2,2.8
429401,Fracture,Team Liquid,1.23,212.2,80.0,138.8,2.8,1.2
429401,Lotus,Team Heretics,0.79,167.0,64.8,116.6,0.8,2.6
429401,Lotus,Team Liquid,1.3,231.0,86.8,154.2,2.6,0.8
430514,Bind,BOOM Esports,1.24,220.4,79.0,138.2,2.6,1.6
430514,Bind,T1,0.82,169.6,59.0,116.6,1.6,2.6
430514,Fracture,BOOM Esports,0.85,178.4,69.0,117.2,2.8,1.0
430514,Fracture,T1,1.16,217.6,74.0,139.2,1.2,3.0
430514,Pearl,BOOM Esports,0.93,180.4,67.6,116.0,1.4,3.4
430514,Pearl,T1,1.02,192.6,73.4,128.4,3.4,1.4
430515,Haven,Nongshim RedForce,1.19,213.4,87.2,134.4,2.2,2.2
430515,Haven,ZETA DIVISION,0.86,175.6,66.6,114.0,2.2,2.2
430515,Split,Nongshim RedForce,1.11,214.8,74.6,136.0,2.6,1.8
430515,Split,ZETA DIVISION,0.91,203.8,68.2,126.2,1.8,2.6
430516,Abyss,Global Esports,0.75,168.6,64.0,112.0,1.4,1.8
430516,Abyss,Team Secret,1.29,229.2,87.6,146.0,1.8,1.4
430516,Pearl,Global Esports,1.14,202.4,81.0,136.6,2.4,1.4
430516,Pearl,Team Secret,0.8,165.4,65.4,106.8,1.4,2.4
430516,Split,Global Esports,1.13,209.4,66.0,133.8,1.4,2.6
430516,Split,Team Secret,0.82,194.6,65.0,127.2,2.6,1.4
430517,Abyss,DetonatioN FocusMe,0.97,199.8,68.4,131.8,2.0,3.2
430517,Abyss,Rex Regum Qeon,1.03,199.8,74.6,130.8,3.2,2.0
430517,Haven,DetonatioN FocusMe,0.73,165.2,57.4,110.4,1.2,2.0
430517,Haven,Rex Regum Qeon,1.26,228.2,81.6,145.6,2.0,1.2
430517,Pearl,DetonatioN FocusMe,0.63,160.2,67.6,104.4,1.4,1.8
430517,Pearl,Rex Regum Qeon,1.31,218.4,85.0,147.6,1.8,1.4
430518,Bind,Paper Rex,0.83,176.0,64.2,110.6,1.2,2.6
430518,Bind,T1,1.2,220.6,82.0,142.4,2.6,1.2
430518,Fracture,Paper Rex,1.17,210.6,79.0,145.4,2.0,2.2
430518,Fracture,T1,0.87,172.2,68.8,113.2,2.2,2.0
430518,Split,Paper Rex,0.97,206.2,75.2,135.6,3.0,1.8
430518,Split,T1,1.08,228.6,70.8,154.8,1.8,3.0
430519,Abyss,Global Esports,0.9,166.6,67.0,108.8,1.6,2.6
430519,Abyss,TALON,0.97,182.2,72.6,120.2,2.6,1.6
430519,Lotus,Global Esports,0.85,173.6,64.8,115.2,2.2,2.0
430519,Lotus,TALON,1.04,195.6,72.4,125.8,2.0,2.2
430519,Split,Global Esports,1.2,212.6,73.8,137.4,2.2,1.6
430519,Split,TALON,0.77,179.4,65.2,111.0,1.6,2.2
430520,Fracture,Gen.G,0.72,168.0,55.8,115.4,1.4,2.4
430520,Fracture,Rex Regum Qeon,1.26,230.0,83.0,148.0,2.4,1.4
430520,Haven,Gen.G,1.0,190.4,65.4,125.2,1.4,3.8
430520,Haven,Rex Regum Qeon,0.99,189.6,71.8,124.4,3.8,1.4
430520,Lotus,Gen.G,1.1,198.8,74.2,123.0,2.4,1.8
430520,Lotus,Rex Regum Qeon,0.88,166.8,64.8,111.4,1.8,2.4
430521,Fracture,KIWOOM DRX,1.1,212.8,81.8,142.0,2.6,1.8
430521,Fracture,Nongshim RedForce,0.94,202.2,77.4,136.0,1.8,2.6
430521,Lotus,KIWOOM DRX,1.02,213.4,80.8,142.0,2.6,2.2
430521,Lotus,Nongshim RedForce,0.99,198.0,77.6,118.0,2.2,2.6
430521,Pearl,KIWOOM DRX,0.87,193.0,72.4,128.0,2.0,1.8
430521,Pearl,Nongshim RedForce,1.09,201.8,79.0,127.8,1.8,2.0
430522,Bind,T1,0.68,164.8,60.2,111.0,0.8,2.6
430522,Bind,TALON,1.24,226.8,83.2,142.6,2.6,0.8
430522,Fracture,T1,1.28,216.2,84.4,153.2,2.6,1.0
430522,Fracture,TALON,0.74,160.6,64.6,102.6,1.0,2.6
430522,Haven,T1,1.1,201.6,73.4,142.2,2.6,1.8
430522,Haven,TALON,0.92,178.2,62.8,119.6,1.8,2.6
430523,Abyss,Gen.G,0.83,175.2,62.0,109.0,2.0,2.4
430523,Abyss,KIWOOM DRX,1.18,205.4,74.4,141.4,2.4,2.0
430523,Bind,Gen.G,0.91,180.8,66.2,120.0,2.0,3.6
430523,Bind,KIWOOM DRX,1.12,213.8,82.0,139.6,3.6,2.0
430524,Fracture,KIWOOM DRX,1.04,200.6,73.0,128.0,2.6,2.0
430524,Fracture,T1,1.0,201.6,72.4,133.0,2.0,2.6
430524,Haven,KIWOOM DRX,1.08,207.0,76.4,136.4,3.2,2.4
430524,Haven,T1,0.92,193.4,66.2,129.0,2.4,3.2
430524,Lotus,KIWOOM DRX,0.9,192.2,65.2,127.8,1.8,3.0
430524,Lotus,T1,1.12,216.2,76.0,145.0,3.0,1.8
430525,Abyss,KIWOOM DRX,1.43,237.4,90.2,160.2,2.0,1.2
430525,Abyss,T1,0.58,147.4,57.6,96.2,1.2,2.0
430525,Bind,KIWOOM DRX,1.02,202.4,74.6,135.6,2.2,3.0
430525,Bind,T1,1.07,206.6,77.0,143.4,3.0,2.2
430525,Fracture,KIWOOM DRX,1.11,197.8,73.6,125.8,2.6,1.8
430525,Fracture,T1,0.91,183.8,72.0,121.2,1.8,2.6
430525,Lotus,KIWOOM DRX,0.81,168.2,59.8,115.0,2.0,1.8
430525,Lotus,T1,1.22,217.8,85.2,141.8,1.8,2.0
430525,Split,KIWOOM DRX,1.06,198.4,75.8,134.6,2.6,2.2
430525,Split,T1,0.95,182.0,70.8,116.8,2.2,2.6
430526,Bind,BOOM Esports,1.19,216.2,82.0,138.8,2.4,1.4
430526,Bind,Nongshim RedForce,0.72,171.0,61.0,108.8,1.4,2.4
430526,Lotus,BOOM Esports,0.94,190.8,81.0,124.6,2.0,2.4
430526,Lotus,Nongshim RedForce,1.1,206.8,81.6,130.2,2.4,2.0
430526,Pearl,BOOM Esports,0.58,143.6,61.4,97.6,0.8,2.4
430526,Pearl,Nongshim RedForce,1.38,227.4,86.4,156.2,2.4,0.8
430527,Haven,Rex Regum Qeon,1.27,224.4,79.8,147.8,2.2,1.2
430527,Haven,Team Secret,0.69,159.4,64.8,103.8,1.2,2.2
430527,Lotus,Rex Regum Qeon,0.87,191.4,64.4,119.8,1.8,2.6
430527,Lotus,Team Secret,1.11,209.4,71.8,140.4,2.6,1.8
430527,Pearl,Rex Regum Qeon,1.24,225.8,78.6,145.0,1.8,1.6
430527,Pearl,Team Secret,0.74,166.4,62.6,114.4,1.6,1.8
430528,Abyss,DetonatioN FocusMe,1.14,210.0,79.2,140.2,2.6,1.4
430528,Abyss,Global Esports,0.83,172.6,70.4,118.0,1.4,2.6
430528,Split,DetonatioN FocusMe,1.06,200.0,71.6,129.0,2.6,2.6
430528,Split,Global Esports,0.92,181.4,65.4,124.8,2.6,2.6
430529,Fracture,Paper Rex,1.28,241.0,84.6,162.2,2.6,1.6
430529,Fracture,ZETA DIVISION,0.72,172.6,64.0,108.2,1.6,2.6
430529,Lotus,Paper Rex,1.19,221.4,80.0,141.6,2.2,1.4
430529,Lotus,ZETA DIVISION,0.76,165.2,62.4,110.4,1.4,2.2
430530,Fracture,Nongshim RedForce,0.88,171.8,68.4,113.2,3.0,2.2
430530,Fracture,Rex Regum Qeon,1.16,201.4,77.6,141.6,2.2,3.0
430530,Lotus,Nongshim RedForce,1.04,210.8,73.4,137.2,5.0,3.4
430530,Lotus,Rex Regum Qeon,1.01,205.0,75.2,133.4,3.4,5.0
430530,Pearl,Nongshim RedForce,1.17,225.6,78.2,154.0,2.8,1.4
430530,Pearl,Rex Regum Qeon,0.89,190.0,68.4,128.0,1.4,2.8
430531,Abyss,DetonatioN FocusMe,1.16,213.6,73.2,139.8,2.2,2.4
430531,Abyss,Paper Rex,0.89,193.4,72.4,124.6,2.4,2.2
430531,Pearl,DetonatioN FocusMe,1.38,246.0,93.0,158.8,2.2,0.6
430531,Pearl,Paper Rex,0.62,169.2,57.0,115.8,0.6,2.2
430532,Bind,Nongshim RedForce,0.91,182.0,73.0,118.6,2.2,2.4
430532,Bind,TALON,1.05,197.6,75.4,131.8,2.4,2.2
430532,Lotus,Nongshim RedForce,1.13,216.8,79.0,143.8,2.8,1.6
430532,Lotus,TALON,0.91,188.4,69.2,124.8,1.6,2.8
430532,Split,Nongshim RedForce,0.76,171.6,62.2,113.8,1.8,1.8
430532,Split,TALON,1.24,221.4,82.0,137.4,1.8,1.8
430533,Abyss,DetonatioN FocusMe,0.83,171.2,62.0,114.4,2.2,1.6
430533,Abyss,Gen.G,1.19,206.8,69.4,136.0,1.6,2.2
430533,Lotus,DetonatioN FocusMe,0.8,156.4,63.0,97.8,1.6,2.2
430533,Lotus,Gen.G,1.15,205.8,78.0,137.2,2.2,1.6
430534,Bind,Gen.G,1.27,218.4,82.0,142.2,2.2,1.8
430534,Bind,TALON,0.72,153.2,58.0,95.8,1.8,2.2
430534,Lotus,Gen.G,1.32,237.0,82.4,143.6,2.2,0.8
430534,Lotus,TALON,0.62,159.2,60.0,112.8,0.8,2.2
430535,Bind,Gen.G,1.02,200.4,74.8,125.4,2.2,2.4
430535,Bind,T1,0.97,187.8,72.2,120.4,2.4,2.2
430535,Haven,Gen.G,1.25,225.0,77.8,146.2,2.0,1.6
430535,Haven,T1,0.74,174.2,62.4,114.4,1.6,2.0
430535,Lotus,Gen.G,0.9,183.0,65.6,117.0,1.6,2.6
430535,Lotus,T1,1.15,198.0,77.0,139.8,2.6,1.6
430535,Pearl,Gen.G,0.91,191.2,77.2,129.2,2.4,1.8
430535,Pearl,T1,1.07,189.8,74.0,132.8,1.8,2.4
430535,Split,Gen.G,1.11,209.8,76.8,136.2,3.0,3.4
430535,Split,T1,0.91,194.8,64.0,128.2,3.4,3.0
430837,Lotus,Wolves Esports,,208.4,,,,
430837,Lotus,Xi Lai Gaming,,211.8,,,,
430837,Split,Wolves Esports,,168.0,,,,
430837,Split,Xi Lai Gaming,,214.2,,,,
430838,Abyss,TYLOO,,189.2,,,,
430838,Abyss,Titan Esports Club,,200.4,,,,
430838,Fracture,TYLOO,,183.8,,,,
430838,Fracture,Titan Esports Club,,213.4,,,,
430839,Abyss,Dragon Ranger Gaming,,231.8,,,,
430839,Abyss,JD Mall JDG Esports,,170.4,,,,
430839,Bind,Dragon Ranger Gaming,,211.0,,,,
430839,Bind,JD Mall JDG Esports,,186.0,,,,
430839,Haven,Dragon Ranger Gaming,,198.4,,,,
430839,Haven,JD Mall JDG Esports,,214.8,,,,
430840,Abyss,All Gamers,,191.0,,,,
430840,Abyss,Nova Esports,,220.0,,,,
430840,Bind,All Gamers,,149.0,,,,
430840,Bind,Nova Esports,,250.8,,,,
430841,Abyss,Bilibili Gaming,,198.0,,,,
430841,Abyss,Xi Lai Gaming,,193.0,,,,
430841,Haven,Bilibili Gaming,,188.4,,,,
430841,Haven,Xi Lai Gaming,,216.2,,,,
430841,Lotus,Bilibili Gaming,,185.2,,,,
430841,Lotus,Xi Lai Gaming,,176.8,,,,
430842,Abyss,FunPlus Phoenix,,181.8,,,,
430842,Abyss,Titan Esports Club,,218.6,,,,
430842,Fracture,FunPlus Phoenix,,229.8,,,,
430842,Fracture,Titan Esports Club,,183.2,,,,
430842,Pearl,FunPlus Phoenix,,198.6,,,,
430842,Pearl,Titan Esports Club,,172.4,,,,
430843,Abyss,Dragon Ranger Gaming,,170.2,,,,
430843,Abyss,Trace Esports,,214.8,,,,
430843,Pearl,Dragon Ranger Gaming,,181.8,,,,
430843,Pearl,Trace Esports,,224.2,,,,
430844,Fracture,EDward Gaming,,214.0,,,,
430844,Fracture,Nova Esports,,185.6,,,,
430844,Split,EDward Gaming,,217.4,,,,
430844,Split,Nova Esports,,215.6,,,,
430845,Bind,Bilibili Gaming,,191.6,,,,
430845,Bind,FunPlus Phoenix,,182.2,,,,
430845,Lotus,Bilibili Gaming,,213.4,,,,
430845,Lotus,FunPlus Phoenix,,192.2,,,,
430846,Bind,EDward Gaming,,153.0,,,,
430846,Bind,Trace Esports,,221.6,,,,
430846,Lotus,EDward Gaming,,157.0,,,,
430846,Lotus,Trace Esports,,222.8,,,,
430847,Bind,Bilibili Gaming,,194.2,,,,
430847,Bind,Trace Esports,,215.6,,,,
430847,Haven,Bilibili Gaming,,213.6,,,,
430847,Haven,Trace Esports,,206.8,,,,
430847,Lotus,Bilibili Gaming,,185.4,,,,
430847,Lotus,Trace Esports,,227.6,,,,
430848,Abyss,EDward Gaming,,215.4,,,,
430848,Abyss,Trace Esports,,207.0,,,,
430848,Bind,EDward Gaming,,198.4,,,,
430848,Bind,Trace Esports,,205.4,,,,
430848,Fracture,EDward Gaming,,237.4,,,,
430848,Fracture,Trace Esports,,132.2,,,,
430848,Lotus,EDward Gaming,,206.0,,,,
430848,Lotus,Trace Esports,,217.4,,,,
430849,Abyss,Nova Esports,,182.8,,,,
430849,Abyss,Wolves Esports,,201.6,,,,
430849,Fracture,Nova Esports,,209.4,,,,
430849,Fracture,Wolves Esports,,192.0,,,,
430849,Split,Nova Esports,,224.2,,,,
430849,Split,Wolves Esports,,174.2,,,,
430850,Haven,Dragon Ranger Gaming,,197.2,,,,
430850,Haven,TYLOO,,194.0,,,,
430850,Pearl,Dragon Ranger Gaming,,214.6,,,,
430850,Pearl,TYLOO,,191.8,,,,
430851,Abyss,JD Mall JDG Esports,,230.6,,,,
430851,Abyss,Titan Esports Club,,140.6,,,,
430851,Fracture,JD Mall JDG Esports,,214.2,,,,
430851,Fracture,Titan Esports Club,,201.2,,,,
430853,Abyss,All Gamers,,214.2,,,,
430853,Abyss,Xi Lai Gaming,,164.0,,,,
430853,Bind,All Gamers,,138.0,,,,
430853,Bind,Xi Lai Gaming,,245.6,,,,
430853,Lotus,All Gamers,,157.2,,,,
430853,Lotus,Xi Lai Gaming,,242.4,,,,
430854,Bind,Dragon Ranger Gaming,,218.2,,,,
430854,Bind,Nova Esports,,184.0,,,,
430854,Pearl,Dragon Ranger Gaming,,209.6,,,,
430854,Pearl,Nova Esports,,176.8,,,,
430855,Bind,JD Mall JDG Esports,,175.6,,,,
430855,Bind,Xi Lai Gaming,,232.0,,,,
430855,Haven,JD Mall JDG Esports,,185.0,,,,
430855,Haven,Xi Lai Gaming,,210.6,,,,
430855,Pearl,JD Mall JDG Esports,,213.4,,,,
430855,Pearl,Xi Lai Gaming,,182.4,,,,
430856,Abyss,Dragon Ranger Gaming,,198.6,,,,
430856,Abyss,FunPlus Phoenix,,190.4,,,,
430856,Haven,Dragon Ranger Gaming,,235.4,,,,
430856,Haven,FunPlus Phoenix,,189.2,,,,
430856,Pearl,Dragon Ranger Gaming,,142.6,,,,
430856,Pearl,FunPlus Phoenix,,254.2,,,,
430857,Bind,EDward Gaming,,194.4,,,,
430857,Bind,Xi Lai Gaming,,181.0,,,,
430857,Haven,EDward Gaming,,244.0,,,,
430857,Haven,Xi Lai Gaming,,134.2,,,,
430857,Lotus,EDward Gaming,,194.8,,,,
430857,Lotus,Xi Lai Gaming,,208.2,,,,
430858,Haven,Dragon Ranger Gaming,,122.0,,,,
430858,Haven,EDward Gaming,,251.2,,,,
430858,Pearl,Dragon Ranger Gaming,,189.0,,,,
430858,Pearl,EDward Gaming,,229.4,,,,
430860,Haven,Bilibili Gaming,,165.0,,,,
430860,Haven,EDward Gaming,,223.8,,,,
430860,Lotus,Bilibili Gaming,,177.6,,,,
430860,Lotus,EDward Gaming,,217.2,,,,
430860,Pearl,Bilibili Gaming,,194.6,,,,
430860,Pearl,EDward Gaming,,204.2,,,,
448597,Abyss,G2 Esports,1.44,210.4,85.2,142.0,2.2,1.0
448597,Abyss,Trace Esports,0.53,133.0,59.0,91.8,1.0,2.2
448597,Lotus,G2 Esports,1.09,211.0,74.4,140.8,1.8,2.4
448597,Lotus,Trace Esports,0.92,184.8,63.8,125.0,2.4,1.8
448598,Pearl,EDward Gaming,1.14,209.4,71.4,140.4,2.6,1.2
448598,Pearl,Team Liquid,0.87,183.8,64.0,122.2,1.2,2.6
448598,Split,EDward Gaming,0.99,211.0,70.2,137.6,3.4,3.4
448598,Split,Team Liquid,1.04,215.0,70.0,143.8,3.4,3.4
448599,Bind,T1,0.83,187.2,66.6,124.0,2.4,2.0
448599,Bind,Team Vitality,1.18,224.4,75.4,139.2,2.0,2.4
448599,Fracture,T1,0.89,176.2,67.2,118.8,2.6,2.0
448599,Fracture,Team Vitality,1.11,204.4,77.4,131.0,2.0,2.6
448600,Haven,KIWOOM DRX,1.02,201.0,75.8,132.6,2.6,2.0
448600,Haven,Sentinels,1.0,203.2,79.0,136.2,2.0,2.6
448600,Lotus,KIWOOM DRX,1.39,211.6,87.8,140.6,1.8,1.4
448600,Lotus,Sentinels,0.53,124.6,55.2,84.6,1.4,1.8
449000,Abyss,KIWOOM DRX,1.06,206.6,78.2,133.4,3.0,1.8
449000,Abyss,Team Vitality,0.95,198.0,65.2,132.4,1.8,3.0
449000,Bind,KIWOOM DRX,0.9,192.4,68.4,129.8,2.2,2.0
449000,Bind,Team Vitality,1.14,220.2,72.2,139.0,2.0,2.2
449000,Split,KIWOOM DRX,1.01,201.4,72.6,139.8,2.2,2.6
449000,Split,Team Vitality,1.07,203.0,75.6,137.2,2.6,2.2
449001,Bind,EDward Gaming,1.14,208.0,75.2,138.6,2.8,1.4
449001,Bind,G2 Esports,0.92,186.8,71.4,121.0,1.4,2.8
449001,Fracture,EDward Gaming,1.37,245.0,88.0,155.8,2.8,0.6
449001,Fracture,G2 Esports,0.71,166.6,61.4,110.2,0.6,2.8
449001,Pearl,EDward Gaming,1.0,198.2,66.6,127.4,3.0,3.8
449001,Pearl,G2 Esports,1.0,198.4,72.6,132.2,3.8,3.0
449002,Haven,T1,1.11,204.8,77.0,136.2,2.2,2.0
449002,Haven,Trace Esports,0.87,175.8,61.8,114.8,2.0,2.2
449002,Lotus,T1,1.38,239.4,86.6,163.6,2.2,1.0
449002,Lotus,Trace Esports,0.6,153.2,57.8,96.6,1.0,2.2
449003,Abyss,Sentinels,0.95,200.2,78.2,131.4,2.8,3.2
449003,Abyss,Team Liquid,1.05,201.2,78.6,128.8,3.2,2.8
449003,Bind,Sentinels,0.66,169.6,60.0,108.2,1.0,1.8
449003,Bind,Team Liquid,1.36,247.0,90.2,159.6,1.8,1.0
449003,Lotus,Sentinels,1.16,207.0,74.0,133.0,2.6,1.4
449003,Lotus,Team Liquid,0.81,173.8,61.0,116.0,1.4,2.6
449004,Fracture,KIWOOM DRX,0.97,176.8,72.6,113.0,1.0,3.8
449004,Fracture,T1,1.02,195.0,79.8,126.4,3.8,1.0
449004,Pearl,KIWOOM DRX,0.66,167.2,65.0,110.4,1.8,1.6
449004,Pearl,T1,1.31,228.2,78.6,144.2,1.6,1.8
449005,Haven,G2 Esports,1.17,200.6,67.6,130.0,1.2,2.4
449005,Haven,Team Liquid,0.84,188.8,69.0,122.4,2.4,1.2
449005,Lotus,G2 Esports,1.1,216.4,78.0,133.2,2.2,1.8
449005,Lotus,Team Liquid,0.87,184.4,71.0,121.0,1.8,2.2
449008,Bind,EDward Gaming,0.89,188.6,79.0,123.8,2.2,1.6
449008,Bind,T1,1.17,213.6,72.6,138.8,1.6,2.2
449008,Pearl,EDward Gaming,1.06,212.6,77.6,136.4,1.8,3.0
449008,Pearl,T1,0.95,197.2,67.8,128.2,3.0,1.8
449008,Split,EDward Gaming,1.26,231.8,84.0,153.4,2.2,1.8
449008,Split,T1,0.75,174.4,58.0,119.2,1.8,2.2
449009,Bind,G2 Esports,1.15,216.8,78.6,141.0,3.4,2.2
449009,Bind,Team Vitality,0.92,201.0,72.8,130.2,2.2,3.4
449009,Lotus,G2 Esports,1.04,196.0,71.0,129.0,2.4,2.0
449009,Lotus,Team Vitality,0.96,203.2,67.4,127.0,2.0,2.4
449010,Lotus,EDward Gaming,0.92,192.8,70.4,134.2,1.8,2.4
449010,Lotus,G2 Esports,1.13,213.8,76.2,141.6,2.4,1.8
449010,Split,EDward Gaming,0.81,167.0,59.0,112.2,1.6,2.4
449010,Split,G2 Esports,1.2,218.8,79.0,148.6,2.4,1.6
449011,Abyss,G2 Esports,1.12,201.6,78.2,127.8,1.8,2.8
449011,Abyss,T1,0.86,181.2,79.2,117.6,2.8,1.8
449011,Haven,G2 Esports,1.02,199.4,78.2,134.2,1.6,2.8
449011,Haven,T1,1.07,214.0,72.6,142.8,2.8,1.6
449011,Lotus,G2 Esports,1.21,220.2,78.8,141.8,2.0,1.6
449011,Lotus,T1,0.8,181.8,62.4,120.4,1.6,2.0
449011,Pearl,G2 Esports,1.01,199.0,74.0,128.4,3.2,2.8
449011,Pearl,T1,0.99,200.2,69.4,129.2,2.8,3.2
449011,Split,G2 Esports,1.01,208.8,73.4,137.4,2.6,3.0
449011,Split,T1,1.02,212.0,73.4,134.4,3.0,2.6
449012,Haven,T1,1.25,201.0,76.4,129.8,2.2,1.2
449012,Haven,Team Vitality,0.73,156.6,57.8,106.8,1.2,2.2
449012,Lotus,T1,0.92,189.0,71.0,126.0,2.4,2.8
449012,Lotus,Team Vitality,1.12,216.2,76.2,135.4,2.8,2.4
449012,Split,T1,1.32,240.0,84.4,143.8,2.6,1.0
449012,Split,Team Vitality,0.66,156.6,56.6,99.0,1.0,2.6
449013,Bind,EDward Gaming,0.66,144.8,55.4,98.6,1.2,2.2
449013,Bind,T1,1.39,242.2,85.6,151.4,2.2,1.2
449013,Fracture,EDward Gaming,1.02,208.4,77.0,134.2,2.8,2.4
449013,Fracture,T1,1.05,218.2,72.2,140.8,2.4,2.8
449013,Haven,EDward Gaming,0.99,201.8,68.8,133.8,2.2,2.4
449013,Haven,T1,1.06,220.6,75.0,144.2,2.4,2.2
449013,Split,EDward Gaming,0.77,165.2,58.0,109.6,0.8,2.8
449013,Split,T1,1.25,213.8,81.0,138.4,2.8,0.8
450047,Fracture,Bilibili Gaming,,218.4,,,,
450047,Fracture,Xi Lai Gaming,,174.0,,,,
450047,Icebox,Bilibili Gaming,,199.2,,,,
450047,Icebox,Xi Lai Gaming,,201.2,,,,
450047,Pearl,Bilibili Gaming,,175.4,,,,
450047,Pearl,Xi Lai Gaming,,204.8,,,,
450048,Lotus,All Gamers,,205.4,,,,
450048,Lotus,Trace Esports,,191.0,,,,
450048,Pearl,All Gamers,,200.4,,,,
450048,Pearl,Trace Esports,,217.6,,,,
450048,Split,All Gamers,,131.2,,,,
450048,Split,Trace Esports,,249.0,,,,
450049,Fracture,Dragon Ranger Gaming,,246.2,,,,
450049,Fracture,Nova Esports,,186.0,,,,
450049,Lotus,Dragon Ranger Gaming,,214.2,,,,
450049,Lotus,Nova Esports,,187.4,,,,
450050,Fracture,EDward Gaming,,219.6,,,,
450050,Fracture,TYLOO,,168.2,,,,
450050,Haven,EDward Gaming,,218.4,,,,
450050,Haven,TYLOO,,175.4,,,,
450051,Haven,JD Mall JDG Esports,,180.6,,,,
450051,Haven,Wolves Esports,,187.6,,,,
450051,Pearl,JD Mall JDG Esports,,183.4,,,,
450051,Pearl,Wolves Esports,,215.4,,,,
450052,Haven,FunPlus Phoenix,,237.6,,,,
450052,Haven,Titan Esports Club,,179.0,,,,
450052,Icebox,FunPlus Phoenix,,230.6,,,,
450052,Icebox,Titan Esports Club,,163.8,,,,
450053,Ascent,EDward Gaming,,200.4,,,,
450053,Ascent,Nova Esports,,207.0,,,,
450053,Fracture,EDward Gaming,,203.0,,,,
450053,Fracture,Nova Esports,,232.6,,,,
450054,Haven,FunPlus Phoenix,,221.8,,,,
450054,Haven,TYLOO,,154.2,,,,
450054,Icebox,FunPlus Phoenix,,201.8,,,,
450054,Icebox,TYLOO,,223.4,,,,
450054,Pearl,FunPlus Phoenix,,203.8,,,,
450054,Pearl,TYLOO,,166.4,,,,
450055,Fracture,All Gamers,,188.8,,,,
450055,Fracture,Xi Lai Gaming,,217.2,,,,
450055,Lotus,All Gamers,,187.8,,,,
450055,Lotus,Xi Lai Gaming,,211.8,,,,
450056,Fracture,Trace Esports,,223.0,,,,
450056,Fracture,Wolves Esports,,211.6,,,,
450056,Pearl,Trace Esports,,197.8,,,,
450056,Pearl,Wolves Esports,,210.6,,,,
450057,Fracture,Dragon Ranger Gaming,0.68,184.0,70.2,116.0,2.0,2.4
450057,Fracture,Titan Esports Club,0.87,217.6,74.4,143.2,2.4,2.0
450057,Icebox,Dragon Ranger Gaming,0.88,191.4,75.4,123.8,1.2,2.0
450057,Icebox,Titan Esports Club,1.15,230.8,77.4,153.8,2.0,1.2
450057,Lotus,Dragon Ranger Gaming,1.13,199.4,73.4,126.2,2.2,2.6
450057,Lotus,Titan Esports Club,0.91,185.0,70.0,120.0,2.6,2.2
450058,Fracture,Bilibili Gaming,1.24,226.0,81.0,144.6,2.8,1.4
450058,Fracture,JD Mall JDG Esports,0.79,171.6,62.8,113.6,1.4,2.8
450058,Icebox,Bilibili Gaming,0.67,158.2,55.8,105.4,1.8,1.8
450058,Icebox,JD Mall JDG Esports,1.29,221.2,82.2,149.6,1.8,1.8
450058,Pearl,Bilibili Gaming,1.1,224.2,82.8,147.2,2.4,2.2
450058,Pearl,JD Mall JDG Esports,0.93,193.0,78.4,123.6,2.2,2.4
450059,Haven,JD Mall JDG Esports,0.92,185.2,61.6,120.8,2.2,2.6
450059,Haven,Trace Esports,1.06,203.0,77.6,131.4,2.6,2.2
450059,Lotus,JD Mall JDG Esports,0.9,180.4,68.0,121.4,2.0,2.0
450059,Lotus,Trace Esports,1.11,205.0,69.0,126.6,2.0,2.0
450060,Fracture,Wolves Esports,0.99,185.0,65.4,117.2,2.4,2.8
450060,Fracture,Xi Lai Gaming,0.98,187.2,67.6,119.6,2.8,2.4
450060,Icebox,Wolves Esports,0.98,198.0,68.6,128.6,1.8,2.8
450060,Icebox,Xi Lai Gaming,1.01,197.8,69.0,129.2,2.8,1.8
450061,Fracture,TYLOO,1.17,214.4,75.8,142.4,1.8,2.8
450061,Fracture,Titan Esports Club,0.9,193.6,68.0,130.8,2.8,1.8
450061,Icebox,TYLOO,0.91,184.0,68.4,119.0,1.6,2.6
450061,Icebox,Titan Esports Club,1.09,204.4,72.4,135.2,2.6,1.6
450061,Split,TYLOO,0.87,181.0,65.0,121.4,1.6,2.4
450061,Split,Titan Esports Club,1.13,211.0,71.0,132.4,2.4,1.6
450062,Ascent,Dragon Ranger Gaming,1.14,217.2,75.4,137.2,2.0,2.4
450062,Ascent,EDward Gaming,0.89,193.4,71.0,125.6,2.4,2.0
450062,Icebox,Dragon Ranger Gaming,0.69,164.2,57.2,115.4,0.2,2.8
450062,Icebox,EDward Gaming,1.34,238.0,85.6,155.4,2.8,0.2
450062,Pearl,Dragon Ranger Gaming,1.03,222.8,77.6,140.0,2.6,2.0
450062,Pearl,EDward Gaming,1.0,207.6,64.6,137.6,2.0,2.6
450063,Icebox,FunPlus Phoenix,1.03,206.2,76.6,136.0,3.0,1.8
450063,Icebox,Nova Esports,0.98,196.0,69.2,124.2,1.8,3.0
450063,Split,FunPlus Phoenix,0.88,165.6,65.4,111.0,2.2,2.4
450063,Split,Nova Esports,1.14,210.6,79.2,140.2,2.4,2.2
450064,Fracture,All Gamers,0.82,174.4,61.2,112.2,1.6,2.0
450064,Fracture,Bilibili Gaming,1.21,229.4,78.8,140.2,2.0,1.6
450064,Pearl,All Gamers,0.66,151.6,58.8,96.0,1.2,2.2
450064,Pearl,Bilibili Gaming,1.37,241.8,85.6,157.8,2.2,1.2
450065,Ascent,Dragon Ranger Gaming,1.06,204.8,73.4,134.6,1.8,3.0
450065,Ascent,FunPlus Phoenix,0.94,190.2,66.0,129.6,3.0,1.8
450065,Haven,Dragon Ranger Gaming,1.24,225.2,81.0,158.6,2.4,1.2
450065,Haven,FunPlus Phoenix,0.72,163.0,56.6,107.8,1.2,2.4
450066,Ascent,Bilibili Gaming,1.22,224.6,84.4,146.4,1.8,1.6
450066,Ascent,Wolves Esports,0.82,168.4,63.6,117.6,1.6,1.8
450066,Haven,Bilibili Gaming,1.21,219.2,82.4,140.2,2.6,1.0
450066,Haven,Wolves Esports,0.8,163.8,63.2,111.8,1.0,2.6
450066,Lotus,Bilibili Gaming,0.95,170.6,61.0,110.0,2.2,2.4
450066,Lotus,Wolves Esports,1.08,195.0,76.0,133.0,2.4,2.2
450067,Pearl,All Gamers,0.71,176.4,59.0,114.6,1.0,2.4
450067,Pearl,JD Mall JDG Esports,1.29,231.8,81.0,148.6,2.4,1.0
450067,Split,All Gamers,0.95,192.4,67.0,123.6,2.0,3.2
450067,Split,JD Mall JDG Esports,1.04,200.4,71.4,128.8,3.2,2.0
450068,Haven,EDward Gaming,1.1,222.6,77.8,148.8,2.2,1.4
450068,Haven,Titan Esports Club,0.92,211.2,69.0,139.2,1.4,2.2
450068,Icebox,EDward Gaming,1.12,205.4,79.8,135.6,2.2,2.2
450068,Icebox,Titan Esports Club,0.86,177.6,63.0,122.4,2.2,2.2
450068,Lotus,EDward Gaming,0.88,193.8,69.6,119.4,1.8,2.4
450068,Lotus,Titan Esports Club,1.14,224.4,77.2,144.0,2.4,1.8
450069,Icebox,Nova Esports,0.64,160.0,56.2,111.6,0.4,2.8
450069,Icebox,TYLOO,1.39,231.6,83.8,150.2,2.8,0.4
450069,Pearl,Nova Esports,1.25,221.8,77.8,142.2,1.8,1.8
450069,Pearl,TYLOO,0.76,165.6,56.6,105.8,1.8,1.8
450069,Split,Nova Esports,1.1,205.0,84.4,140.6,2.0,2.8
450069,Split,TYLOO,0.91,196.4,75.8,128.4,2.8,2.0
450070,Lotus,Trace Esports,1.04,205.6,74.2,129.4,2.8,1.8
450070,Lotus,Xi Lai Gaming,0.97,188.8,68.8,125.0,1.8,2.8
450070,Pearl,Trace Esports,0.87,171.0,63.6,108.8,2.4,2.4
450070,Pearl,Xi Lai Gaming,1.07,189.8,76.6,129.2,2.4,2.4
450070,Split,Trace Esports,0.91,188.0,68.0,126.4,2.0,2.0
450070,Split,Xi Lai Gaming,1.15,219.2,81.0,149.4,2.0,2.0
450071,Fracture,JD Mall JDG Esports,,175.2,,,,
450071,Fracture,Xi Lai Gaming,,225.6,,,,
450071,Icebox,JD Mall JDG Esports,,209.2,,,,
450071,Icebox,Xi Lai Gaming,,185.6,,,,
450071,Lotus,JD Mall JDG Esports,0.73,172.6,62.2,113.0,1.4,2.4
450071,Lotus,Xi Lai Gaming,1.36,232.8,84.0,160.0,2.4,1.4
450072,Fracture,Dragon Ranger Gaming,0.82,195.8,76.8,123.2,2.2,1.4
450072,Fracture,TYLOO,1.2,238.0,80.0,148.0,1.4,2.2
450072,Haven,Dragon Ranger Gaming,1.05,207.6,72.2,134.8,2.4,2.2
450072,Haven,TYLOO,0.97,198.0,71.4,129.0,2.2,2.4
450072,Split,Dragon Ranger Gaming,0.85,175.8,61.0,119.0,1.6,2.8
450072,Split,TYLOO,1.16,219.4,79.2,145.6,2.8,1.6
450073,Fracture,All Gamers,,210.4,78.0,,,
450073,Fracture,Wolves Esports,,187.8,76.0,,,3.0
450073,Lotus,All Gamers,,159.6,,,,
450073,Lotus,Wolves Esports,,235.2,,,,
450073,Pearl,All Gamers,0.71,180.6,66.0,114.2,1.6,2.4
450073,Pearl,Wolves Esports,1.28,223.8,76.0,157.0,2.4,1.6
450074,Ascent,Bilibili Gaming,,229.2,,,,
450074,Ascent,Trace Esports,,137.4,,,,
450074,Haven,Bilibili Gaming,,,57.6,,1.2,2.0
450074,Haven,Trace Esports,,,81.4,,2.0,1.2
450074,Split,Bilibili Gaming,,153.8,,,,
450074,Split,Trace Esports,,226.0,,,,
450075,Fracture,Nova Esports,,188.6,70.2,,,
450075,Fracture,Titan Esports Club,,215.2,78.2,,,
450075,Split,Nova Esports,,153.2,,,,
450075,Split,Titan Esports Club,,242.2,,,,
450076,Fracture,EDward Gaming,,218.0,78.0,,,
450076,Fracture,FunPlus Phoenix,,186.0,63.2,,,
450076,Split,EDward Gaming,1.13,208.8,73.8,141.2,2.2,2.2
450076,Split,FunPlus Phoenix,0.87,186.8,65.4,125.0,2.2,2.2
450589,Ascent,Team International,,,,,,
450589,Ascent,Team Thailand,,,,,,
458805,Lotus,DetonatioN FocusMe,0.89,187.6,68.0,118.8,1.8,2.2
458805,Lotus,Global Esports,1.11,202.8,73.0,134.2,2.2,1.8
458805,Pearl,DetonatioN FocusMe,0.92,180.8,68.4,120.2,2.2,2.6
458805,Pearl,Global Esports,1.03,192.2,74.2,131.8,2.6,2.2
458806,Fracture,T1,1.14,207.0,76.0,133.6,2.6,1.4
458806,Fracture,ZETA DIVISION,0.88,172.8,61.0,113.0,1.4,2.6
458806,Haven,T1,1.24,224.6,77.6,144.4,1.8,1.8
458806,Haven,ZETA DIVISION,0.75,171.2,53.2,111.8,1.8,1.8
458806,Split,T1,0.93,185.8,66.8,123.4,1.8,3.4
458806,Split,ZETA DIVISION,1.05,192.2,70.2,125.2,3.4,1.8
458807,Haven,KIWOOM DRX,1.0,183.8,66.4,120.6,2.6,1.8
458807,Haven,Paper Rex,0.94,188.8,68.2,122.6,1.8,2.6
458807,Icebox,KIWOOM DRX,0.91,195.6,69.6,128.8,3.2,1.4
458807,Icebox,Paper Rex,1.09,209.4,69.6,137.4,1.4,3.2
458807,Lotus,KIWOOM DRX,1.19,204.0,78.0,124.4,2.8,1.2
458807,Lotus,Paper Rex,0.74,149.2,66.0,96.2,1.2,2.8
458808,Fracture,TALON,1.43,249.2,90.8,156.6,2.2,0.8
458808,Fracture,Team Secret,0.53,142.0,48.0,98.8,0.8,2.2
458808,Haven,TALON,1.08,208.2,70.8,138.6,2.2,2.2
458808,Haven,Team Secret,0.91,188.0,64.6,122.8,2.2,2.2
458808,Pearl,TALON,0.71,176.8,59.0,114.4,1.6,2.0
458808,Pearl,Team Secret,1.25,234.4,75.6,149.2,2.0,1.6
458809,Ascent,BOOM Esports,1.16,231.0,74.2,144.2,2.4,1.8
458809,Ascent,Gen.G,0.87,197.0,62.6,143.6,1.8,2.4
458809,Haven,BOOM Esports,1.03,204.4,70.0,133.2,2.4,4.0
458809,Haven,Gen.G,0.97,198.0,64.6,133.4,4.0,2.4
458810,Ascent,Nongshim RedForce,0.74,152.4,56.8,106.6,1.0,2.6
458810,Ascent,Rex Regum Qeon,1.31,223.2,83.2,152.2,2.6,1.0
458810,Pearl,Nongshim RedForce,0.95,160.4,76.6,105.2,1.6,2.2
458810,Pearl,Rex Regum Qeon,0.96,166.8,75.6,105.6,2.2,1.6
458810,Split,Nongshim RedForce,1.1,188.8,72.6,120.8,2.2,2.0
458810,Split,Rex Regum Qeon,0.87,173.6,67.6,116.6,2.0,2.2
458811,Icebox,Team Secret,0.95,202.6,72.2,133.8,1.8,2.8
458811,Icebox,ZETA DIVISION,1.04,207.2,68.8,141.8,2.8,1.8
458811,Lotus,Team Secret,1.04,212.4,72.8,142.2,1.8,3.0
458811,Lotus,ZETA DIVISION,0.96,201.6,70.2,133.0,3.0,1.8
458812,Icebox,Nongshim RedForce,0.87,186.6,67.8,125.6,2.6,2.0
458812,Icebox,T1,1.15,231.4,74.8,146.8,2.0,2.6
458812,Split,Nongshim RedForce,0.94,181.8,64.2,120.0,2.4,2.4
458812,Split,T1,1.04,195.2,68.4,131.8,2.4,2.4
458813,Fracture,Gen.G,0.85,195.0,65.2,132.0,0.8,3.0
458813,Fracture,Paper Rex,1.22,224.2,77.8,153.2,3.0,0.8
458813,Haven,Gen.G,1.24,246.0,82.0,159.4,1.8,1.6
458813,Haven,Paper Rex,0.74,172.6,63.6,110.8,1.6,1.8
458813,Lotus,Gen.G,1.09,202.0,78.2,135.0,2.0,2.4
458813,Lotus,Paper Rex,0.83,178.4,67.2,119.4,2.6,2.2
458814,Ascent,DetonatioN FocusMe,0.92,173.6,63.0,115.0,2.0,2.2
458814,Ascent,KIWOOM DRX,1.08,199.0,74.0,133.8,2.2,2.0
458814,Lotus,DetonatioN FocusMe,0.56,132.2,51.4,87.4,1.2,2.0
458814,Lotus,KIWOOM DRX,1.37,237.6,85.2,150.6,2.0,1.2
458815,Ascent,Rex Regum Qeon,1.16,216.4,81.0,137.4,2.0,1.6
458815,Ascent,TALON,0.8,175.8,67.8,119.2,1.6,2.0
458815,Lotus,Rex Regum Qeon,1.09,210.8,66.6,140.2,2.4,1.8
458815,Lotus,TALON,0.93,177.6,67.6,123.2,1.8,2.4
458816,Haven,BOOM Esports,1.16,219.4,77.6,147.0,3.0,1.8
458816,Haven,Global Esports,0.92,196.6,67.6,130.0,1.8,3.0
458816,Lotus,BOOM Esports,1.47,249.0,87.2,158.8,1.8,1.0
458816,Lotus,Global Esports,0.57,163.6,60.0,110.2,1.0,1.8
458817,Fracture,DetonatioN FocusMe,0.78,175.6,65.0,111.2,1.0,2.4
458817,Fracture,Gen.G,1.23,221.2,88.0,144.2,2.4,1.0
458817,Lotus,DetonatioN FocusMe,0.64,157.4,64.0,109.0,0.8,2.2
458817,Lotus,Gen.G,1.38,241.6,88.0,157.0,2.2,0.8
458818,Haven,Rex Regum Qeon,1.07,225.0,70.8,148.4,1.8,2.6
458818,Haven,ZETA DIVISION,0.94,202.4,71.0,135.8,2.6,1.8
458818,Split,Rex Regum Qeon,1.39,233.6,87.2,149.0,2.4,1.4
458818,Split,ZETA DIVISION,0.55,140.0,51.8,91.4,1.4,2.4
458819,Ascent,BOOM Esports,0.96,194.2,77.2,124.0,2.2,2.0
458819,Ascent,Paper Rex,1.06,203.2,73.2,134.2,2.0,2.2
458819,Fracture,BOOM Esports,1.03,213.0,78.0,134.0,2.8,1.6
458819,Fracture,Paper Rex,0.99,205.8,74.4,143.6,1.6,2.8
458819,Pearl,BOOM Esports,1.14,193.8,74.6,127.4,2.8,1.8
458819,Pearl,Paper Rex,0.87,163.8,69.6,104.2,1.8,2.8
458820,Fracture,Nongshim RedForce,0.89,188.8,67.2,117.2,1.6,2.2
458820,Fracture,TALON,1.14,216.8,74.8,142.6,2.2,1.6
458820,Haven,Nongshim RedForce,1.24,209.0,73.4,140.0,1.8,1.8
458820,Haven,TALON,0.79,172.2,67.0,121.8,1.8,1.8
458820,Lotus,Nongshim RedForce,0.76,173.0,59.2,116.8,2.4,1.8
458820,Lotus,TALON,1.27,213.4,83.6,142.4,1.8,2.4
458821,Ascent,Global Esports,0.66,143.6,58.8,92.0,0.8,2.4
458821,Ascent,KIWOOM DRX,1.24,218.4,85.0,141.4,2.4,0.8
458821,Split,Global Esports,0.93,186.6,67.2,121.2,1.6,3.0
458821,Split,KIWOOM DRX,1.06,217.8,83.4,147.8,3.0,1.6
458822,Haven,T1,1.25,217.8,78.0,149.0,2.4,1.4
458822,Haven,Team Secret,0.75,150.4,55.8,102.0,1.4,2.4
458822,Icebox,T1,0.91,204.0,69.0,136.6,1.6,2.8
458822,Icebox,Team Secret,1.13,221.4,75.6,150.8,2.8,1.6
458822,Lotus,T1,1.09,227.6,74.4,150.6,2.0,2.2
458822,Lotus,Team Secret,0.89,181.2,64.6,119.4,2.2,2.0
458823,Pearl,Nongshim RedForce,1.02,190.8,67.8,122.4,2.6,2.0
458823,Pearl,Team Secret,1.0,200.4,73.0,135.2,2.0,2.6
458823,Split,Nongshim RedForce,1.36,245.8,81.4,161.6,2.4,0.8
458823,Split,Team Secret,0.65,168.4,58.8,105.4,0.8,2.4
458824,Ascent,BOOM Esports,1.21,226.2,82.6,145.2,3.0,1.4
458824,Ascent,KIWOOM DRX,0.74,173.0,63.8,110.6,1.2,2.8
458824,Haven,BOOM Esports,0.99,211.6,67.8,143.0,2.4,2.8
458824,Haven,KIWOOM DRX,1.04,213.2,71.6,139.4,2.8,2.4
458824,Icebox,BOOM Esports,1.1,193.6,72.4,127.4,2.2,2.0
458824,Icebox,KIWOOM DRX,0.89,179.4,68.4,123.6,2.0,2.2
458825,Icebox,Rex Regum Qeon,1.02,207.6,67.0,142.6,2.8,1.8
458825,Icebox,T1,0.99,210.2,69.6,141.2,1.8,2.8
458825,Lotus,Rex Regum Qeon,1.27,219.8,78.6,149.0,2.0,1.6
458825,Lotus,T1,0.71,168.6,64.4,110.4,1.6,2.0
458825,Pearl,Rex Regum Qeon,0.96,200.4,69.6,132.6,3.0,1.6
458825,Pearl,T1,1.03,205.0,72.2,139.0,1.6,3.0
458826,Haven,Gen.G,1.17,207.0,75.4,136.2,2.8,0.8
458826,Haven,Global Esports,0.81,176.6,67.0,117.2,0.8,2.8
458826,Pearl,Gen.G,1.12,203.4,79.0,130.6,2.0,2.0
458826,Pearl,Global Esports,0.89,181.0,75.0,121.6,2.0,2.0
458827,Lotus,TALON,0.71,170.4,57.8,109.8,0.8,2.6
458827,Lotus,ZETA DIVISION,1.3,236.6,84.6,159.4,2.6,0.8
458827,Split,TALON,0.87,200.8,78.2,127.2,2.0,2.6
458827,Split,ZETA DIVISION,1.06,220.4,75.8,137.6,2.6,2.0
458828,Ascent,DetonatioN FocusMe,1.08,207.4,72.0,137.8,2.6,2.2
458828,Ascent,Paper Rex,1.0,194.4,73.4,129.8,2.2,2.6
458828,Lotus,DetonatioN FocusMe,0.81,178.0,65.0,118.6,1.2,2.8
458828,Lotus,Paper Rex,1.24,232.8,84.0,148.6,2.8,1.2
458828,Pearl,DetonatioN FocusMe,0.98,192.4,64.4,136.4,2.8,2.8
458828,Pearl,Paper Rex,1.03,201.0,72.2,130.6,2.8,2.8
458830,Lotus,Global Esports,0.93,193.6,68.2,127.4,2.4,2.0
458830,Lotus,Paper Rex,1.06,211.6,72.6,130.8,2.0,2.4
458830,Split,Global Esports,0.86,189.8,71.2,118.2,1.8,1.8
458830,Split,Paper Rex,1.12,225.4,73.4,147.2,1.8,1.8
458831,Haven,T1,0.83,180.8,63.0,118.0,1.4,2.6
458831,Haven,TALON,1.19,217.8,79.0,139.4,2.6,1.4
458831,Icebox,T1,0.74,159.6,57.8,111.4,1.0,2.8
458831,Icebox,TALON,1.24,220.6,77.8,151.4,2.8,1.0
458832,Ascent,Gen.G,0.91,170.8,72.6,110.2,2.0,2.4
458832,Ascent,KIWOOM DRX,1.11,190.8,71.8,123.8,2.4,2.0
458832,Lotus,Gen.G,1.12,220.6,75.0,141.8,1.6,2.6
458832,Lotus,KIWOOM DRX,0.84,178.4,62.0,112.0,2.6,1.6
458832,Split,Gen.G,0.82,178.0,69.4,116.2,1.4,3.2
458832,Split,KIWOOM DRX,1.17,208.8,80.0,131.8,3.2,1.4
458833,Lotus,Nongshim RedForce,1.22,218.4,77.8,135.4,1.8,2.0
458833,Lotus,ZETA DIVISION,0.76,157.6,63.0,108.8,2.0,1.8
458833,Pearl,Nongshim RedForce,1.03,198.2,71.0,134.4,2.4,2.4
458833,Pearl,ZETA DIVISION,0.96,185.0,69.2,122.4,2.4,2.4
458833,Split,Nongshim RedForce,1.22,214.2,77.0,132.0,2.4,1.6
458833,Split,ZETA DIVISION,0.74,160.6,61.0,99.6,1.6,2.4
458834,Ascent,BOOM Esports,1.14,217.8,82.0,137.0,3.0,0.8
458834,Ascent,DetonatioN FocusMe,0.82,174.4,58.8,109.4,0.8,3.0
458834,Fracture,BOOM Esports,1.1,211.0,78.0,141.6,2.4,1.8
458834,Fracture,DetonatioN FocusMe,0.94,190.0,67.6,127.0,1.8,2.4
458835,Ascent,Rex Regum Qeon,0.79,187.2,66.6,120.6,1.4,2.2
458835,Ascent,Team Secret,1.21,217.2,83.2,141.8,2.2,1.4
458835,Haven,Rex Regum Qeon,1.01,203.0,69.2,138.4,3.4,2.2
458835,Haven,Team Secret,0.94,196.8,67.8,130.8,2.2,3.4
458835,Lotus,Rex Regum Qeon,0.92,195.8,71.0,128.0,2.6,1.8
458835,Lotus,Team Secret,1.12,211.0,73.6,142.0,1.8,2.6
459517,Fracture,Cloud9,1.23,221.8,79.0,139.0,2.0,1.6
459517,Fracture,NRG,0.81,185.2,69.0,122.4,1.6,2.0
459517,Lotus,Cloud9,0.76,175.0,59.8,119.6,1.4,2.4
459517,Lotus,NRG,1.22,231.8,84.0,148.4,2.4,1.4
459517,Pearl,Cloud9,1.12,207.0,74.6,133.4,2.8,1.6
459517,Pearl,NRG,0.92,193.0,66.4,129.4,1.6,2.8
459518,Fracture,LOUD,1.47,251.6,94.0,165.6,2.0,1.2
459518,Fracture,VISA KRÜ,0.59,150.8,55.2,99.0,1.2,2.0
459518,Haven,LOUD,0.58,155.4,60.2,106.0,1.0,2.0
459518,Haven,VISA KRÜ,1.41,242.8,90.6,150.6,2.0,1.0
459518,Split,LOUD,0.8,186.4,62.0,127.2,2.0,2.6
459518,Split,VISA KRÜ,1.17,218.6,77.4,142.8,2.6,2.0
459519,Ascent,FURIA,0.8,169.2,61.0,109.6,1.2,2.8
459519,Ascent,G2 Esports,1.16,195.4,77.0,128.6,2.8,1.2
459519,Lotus,FURIA,0.88,190.6,70.6,127.0,2.4,2.2
459519,Lotus,G2 Esports,1.07,210.0,73.8,140.4,2.2,2.4
459520,Icebox,LEVIATÁN,0.88,173.2,65.8,124.2,2.2,2.0
459520,Icebox,MIBR,1.1,204.4,74.2,139.4,2.0,2.2
459520,Split,LEVIATÁN,0.84,178.4,71.0,119.4,1.6,2.4
459520,Split,MIBR,1.12,206.6,78.0,130.8,2.4,1.6
459521,Haven,2Game Esports,0.93,203.6,65.0,134.6,2.8,2.0
459521,Haven,Evil Geniuses,1.07,218.2,81.0,142.8,2.0,2.8
459521,Lotus,2Game Esports,0.89,192.0,62.0,129.8,1.8,2.4
459521,Lotus,Evil Geniuses,1.11,208.2,73.2,138.0,2.4,1.8
459522,Haven,100 Thieves,1.17,212.4,75.4,139.6,3.0,1.4
459522,Haven,Sentinels,0.86,174.4,56.2,115.2,1.4,3.0
459522,Pearl,100 Thieves,0.81,177.2,72.2,116.2,1.8,1.8
459522,Pearl,Sentinels,1.2,220.8,79.8,135.6,1.8,1.8
459522,Split,100 Thieves,0.55,143.2,62.8,99.8,1.2,1.6
459522,Split,Sentinels,1.47,248.2,88.6,158.0,1.6,1.2
459523,Fracture,FURIA,0.54,122.2,57.6,81.6,1.2,2.2
459523,Fracture,NRG,1.41,210.8,85.6,140.0,2.2,1.2
459523,Lotus,FURIA,1.01,183.4,68.8,118.0,2.0,2.6
459523,Lotus,NRG,0.99,191.2,69.6,130.2,2.6,2.0
459523,Pearl,FURIA,0.55,129.8,53.2,89.0,0.8,2.2
459523,Pearl,NRG,1.41,215.4,84.2,139.6,2.2,0.8
459524,Icebox,Sentinels,1.0,195.0,72.2,135.2,2.0,2.2
459524,Icebox,VISA KRÜ,1.05,192.6,70.4,124.4,2.2,2.0
459524,Lotus,Sentinels,0.85,179.6,66.0,119.0,1.6,2.4
459524,Lotus,VISA KRÜ,1.15,196.8,70.0,130.6,2.4,1.6
459525,Fracture,100 Thieves,1.09,210.2,69.6,138.0,2.8,1.8
459525,Fracture,Evil Geniuses,0.94,194.2,67.0,129.4,1.8,2.8
459525,Haven,100 Thieves,1.08,207.2,76.0,136.2,2.2,1.8
459525,Haven,Evil Geniuses,0.94,199.6,73.0,133.2,1.8,2.2
459526,Ascent,G2 Esports,1.19,223.8,83.8,148.4,2.2,2.0
459526,Ascent,MIBR,0.88,197.8,69.2,130.4,2.0,2.2
459526,Haven,G2 Esports,1.0,189.6,70.2,125.2,1.8,3.0
459526,Haven,MIBR,1.04,201.6,77.4,129.0,3.0,1.8
459526,Pearl,G2 Esports,1.01,193.8,73.8,129.0,2.6,2.6
459526,Pearl,MIBR,0.99,195.8,72.2,120.8,2.6,2.6
459527,Lotus,2Game Esports,1.03,199.8,71.6,134.6,2.4,2.8
459527,Lotus,LOUD,0.97,182.6,71.6,120.8,2.8,2.4
459527,Pearl,2Game Esports,1.01,210.6,81.6,136.8,3.0,1.8
459527,Pearl,LOUD,1.01,204.2,68.4,135.2,1.8,3.0
459528,Ascent,Cloud9,1.44,246.6,92.6,155.4,2.2,1.0
459528,Ascent,LEVIATÁN,0.58,134.6,45.2,96.2,1.0,2.2
459528,Split,Cloud9,1.04,206.8,77.0,129.0,2.4,1.8
459528,Split,LEVIATÁN,0.93,193.2,69.4,132.2,1.8,2.4
459529,Haven,Evil Geniuses,0.74,158.0,56.6,107.8,1.6,1.8
459529,Haven,Sentinels,1.24,226.6,78.8,147.6,1.8,1.6
459529,Pearl,Evil Geniuses,0.71,161.6,63.2,102.8,1.6,2.2
459529,Pearl,Sentinels,1.24,224.2,82.0,147.6,2.2,1.6
459530,Haven,100 Thieves,0.86,179.0,58.6,116.2,1.2,2.6
459530,Haven,LOUD,1.14,221.2,81.0,142.2,2.6,1.2
459530,Icebox,100 Thieves,1.01,200.0,69.2,131.6,2.2,2.6
459530,Icebox,LOUD,1.0,195.2,67.8,138.0,2.6,2.2
459530,Split,100 Thieves,1.21,215.2,82.8,139.0,2.0,2.2
459530,Split,LOUD,0.85,189.2,71.4,126.0,2.2,2.0
459531,Ascent,2Game Esports,1.11,190.4,82.2,125.8,1.8,2.0
459531,Ascent,VISA KRÜ,0.88,169.4,70.6,117.8,2.0,1.8
459531,Icebox,2Game Esports,0.75,179.4,68.4,115.2,1.2,2.6
459531,Icebox,VISA KRÜ,1.26,229.4,81.2,160.4,2.6,1.2
459531,Pearl,2Game Esports,0.76,176.8,64.4,113.6,1.4,2.4
459531,Pearl,VISA KRÜ,1.26,220.4,78.0,144.6,2.4,1.4
459532,Ascent,G2 Esports,1.07,203.8,65.0,127.4,2.2,1.6
459532,Ascent,NRG,0.94,201.4,76.8,134.2,1.6,2.2
459532,Lotus,G2 Esports,1.45,248.0,91.6,163.4,2.0,0.8
459532,Lotus,NRG,0.6,157.4,61.2,107.6,0.8,2.0
459533,Ascent,FURIA,0.78,178.6,68.4,115.0,1.6,1.8
459533,Ascent,LEVIATÁN,1.23,221.6,84.4,145.8,1.8,1.6
459533,Pearl,FURIA,0.66,162.6,55.4,105.8,1.0,2.6
459533,Pearl,LEVIATÁN,1.27,223.4,84.4,143.8,2.6,1.0
459534,Haven,Cloud9,0.94,186.8,78.4,116.6,2.0,2.8
459534,Haven,MIBR,1.04,200.2,79.2,130.2,2.8,2.0
459534,Lotus,Cloud9,1.01,207.6,74.2,136.6,2.8,2.8
459534,Lotus,MIBR,1.01,204.6,76.4,134.8,2.8,2.8
459534,Pearl,Cloud9,0.98,189.6,74.8,121.8,2.4,2.0
459534,Pearl,MIBR,0.91,186.4,72.0,123.4,2.0,2.4
459535,Ascent,100 Thieves,1.13,208.2,76.4,140.2,2.8,2.8
459535,Ascent,2Game Esports,0.93,193.6,74.2,125.0,2.8,2.8
459535,Icebox,100 Thieves,1.24,225.8,83.0,143.6,2.0,1.8
459535,Icebox,2Game Esports,0.74,166.6,67.4,114.8,1.8,2.0
459536,Fracture,G2 Esports,0.93,194.4,73.4,122.8,3.2,1.6
459536,Fracture,LEVIATÁN,1.07,221.2,79.2,142.6,1.6,3.2
459536,Haven,G2 Esports,1.12,216.6,74.0,143.0,2.0,2.0
459536,Haven,LEVIATÁN,0.93,191.0,74.0,121.4,2.0,2.0
459536,Lotus,G2 Esports,1.1,203.4,74.8,129.8,2.0,2.6
459536,Lotus,LEVIATÁN,0.86,185.4,66.4,121.8,2.6,2.0
459537,Lotus,Cloud9,1.04,197.6,72.4,128.6,2.6,3.4
459537,Lotus,FURIA,0.93,193.0,76.0,127.4,3.4,2.6
459537,Pearl,Cloud9,1.45,231.2,88.8,153.2,1.6,1.2
459537,Pearl,FURIA,0.52,142.6,51.4,89.6,1.2,1.6
459538,Haven,LOUD,0.72,159.2,59.0,108.8,1.6,2.0
459538,Haven,Sentinels,1.29,219.6,79.8,141.2,2.0,1.6
459538,Lotus,LOUD,1.02,199.2,71.0,132.2,2.8,2.0
459538,Lotus,Sentinels,0.99,191.4,72.6,124.6,2.0,2.8
459538,Split,LOUD,0.92,181.0,67.0,118.6,2.0,2.6
459538,Split,Sentinels,1.12,204.2,75.0,134.4,2.6,2.0
459539,Lotus,Evil Geniuses,1.33,229.2,84.4,143.2,2.2,1.2
459539,Lotus,VISA KRÜ,0.65,158.4,55.2,103.6,1.2,2.2
459539,Pearl,Evil Geniuses,1.05,228.6,72.0,152.2,2.0,2.0
459539,Pearl,VISA KRÜ,0.92,198.6,69.0,131.8,2.0,2.0
459540,Haven,MIBR,1.15,201.4,77.0,139.6,1.8,2.0
459540,Haven,NRG,0.85,172.8,71.6,115.8,2.0,1.8
459540,Icebox,MIBR,1.1,223.8,73.4,152.8,2.2,1.4
459540,Icebox,NRG,0.85,190.0,67.8,123.8,1.4,2.2
459541,Haven,Cloud9,1.25,225.4,75.0,155.2,2.0,1.4
459541,Haven,G2 Esports,0.84,178.2,62.6,117.2,1.4,2.0
459541,Icebox,Cloud9,0.81,181.2,66.8,122.6,2.0,1.6
459541,Icebox,G2 Esports,1.17,213.8,72.4,145.0,1.6,2.0
459541,Pearl,Cloud9,0.9,187.0,66.0,126.6,1.8,3.0
459541,Pearl,G2 Esports,1.13,211.4,82.6,133.0,3.0,1.8
459542,Ascent,FURIA,0.98,196.4,69.0,133.2,1.8,2.6
459542,Ascent,MIBR,1.01,207.6,72.8,136.0,2.6,1.8
459542,Icebox,FURIA,0.52,144.8,57.4,91.8,1.4,1.8
459542,Icebox,MIBR,1.31,209.4,77.8,134.0,1.8,1.4
459542,Split,FURIA,0.91,181.2,68.4,120.4,2.0,2.2
459542,Split,MIBR,1.07,207.4,74.2,134.2,2.2,2.0
459543,Haven,2Game Esports,0.53,140.0,48.2,93.6,1.0,2.4
459543,Haven,Sentinels,1.48,237.8,85.6,150.2,2.4,1.0
459543,Pearl,2Game Esports,0.79,183.2,71.2,124.4,1.4,2.2
459543,Pearl,Sentinels,1.26,218.2,84.2,146.2,2.2,1.4
459544,Fracture,100 Thieves,0.99,198.8,76.4,133.4,2.4,2.2
459544,Fracture,VISA KRÜ,1.05,203.4,73.0,138.0,2.2,2.4
459544,Icebox,100 Thieves,0.9,181.0,65.4,125.8,1.8,2.6
459544,Icebox,VISA KRÜ,1.06,216.8,76.4,139.2,2.6,1.8
459545,Lotus,Evil Geniuses,0.82,192.6,64.8,129.4,2.0,2.8
459545,Lotus,LOUD,1.09,219.6,69.2,142.4,2.8,2.0
459545,Pearl,Evil Geniuses,0.93,195.2,71.4,129.0,3.0,2.2
459545,Pearl,LOUD,1.06,210.6,74.0,141.4,2.2,3.0
459545,Split,Evil Geniuses,1.05,197.6,72.6,140.6,2.4,2.4
459545,Split,LOUD,0.97,195.8,71.8,128.0,2.4,2.4
459546,Fracture,LEVIATÁN,0.91,170.2,69.2,112.8,2.4,3.0
459546,Fracture,NRG,1.1,192.4,73.6,129.4,3.2,2.6
459546,Icebox,LEVIATÁN,0.83,179.8,77.0,121.8,1.8,2.4
459546,Icebox,NRG,1.22,217.4,77.8,148.6,2.4,1.8
459826,Lotus,GIANTX,0.62,153.0,53.2,104.2,0.2,2.8
459826,Lotus,Team Vitality,1.38,239.6,92.0,147.6,2.8,0.2
459826,Split,GIANTX,0.99,187.8,71.6,122.8,2.2,2.2
459826,Split,Team Vitality,1.03,195.2,70.8,132.2,2.2,2.2
459827,Fracture,BBL Esports,1.12,217.4,76.0,136.4,2.4,1.8
459827,Fracture,Karmine Corp,0.83,184.2,66.6,122.4,1.8,2.4
459827,Icebox,BBL Esports,0.56,145.6,56.4,100.6,1.8,1.4
459827,Icebox,Karmine Corp,1.42,236.8,78.8,157.0,1.4,1.8
459827,Pearl,BBL Esports,1.07,201.4,72.6,136.6,2.4,2.4
459827,Pearl,Karmine Corp,0.91,181.4,67.0,122.4,2.4,2.4
459828,Ascent,Apeks,1.2,229.0,80.0,145.8,2.2,1.4
459828,Ascent,Team Heretics,0.78,184.4,72.0,117.6,1.4,2.2
459828,Icebox,Apeks,0.69,160.8,54.8,103.8,1.4,2.4
459828,Icebox,Team Heretics,1.27,221.8,78.8,147.4,2.4,1.4
459828,Split,Apeks,0.81,192.2,60.8,125.4,1.8,2.4
459828,Split,Team Heretics,1.16,217.6,75.0,142.8,2.4,1.8
459829,Lotus,FUT Esports,1.15,217.2,78.6,133.8,3.2,2.0
459829,Lotus,Movistar KOI,0.85,177.2,58.0,117.4,2.0,3.2
459829,Pearl,FUT Esports,1.24,223.8,90.4,138.8,2.8,0.6
459829,Pearl,Movistar KOI,0.75,164.0,65.8,106.2,0.6,2.8
459830,Fracture,FNATIC,0.97,186.6,65.4,125.4,2.8,2.0
459830,Fracture,Natus Vincere,0.99,191.4,75.0,123.2,2.0,2.8
459830,Split,FNATIC,1.26,217.0,76.6,140.0,2.0,1.6
459830,Split,Natus Vincere,0.72,157.8,57.8,107.8,1.6,2.0
459831,Haven,Gentle Mates,1.01,198.8,72.4,132.2,2.6,2.6
459831,Haven,Team Liquid,0.97,193.0,67.8,124.8,2.6,2.6
459831,Icebox,Gentle Mates,1.2,225.2,80.2,145.6,2.2,1.6
459831,Icebox,Team Liquid,0.8,173.8,60.0,122.2,1.6,2.2
459831,Split,Gentle Mates,0.8,164.0,66.0,104.2,0.8,3.0
459831,Split,Team Liquid,1.18,209.2,75.8,141.0,3.0,0.8
459832,Ascent,BBL Esports,0.7,160.0,61.2,105.2,1.2,2.2
459832,Ascent,Team Liquid,1.31,232.6,79.6,158.0,2.2,1.2
459832,Fracture,BBL Esports,0.88,186.2,65.0,125.8,1.6,2.4
459832,Fracture,Team Liquid,1.12,218.4,70.0,145.4,2.4,1.6
459832,Haven,BBL Esports,1.32,219.0,77.6,139.8,2.2,1.2
459832,Haven,Team Liquid,0.61,157.8,47.0,101.2,1.2,2.2
459833,Haven,Apeks,0.91,176.8,67.6,109.8,1.8,3.0
459833,Haven,Natus Vincere,1.08,201.0,77.4,135.4,3.0,1.8
459833,Lotus,Apeks,1.09,206.0,75.6,133.6,2.0,2.6
459833,Lotus,Natus Vincere,0.9,180.8,69.8,125.0,2.6,2.0
459833,Split,Apeks,0.85,183.8,68.6,120.6,2.0,1.8
459833,Split,Natus Vincere,1.15,214.4,77.6,146.4,1.8,2.0
459834,Fracture,FUT Esports,1.1,218.6,82.2,136.8,3.8,3.0
459834,Fracture,Gentle Mates,0.96,201.8,72.6,133.0,3.0,3.8
459834,Icebox,FUT Esports,0.92,186.2,67.8,118.4,2.0,2.6
459834,Icebox,Gentle Mates,1.1,209.8,78.4,142.8,2.6,2.0
459834,Lotus,FUT Esports,1.34,233.8,83.4,148.0,2.2,1.2
459834,Lotus,Gentle Mates,0.67,160.4,59.0,109.0,1.2,2.2
459835,Haven,GIANTX,0.62,160.2,54.0,105.8,0.8,2.4
459835,Haven,Team Heretics,1.37,238.6,90.2,152.6,2.4,0.8
459835,Lotus,GIANTX,0.91,192.0,70.6,127.2,1.6,2.6
459835,Lotus,Team Heretics,1.16,215.4,78.0,141.2,2.6,1.6
459835,Split,GIANTX,0.97,193.2,68.4,127.8,1.8,3.0
459835,Split,Team Heretics,1.04,213.0,72.8,141.4,3.0,1.8
459836,Haven,FNATIC,0.98,190.0,73.0,117.2,3.4,1.2
459836,Haven,Team Vitality,0.93,177.8,63.6,116.8,1.2,3.4
459836,Lotus,FNATIC,1.05,195.4,70.6,124.8,2.2,1.6
459836,Lotus,Team Vitality,0.83,167.0,68.4,110.8,1.6,2.2
459836,Split,FNATIC,1.0,202.8,73.0,132.0,3.6,3.2
459836,Split,Team Vitality,0.97,190.2,65.4,121.0,3.2,3.6
459837,Icebox,Karmine Corp,1.01,194.0,75.4,126.2,2.4,2.8
459837,Icebox,Movistar KOI,0.98,188.6,71.4,125.4,2.8,2.4
459837,Lotus,Karmine Corp,1.44,209.6,86.8,137.0,2.0,1.0
459837,Lotus,Movistar KOI,0.54,117.6,60.2,79.8,1.0,2.0
459839,Icebox,BBL Esports,1.15,226.0,75.4,144.8,3.2,1.2
459839,Icebox,Movistar KOI,0.78,179.8,60.2,122.6,1.2,3.2
459839,Pearl,BBL Esports,1.1,216.6,75.8,141.4,1.4,2.4
459839,Pearl,Movistar KOI,0.91,188.4,67.4,120.0,2.4,1.4
459840,Fracture,GIANTX,1.15,213.8,80.0,136.8,2.8,1.6
459840,Fracture,Natus Vincere,0.87,185.2,67.4,118.6,1.6,2.8
459840,Pearl,GIANTX,0.83,186.0,65.0,119.2,1.8,2.2
459840,Pearl,Natus Vincere,1.15,223.2,79.0,151.6,2.2,1.8
459840,Split,GIANTX,0.43,136.4,49.2,90.0,0.0,2.6
459840,Split,Natus Vincere,1.58,258.0,87.8,166.8,2.6,0.0
459841,Lotus,FUT Esports,0.52,136.8,50.0,91.0,0.6,2.2
459841,Lotus,Team Liquid,1.5,245.6,87.4,158.6,2.2,0.6
459841,Split,FUT Esports,0.91,186.0,68.2,123.4,2.0,2.4
459841,Split,Team Liquid,1.1,206.4,72.6,135.8,2.4,2.0
459842,Haven,Team Heretics,1.05,202.0,72.2,127.8,2.0,2.4
459842,Haven,Team Vitality,0.88,182.6,67.8,117.6,2.4,2.0
459842,Icebox,Team Heretics,1.11,209.6,79.8,137.8,2.8,1.0
459842,Icebox,Team Vitality,0.87,179.2,62.0,120.2,1.0,2.8
459843,Lotus,Apeks,0.79,167.4,61.4,110.4,1.6,2.0
459843,Lotus,FNATIC,1.19,203.4,82.2,139.2,2.0,1.6
459843,Split,Apeks,1.0,192.4,67.2,128.6,2.8,3.2
459843,Split,FNATIC,0.97,193.4,67.4,130.8,3.2,2.8
459844,Haven,Gentle Mates,1.0,190.2,73.0,129.0,2.4,2.8
459844,Haven,Karmine Corp,1.02,196.0,74.0,135.6,2.8,2.4
459844,Pearl,Gentle Mates,0.52,140.2,48.0,87.8,1.2,1.8
459844,Pearl,Karmine Corp,1.51,250.4,89.4,159.6,1.8,1.2
459845,Ascent,Apeks,0.76,181.6,69.0,123.6,1.8,1.8
459845,Ascent,Team Vitality,1.26,230.4,82.2,150.0,1.8,1.8
459845,Lotus,Apeks,0.89,190.8,74.2,117.6,2.2,2.2
459845,Lotus,Team Vitality,1.06,202.0,73.2,127.6,2.2,2.2
459846,Lotus,Movistar KOI,0.98,178.2,75.6,117.8,2.0,1.8
459846,Lotus,Team Liquid,0.93,168.4,74.6,112.6,1.8,2.0
459846,Split,Movistar KOI,0.82,191.0,69.0,124.4,1.6,2.0
459846,Split,Team Liquid,1.16,228.8,83.2,148.4,2.0,1.6
459847,Haven,BBL Esports,1.44,250.6,82.6,162.8,2.2,0.8
459847,Haven,Gentle Mates,0.6,142.0,57.4,93.0,0.8,2.2
459847,Lotus,BBL Esports,0.98,191.4,74.6,121.6,2.6,2.6
459847,Lotus,Gentle Mates,1.0,199.6,73.2,129.8,2.6,2.6
459848,Ascent,FNATIC,0.92,180.4,64.4,124.4,2.6,2.0
459848,Ascent,GIANTX,1.06,193.0,71.2,129.4,2.0,2.6
459848,Haven,FNATIC,1.12,218.0,77.4,147.8,2.2,2.4
459848,Haven,GIANTX,0.88,185.8,66.2,121.2,2.4,2.2
459848,Lotus,FNATIC,1.17,218.4,75.8,143.2,1.8,1.8
459848,Lotus,GIANTX,0.8,177.0,70.0,116.2,1.8,1.8
459849,Ascent,FUT Esports,1.06,200.6,68.4,133.4,2.4,2.4
459849,Ascent,Karmine Corp,0.94,188.8,73.6,124.6,2.4,2.4
459849,Lotus,FUT Esports,1.24,227.8,78.8,146.8,2.0,1.6
459849,Lotus,Karmine Corp,0.78,178.2,66.6,118.6,1.6,2.0
459849,Pearl,FUT Esports,0.86,177.4,63.2,113.0,2.2,3.0
459849,Pearl,Karmine Corp,1.13,211.4,75.4,131.0,3.0,2.2
459850,Haven,Natus Vincere,0.57,140.8,47.6,97.2,0.8,2.4
459850,Haven,Team Heretics,1.4,245.8,92.8,148.0,2.4,0.8
459850,Pearl,Natus Vincere,0.89,175.6,60.0,113.0,0.8,3.4
459850,Pearl,Team Heretics,1.06,198.6,74.2,127.2,3.4,0.8
459852,Ascent,BBL Esports,1.07,212.8,73.8,142.0,5.0,4.6
459852,Ascent,FUT Esports,1.0,206.2,66.4,141.8,4.6,5.0
459852,Icebox,BBL Esports,1.09,230.2,78.2,149.8,2.6,2.2
459852,Icebox,FUT Esports,0.92,193.6,60.8,122.6,2.2,2.6
459853,Ascent,Apeks,0.84,188.6,70.0,120.4,1.6,2.8
459853,Ascent,GIANTX,1.11,213.8,82.8,138.2,2.8,1.6
459853,Lotus,Apeks,0.79,162.8,63.0,111.8,2.6,1.4
459853,Lotus,GIANTX,1.23,209.4,76.0,136.2,1.4,2.6
459854,Fracture,Gentle Mates,0.89,199.8,72.8,131.0,1.6,2.8
459854,Fracture,Movistar KOI,1.11,218.6,74.6,141.2,2.8,1.6
459854,Icebox,Gentle Mates,0.74,159.8,57.0,105.6,1.2,2.6
459854,Icebox,Movistar KOI,1.24,213.8,81.0,146.6,2.6,1.2
459854,Split,Gentle Mates,0.93,179.8,68.2,122.8,2.2,2.6
459854,Split,Movistar KOI,1.0,185.4,73.4,119.6,2.6,2.2
459855,Haven,Natus Vincere,1.19,227.6,86.4,140.4,3.2,0.4
459855,Haven,Team Vitality,0.76,177.6,64.4,114.6,0.4,3.2
459855,Icebox,Natus Vincere,1.06,187.4,78.4,126.6,2.8,1.8
459855,Icebox,Team Vitality,0.87,163.8,61.8,116.4,2.0,3.0
459856,Icebox,Karmine Corp,1.15,207.4,71.8,133.4,1.6,2.8
459856,Icebox,Team Liquid,0.85,174.0,67.2,118.2,2.8,1.6
459856,Lotus,Karmine Corp,0.83,177.2,70.4,121.4,1.0,2.8
459856,Lotus,Team Liquid,1.14,206.8,80.2,137.6,2.8,1.0
459856,Split,Karmine Corp,,,,,,
459856,Split,Team Liquid,,,,,,
459857,Haven,FNATIC,0.82,172.6,72.2,117.0,1.2,2.4
459857,Haven,Team Heretics,1.16,201.0,78.8,132.0,2.4,1.2
459857,Lotus,FNATIC,0.94,195.6,60.0,129.6,2.2,2.4
459857,Lotus,Team Heretics,1.01,201.8,74.0,130.0,2.4,2.2
473233,Haven,Titan Esports Club,1.07,201.2,72.6,138.8,2.4,2.4
473233,Haven,Wolves Esports,1.01,199.4,78.2,131.8,2.4,2.4
473233,Icebox,Titan Esports Club,0.9,176.2,61.8,112.4,1.6,3.0
473233,Icebox,Wolves Esports,1.07,198.8,69.6,142.8,3.0,1.6
473234,Ascent,Nova Esports,0.36,108.0,37.2,71.6,0.8,2.2
473234,Ascent,Xi Lai Gaming,1.6,256.0,87.8,159.2,2.2,0.8
473234,Lotus,Nova Esports,0.85,173.4,69.6,114.6,2.0,1.8
473234,Lotus,Xi Lai Gaming,1.17,226.8,76.8,139.8,1.8,2.0
473235,Ascent,Dragon Ranger Gaming,0.58,155.4,58.6,101.6,0.6,2.2
473235,Ascent,Titan Esports Club,1.45,248.0,93.0,152.2,2.2,0.6
473235,Fracture,Dragon Ranger Gaming,1.11,215.4,77.6,143.4,2.0,3.2
473235,Fracture,Titan Esports Club,0.94,202.4,68.4,133.0,3.2,2.0
473235,Lotus,Dragon Ranger Gaming,1.15,207.2,76.0,140.4,4.4,2.4
473235,Lotus,Titan Esports Club,0.88,172.2,61.4,112.4,2.4,4.4
473236,Lotus,Nova Esports,0.82,181.4,65.0,115.2,1.0,2.4
473236,Lotus,Trace Esports,1.22,233.6,82.0,156.2,2.4,1.0
473236,Split,Nova Esports,0.82,160.8,61.0,108.8,2.2,2.2
473236,Split,Trace Esports,1.17,209.2,76.4,135.4,2.2,2.2
473237,Haven,Bilibili Gaming,1.05,211.0,77.0,136.4,1.4,2.8
473237,Haven,Wolves Esports,1.04,210.4,76.4,145.2,2.8,1.4
473237,Split,Bilibili Gaming,0.9,181.0,71.2,113.0,2.4,1.8
473237,Split,Wolves Esports,1.1,220.0,73.4,146.0,1.8,2.4
473238,Haven,EDward Gaming,0.9,176.8,65.2,120.2,2.4,2.4
473238,Haven,Xi Lai Gaming,1.11,204.0,77.4,128.2,2.4,2.4
473238,Lotus,EDward Gaming,0.96,202.4,73.6,131.2,1.8,2.6
473238,Lotus,Xi Lai Gaming,1.08,210.8,78.2,144.2,2.6,1.8
473239,Ascent,Dragon Ranger Gaming,0.89,189.0,68.6,118.4,1.8,2.4
473239,Ascent,EDward Gaming,1.09,197.2,71.6,125.0,2.4,1.8
473239,Lotus,Dragon Ranger Gaming,0.81,177.2,62.8,120.2,2.0,2.2
473239,Lotus,EDward Gaming,1.26,233.0,89.4,160.6,2.2,2.0
473239,Split,Dragon Ranger Gaming,1.09,218.6,83.2,142.6,2.6,2.2
473239,Split,EDward Gaming,0.92,184.4,70.0,116.6,2.2,2.6
473240,Fracture,Bilibili Gaming,1.33,226.2,79.2,145.0,1.8,2.4
473240,Fracture,Trace Esports,0.71,172.4,62.0,112.6,2.4,1.8
473240,Lotus,Bilibili Gaming,1.23,232.6,85.6,145.0,2.0,1.4
473240,Lotus,Trace Esports,0.75,174.0,60.2,115.2,1.4,2.0
473241,Lotus,Wolves Esports,0.95,196.6,76.2,129.0,3.2,2.0
473241,Lotus,Xi Lai Gaming,1.06,202.6,74.6,131.4,2.0,3.2
473241,Pearl,Wolves Esports,0.83,188.6,53.0,127.0,1.0,3.0
473241,Pearl,Xi Lai Gaming,1.16,225.0,76.0,147.0,3.0,1.0
473242,Fracture,Bilibili Gaming,0.97,192.0,67.6,125.8,1.2,3.0
473242,Fracture,EDward Gaming,1.07,211.8,81.0,142.6,3.0,1.2
473242,Icebox,Bilibili Gaming,1.22,215.0,77.2,140.4,1.8,2.4
473242,Icebox,EDward Gaming,0.76,165.2,61.0,108.0,2.4,1.8
473242,Pearl,Bilibili Gaming,1.15,230.2,79.2,144.6,3.0,1.8
473242,Pearl,EDward Gaming,0.9,200.4,61.0,137.0,1.8,3.0
473243,Icebox,Bilibili Gaming,1.12,216.6,73.0,140.6,2.4,1.6
473243,Icebox,Wolves Esports,0.84,186.2,65.0,124.4,1.6,2.4
473243,Lotus,Bilibili Gaming,0.98,200.0,69.2,130.0,3.0,1.8
473243,Lotus,Wolves Esports,1.04,204.8,79.4,132.0,1.8,3.0
473243,Pearl,Bilibili Gaming,1.18,208.4,73.8,133.2,1.8,2.6
473243,Pearl,Wolves Esports,0.83,179.6,61.6,123.2,2.6,1.8
473244,Fracture,Bilibili Gaming,1.08,209.2,77.4,131.2,3.2,2.4
473244,Fracture,Xi Lai Gaming,0.95,185.6,65.8,119.8,2.4,3.2
473244,Haven,Bilibili Gaming,0.93,175.6,68.6,111.4,3.0,2.2
473244,Haven,Xi Lai Gaming,1.08,200.6,75.4,128.4,2.2,3.0
473244,Lotus,Bilibili Gaming,1.0,207.0,74.0,133.2,3.0,1.6
473244,Lotus,Xi Lai Gaming,1.04,203.6,75.0,132.4,1.6,3.0
473244,Pearl,Bilibili Gaming,1.14,216.8,79.8,141.0,2.4,1.8
473244,Pearl,Xi Lai Gaming,0.91,180.8,66.8,131.0,1.8,2.4
473833,Haven,Gen.G,0.73,146.4,57.8,94.2,0.8,2.8
473833,Haven,TALON,1.14,212.4,79.8,134.4,2.8,0.8
473833,Icebox,Gen.G,1.24,217.6,81.0,138.0,2.6,1.2
473833,Icebox,TALON,0.75,154.6,60.0,109.6,1.2,2.6
473833,Pearl,Gen.G,1.38,223.4,78.8,148.8,2.0,1.2
473833,Pearl,TALON,0.61,143.4,52.6,97.4,1.2,2.0
473834,Fracture,KIWOOM DRX,1.08,207.0,75.4,132.4,2.8,2.4
473834,Fracture,T1,0.94,185.4,73.0,114.4,2.4,2.8
473834,Lotus,KIWOOM DRX,1.06,204.4,75.8,132.2,3.2,2.4
473834,Lotus,T1,0.93,188.2,64.2,127.6,2.4,3.2
473835,Ascent,Nongshim RedForce,0.87,174.6,63.6,119.0,2.4,2.0
473835,Ascent,TALON,1.11,200.0,71.8,136.2,2.0,2.4
473835,Haven,Nongshim RedForce,0.93,180.0,67.4,116.8,1.4,3.0
473835,Haven,TALON,1.04,196.0,72.8,130.4,3.0,1.4
473835,Pearl,Nongshim RedForce,1.21,213.4,76.0,140.4,2.6,1.4
473835,Pearl,TALON,0.73,155.6,59.0,104.0,1.4,2.6
473836,Ascent,Paper Rex,1.36,241.4,84.6,156.4,2.2,1.2
473836,Ascent,T1,0.64,178.2,59.0,124.8,1.2,2.2
473836,Fracture,Paper Rex,0.74,160.4,62.6,107.6,1.4,1.8
473836,Fracture,T1,1.3,240.0,87.6,149.6,1.8,1.4
473836,Lotus,Paper Rex,1.44,248.6,90.6,159.6,2.6,0.4
473836,Lotus,T1,0.56,156.2,50.6,103.0,0.4,2.6
473837,Ascent,BOOM Esports,0.79,156.6,60.0,100.4,1.0,2.8
473837,Ascent,Gen.G,1.19,203.8,75.6,142.6,2.8,1.0
473837,Split,BOOM Esports,0.75,171.8,63.6,116.2,1.4,2.8
473837,Split,Gen.G,1.24,226.0,79.8,150.4,2.8,1.4
473838,Fracture,KIWOOM DRX,1.07,213.6,70.8,135.6,2.0,2.8
473838,Fracture,Rex Regum Qeon,0.96,200.6,74.8,138.4,2.8,2.0
473838,Icebox,KIWOOM DRX,0.69,172.2,63.8,108.2,1.0,2.4
473838,Icebox,Rex Regum Qeon,1.28,234.2,80.8,157.4,2.4,1.0
473838,Lotus,KIWOOM DRX,0.92,189.2,65.6,119.6,2.8,2.4
473838,Lotus,Rex Regum Qeon,1.06,203.0,75.4,134.8,2.4,2.8
473839,Fracture,KIWOOM DRX,1.03,196.6,73.0,133.4,3.2,2.0
473839,Fracture,TALON,0.95,191.8,65.4,119.2,2.0,3.2
473839,Icebox,KIWOOM DRX,1.19,220.4,78.6,130.0,1.6,1.8
473839,Icebox,TALON,0.76,168.4,59.0,116.4,1.8,1.6
473840,Fracture,BOOM Esports,0.9,202.6,74.2,132.2,2.0,2.2
473840,Fracture,Paper Rex,1.14,221.0,75.0,147.0,2.2,2.0
473840,Lotus,BOOM Esports,0.69,172.8,53.2,117.4,1.2,2.6
473840,Lotus,Paper Rex,1.33,243.0,85.4,154.4,2.4,1.0
473841,Icebox,Gen.G,1.15,215.2,76.0,139.0,2.0,2.2
473841,Icebox,Rex Regum Qeon,0.86,176.6,70.6,119.4,2.2,2.0
473841,Lotus,Gen.G,1.23,213.4,78.8,134.6,1.8,1.8
473841,Lotus,Rex Regum Qeon,0.7,153.4,58.8,101.8,1.8,1.8
473842,Icebox,KIWOOM DRX,0.84,170.2,61.8,109.8,2.4,1.8
473842,Icebox,Paper Rex,1.1,196.0,66.6,131.0,1.8,2.4
473842,Lotus,KIWOOM DRX,0.95,194.2,68.6,133.6,2.6,2.2
473842,Lotus,Paper Rex,1.06,202.2,72.0,135.4,2.2,2.6
473843,Ascent,Paper Rex,0.89,186.8,65.2,119.2,1.8,2.0
473843,Ascent,Rex Regum Qeon,1.14,205.0,78.8,132.8,2.0,1.8
473843,Fracture,Paper Rex,1.31,224.6,89.4,149.2,2.8,0.2
473843,Fracture,Rex Regum Qeon,0.64,143.0,58.8,101.0,0.2,2.8
473843,Icebox,Paper Rex,1.41,242.6,94.0,154.6,2.6,0.6
473843,Icebox,Rex Regum Qeon,0.55,148.6,48.8,98.6,0.6,2.6
473843,Pearl,Paper Rex,0.88,179.4,72.2,118.2,2.6,2.6
473843,Pearl,Rex Regum Qeon,1.05,209.6,76.2,134.2,2.6,2.6
473843,Split,Paper Rex,0.95,207.6,73.0,140.8,2.4,2.8
473843,Split,Rex Regum Qeon,0.99,193.0,68.6,119.6,2.8,2.4
473844,Ascent,Gen.G,0.83,185.2,61.8,121.6,1.6,3.2
473844,Ascent,Rex Regum Qeon,1.13,211.8,73.4,138.6,3.2,1.6
473844,Haven,Gen.G,1.11,202.8,75.2,131.4,2.0,2.2
473844,Haven,Rex Regum Qeon,0.9,180.2,66.6,125.8,2.2,2.0
473844,Icebox,Gen.G,0.9,185.8,67.8,126.0,2.4,2.4
473844,Icebox,Rex Regum Qeon,1.09,212.0,82.0,139.6,2.4,2.4
473844,Lotus,Gen.G,0.86,191.4,70.2,124.6,2.2,2.0
473844,Lotus,Rex Regum Qeon,1.14,231.4,79.2,147.2,2.2,2.4
475897,Icebox,100 Thieves,0.65,163.0,64.6,104.0,0.8,2.6
475897,Icebox,MIBR,1.32,245.2,88.0,164.4,2.6,0.8
475897,Split,100 Thieves,0.92,169.0,71.2,110.8,2.6,2.0
475897,Split,MIBR,1.02,191.2,70.6,118.8,2.0,2.6
475898,Ascent,Cloud9,0.9,183.4,64.6,123.2,2.0,2.4
475898,Ascent,Sentinels,1.16,228.6,82.8,147.8,2.4,2.0
475898,Pearl,Cloud9,0.88,184.8,77.2,123.6,2.0,2.2
475898,Pearl,Sentinels,1.05,205.0,79.2,132.4,2.4,2.2
475899,Icebox,MIBR,1.11,199.6,76.6,133.2,1.8,1.8
475899,Icebox,VISA KRÜ,0.79,153.6,63.6,101.0,1.8,1.8
475899,Lotus,MIBR,1.11,209.4,73.2,132.2,2.0,2.2
475899,Lotus,VISA KRÜ,0.91,198.6,73.4,137.2,2.2,2.0
475900,Ascent,G2 Esports,1.04,203.6,75.0,127.0,2.0,2.8
475900,Ascent,Sentinels,1.0,186.4,72.6,119.0,2.8,2.0
475900,Icebox,G2 Esports,0.91,187.8,70.0,124.6,2.4,2.4
475900,Icebox,Sentinels,1.1,207.0,68.4,143.8,2.4,2.4
475900,Split,G2 Esports,1.32,220.8,86.6,149.6,1.4,2.2
475900,Split,Sentinels,0.71,162.4,72.2,110.0,2.2,1.4
475901,Lotus,MIBR,0.83,170.4,59.0,114.0,1.2,2.8
475901,Lotus,Sentinels,1.14,204.2,76.0,128.2,2.8,1.2
475901,Split,MIBR,0.96,185.2,69.4,125.4,2.6,2.2
475901,Split,Sentinels,1.07,210.0,73.4,129.2,2.2,2.6
475902,Ascent,G2 Esports,1.16,213.4,81.8,142.0,1.8,2.8
475902,Ascent,Sentinels,0.93,196.2,68.8,133.0,2.8,1.8
475902,Haven,G2 Esports,1.09,201.0,71.0,131.4,3.0,1.4
475902,Haven,Sentinels,0.94,202.6,64.6,130.4,1.4,3.0
475902,Pearl,G2 Esports,1.03,201.4,71.4,132.6,2.6,2.0
475902,Pearl,Sentinels,0.98,196.6,68.2,129.6,2.0,2.6
475902,Split,G2 Esports,1.0,179.2,70.8,115.6,1.8,2.6
475902,Split,Sentinels,0.92,178.4,71.0,107.8,2.6,1.8
475903,Fracture,100 Thieves,1.33,228.2,88.8,151.6,2.4,1.2
475903,Fracture,NRG,0.77,180.8,78.8,127.2,1.2,2.4
475903,Haven,100 Thieves,1.08,197.4,76.0,134.8,2.4,2.4
475903,Haven,NRG,0.95,200.0,68.4,133.0,2.4,2.4
475904,Fracture,Cloud9,0.89,187.6,70.8,125.8,2.2,2.2
475904,Fracture,Evil Geniuses,1.12,217.2,78.0,138.4,2.2,2.2
475904,Icebox,Cloud9,0.94,194.8,60.8,128.8,2.6,3.0
475904,Icebox,Evil Geniuses,1.04,212.8,72.0,143.4,3.0,2.6
475905,Haven,100 Thieves,0.68,154.6,63.8,106.4,0.8,2.6
475905,Haven,G2 Esports,1.32,218.0,84.6,135.8,2.6,0.8
475905,Pearl,100 Thieves,0.89,192.4,66.6,129.6,2.2,3.8
475905,Pearl,G2 Esports,1.13,217.4,78.0,140.6,3.8,2.2
475905,Split,100 Thieves,1.06,202.0,72.4,134.4,2.6,2.6
475905,Split,G2 Esports,0.94,198.4,66.2,129.6,2.6,2.6
475906,Icebox,Evil Geniuses,0.95,199.4,71.0,132.6,2.6,2.2
475906,Icebox,VISA KRÜ,1.05,205.8,78.4,140.4,2.2,2.6
475906,Lotus,Evil Geniuses,1.04,210.2,72.4,144.0,2.8,2.4
475906,Lotus,VISA KRÜ,1.0,201.4,82.2,129.0,2.4,2.8
475907,Lotus,Evil Geniuses,1.07,220.8,69.2,145.4,2.0,2.4
475907,Lotus,G2 Esports,0.96,211.4,69.2,132.4,2.4,2.0
475907,Pearl,Evil Geniuses,0.91,196.8,62.6,129.6,2.6,2.2
475907,Pearl,G2 Esports,1.09,213.2,77.4,137.8,2.2,2.6
475907,Split,Evil Geniuses,0.8,179.2,68.0,113.4,1.8,2.2
475907,Split,G2 Esports,1.18,231.4,82.0,143.6,2.2,1.8
475908,Ascent,G2 Esports,1.13,217.0,79.8,131.6,3.0,1.2
475908,Ascent,MIBR,0.86,193.0,63.0,128.0,1.2,3.0
475908,Haven,G2 Esports,0.97,182.2,70.6,128.2,2.4,2.2
475908,Haven,MIBR,1.04,197.8,72.2,132.6,2.2,2.4
475908,Lotus,G2 Esports,1.03,214.8,74.8,140.6,2.0,3.6
475908,Lotus,MIBR,0.99,210.2,74.4,137.0,3.6,2.0
475908,Split,G2 Esports,1.11,208.8,80.8,136.2,3.0,1.6
475908,Split,MIBR,0.84,171.4,61.0,112.8,1.6,3.0
482503,Fracture,BBL Esports,1.06,204.8,71.6,141.2,2.2,2.4
482503,Fracture,Natus Vincere,0.93,189.8,73.8,123.4,2.4,2.2
482503,Lotus,BBL Esports,1.07,207.4,74.6,126.4,2.6,1.8
482503,Lotus,Natus Vincere,0.88,181.2,66.2,122.8,1.8,2.6
482504,Lotus,FNATIC,1.13,218.0,75.8,138.2,1.4,2.4
482504,Lotus,FUT Esports,0.8,170.8,61.0,107.8,2.4,1.4
482504,Split,FNATIC,1.2,209.8,80.8,138.4,2.4,1.8
482504,Split,FUT Esports,0.79,160.0,59.0,102.4,1.8,2.4
482505,Ascent,Karmine Corp,1.01,186.4,72.6,124.6,1.8,3.0
482505,Ascent,Natus Vincere,1.01,193.2,70.8,129.0,3.0,1.8
482505,Icebox,Karmine Corp,1.02,199.6,71.4,134.0,2.8,2.4
482505,Icebox,Natus Vincere,0.95,193.6,69.2,129.6,2.4,2.8
482505,Split,Karmine Corp,0.93,199.8,75.0,136.0,2.4,2.4
482505,Split,Natus Vincere,1.01,204.6,73.2,140.4,2.4,2.4
482506,Fracture,FUT Esports,1.18,204.2,80.0,134.2,1.8,2.2
482506,Fracture,Team Vitality,0.85,162.0,63.0,112.2,2.2,1.8
482506,Split,FUT Esports,1.16,209.0,74.6,141.6,2.6,1.2
482506,Split,Team Vitality,0.81,177.0,66.2,107.2,1.2,2.6
482507,Ascent,BBL Esports,1.0,195.6,71.6,132.8,1.8,2.8
482507,Ascent,Team Heretics,1.03,201.4,75.6,131.2,2.8,1.8
482507,Icebox,BBL Esports,0.99,213.0,69.2,139.4,2.2,3.0
482507,Icebox,Team Heretics,1.0,202.6,73.0,138.2,3.0,2.2
482508,Fracture,FNATIC,1.09,203.4,78.4,136.6,2.6,2.6
482508,Fracture,Team Liquid,0.91,192.6,68.6,124.0,2.6,2.6
482508,Icebox,FNATIC,0.94,204.8,75.8,136.8,1.8,3.0
482508,Icebox,Team Liquid,1.04,220.0,73.4,142.4,3.0,1.8
482508,Split,FNATIC,1.02,191.0,74.8,123.4,2.4,2.2
482508,Split,Team Liquid,0.95,173.2,73.2,115.0,2.2,2.4
482509,Ascent,Natus Vincere,0.81,176.8,59.0,125.2,1.2,3.0
482509,Ascent,Team Liquid,1.18,224.6,80.0,149.0,3.0,1.2
482509,Icebox,Natus Vincere,1.04,196.4,76.8,130.4,2.2,2.6
482509,Icebox,Team Liquid,0.92,179.6,73.4,125.6,2.6,2.2
482509,Split,Natus Vincere,0.79,181.2,70.8,113.4,1.4,2.0
482509,Split,Team Liquid,1.22,227.4,82.2,155.8,2.0,1.4
482510,Ascent,BBL Esports,1.1,201.4,76.6,129.4,2.2,2.4
482510,Ascent,FUT Esports,0.94,194.4,68.0,130.8,2.4,2.2
482510,Haven,BBL Esports,,,81.6,,,
482510,Haven,FUT Esports,,,72.2,,,
482510,Split,BBL Esports,1.4,227.8,82.6,147.8,2.2,0.8
482510,Split,FUT Esports,0.56,128.6,50.6,87.4,0.8,2.2
482511,Fracture,BBL Esports,0.81,174.0,65.6,112.6,2.4,1.6
482511,Fracture,Team Liquid,1.14,204.8,78.0,132.2,1.6,2.4
482511,Haven,BBL Esports,1.02,200.4,70.2,137.2,2.2,2.6
482511,Haven,Team Liquid,0.98,197.6,71.0,132.2,2.6,2.2
482511,Split,BBL Esports,1.12,208.0,68.0,128.4,1.6,2.4
482511,Split,Team Liquid,0.9,181.8,65.0,123.4,2.4,1.6
482512,Ascent,Team Heretics,1.09,222.6,78.4,145.2,2.6,2.0
482512,Ascent,Team Liquid,0.86,177.8,62.8,114.0,2.0,2.6
482512,Haven,Team Heretics,1.32,228.0,81.2,151.4,1.8,1.4
482512,Haven,Team Liquid,0.6,164.6,55.0,104.8,1.4,1.8
482512,Icebox,Team Heretics,1.41,249.8,91.8,162.2,1.8,1.2
482512,Icebox,Team Liquid,0.59,157.0,48.0,106.0,1.2,1.8
482513,Fracture,FNATIC,1.04,193.4,71.6,126.6,2.8,2.4
482513,Fracture,Team Heretics,0.95,187.6,71.4,117.6,2.4,2.8
482513,Icebox,FNATIC,1.12,215.6,78.0,141.2,3.2,1.2
482513,Icebox,Team Heretics,0.91,185.8,67.4,127.8,1.2,3.2
482513,Split,FNATIC,1.3,224.8,84.4,147.4,2.0,1.4
482513,Split,Team Heretics,0.66,146.0,48.2,100.2,1.4,2.0
482515,Fracture,FNATIC,1.25,228.4,85.2,149.2,2.2,1.6
482515,Fracture,Team Heretics,0.74,182.0,62.0,117.0,1.6,2.2
482515,Icebox,FNATIC,1.12,222.4,78.0,150.0,2.4,1.8
482515,Icebox,Team Heretics,0.84,183.0,65.6,126.0,1.8,2.4
490306,Haven,Gen.G,1.51,248.2,90.2,164.0,2.2,0.6
490306,Haven,MIBR,0.42,112.6,55.6,76.4,0.6,2.2
490306,Sunset,Gen.G,1.27,237.4,83.2,165.8,2.4,1.2
490306,Sunset,MIBR,0.7,153.2,51.2,100.6,1.2,2.4
490307,Haven,Guangzhou Huadu Bilibili Gaming,0.98,206.8,73.2,138.8,2.6,3.4
490307,Haven,Team Liquid,1.06,203.4,71.4,136.2,3.4,2.6
490307,Icebox,Guangzhou Huadu Bilibili Gaming,1.14,208.4,74.2,139.4,2.6,2.0
490307,Icebox,Team Liquid,0.8,175.8,66.0,117.2,2.0,2.6
490307,Sunset,Guangzhou Huadu Bilibili Gaming,1.14,198.6,77.4,132.8,2.8,1.8
490307,Sunset,Team Liquid,0.85,169.2,64.4,116.2,1.8,2.8
490308,Lotus,Sentinels,1.19,201.4,75.2,137.6,1.4,2.8
490308,Lotus,Wolves Esports,0.79,166.4,65.6,105.8,2.8,1.4
490308,Split,Sentinels,1.06,200.0,74.2,121.6,2.2,2.6
490308,Split,Wolves Esports,0.97,192.4,68.2,133.0,2.6,2.2
490309,Icebox,Paper Rex,1.13,205.6,77.2,137.0,2.8,1.6
490309,Icebox,Team Heretics,0.86,177.4,60.0,114.2,1.6,2.8
490309,Pearl,Paper Rex,1.5,233.6,91.6,155.8,1.8,1.0
490309,Pearl,Team Heretics,0.43,128.6,51.4,79.6,1.0,1.8
490310,Ascent,Gen.G,1.14,219.8,77.4,141.2,2.4,2.4
490310,Ascent,Paper Rex,0.9,199.2,72.6,126.2,2.4,2.4
490310,Icebox,Gen.G,1.22,217.8,80.2,136.2,2.2,1.0
490310,Icebox,Paper Rex,0.7,147.6,49.0,98.4,1.0,2.2
490311,Icebox,Guangzhou Huadu Bilibili Gaming,1.17,212.8,78.2,134.4,2.0,2.4
490311,Icebox,Sentinels,0.8,172.4,63.8,118.2,2.4,2.0
490311,Lotus,Guangzhou Huadu Bilibili Gaming,0.81,167.0,69.0,108.4,1.8,2.6
490311,Lotus,Sentinels,1.1,185.6,82.0,118.0,2.6,1.8
490311,Sunset,Guangzhou Huadu Bilibili Gaming,0.69,165.6,52.2,104.0,1.8,1.8
490311,Sunset,Sentinels,1.28,218.2,75.6,136.4,1.8,1.8
490312,Lotus,Team Heretics,0.96,198.2,71.0,124.2,2.2,2.2
490312,Lotus,Wolves Esports,1.03,202.0,70.2,130.0,2.2,2.2
490312,Pearl,Team Heretics,0.93,184.0,65.4,115.0,2.6,2.0
490312,Pearl,Wolves Esports,1.05,184.8,63.8,115.0,2.0,2.6
490313,Icebox,MIBR,0.86,179.4,69.6,122.2,1.2,2.6
490313,Icebox,Team Liquid,1.06,194.8,72.6,127.0,2.6,1.2
490313,Sunset,MIBR,0.83,190.0,75.0,130.0,1.4,2.6
490313,Sunset,Team Liquid,1.13,209.6,79.0,140.2,2.6,1.4
490314,Lotus,Paper Rex,1.09,213.4,78.6,144.0,2.6,2.6
490314,Lotus,Team Liquid,0.92,191.6,70.8,124.0,2.6,2.6
490314,Split,Paper Rex,0.91,191.4,68.6,129.2,1.8,3.8
490314,Split,Team Liquid,1.04,205.4,79.4,130.0,3.8,1.8
490314,Sunset,Paper Rex,1.21,198.2,77.8,133.4,2.4,1.2
490314,Sunset,Team Liquid,0.71,159.8,62.4,108.0,1.2,2.4
490315,Ascent,Guangzhou Huadu Bilibili Gaming,0.79,173.0,64.6,112.2,1.0,2.6
490315,Ascent,Wolves Esports,1.2,225.0,77.6,141.8,2.6,1.0
490315,Split,Guangzhou Huadu Bilibili Gaming,0.89,173.2,67.0,111.0,2.2,2.4
490315,Split,Wolves Esports,1.06,198.4,80.8,131.6,2.4,2.2
498621,Lotus,Sentinels,1.26,231.8,87.4,141.0,2.0,1.8
498621,Lotus,Xi Lai Gaming,0.74,168.4,66.0,112.2,1.8,2.0
498621,Sunset,Sentinels,1.23,229.2,82.8,147.8,2.0,1.8
498621,Sunset,Xi Lai Gaming,0.75,173.2,60.8,111.6,1.8,2.0
498622,Lotus,G2 Esports,0.96,194.2,69.2,129.0,2.4,2.4
498622,Lotus,Paper Rex,1.08,199.0,71.8,130.2,2.4,2.4
498622,Split,G2 Esports,0.99,202.4,79.2,131.2,2.2,2.4
498622,Split,Paper Rex,1.0,207.8,76.6,137.4,2.4,2.2
498623,Ascent,Rex Regum Qeon,0.96,192.0,76.0,126.8,2.2,2.6
498623,Ascent,Wolves Esports,1.0,199.4,76.0,131.8,2.6,2.2
498623,Icebox,Rex Regum Qeon,0.9,186.8,71.2,124.8,1.6,2.6
498623,Icebox,Wolves Esports,1.08,203.0,69.4,140.2,2.6,1.6
498624,Haven,FNATIC,0.97,185.6,66.2,125.0,2.2,2.6
498624,Haven,Gen.G,1.03,195.2,72.4,129.2,2.6,2.2
498624,Split,FNATIC,1.09,206.8,74.8,140.8,3.0,2.2
498624,Split,Gen.G,0.88,189.4,69.2,118.4,2.2,3.0
498624,Sunset,FNATIC,0.84,167.0,61.8,120.0,2.2,1.6
498624,Sunset,Gen.G,1.11,198.2,71.8,126.2,1.6,2.2
498625,Split,Paper Rex,1.28,242.8,86.4,158.8,1.8,1.4
498625,Split,Sentinels,0.75,176.4,66.4,114.4,1.4,1.8
498625,Sunset,Paper Rex,1.01,197.4,71.8,129.8,2.0,2.8
498625,Sunset,Sentinels,1.0,195.2,67.6,121.2,2.8,2.0
498626,Split,Gen.G,0.87,170.8,71.8,106.6,2.6,2.2
498626,Split,Wolves Esports,1.08,190.8,74.2,128.6,2.2,2.6
498626,Sunset,Gen.G,0.96,193.2,73.6,129.2,1.6,2.8
498626,Sunset,Wolves Esports,1.04,193.6,68.2,134.2,2.8,1.6
498627,Ascent,Paper Rex,1.1,207.4,77.0,134.2,2.2,2.0
498627,Ascent,Wolves Esports,0.91,197.0,72.4,127.0,2.0,2.2
498627,Lotus,Paper Rex,1.11,213.0,74.8,138.6,3.0,2.2
498627,Lotus,Wolves Esports,0.91,196.0,73.0,129.0,2.2,3.0
498628,Icebox,FNATIC,1.04,205.4,72.6,137.0,4.0,2.4
498628,Icebox,Paper Rex,0.95,195.0,63.2,134.0,2.4,4.0
498628,Lotus,FNATIC,0.97,197.6,71.4,129.2,2.4,2.8
498628,Lotus,Paper Rex,1.02,195.4,70.6,133.6,2.8,2.4
498628,Pearl,FNATIC,0.93,176.6,63.0,121.4,2.2,2.4
498628,Pearl,Paper Rex,1.09,198.6,75.6,131.4,2.4,2.2
498628,Sunset,FNATIC,0.94,193.4,68.6,127.2,3.0,1.8
498628,Sunset,Paper Rex,1.04,197.6,70.2,128.8,1.8,3.0
498629,Haven,G2 Esports,1.06,213.6,80.0,137.6,1.6,2.6
498629,Haven,Xi Lai Gaming,0.95,192.4,72.0,123.6,2.6,1.6
498629,Icebox,G2 Esports,1.39,238.0,87.6,150.8,2.4,0.8
498629,Icebox,Xi Lai Gaming,0.56,143.8,45.0,99.0,0.8,2.4
498630,Ascent,FNATIC,1.25,226.6,79.8,145.2,1.8,1.8
498630,Ascent,Rex Regum Qeon,0.69,165.2,55.4,106.8,1.8,1.8
498630,Haven,FNATIC,0.83,171.4,62.0,111.0,1.8,2.0
498630,Haven,Rex Regum Qeon,1.12,192.4,71.2,129.6,2.0,1.8
498630,Lotus,FNATIC,1.38,229.4,86.4,152.4,2.2,1.4
498630,Lotus,Rex Regum Qeon,0.62,150.2,53.4,99.6,1.4,2.2
498631,Haven,G2 Esports,0.94,176.6,70.8,120.6,1.8,3.0
498631,Haven,Gen.G,1.04,197.6,75.0,133.4,3.0,1.8
498631,Icebox,G2 Esports,1.1,202.4,76.8,135.6,2.4,2.4
498631,Icebox,Gen.G,0.86,185.2,68.6,122.6,2.4,2.4
498631,Lotus,G2 Esports,1.25,221.2,85.0,144.4,2.2,1.8
498631,Lotus,Gen.G,0.74,167.2,57.0,107.4,1.8,2.2
498632,Ascent,FNATIC,1.11,207.0,75.0,136.0,2.8,1.2
498632,Ascent,Sentinels,0.88,170.2,72.0,110.6,1.2,2.8
498632,Icebox,FNATIC,1.09,207.0,75.4,141.8,3.2,1.2
498632,Icebox,Sentinels,0.89,177.6,65.6,114.0,1.2,3.2
498632,Sunset,FNATIC,0.85,178.6,65.4,120.4,2.6,1.8
498632,Sunset,Sentinels,1.1,205.8,75.4,130.0,1.8,2.6
498633,Lotus,FNATIC,1.14,213.0,78.6,141.4,3.2,1.4
498633,Lotus,G2 Esports,0.87,185.8,69.6,121.2,1.4,3.2
498633,Split,FNATIC,1.15,223.6,81.8,153.6,3.4,1.2
498633,Split,G2 Esports,0.88,188.4,68.8,115.0,1.2,3.4
498634,Ascent,FNATIC,1.27,233.6,78.8,152.2,2.0,1.6
498634,Ascent,Wolves Esports,0.7,156.6,52.2,97.6,1.6,2.0
498634,Icebox,FNATIC,1.21,234.8,82.0,155.0,2.4,1.0
498634,Icebox,Wolves Esports,0.73,176.0,54.2,110.4,1.0,2.4
498634,Lotus,FNATIC,0.91,169.2,61.8,116.2,1.6,3.0
498634,Lotus,Wolves Esports,1.02,197.8,71.2,127.4,3.0,1.6
498634,Split,FNATIC,1.04,207.6,76.2,133.2,2.0,2.4
498634,Split,Wolves Esports,0.89,182.2,62.8,121.6,2.4,2.0
506930,Corrode,EDward Gaming,1.28,234.0,86.0,147.8,2.0,1.8
506930,Corrode,Titan Esports Club,0.77,170.4,64.4,113.2,1.8,2.0
506930,Sunset,EDward Gaming,1.09,199.8,68.0,129.2,2.0,2.0
506930,Sunset,Titan Esports Club,0.9,185.2,69.2,123.4,2.0,2.4
506931,Bind,Guangzhou Huadu Bilibili Gaming,1.18,214.2,72.4,138.2,2.2,1.4
506931,Bind,TYLOO,0.8,181.0,58.8,113.8,1.4,2.2
506931,Lotus,Guangzhou Huadu Bilibili Gaming,1.19,219.0,79.0,147.0,2.2,2.2
506931,Lotus,TYLOO,0.84,185.0,66.6,124.0,2.2,2.2
506932,Ascent,All Gamers,,155.4,,,,
506932,Ascent,Xi Lai Gaming,,232.6,,,,
506932,Lotus,All Gamers,,167.2,,,,
506932,Lotus,Xi Lai Gaming,,198.2,,,,
506932,Sunset,All Gamers,,241.2,,,,
506932,Sunset,Xi Lai Gaming,,133.8,,,,
506933,Corrode,FunPlus Phoenix,1.22,224.8,87.0,142.0,2.6,1.4
506933,Corrode,Wolves Esports,0.75,171.4,62.0,104.8,1.4,2.6
506933,Sunset,FunPlus Phoenix,1.23,211.6,74.6,139.6,2.2,1.4
506933,Sunset,Wolves Esports,0.74,157.4,64.6,110.0,1.4,2.2
506934,Ascent,Dragon Ranger Gaming,1.13,217.8,84.4,152.0,2.4,1.2
506934,Ascent,Nova Esports,0.91,183.6,71.2,122.8,1.2,2.4
506934,Icebox,Dragon Ranger Gaming,,202.2,69.2,131.0,2.4,2.8
506934,Icebox,Nova Esports,,191.6,67.0,122.2,2.8,2.4
506934,Lotus,Dragon Ranger Gaming,1.09,216.6,81.8,144.0,1.8,2.4
506934,Lotus,Nova Esports,0.95,208.8,64.6,131.2,2.4,1.8
506935,Haven,JD Mall JDG Esports,0.66,146.6,57.8,96.6,1.0,2.4
506935,Haven,Trace Esports,1.33,218.6,83.2,136.8,2.4,1.0
506935,Icebox,JD Mall JDG Esports,0.91,201.2,75.0,132.0,2.4,1.6
506935,Icebox,Trace Esports,1.07,220.0,70.0,141.8,1.6,2.4
506935,Lotus,JD Mall JDG Esports,1.3,241.4,88.0,164.6,2.6,0.8
506935,Lotus,Trace Esports,0.7,155.6,49.4,107.8,0.8,2.6
506936,Bind,TYLOO,1.11,192.0,66.2,123.4,2.0,2.6
506936,Bind,Trace Esports,0.88,175.6,71.4,109.6,2.6,2.0
506936,Corrode,TYLOO,1.08,209.2,72.0,146.6,2.8,1.2
506936,Corrode,Trace Esports,0.94,188.6,65.0,119.0,1.2,2.8
506937,Ascent,FunPlus Phoenix,1.17,218.2,71.2,146.4,2.4,1.8
506937,Ascent,Nova Esports,0.86,189.8,68.8,126.2,1.8,2.4
506937,Bind,FunPlus Phoenix,1.2,215.4,77.8,143.4,2.2,1.6
506937,Bind,Nova Esports,0.81,168.6,63.0,104.0,1.6,2.2
506937,Haven,FunPlus Phoenix,0.9,178.2,65.2,117.8,2.0,1.8
506937,Haven,Nova Esports,1.06,208.8,70.6,135.6,1.8,2.0
506938,Bind,All Gamers,1.4,245.6,90.8,147.0,2.6,0.4
506938,Bind,Wolves Esports,0.62,153.6,54.8,98.2,0.4,2.6
506938,Corrode,All Gamers,1.21,229.4,82.0,144.2,2.2,1.2
506938,Corrode,Wolves Esports,0.79,171.4,55.2,114.2,1.2,2.2
506939,Ascent,Guangzhou Huadu Bilibili Gaming,1.01,210.0,76.2,136.4,2.4,3.2
506939,Ascent,JD Mall JDG Esports,1.02,212.6,74.2,140.2,3.2,2.4
506939,Icebox,Guangzhou Huadu Bilibili Gaming,1.15,215.6,78.8,139.8,2.2,1.2
506939,Icebox,JD Mall JDG Esports,0.82,173.4,62.2,114.8,1.2,2.2
506939,Sunset,Guangzhou Huadu Bilibili Gaming,1.32,231.8,83.0,147.4,2.8,1.2
506939,Sunset,JD Mall JDG Esports,0.66,150.0,51.0,100.6,1.2,2.8
506940,Haven,TYLOO,1.45,249.0,95.8,157.4,2.4,0.6
506940,Haven,Titan Esports Club,0.52,125.6,45.2,77.6,0.6,2.4
506940,Lotus,TYLOO,1.07,206.6,76.6,132.4,2.6,2.0
506940,Lotus,Titan Esports Club,0.94,187.8,62.6,127.0,2.0,2.6
506941,Bind,EDward Gaming,1.02,207.8,71.0,138.4,2.4,2.4
506941,Bind,Trace Esports,1.0,207.2,77.4,133.6,2.4,2.4
506941,Icebox,EDward Gaming,0.77,176.6,55.2,122.0,0.6,2.6
506941,Icebox,Trace Esports,1.19,235.0,83.8,149.6,2.6,0.6
506941,Sunset,EDward Gaming,0.93,197.2,68.6,127.4,1.8,2.4
506941,Sunset,Trace Esports,1.05,208.8,73.4,137.2,2.4,1.8
506942,Corrode,All Gamers,0.9,184.0,64.0,122.4,2.4,1.6
506942,Corrode,Dragon Ranger Gaming,1.13,216.4,77.0,138.4,1.6,2.4
506942,Lotus,All Gamers,1.23,224.2,77.8,143.0,1.4,2.2
506942,Lotus,Dragon Ranger Gaming,0.75,167.8,59.2,97.8,2.2,1.4
506942,Sunset,All Gamers,0.95,203.2,71.4,133.2,2.6,2.0
506942,Sunset,Dragon Ranger Gaming,1.05,206.4,75.6,129.8,2.0,2.6
506943,Haven,Wolves Esports,0.84,159.6,66.6,105.6,1.6,2.8
506943,Haven,Xi Lai Gaming,1.15,195.4,79.0,132.0,2.8,1.6
506943,Lotus,Wolves Esports,0.82,171.6,58.2,118.4,1.8,2.4
506943,Lotus,Xi Lai Gaming,1.23,224.4,80.0,159.0,2.4,1.8
506945,Ascent,Guangzhou Huadu Bilibili Gaming,1.23,218.0,76.2,134.8,2.2,2.0
506945,Ascent,Titan Esports Club,0.79,171.6,62.8,119.2,2.0,2.2
506945,Bind,Guangzhou Huadu Bilibili Gaming,1.06,208.4,68.2,148.8,1.6,2.8
506945,Bind,Titan Esports Club,0.98,200.4,70.8,130.2,2.8,1.6
506946,Ascent,Dragon Ranger Gaming,1.1,206.4,72.6,133.4,2.4,1.4
506946,Ascent,FunPlus Phoenix,0.87,174.0,65.4,111.8,1.4,2.4
506946,Haven,Dragon Ranger Gaming,0.83,169.0,68.0,110.0,2.0,2.0
506946,Haven,FunPlus Phoenix,1.14,206.0,76.0,136.6,2.0,2.0
506946,Sunset,Dragon Ranger Gaming,0.87,191.6,66.6,130.2,2.8,2.0
506946,Sunset,FunPlus Phoenix,1.17,220.6,80.0,148.6,2.0,2.8
506947,Corrode,All Gamers,1.03,185.4,72.0,120.4,2.2,2.2
506947,Corrode,Nova Esports,0.97,192.2,78.2,122.4,2.2,2.2
506947,Haven,All Gamers,0.94,203.0,72.2,139.0,2.4,2.2
506947,Haven,Nova Esports,1.05,209.0,78.2,131.0,2.2,2.4
506947,Lotus,All Gamers,1.17,225.2,83.2,143.6,1.8,2.0
506947,Lotus,Nova Esports,0.81,171.8,64.0,116.2,2.0,1.8
506948,Ascent,EDward Gaming,1.12,214.4,74.6,142.8,2.0,2.4
506948,Ascent,TYLOO,0.88,179.4,71.2,120.0,2.4,2.0
506948,Corrode,EDward Gaming,1.13,200.2,72.4,134.6,2.0,2.6
506948,Corrode,TYLOO,0.84,179.8,61.0,124.2,2.6,2.0
506949,Haven,JD Mall JDG Esports,0.85,179.0,60.2,111.8,2.0,2.4
506949,Haven,Titan Esports Club,1.09,217.4,72.0,140.4,2.4,2.0
506949,Lotus,JD Mall JDG Esports,1.05,197.8,73.6,132.4,2.0,2.4
506949,Lotus,Titan Esports Club,0.94,191.0,71.0,120.0,2.4,2.0
506949,Sunset,JD Mall JDG Esports,1.02,196.6,70.0,124.2,2.2,2.6
506949,Sunset,Titan Esports Club,0.96,184.4,68.6,122.6,2.6,2.2
506950,Ascent,Guangzhou Huadu Bilibili Gaming,0.9,161.2,66.6,103.6,1.0,2.8
506950,Ascent,Trace Esports,1.11,197.2,79.8,125.2,2.8,1.0
506950,Haven,Guangzhou Huadu Bilibili Gaming,1.3,218.6,81.0,130.4,2.4,1.4
506950,Haven,Trace Esports,0.67,141.6,52.8,93.8,1.4,2.4
506950,Icebox,Guangzhou Huadu Bilibili Gaming,1.06,195.2,73.6,131.6,2.4,3.2
506950,Icebox,Trace Esports,0.92,185.2,70.2,118.0,3.2,2.4
506951,Ascent,Dragon Ranger Gaming,0.85,181.4,61.0,121.6,1.4,3.2
506951,Ascent,Wolves Esports,1.19,220.0,80.8,139.8,3.2,1.4
506951,Icebox,Dragon Ranger Gaming,,198.6,71.0,134.6,1.6,3.2
506951,Icebox,Wolves Esports,,188.4,74.2,126.6,3.2,1.6
506951,Lotus,Dragon Ranger Gaming,0.99,210.0,73.8,138.8,3.0,2.2
506951,Lotus,Wolves Esports,1.07,204.6,74.4,139.4,2.2,3.0
506952,Haven,FunPlus Phoenix,,180.8,,,,
506952,Haven,Xi Lai Gaming,,191.0,,,,
506952,Sunset,FunPlus Phoenix,,184.6,,,,
506952,Sunset,Xi Lai Gaming,,189.6,,,,
506953,Haven,Nova Esports,0.68,168.2,65.2,107.4,1.4,1.8
506953,Haven,Xi Lai Gaming,1.33,240.4,89.0,162.4,1.8,1.4
506953,Sunset,Nova Esports,0.87,183.0,65.4,121.4,1.8,2.8
506953,Sunset,Xi Lai Gaming,1.11,209.0,74.0,139.8,2.8,1.8
506954,Corrode,EDward Gaming,1.24,236.8,76.6,151.6,1.6,2.0
506954,Corrode,JD Mall JDG Esports,0.78,188.4,70.0,118.6,2.0,1.6
506954,Haven,EDward Gaming,1.06,199.6,68.8,124.0,2.4,2.2
506954,Haven,JD Mall JDG Esports,0.88,180.6,70.6,117.0,2.2,2.4
506954,Lotus,EDward Gaming,0.91,196.0,65.4,128.2,1.4,3.2
506954,Lotus,JD Mall JDG Esports,1.09,219.0,74.8,138.0,3.2,1.4
506955,Bind,All Gamers,1.11,191.0,74.2,116.0,2.4,1.8
506955,Bind,FunPlus Phoenix,0.89,157.4,56.2,98.4,1.8,2.4
506955,Icebox,All Gamers,1.07,198.8,74.0,131.2,3.0,2.2
506955,Icebox,FunPlus Phoenix,0.87,177.2,66.2,118.6,2.2,3.0
506956,Haven,Titan Esports Club,1.22,225.4,77.0,145.2,1.6,2.4
506956,Haven,Trace Esports,0.77,173.8,60.0,115.6,2.4,1.6
506956,Sunset,Titan Esports Club,1.12,218.8,73.6,148.4,2.0,2.4
506956,Sunset,Trace Esports,0.86,189.2,69.0,117.2,2.4,2.0
506957,Bind,Nova Esports,1.18,202.0,79.8,133.8,2.8,1.8
506957,Bind,Wolves Esports,0.83,167.6,68.2,109.0,1.8,2.8
506957,Corrode,Nova Esports,1.19,222.6,83.0,144.6,2.8,1.0
506957,Corrode,Wolves Esports,0.81,157.8,58.0,101.8,1.0,2.8
506957,Haven,Nova Esports,1.03,210.2,72.2,139.2,3.6,2.4
506957,Haven,Wolves Esports,1.02,204.8,72.0,132.6,2.4,3.6
506958,Ascent,Dragon Ranger Gaming,1.25,224.8,84.0,148.0,2.8,1.0
506958,Ascent,Xi Lai Gaming,0.8,179.0,63.2,118.0,1.0,2.8
506958,Haven,Dragon Ranger Gaming,0.67,160.2,62.6,105.8,1.4,2.0
506958,Haven,Xi Lai Gaming,1.32,239.0,85.8,150.0,2.0,1.4
506958,Lotus,Dragon Ranger Gaming,1.24,232.0,79.0,151.2,2.0,1.8
506958,Lotus,Xi Lai Gaming,0.84,192.8,66.2,125.2,1.8,2.0
506959,Ascent,JD Mall JDG Esports,0.76,177.8,63.6,113.6,1.4,2.2
506959,Ascent,TYLOO,1.19,221.6,83.4,140.6,2.2,1.4
506959,Corrode,JD Mall JDG Esports,0.74,169.4,56.8,109.2,1.8,2.0
506959,Corrode,TYLOO,1.26,231.8,73.8,148.4,2.0,1.8
506959,Haven,JD Mall JDG Esports,1.07,196.4,72.0,122.6,2.8,1.2
506959,Haven,TYLOO,0.88,173.8,60.0,112.8,1.2,2.8
506960,Lotus,EDward Gaming,0.67,166.6,58.8,115.8,1.4,2.4
506960,Lotus,Guangzhou Huadu Bilibili Gaming,1.35,236.0,86.2,150.4,2.4,1.4
506960,Sunset,EDward Gaming,1.05,206.8,75.0,132.2,3.2,2.4
506960,Sunset,Guangzhou Huadu Bilibili Gaming,0.96,188.2,65.0,125.8,2.4,3.2
507067,Corrode,Team Toast,,,,,,
507067,Corrode,Team tarik,,,,,,
508815,Bind,BOOM Esports,0.83,178.4,70.4,117.2,2.8,1.4
508815,Bind,TALON,1.13,190.2,71.4,115.2,1.4,2.8
508815,Icebox,BOOM Esports,0.73,180.8,65.0,117.4,1.2,2.0
508815,Icebox,TALON,1.29,227.6,77.4,156.2,2.0,1.2
508816,Ascent,Nongshim RedForce,1.11,210.4,80.0,140.4,2.6,2.0
508816,Ascent,Team Secret,0.91,183.0,66.0,123.2,2.0,2.6
508816,Lotus,Nongshim RedForce,1.43,234.0,82.4,153.0,2.0,1.2
508816,Lotus,Team Secret,0.6,154.2,62.6,107.4,1.2,2.0
508816,Sunset,Nongshim RedForce,0.93,205.8,69.6,131.6,2.8,1.4
508816,Sunset,Team Secret,1.04,199.6,67.6,125.2,1.4,2.8
508817,Haven,Paper Rex,1.14,221.0,79.2,149.6,4.0,2.4
508817,Haven,T1,0.9,204.4,65.8,134.0,2.4,4.0
508817,Lotus,Paper Rex,1.11,217.8,73.2,145.8,2.8,2.4
508817,Lotus,T1,0.88,187.6,56.8,124.4,2.4,2.8
508818,Corrode,Gen.G,1.15,221.2,83.0,140.6,2.0,1.8
508818,Corrode,KIWOOM DRX,0.83,183.8,66.2,121.4,1.8,2.0
508818,Haven,Gen.G,1.09,203.8,78.0,130.4,2.2,2.0
508818,Haven,KIWOOM DRX,0.87,181.8,68.4,116.2,2.0,2.2
508819,Corrode,Global Esports,1.19,219.0,77.0,147.2,2.6,1.4
508819,Corrode,Rex Regum Qeon,0.74,156.8,59.0,103.2,1.4,2.6
508819,Haven,Global Esports,1.16,224.4,78.8,144.4,2.0,1.6
508819,Haven,Rex Regum Qeon,0.84,195.4,63.4,127.2,1.6,2.0
508820,Haven,DetonatioN FocusMe,1.54,243.2,88.8,157.4,1.8,1.0
508820,Haven,ZETA DIVISION,0.43,114.2,47.2,77.6,1.0,1.8
508820,Icebox,DetonatioN FocusMe,1.2,243.6,78.0,156.0,2.2,1.8
508820,Icebox,ZETA DIVISION,0.74,173.0,53.0,112.2,1.8,2.2
508820,Lotus,DetonatioN FocusMe,0.52,135.6,54.2,90.4,1.0,1.8
508820,Lotus,ZETA DIVISION,1.46,234.4,91.6,153.4,1.8,1.0
508821,Bind,KIWOOM DRX,0.72,167.6,65.8,105.4,1.4,2.0
508821,Bind,Nongshim RedForce,1.3,215.0,76.0,133.6,2.0,1.4
508821,Icebox,KIWOOM DRX,1.13,200.8,79.8,136.4,1.6,2.0
508821,Icebox,Nongshim RedForce,0.87,183.4,64.4,123.4,2.0,1.6
508821,Lotus,KIWOOM DRX,0.99,207.0,68.4,131.4,2.2,2.6
508821,Lotus,Nongshim RedForce,0.99,203.0,70.2,123.8,2.6,2.2
508822,Ascent,BOOM Esports,0.86,182.0,65.4,115.6,1.4,3.0
508822,Ascent,T1,1.12,214.4,76.4,133.8,3.0,1.4
508822,Corrode,BOOM Esports,0.98,190.4,72.2,122.2,2.2,2.4
508822,Corrode,T1,1.0,186.2,65.4,130.2,2.4,2.2
508823,Bind,Global Esports,0.67,159.6,54.4,104.8,1.2,2.4
508823,Bind,Team Secret,1.25,228.6,81.2,150.6,2.4,1.2
508823,Corrode,Global Esports,1.02,204.4,72.8,138.8,2.8,1.6
508823,Corrode,Team Secret,0.96,205.2,71.8,135.2,1.6,2.8
508823,Lotus,Global Esports,0.9,195.8,66.8,123.8,3.2,1.6
508823,Lotus,Team Secret,1.1,211.0,78.4,138.2,1.6,3.2
508824,Haven,DetonatioN FocusMe,0.75,166.6,55.0,109.0,1.4,2.6
508824,Haven,Paper Rex,1.24,227.2,80.0,150.4,2.6,1.4
508824,Lotus,DetonatioN FocusMe,0.76,170.4,61.0,112.4,1.6,2.4
508824,Lotus,Paper Rex,1.23,220.2,81.0,144.4,2.4,1.6
508825,Bind,TALON,1.18,236.8,86.4,146.4,2.8,1.0
508825,Bind,ZETA DIVISION,0.8,193.4,51.8,127.0,1.0,2.8
508825,Icebox,TALON,1.16,225.0,81.0,156.8,2.8,0.8
508825,Icebox,ZETA DIVISION,0.78,193.6,63.4,125.4,0.8,2.8
508826,Ascent,Gen.G,1.2,207.0,77.8,137.4,2.8,1.0
508826,Ascent,Rex Regum Qeon,0.73,158.6,63.0,95.0,1.0,2.8
508826,Haven,Gen.G,0.87,180.4,68.4,115.4,2.0,2.8
508826,Haven,Rex Regum Qeon,1.1,194.2,74.2,123.0,2.8,2.0
508826,Sunset,Gen.G,0.74,174.6,60.0,114.8,1.6,2.2
508826,Sunset,Rex Regum Qeon,1.24,224.6,79.0,144.0,2.2,1.6
508828,Corrode,Gen.G,1.17,210.2,81.0,134.8,2.6,1.4
508828,Corrode,Global Esports,0.8,170.8,61.0,109.2,1.4,2.6
508828,Haven,Gen.G,1.26,231.8,77.6,153.2,2.4,0.8
508828,Haven,Global Esports,0.73,162.6,63.8,110.4,0.8,2.4
508828,Icebox,Gen.G,0.65,152.4,51.2,98.4,0.8,2.4
508828,Icebox,Global Esports,1.28,228.4,81.2,155.4,2.4,0.8
508829,Corrode,DetonatioN FocusMe,0.82,180.6,62.8,111.4,1.8,2.6
508829,Corrode,TALON,1.1,206.2,78.2,136.6,2.6,1.8
508829,Icebox,DetonatioN FocusMe,1.16,207.2,74.4,135.2,3.0,1.2
508829,Icebox,TALON,0.77,162.2,62.0,101.4,1.2,3.0
508829,Sunset,DetonatioN FocusMe,1.1,216.0,81.0,138.0,3.0,1.4
508829,Sunset,TALON,0.84,173.4,60.0,112.0,1.4,3.0
508830,Corrode,T1,1.16,228.2,73.4,145.4,2.4,1.8
508830,Corrode,ZETA DIVISION,0.83,172.6,58.0,113.8,1.8,2.4
508830,Sunset,T1,1.07,214.0,77.8,139.2,1.8,2.0
508830,Sunset,ZETA DIVISION,0.89,199.0,69.4,127.4,2.0,1.8
508831,Corrode,Nongshim RedForce,0.94,188.4,76.8,118.2,2.2,2.6
508831,Corrode,Rex Regum Qeon,1.05,198.6,85.0,122.2,2.6,2.2
508831,Haven,Nongshim RedForce,0.79,155.8,63.6,96.0,1.6,2.6
508831,Haven,Rex Regum Qeon,1.13,202.4,79.0,123.8,2.6,1.6
508831,Icebox,Nongshim RedForce,0.66,167.4,57.8,119.0,0.8,2.4
508831,Icebox,Rex Regum Qeon,1.37,240.2,87.6,158.8,2.4,0.8
508832,Corrode,KIWOOM DRX,1.35,223.4,86.8,147.2,2.6,0.8
508832,Corrode,Team Secret,0.67,143.4,64.8,93.0,0.8,2.6
508832,Icebox,KIWOOM DRX,1.34,242.8,84.4,157.4,1.8,1.6
508832,Icebox,Team Secret,0.62,147.2,48.2,99.2,1.6,1.8
508833,Bind,BOOM Esports,0.96,202.2,78.2,130.6,2.4,1.8
508833,Bind,Paper Rex,1.04,205.2,76.2,136.2,1.8,2.4
508833,Lotus,BOOM Esports,0.96,199.2,71.6,125.4,1.8,2.8
508833,Lotus,Paper Rex,1.02,211.2,71.6,140.2,2.8,1.8
508834,Ascent,Gen.G,1.27,232.2,84.6,154.0,2.6,1.6
508834,Ascent,Team Secret,0.76,159.8,57.0,105.8,1.6,2.6
508834,Lotus,Gen.G,1.27,234.0,83.8,149.6,2.4,0.8
508834,Lotus,Team Secret,0.73,154.4,67.8,103.8,0.8,2.4
508835,Corrode,T1,0.92,184.4,68.8,114.4,2.2,2.4
508835,Corrode,TALON,1.04,200.2,77.4,130.6,2.4,2.2
508835,Lotus,T1,0.86,204.2,75.6,123.4,1.2,2.6
508835,Lotus,TALON,1.14,223.4,83.0,143.8,2.6,1.2
508836,Corrode,BOOM Esports,0.71,168.4,58.6,109.2,1.8,1.2
508836,Corrode,DetonatioN FocusMe,1.28,232.8,82.8,151.4,1.2,1.8
508836,Lotus,BOOM Esports,0.98,188.8,69.0,122.0,2.2,2.4
508836,Lotus,DetonatioN FocusMe,0.98,200.2,73.2,129.0,2.4,2.2
508837,Ascent,KIWOOM DRX,1.21,206.2,73.0,141.0,2.0,2.0
508837,Ascent,Rex Regum Qeon,0.8,172.2,66.0,114.2,2.0,2.0
508837,Bind,KIWOOM DRX,0.98,188.2,72.4,119.0,3.0,2.2
508837,Bind,Rex Regum Qeon,0.93,175.2,67.4,115.0,2.2,3.0
508838,Bind,Global Esports,0.87,189.4,73.4,123.0,1.6,2.6
508838,Bind,Nongshim RedForce,1.13,218.8,79.0,137.4,2.6,1.6
508838,Corrode,Global Esports,0.86,189.0,72.0,125.0,2.0,2.0
508838,Corrode,Nongshim RedForce,1.13,212.6,75.0,131.4,2.0,2.0
508839,Lotus,Paper Rex,0.8,182.2,60.2,124.0,1.6,2.8
508839,Lotus,ZETA DIVISION,1.21,217.6,79.0,141.2,2.8,1.6
508839,Sunset,Paper Rex,0.88,201.6,78.0,139.4,1.8,2.2
508839,Sunset,ZETA DIVISION,1.14,217.4,75.0,142.8,2.2,1.8
508840,Ascent,Gen.G,0.93,192.6,64.6,125.8,2.4,2.8
508840,Ascent,Nongshim RedForce,1.05,209.4,73.0,133.8,2.8,2.4
508840,Lotus,Gen.G,0.9,191.8,64.8,124.8,2.2,2.2
508840,Lotus,Nongshim RedForce,1.09,202.4,73.6,130.2,2.2,2.2
508841,Bind,Paper Rex,1.03,197.8,75.0,128.4,2.8,2.0
508841,Bind,TALON,0.95,182.4,67.6,114.0,2.0,2.8
508841,Icebox,Paper Rex,1.16,222.4,71.8,146.2,4.4,1.6
508841,Icebox,TALON,0.78,175.4,61.4,122.0,1.6,4.4
508842,Icebox,Global Esports,0.92,202.2,62.6,131.2,2.4,2.2
508842,Icebox,KIWOOM DRX,1.05,215.6,72.4,140.2,2.2,2.4
508842,Lotus,Global Esports,0.89,176.0,65.4,115.2,2.2,2.4
508842,Lotus,KIWOOM DRX,1.14,207.0,81.0,136.6,2.4,2.2
508843,Ascent,BOOM Esports,0.81,180.0,62.8,117.0,2.6,1.6
508843,Ascent,ZETA DIVISION,1.16,209.2,77.2,136.8,1.6,2.6
508843,Corrode,BOOM Esports,0.93,188.4,66.6,119.8,2.6,1.8
508843,Corrode,ZETA DIVISION,1.04,199.2,74.6,131.2,1.8,2.6
508843,Lotus,BOOM Esports,0.99,200.6,70.0,127.2,2.4,3.2
508843,Lotus,ZETA DIVISION,0.97,193.8,71.4,126.4,3.2,2.4
508844,Ascent,Rex Regum Qeon,0.9,172.8,61.6,112.4,2.6,3.0
508844,Ascent,Team Secret,1.1,204.6,66.2,137.2,3.0,2.6
508844,Icebox,Rex Regum Qeon,1.27,239.2,78.8,166.2,1.4,2.0
508844,Icebox,Team Secret,0.76,180.4,63.6,120.4,2.0,1.4
508844,Sunset,Rex Regum Qeon,1.36,238.6,92.8,151.8,2.4,0.8
508844,Sunset,Team Secret,0.61,149.8,52.8,99.4,0.8,2.4
508845,Haven,DetonatioN FocusMe,0.99,186.0,71.0,123.8,2.4,2.0
508845,Haven,T1,1.01,184.4,64.4,122.2,2.0,2.4
508845,Sunset,DetonatioN FocusMe,0.86,187.6,65.4,117.2,2.2,1.6
508845,Sunset,T1,1.11,204.8,70.6,132.8,1.6,2.2
509801,Bind,Cloud9,1.44,240.4,86.8,151.2,2.4,1.0
509801,Bind,FURIA,0.57,126.4,43.4,82.8,1.0,2.4
509801,Haven,Cloud9,1.25,225.6,88.8,144.6,2.2,1.4
509801,Haven,FURIA,0.68,159.0,62.2,108.2,1.4,2.2
509802,Ascent,LEVIATÁN,0.92,173.4,62.0,112.2,1.8,2.8
509802,Ascent,LOUD,1.06,197.0,72.2,128.4,2.8,1.8
509802,Bind,LEVIATÁN,1.08,197.4,74.8,126.6,3.2,1.4
509802,Bind,LOUD,0.91,179.0,70.4,118.6,1.4,3.2
509802,Icebox,LEVIATÁN,0.94,197.2,68.4,127.6,1.6,3.2
509802,Icebox,LOUD,1.0,209.6,70.8,136.6,3.2,1.6
509803,Ascent,2Game Esports,0.92,181.0,68.0,113.4,2.6,1.8
509803,Ascent,Evil Geniuses,1.09,192.8,67.6,128.4,1.8,2.6
509803,Lotus,2Game Esports,1.01,187.4,63.4,124.4,2.6,2.2
509803,Lotus,Evil Geniuses,1.03,203.6,70.2,135.2,2.2,2.6
509803,Sunset,2Game Esports,1.16,215.6,75.0,140.0,2.2,1.8
509803,Sunset,Evil Geniuses,0.84,177.6,65.0,115.4,1.8,2.2
509804,Ascent,MIBR,0.57,152.0,55.6,101.0,0.6,2.2
509804,Ascent,VISA KRÜ,1.45,250.0,90.2,161.8,2.2,0.6
509804,Corrode,MIBR,1.08,181.0,70.2,125.0,2.2,2.2
509804,Corrode,VISA KRÜ,0.86,158.0,70.8,109.2,2.2,2.2
509804,Haven,MIBR,0.82,176.8,65.6,120.4,2.2,2.2
509804,Haven,VISA KRÜ,1.15,204.8,85.4,139.6,2.2,2.2
509805,Bind,100 Thieves,1.08,193.8,76.6,124.4,2.2,2.4
509805,Bind,NRG,0.94,191.8,75.8,126.0,2.4,2.2
509805,Sunset,100 Thieves,1.38,241.8,85.6,152.4,2.4,1.0
509805,Sunset,NRG,0.62,150.8,51.8,105.2,1.0,2.4
509806,Ascent,G2 Esports,1.19,212.0,75.6,136.8,2.0,1.8
509806,Ascent,Sentinels,0.78,175.0,64.2,111.6,1.8,2.0
509806,Corrode,G2 Esports,0.83,177.6,63.8,126.8,0.8,3.4
509806,Corrode,Sentinels,1.18,218.2,81.8,136.4,3.4,0.8
509806,Lotus,G2 Esports,0.95,188.2,68.4,120.8,3.0,2.2
509806,Lotus,Sentinels,1.04,195.6,67.6,128.0,2.2,3.0
509807,Ascent,2Game Esports,0.81,174.0,55.2,116.8,1.6,2.6
509807,Ascent,G2 Esports,1.15,216.8,78.0,134.6,2.6,1.6
509807,Haven,2Game Esports,0.73,166.8,61.4,118.2,1.8,1.8
509807,Haven,G2 Esports,1.28,228.4,82.2,142.2,1.8,1.8
509808,Icebox,FURIA,0.6,160.2,58.4,107.8,1.0,1.6
509808,Icebox,Sentinels,1.35,250.8,89.2,159.2,1.6,1.0
509808,Sunset,FURIA,0.64,166.2,63.8,108.0,0.6,2.8
509808,Sunset,Sentinels,1.37,248.0,88.2,159.4,2.8,0.6
509809,Bind,100 Thieves,1.24,211.8,78.6,133.6,2.0,1.6
509809,Bind,VISA KRÜ,0.77,149.0,59.0,102.8,1.6,2.0
509809,Corrode,100 Thieves,1.32,230.8,85.6,145.8,2.6,0.8
509809,Corrode,VISA KRÜ,0.67,160.2,57.8,102.0,0.8,2.6
509810,Corrode,LOUD,0.79,159.4,53.4,103.4,2.0,2.4
509810,Corrode,NRG,1.18,207.8,76.4,135.8,2.4,2.0
509810,Haven,LOUD,0.69,152.4,60.2,105.0,2.2,1.2
509810,Haven,NRG,1.28,215.4,79.8,138.0,1.2,2.2
509811,Haven,Cloud9,0.99,202.4,64.4,127.6,2.0,2.6
509811,Haven,Evil Geniuses,0.99,181.0,68.8,118.4,2.6,2.0
509811,Lotus,Cloud9,1.32,236.4,88.0,159.8,2.4,1.6
509811,Lotus,Evil Geniuses,0.74,173.8,60.0,117.2,1.6,2.4
509812,Lotus,LEVIATÁN,1.15,202.6,79.2,136.8,2.0,2.2
509812,Lotus,MIBR,0.79,166.4,69.6,108.4,2.2,2.0
509812,Sunset,LEVIATÁN,1.27,226.2,77.4,145.0,1.4,1.8
509812,Sunset,MIBR,0.66,168.4,66.4,108.8,1.8,1.4
509813,Ascent,2Game Esports,1.19,231.0,80.0,155.6,1.0,2.0
509813,Ascent,FURIA,0.84,198.4,70.8,132.2,2.0,1.0
509813,Corrode,2Game Esports,0.98,207.2,76.8,132.8,3.6,1.6
509813,Corrode,FURIA,1.06,210.2,80.0,132.0,1.6,3.6
509813,Sunset,2Game Esports,1.39,241.8,85.2,163.0,2.4,0.8
509813,Sunset,FURIA,0.6,162.0,56.4,107.8,0.8,2.4
509814,Haven,LEVIATÁN,1.06,188.6,70.2,123.8,2.2,3.0
509814,Haven,NRG,0.99,191.8,76.2,129.2,3.0,2.2
509814,Icebox,LEVIATÁN,0.93,177.6,67.6,124.2,2.0,2.8
509814,Icebox,NRG,1.04,200.2,68.6,130.4,2.8,2.0
509814,Lotus,LEVIATÁN,0.79,166.8,66.0,114.2,2.4,1.6
509814,Lotus,NRG,1.13,215.6,80.0,139.2,1.6,2.4
509815,Haven,Cloud9,0.83,156.2,64.0,99.6,2.6,1.8
509815,Haven,Sentinels,1.11,192.0,78.2,124.8,1.8,2.6
509815,Lotus,Cloud9,0.68,150.0,73.4,98.0,1.6,2.0
509815,Lotus,Sentinels,1.32,220.6,88.8,136.2,2.0,1.6
509816,Bind,100 Thieves,0.98,204.2,77.0,135.8,3.6,1.6
509816,Bind,MIBR,0.94,191.4,68.4,122.0,1.6,3.6
509816,Icebox,100 Thieves,0.84,182.2,70.6,120.2,2.4,2.2
509816,Icebox,MIBR,1.08,211.2,75.8,139.2,2.2,2.4
509817,Ascent,Evil Geniuses,0.78,171.0,68.2,113.4,1.6,1.8
509817,Ascent,G2 Esports,1.26,226.0,82.0,145.4,1.8,1.6
509817,Corrode,Evil Geniuses,0.95,200.8,69.0,132.2,2.6,2.2
509817,Corrode,G2 Esports,1.01,206.6,71.8,129.4,2.2,2.6
509817,Haven,Evil Geniuses,0.76,175.8,66.0,121.4,1.4,2.0
509817,Haven,G2 Esports,1.28,227.8,84.4,155.4,2.0,1.4
509818,Ascent,LOUD,0.7,150.8,56.6,101.4,2.0,1.4
509818,Ascent,VISA KRÜ,1.26,200.4,77.4,129.8,1.4,2.0
509818,Bind,LOUD,1.16,228.0,73.6,147.2,2.0,2.4
509818,Bind,VISA KRÜ,0.85,191.2,64.6,124.6,2.4,2.0
509818,Haven,LOUD,0.85,186.8,66.0,123.8,2.0,2.0
509818,Haven,VISA KRÜ,1.17,220.8,79.0,148.0,2.0,2.0
509819,Bind,2Game Esports,0.36,122.0,41.4,77.2,0.6,2.2
509819,Bind,Cloud9,1.61,263.0,94.4,160.4,2.2,0.6
509819,Lotus,2Game Esports,0.87,185.6,76.0,115.2,1.6,2.4
509819,Lotus,Cloud9,1.07,198.6,71.0,128.4,2.4,1.6
509820,Bind,MIBR,0.96,175.6,72.0,115.2,2.8,1.8
509820,Bind,NRG,0.97,185.6,70.6,117.0,1.8,2.8
509820,Lotus,MIBR,0.97,194.2,75.8,121.4,3.0,2.6
509820,Lotus,NRG,1.04,202.4,72.2,127.2,2.6,3.0
509821,Corrode,Evil Geniuses,0.59,155.8,56.6,97.2,0.8,2.6
509821,Corrode,Sentinels,1.35,238.4,83.2,147.2,2.6,0.8
509821,Lotus,Evil Geniuses,0.8,169.6,64.8,112.4,1.6,2.6
509821,Lotus,Sentinels,1.16,216.6,80.8,135.2,2.6,1.6
509822,Ascent,LEVIATÁN,1.32,247.6,85.6,159.2,2.6,0.8
509822,Ascent,VISA KRÜ,0.64,157.6,55.2,108.0,0.8,2.6
509822,Bind,LEVIATÁN,0.88,190.2,66.2,123.4,2.2,1.6
509822,Bind,VISA KRÜ,1.12,214.4,75.8,135.6,1.6,2.2
509822,Haven,LEVIATÁN,0.93,191.0,72.2,131.4,2.4,2.2
509822,Haven,VISA KRÜ,1.06,198.8,73.2,130.2,2.2,2.4
509823,Ascent,FURIA,0.83,168.8,62.2,110.8,1.8,1.8
509823,Ascent,G2 Esports,1.12,202.8,81.0,135.2,1.8,1.8
509823,Corrode,FURIA,0.73,169.8,65.2,117.4,1.4,1.6
509823,Corrode,G2 Esports,1.22,230.2,86.6,138.6,1.6,1.4
509824,Bind,100 Thieves,1.17,214.6,77.0,132.4,2.4,1.6
509824,Bind,LOUD,0.81,169.6,68.0,114.8,1.6,2.4
509824,Lotus,100 Thieves,1.1,216.0,75.4,139.6,2.6,2.6
509824,Lotus,LOUD,0.9,197.2,64.6,124.0,2.6,2.6
509824,Sunset,100 Thieves,0.67,163.0,57.2,106.0,1.0,2.0
509824,Sunset,LOUD,1.29,237.4,86.4,153.2,2.0,1.0
509825,Haven,NRG,1.3,220.2,77.8,144.4,2.2,1.4
509825,Haven,VISA KRÜ,0.7,159.2,59.0,102.4,1.4,2.2
509825,Lotus,NRG,1.21,217.2,83.0,135.8,2.0,2.0
509825,Lotus,VISA KRÜ,0.8,182.6,73.0,118.2,2.0,2.0
509825,Sunset,NRG,0.81,169.4,62.0,117.2,2.4,1.4
509825,Sunset,VISA KRÜ,1.26,217.0,75.6,144.6,1.4,2.4
509826,Haven,100 Thieves,1.07,203.6,74.0,138.6,3.0,1.6
509826,Haven,LEVIATÁN,0.97,196.8,67.0,132.6,1.6,3.0
509826,Lotus,100 Thieves,0.56,156.8,54.8,99.4,0.6,2.4
509826,Lotus,LEVIATÁN,1.41,241.8,86.8,159.6,2.4,0.6
509826,Sunset,100 Thieves,0.82,184.0,68.0,121.4,2.0,2.6
509826,Sunset,LEVIATÁN,1.23,225.2,82.8,146.8,2.6,2.0
509827,Ascent,Evil Geniuses,1.2,218.2,81.0,144.2,2.6,1.8
509827,Ascent,FURIA,0.87,179.2,71.0,120.8,1.8,2.6
509827,Corrode,Evil Geniuses,1.31,244.6,80.8,156.2,2.6,1.2
509827,Corrode,FURIA,0.7,165.4,60.0,111.0,1.2,2.6
509829,Haven,2Game Esports,0.66,141.8,48.2,97.2,1.4,2.0
509829,Haven,Sentinels,1.3,215.0,81.0,135.2,2.0,1.4
509829,Lotus,2Game Esports,0.6,148.4,50.6,96.2,0.6,2.8
509829,Lotus,Sentinels,1.44,236.4,87.0,147.0,2.8,0.6
509829,Sunset,2Game Esports,1.15,208.2,75.4,133.2,2.8,1.6
509829,Sunset,Sentinels,0.84,178.6,63.8,121.4,1.6,2.8
509830,Ascent,Cloud9,0.89,185.2,68.4,119.0,1.8,2.4
509830,Ascent,G2 Esports,1.09,204.6,73.4,133.4,2.4,1.8
509830,Lotus,Cloud9,0.95,206.6,77.0,134.0,1.6,2.8
509830,Lotus,G2 Esports,1.05,216.8,79.0,136.4,2.8,1.6
509831,Icebox,LOUD,1.02,186.6,70.2,127.8,2.0,2.8
509831,Icebox,MIBR,0.94,183.4,71.0,124.4,2.8,2.0
509831,Sunset,LOUD,0.85,170.2,63.0,109.8,2.0,2.6
509831,Sunset,MIBR,1.14,221.2,77.4,148.0,2.6,2.0
511543,Corrode,Apeks,0.55,145.2,55.0,96.0,1.4,1.8
511543,Corrode,Natus Vincere,1.38,222.2,82.6,151.6,1.8,1.4
511543,Icebox,Apeks,0.74,157.6,60.0,104.4,1.4,2.0
511543,Icebox,Natus Vincere,1.23,212.6,72.8,140.4,2.0,1.4
511543,Sunset,Apeks,1.19,208.6,80.0,139.0,2.2,1.6
511543,Sunset,Natus Vincere,0.78,153.8,57.8,105.8,1.6,2.2
511544,Bind,GIANTX,1.01,188.8,71.0,122.2,2.8,2.0
511544,Bind,Team Vitality,0.97,199.2,74.2,127.2,2.0,2.8
511544,Sunset,GIANTX,0.99,187.6,64.4,128.0,2.6,2.0
511544,Sunset,Team Vitality,0.96,187.6,71.4,117.8,2.0,2.6
511545,Bind,FUT Esports,0.85,177.0,64.0,122.2,2.2,1.8
511545,Bind,Gentle Mates,1.14,220.2,76.0,142.0,1.8,2.2
511545,Lotus,FUT Esports,1.01,209.0,71.4,134.0,2.8,3.2
511545,Lotus,Gentle Mates,1.03,216.8,84.8,141.6,3.2,2.8
511545,Sunset,FUT Esports,1.25,235.2,84.4,151.0,2.4,1.2
511545,Sunset,Gentle Mates,0.81,197.6,68.0,132.8,1.2,2.4
511546,Bind,Movistar KOI,0.8,192.6,67.2,132.8,1.2,2.2
511546,Bind,Team Liquid,1.25,245.0,86.8,151.2,2.2,1.2
511546,Icebox,Movistar KOI,1.08,219.0,77.4,150.2,3.2,1.4
511546,Icebox,Team Liquid,0.9,196.2,66.0,134.6,1.4,3.2
511546,Lotus,Movistar KOI,0.92,198.0,78.2,130.4,2.4,1.8
511546,Lotus,Team Liquid,1.09,211.8,75.2,139.6,1.8,2.4
511547,Haven,BBL Esports,0.79,172.2,60.2,113.6,1.8,2.6
511547,Haven,Team Heretics,1.2,225.2,75.4,147.2,2.6,1.8
511547,Icebox,BBL Esports,1.17,223.0,82.0,148.6,2.0,1.6
511547,Icebox,Team Heretics,0.83,181.6,74.4,114.8,1.6,2.0
511547,Sunset,BBL Esports,0.94,199.0,63.6,135.0,2.0,2.8
511547,Sunset,Team Heretics,1.13,219.8,75.8,144.4,2.8,2.0
511548,Bind,FNATIC,1.11,218.8,79.0,144.0,2.4,1.6
511548,Bind,Karmine Corp,0.86,173.0,65.0,112.0,1.6,2.4
511548,Icebox,FNATIC,0.95,193.8,65.8,132.4,2.8,2.0
511548,Icebox,Karmine Corp,1.02,207.2,63.4,132.6,2.0,2.8
511548,Lotus,FNATIC,0.86,195.2,64.2,134.6,2.4,2.2
511548,Lotus,Karmine Corp,1.14,227.2,81.0,151.4,2.2,2.4
511549,Icebox,Apeks,0.84,179.0,70.0,119.4,1.4,2.6
511549,Icebox,Karmine Corp,1.11,198.8,80.0,127.8,2.6,1.4
511549,Lotus,Apeks,1.06,206.0,78.4,132.2,3.6,1.2
511549,Lotus,Karmine Corp,0.97,199.0,67.6,129.0,1.2,3.6
511549,Sunset,Apeks,1.1,211.0,76.8,144.8,2.2,2.6
511549,Sunset,Karmine Corp,0.93,194.6,71.6,139.2,2.6,2.2
511550,Corrode,BBL Esports,0.97,192.8,64.2,126.4,2.0,2.8
511550,Corrode,GIANTX,1.06,204.2,70.2,132.6,2.8,2.0
511550,Icebox,BBL Esports,0.9,195.4,66.0,126.8,2.2,1.8
511550,Icebox,GIANTX,1.04,204.6,73.0,135.0,1.8,2.2
511550,Lotus,BBL Esports,1.05,209.6,67.6,132.6,2.4,2.4
511550,Lotus,GIANTX,0.99,202.6,77.8,134.2,2.4,2.4
511551,Corrode,Natus Vincere,0.87,189.6,72.0,125.4,2.0,2.0
511551,Corrode,Team Liquid,1.13,222.2,78.0,145.6,2.0,2.0
511551,Sunset,Natus Vincere,0.68,164.0,55.2,110.4,0.6,2.8
511551,Sunset,Team Liquid,1.34,237.8,85.6,163.6,2.8,0.6
511552,Ascent,Gentle Mates,1.1,203.6,76.0,134.6,2.4,2.8
511552,Ascent,Team Heretics,0.9,188.4,67.0,122.8,2.8,2.4
511552,Bind,Gentle Mates,0.82,181.8,68.0,116.2,1.0,2.6
511552,Bind,Team Heretics,1.24,235.4,77.8,155.6,2.6,1.0
511552,Corrode,Gentle Mates,1.07,205.8,71.6,135.2,2.8,2.4
511552,Corrode,Team Heretics,0.91,186.8,59.4,125.6,2.4,2.8
511553,Haven,FUT Esports,0.63,157.2,57.4,98.2,0.6,2.4
511553,Haven,Team Vitality,1.36,244.4,89.4,156.0,2.4,0.6
511553,Lotus,FUT Esports,0.79,180.0,60.0,118.4,0.6,3.0
511553,Lotus,Team Vitality,1.25,227.0,86.6,151.0,3.0,0.6
511554,Ascent,FNATIC,1.19,229.2,75.0,158.4,3.0,1.0
511554,Ascent,Movistar KOI,0.79,176.4,58.0,113.6,1.0,3.0
511554,Haven,FNATIC,1.08,202.0,76.6,140.6,2.8,2.0
511554,Haven,Movistar KOI,0.89,183.8,65.2,121.6,2.0,2.8
511562,Bind,FUT Esports,1.27,228.0,80.0,144.8,3.0,0.6
511562,Bind,GIANTX,0.77,180.8,61.4,110.2,0.6,3.0
511562,Haven,FUT Esports,1.17,219.0,69.2,147.4,1.6,2.2
511562,Haven,GIANTX,0.8,175.8,63.0,112.8,2.2,1.6
511562,Sunset,FUT Esports,0.92,193.0,70.0,120.6,2.0,2.8
511562,Sunset,GIANTX,1.09,210.0,77.6,143.6,2.8,2.0
511563,Lotus,BBL Esports,1.0,201.4,70.0,124.0,2.2,3.0
511563,Lotus,Gentle Mates,0.96,192.8,65.2,129.4,3.0,2.2
511563,Sunset,BBL Esports,1.39,231.6,88.8,148.8,2.8,0.4
511563,Sunset,Gentle Mates,0.57,143.0,50.4,98.2,0.4,2.8
511564,Ascent,Apeks,0.88,179.0,72.2,116.8,2.2,3.0
511564,Ascent,Team Liquid,1.03,194.0,77.0,123.6,3.0,2.2
511564,Corrode,Apeks,1.02,202.6,70.2,127.8,2.4,2.4
511564,Corrode,Team Liquid,0.98,198.6,64.6,129.2,2.4,2.4
511564,Lotus,Apeks,0.83,172.2,63.2,116.8,1.2,2.6
511564,Lotus,Team Liquid,1.22,226.0,84.0,145.2,2.6,1.2
511565,Haven,Karmine Corp,1.31,216.2,80.0,143.2,2.2,1.2
511565,Haven,Movistar KOI,0.65,157.6,59.0,103.8,1.2,2.2
511565,Lotus,Karmine Corp,0.93,174.2,72.8,118.4,2.4,2.0
511565,Lotus,Movistar KOI,1.03,182.4,70.0,121.0,2.0,2.4
511565,Sunset,Karmine Corp,1.47,249.2,90.6,161.0,1.8,1.2
511565,Sunset,Movistar KOI,0.56,155.6,50.8,101.6,1.2,1.8
511566,Ascent,FNATIC,1.02,192.2,69.6,133.2,1.6,3.0
511566,Ascent,Natus Vincere,0.99,188.8,75.8,126.0,3.0,1.6
511566,Bind,FNATIC,1.03,201.8,68.6,138.8,2.4,3.2
511566,Bind,Natus Vincere,0.98,194.2,64.4,122.4,3.2,2.4
511566,Icebox,FNATIC,0.96,199.6,61.8,136.2,1.8,3.0
511566,Icebox,Natus Vincere,1.01,216.6,71.0,144.6,3.0,1.8
511567,Ascent,Team Heretics,1.16,221.2,77.4,152.6,2.6,1.8
511567,Ascent,Team Vitality,0.86,190.4,67.2,125.2,1.8,2.6
511567,Haven,Team Heretics,1.03,213.2,69.2,136.2,2.6,2.2
511567,Haven,Team Vitality,0.94,193.6,63.2,131.2,2.2,2.6
511568,Bind,FUT Esports,0.89,182.8,67.0,120.4,2.2,1.8
511568,Bind,Team Heretics,1.14,213.2,78.0,137.6,1.8,2.2
511568,Haven,FUT Esports,0.9,198.8,72.4,127.0,2.0,1.8
511568,Haven,Team Heretics,1.06,207.4,70.6,134.8,1.8,2.0
511569,Ascent,Apeks,0.73,173.6,55.4,117.8,0.8,2.6
511569,Ascent,Movistar KOI,1.27,232.0,82.0,142.4,2.6,0.8
511569,Haven,Apeks,0.95,182.0,70.6,122.8,2.4,1.8
511569,Haven,Movistar KOI,1.06,191.6,69.4,123.6,1.8,2.4
511569,Lotus,Apeks,1.09,203.4,75.4,129.0,1.6,2.8
511569,Lotus,Movistar KOI,0.9,193.6,73.6,131.2,2.8,1.6
511570,Ascent,GIANTX,1.1,208.6,74.6,137.8,2.2,3.0
511570,Ascent,Gentle Mates,0.94,191.6,68.4,124.8,3.0,2.2
511570,Corrode,GIANTX,0.81,155.6,55.2,102.8,1.8,2.4
511570,Corrode,Gentle Mates,1.16,208.2,72.2,131.8,2.4,1.8
511570,Haven,GIANTX,1.26,231.4,82.2,149.8,2.4,1.0
511570,Haven,Gentle Mates,0.76,162.0,57.8,109.6,1.0,2.4
511571,Corrode,Karmine Corp,0.91,191.2,65.4,130.6,1.8,2.4
511571,Corrode,Natus Vincere,1.11,216.4,73.2,138.6,2.4,1.8
511571,Sunset,Karmine Corp,0.87,198.2,63.8,126.6,2.6,2.6
511571,Sunset,Natus Vincere,1.11,219.4,71.4,148.2,2.6,2.6
511572,Bind,BBL Esports,1.09,210.2,75.8,130.6,2.2,2.4
511572,Bind,Team Vitality,0.9,184.6,63.8,118.4,2.4,2.2
511572,Icebox,BBL Esports,1.31,235.0,82.0,163.0,3.0,1.0
511572,Icebox,Team Vitality,0.64,166.2,51.0,110.8,1.0,3.0
511572,Lotus,BBL Esports,0.84,181.4,67.0,123.0,2.4,2.4
511572,Lotus,Team Vitality,1.13,212.4,82.4,141.0,2.4,2.4
511573,Ascent,FNATIC,0.63,173.8,58.6,110.0,0.8,2.0
511573,Ascent,Team Liquid,1.39,254.4,87.4,174.6,2.0,0.8
511573,Bind,FNATIC,0.85,178.6,67.6,122.2,2.6,2.6
511573,Bind,Team Liquid,1.11,212.0,78.4,135.6,2.6,2.6
511575,Ascent,Movistar KOI,0.67,164.6,52.4,107.4,1.4,1.8
511575,Ascent,Natus Vincere,1.37,242.0,87.6,170.2,1.8,1.4
511575,Corrode,Movistar KOI,1.0,206.2,72.0,140.8,3.4,2.6
511575,Corrode,Natus Vincere,1.01,208.0,73.8,139.4,2.6,3.4
511575,Icebox,Movistar KOI,0.9,196.6,67.4,127.0,2.4,2.0
511575,Icebox,Natus Vincere,1.06,224.4,77.2,147.4,2.0,2.4
511576,Bind,Apeks,0.65,150.6,48.8,95.6,1.0,2.6
511576,Bind,FNATIC,1.33,239.2,82.2,154.4,2.6,1.0
511576,Lotus,Apeks,0.83,171.4,66.4,112.6,3.0,1.6
511576,Lotus,FNATIC,1.13,205.2,71.6,137.2,1.6,3.0
511577,Ascent,GIANTX,0.85,174.8,63.0,115.0,1.6,2.4
511577,Ascent,Team Heretics,1.18,205.0,78.0,129.6,2.4,1.6
511577,Haven,GIANTX,0.59,145.4,55.2,94.0,0.4,2.8
511577,Haven,Team Heretics,1.44,239.6,91.4,161.0,2.8,0.4
511579,Ascent,Gentle Mates,0.95,206.4,74.0,132.6,1.4,3.2
511579,Ascent,Team Vitality,1.1,216.8,73.2,145.4,3.2,1.4
511579,Corrode,Gentle Mates,0.78,173.4,67.2,111.2,1.0,2.4
511579,Corrode,Team Vitality,1.22,229.4,92.8,146.0,2.4,1.0
511579,Lotus,Gentle Mates,1.08,211.8,81.6,135.0,2.4,2.0
511579,Lotus,Team Vitality,0.92,178.4,65.4,110.2,2.0,2.4
511580,Ascent,BBL Esports,1.13,211.4,69.2,137.0,3.0,1.4
511580,Ascent,FUT Esports,0.88,190.2,59.0,119.4,1.4,3.0
511580,Sunset,BBL Esports,1.04,202.0,72.6,135.4,2.4,2.4
511580,Sunset,FUT Esports,0.93,178.8,65.2,117.4,2.4,2.4
511581,Bind,Karmine Corp,1.05,204.0,63.0,138.0,2.2,3.4
511581,Bind,Team Liquid,0.94,202.6,71.2,129.8,3.4,2.2
511581,Lotus,Karmine Corp,0.95,177.4,68.4,117.4,2.6,2.6
511581,Lotus,Team Liquid,1.1,195.6,73.0,130.2,2.6,2.6
511581,Sunset,Karmine Corp,1.04,203.0,69.4,130.0,2.8,2.4
511581,Sunset,Team Liquid,0.99,195.8,69.2,129.2,2.4,2.8
527576,Corrode,Dragon Ranger Gaming,1.04,208.4,74.0,132.2,1.6,3.0
527576,Corrode,EDward Gaming,1.01,209.2,81.8,133.0,3.0,1.6
527576,Lotus,Dragon Ranger Gaming,1.0,216.4,77.8,144.0,2.4,2.8
527576,Lotus,EDward Gaming,1.05,208.0,77.0,136.6,2.8,2.4
527577,Icebox,All Gamers,0.97,202.0,72.6,139.6,2.4,2.4
527577,Icebox,TYLOO,1.05,210.2,70.8,136.4,2.4,2.4
527577,Lotus,All Gamers,0.74,158.6,62.6,105.6,0.6,2.6
527577,Lotus,TYLOO,1.25,224.0,86.4,147.4,2.6,0.6
527579,Bind,Dragon Ranger Gaming,0.81,158.0,62.4,109.0,1.0,2.6
527579,Bind,Xi Lai Gaming,1.21,210.4,83.4,144.6,2.6,1.0
527579,Lotus,Dragon Ranger Gaming,1.13,231.6,75.4,148.0,2.8,2.4
527579,Lotus,Xi Lai Gaming,0.99,226.8,75.4,155.8,2.4,2.8
527579,Sunset,Dragon Ranger Gaming,1.25,224.8,77.8,147.0,2.0,1.6
527579,Sunset,Xi Lai Gaming,0.77,177.0,68.8,110.8,1.6,2.0
527580,Bind,Guangzhou Huadu Bilibili Gaming,1.24,229.0,75.0,143.0,1.8,2.2
527580,Bind,TYLOO,0.8,183.6,62.0,130.6,2.2,1.8
527580,Icebox,Guangzhou Huadu Bilibili Gaming,0.93,186.6,62.0,120.4,2.0,2.4
527580,Icebox,TYLOO,1.06,215.6,72.8,145.4,2.4,2.0
527580,Lotus,Guangzhou Huadu Bilibili Gaming,,236.2,,,,
527580,Lotus,TYLOO,,188.8,,,,
527581,Haven,Dragon Ranger Gaming,1.01,207.4,71.4,139.8,2.6,2.0
527581,Haven,Guangzhou Huadu Bilibili Gaming,1.0,204.0,73.2,129.2,2.0,2.6
527581,Lotus,Dragon Ranger Gaming,0.85,196.2,63.6,130.2,2.0,2.4
527581,Lotus,Guangzhou Huadu Bilibili Gaming,1.16,227.8,80.8,135.8,2.4,2.0
527581,Sunset,Dragon Ranger Gaming,1.05,213.2,80.8,142.4,2.6,2.2
527581,Sunset,Guangzhou Huadu Bilibili Gaming,1.01,194.2,71.8,127.2,2.2,2.6
527582,Corrode,Dragon Ranger Gaming,0.93,196.2,67.6,129.6,2.4,2.2
527582,Corrode,Guangzhou Huadu Bilibili Gaming,1.07,207.6,73.2,126.6,2.2,2.4
527582,Haven,Dragon Ranger Gaming,0.86,176.0,64.0,116.8,1.6,2.6
527582,Haven,Guangzhou Huadu Bilibili Gaming,1.17,208.4,79.0,133.8,2.6,1.6
527582,Lotus,Dragon Ranger Gaming,0.87,194.8,67.4,128.0,1.6,2.8
527582,Lotus,Guangzhou Huadu Bilibili Gaming,1.15,224.8,75.2,143.4,2.8,1.6
527582,Sunset,Dragon Ranger Gaming,1.42,254.2,85.4,162.8,1.8,1.2
527582,Sunset,Guangzhou Huadu Bilibili Gaming,0.59,160.6,50.8,110.0,1.2,1.8
527583,Ascent,EDward Gaming,0.99,200.4,71.0,129.6,2.8,2.0
527583,Ascent,Trace Esports,1.05,193.2,73.4,127.2,2.0,2.8
527583,Lotus,EDward Gaming,0.93,189.6,62.0,119.4,1.4,2.6
527583,Lotus,Trace Esports,1.05,206.2,66.0,129.6,2.6,1.4
527583,Sunset,EDward Gaming,1.04,197.2,72.2,128.2,2.4,2.2
527583,Sunset,Trace Esports,0.95,190.2,71.4,122.2,2.2,2.4
527584,Haven,All Gamers,0.75,144.2,60.0,98.4,0.8,2.4
527584,Haven,FunPlus Phoenix,1.24,200.2,86.2,136.2,2.4,0.8
527584,Icebox,All Gamers,1.16,237.6,82.0,153.6,2.8,1.0
527584,Icebox,FunPlus Phoenix,0.82,187.8,64.2,124.0,1.0,2.8
527584,Sunset,All Gamers,1.01,202.4,82.8,128.0,2.8,1.8
527584,Sunset,FunPlus Phoenix,0.94,176.0,69.8,110.4,1.8,2.8
527585,Ascent,EDward Gaming,1.06,209.2,72.6,143.0,3.8,1.0
527585,Ascent,TYLOO,0.98,191.4,63.2,131.6,1.0,3.8
527585,Haven,EDward Gaming,1.17,240.0,77.8,150.4,1.2,2.0
527585,Haven,TYLOO,0.84,194.6,65.2,131.8,2.0,1.2
527586,Ascent,All Gamers,0.87,192.0,63.8,121.0,2.0,2.2
527586,Ascent,Xi Lai Gaming,1.09,214.0,74.2,141.0,2.2,2.0
527586,Icebox,All Gamers,1.08,216.2,71.0,145.8,2.2,2.2
527586,Icebox,Xi Lai Gaming,0.93,187.8,68.2,127.4,2.2,2.2
527586,Lotus,All Gamers,0.63,139.0,47.2,87.0,1.0,1.8
527586,Lotus,Xi Lai Gaming,1.38,238.4,90.2,147.4,1.8,1.0
527587,Corrode,EDward Gaming,1.19,228.6,77.6,148.0,2.0,1.6
527587,Corrode,Xi Lai Gaming,0.81,173.0,59.0,109.4,1.6,2.0
527587,Lotus,EDward Gaming,1.05,209.0,75.8,135.2,2.8,2.0
527587,Lotus,Xi Lai Gaming,0.92,182.0,62.6,114.6,2.0,2.8
527588,Ascent,EDward Gaming,0.74,156.6,53.0,104.2,1.4,2.6
527588,Ascent,Guangzhou Huadu Bilibili Gaming,1.27,229.4,79.0,144.6,2.6,1.4
527588,Bind,EDward Gaming,1.02,202.8,75.6,131.8,3.4,1.8
527588,Bind,Guangzhou Huadu Bilibili Gaming,1.02,200.2,67.8,128.2,1.8,3.4
527588,Haven,EDward Gaming,0.79,169.6,57.2,116.8,1.8,2.4
527588,Haven,Guangzhou Huadu Bilibili Gaming,1.25,223.2,81.0,144.0,2.4,1.8
527588,Lotus,EDward Gaming,0.86,199.0,62.8,128.0,3.0,1.6
527588,Lotus,Guangzhou Huadu Bilibili Gaming,1.14,215.6,78.2,144.0,1.6,3.0
530354,Corrode,Nongshim RedForce,0.99,198.0,65.4,128.8,2.8,3.2
530354,Corrode,TALON,1.01,212.8,67.2,135.8,3.2,2.8
530354,Lotus,Nongshim RedForce,0.71,145.8,58.8,92.0,0.8,2.6
530354,Lotus,TALON,1.17,203.2,85.4,133.0,2.6,0.8
530355,Bind,Rex Regum Qeon,0.87,177.6,61.8,110.0,1.6,2.8
530355,Bind,T1,1.11,204.4,75.4,130.4,2.8,1.6
530355,Haven,Rex Regum Qeon,1.2,220.8,80.0,138.6,2.4,1.6
530355,Haven,T1,0.79,173.4,62.0,110.6,1.6,2.4
530355,Sunset,Rex Regum Qeon,0.88,187.6,65.6,122.0,2.2,2.0
530355,Sunset,T1,1.12,209.6,77.2,135.6,2.0,2.2
530356,Bind,KIWOOM DRX,1.07,193.4,71.8,125.4,2.8,2.0
530356,Bind,TALON,0.9,176.4,73.4,118.6,2.0,2.8
530356,Haven,KIWOOM DRX,0.86,177.2,62.8,118.4,2.4,2.0
530356,Haven,TALON,1.07,201.6,76.6,132.8,2.0,2.4
530356,Lotus,KIWOOM DRX,0.84,175.0,64.0,110.4,1.4,2.6
530356,Lotus,TALON,1.15,202.4,80.0,127.0,2.6,1.4
530357,Bind,Paper Rex,1.25,217.0,82.0,143.6,2.0,1.8
530357,Bind,T1,0.78,173.6,67.4,113.0,1.8,2.0
530357,Sunset,Paper Rex,1.15,210.6,75.2,137.8,2.6,1.6
530357,Sunset,T1,0.85,185.2,66.8,119.8,1.6,2.6
530358,Ascent,DetonatioN FocusMe,0.92,184.6,68.8,123.0,2.2,2.4
530358,Ascent,Nongshim RedForce,1.09,190.8,79.2,125.2,2.4,2.2
530358,Lotus,DetonatioN FocusMe,0.7,159.4,57.6,107.2,1.4,2.4
530358,Lotus,Nongshim RedForce,1.24,209.6,82.0,133.6,2.4,1.4
530359,Corrode,Gen.G,0.81,168.4,64.0,109.2,1.6,2.2
530359,Corrode,Rex Regum Qeon,1.18,236.2,75.8,149.4,2.2,1.6
530359,Haven,Gen.G,1.07,191.2,69.6,125.8,2.0,2.6
530359,Haven,Rex Regum Qeon,0.94,175.2,70.4,107.4,2.6,2.0
530359,Sunset,Gen.G,0.87,167.2,64.2,109.6,3.6,1.2
530359,Sunset,Rex Regum Qeon,1.09,191.8,78.4,125.8,1.2,3.6
530360,Ascent,Nongshim RedForce,0.95,194.6,63.8,120.8,2.0,2.4
530360,Ascent,T1,1.0,196.2,64.6,126.2,2.4,2.0
530360,Lotus,Nongshim RedForce,0.79,172.4,59.0,109.6,1.2,2.6
530360,Lotus,T1,1.28,222.8,79.8,152.0,2.6,1.2
530361,Corrode,KIWOOM DRX,0.89,186.4,63.0,123.6,1.4,3.0
530361,Corrode,Rex Regum Qeon,1.04,208.8,78.0,127.8,3.0,1.4
530361,Icebox,KIWOOM DRX,0.83,185.8,68.0,126.2,1.6,2.4
530361,Icebox,Rex Regum Qeon,1.18,225.2,80.0,146.8,2.4,1.6
530362,Bind,Paper Rex,1.15,210.0,78.0,137.2,2.2,1.8
530362,Bind,TALON,0.84,172.0,70.0,112.2,1.8,2.2
530362,Haven,Paper Rex,1.08,213.0,71.8,141.0,2.6,2.2
530362,Haven,TALON,0.91,183.4,71.8,126.4,2.2,2.6
530363,Ascent,Rex Regum Qeon,1.16,213.6,74.0,144.2,2.2,1.8
530363,Ascent,T1,0.8,178.8,56.0,111.0,1.8,2.2
530363,Haven,Rex Regum Qeon,1.12,206.6,73.0,138.2,3.6,2.0
530363,Haven,T1,0.92,190.8,67.0,130.8,2.0,3.6
530363,Sunset,Rex Regum Qeon,0.95,190.8,67.8,129.2,2.6,2.2
530363,Sunset,T1,1.01,217.6,79.2,140.2,2.2,2.6
530364,Bind,Rex Regum Qeon,0.61,151.8,56.6,100.0,1.4,2.0
530364,Bind,TALON,1.37,232.4,85.6,152.4,2.0,1.4
530364,Corrode,Rex Regum Qeon,1.05,202.4,73.0,130.4,2.4,2.2
530364,Corrode,TALON,0.88,184.4,66.2,118.4,2.2,2.4
530364,Haven,Rex Regum Qeon,0.81,181.2,69.0,121.4,1.4,2.6
530364,Haven,TALON,1.14,214.8,84.0,136.2,2.6,1.4
530364,Icebox,Rex Regum Qeon,1.24,224.8,76.0,152.8,2.2,1.6
530364,Icebox,TALON,0.75,166.4,51.6,108.6,1.6,2.2
530364,Sunset,Rex Regum Qeon,1.17,217.4,76.2,144.8,2.4,2.8
530364,Sunset,TALON,0.84,193.0,69.2,125.6,2.8,2.4
530365,Ascent,Paper Rex,1.21,216.8,78.0,138.8,2.2,1.8
530365,Ascent,Rex Regum Qeon,0.77,162.4,61.0,105.4,1.8,2.2
530365,Bind,Paper Rex,1.18,215.2,80.8,141.6,3.0,1.2
530365,Bind,Rex Regum Qeon,0.8,173.4,63.8,120.8,1.2,3.0
530365,Haven,Paper Rex,1.12,204.4,78.0,133.4,2.0,2.0
530365,Haven,Rex Regum Qeon,0.89,171.4,68.0,107.8,2.0,2.0
530365,Lotus,Paper Rex,0.87,194.8,65.2,123.4,2.0,1.8
530365,Lotus,Rex Regum Qeon,1.12,211.4,71.6,142.4,1.8,2.0
530514,Corrode,Glory Once Again,0.84,186.4,60.8,116.0,1.4,2.8
530514,Corrode,Team World,1.13,214.0,73.4,144.2,2.8,1.4
530902,Corrode,Cloud9,1.13,211.0,82.8,138.2,2.2,2.4
530902,Corrode,LEVIATÁN,0.86,192.8,68.0,126.8,2.4,2.2
530902,Haven,Cloud9,0.73,170.6,66.0,110.4,1.8,2.8
530902,Haven,LEVIATÁN,1.14,220.0,81.8,145.2,2.8,1.8
530902,Lotus,Cloud9,1.08,210.2,82.6,138.4,2.6,2.2
530902,Lotus,LEVIATÁN,0.88,193.2,70.8,127.4,2.2,2.6
530903,Haven,100 Thieves,0.75,170.2,71.2,110.0,0.8,2.8
530903,Haven,G2 Esports,1.23,225.4,90.0,143.4,2.8,0.8
530903,Sunset,100 Thieves,0.67,161.2,69.4,109.0,0.6,2.8
530903,Sunset,G2 Esports,1.34,229.0,88.0,154.0,2.8,0.6
530904,Haven,LEVIATÁN,1.14,206.4,80.0,136.2,2.4,1.8
530904,Haven,VISA KRÜ,0.88,181.6,68.6,121.4,1.8,2.4
530904,Lotus,LEVIATÁN,1.09,199.0,70.8,132.0,2.6,2.6
530904,Lotus,VISA KRÜ,0.88,187.2,68.2,120.8,2.6,2.6
530904,Sunset,LEVIATÁN,0.93,195.0,74.8,125.6,1.8,2.0
530904,Sunset,VISA KRÜ,1.09,214.2,71.4,142.4,2.0,1.8
530905,Bind,100 Thieves,1.29,221.4,78.8,139.2,2.4,1.0
530905,Bind,Evil Geniuses,0.72,149.2,60.2,100.4,1.0,2.4
530905,Corrode,100 Thieves,1.14,217.8,79.2,140.0,3.6,1.6
530905,Corrode,Evil Geniuses,0.87,190.6,64.6,125.2,1.6,3.6
530906,Corrode,Cloud9,0.92,189.6,75.6,119.2,2.2,2.4
530906,Corrode,Sentinels,1.08,205.8,78.4,125.8,2.4,2.2
530906,Icebox,Cloud9,1.09,197.0,70.0,133.0,2.2,2.2
530906,Icebox,Sentinels,0.86,168.6,64.6,114.0,2.2,2.2
530906,Lotus,Cloud9,0.9,179.4,76.6,122.2,1.8,2.8
530906,Lotus,Sentinels,1.2,208.4,81.8,137.8,2.8,1.8
530907,Bind,G2 Esports,1.18,213.6,81.0,140.6,2.4,1.6
530907,Bind,NRG,0.8,167.4,59.0,109.6,1.6,2.4
530907,Corrode,G2 Esports,0.92,183.6,66.2,116.0,2.2,2.4
530907,Corrode,NRG,1.07,212.2,73.2,139.8,2.4,2.2
530907,Sunset,G2 Esports,0.99,193.0,71.6,123.6,2.8,2.0
530907,Sunset,NRG,1.01,201.0,71.8,132.6,2.0,2.8
530908,Ascent,LEVIATÁN,0.59,146.4,54.8,97.4,0.8,2.2
530908,Ascent,NRG,1.38,233.2,85.2,158.2,2.2,0.8
530908,Icebox,LEVIATÁN,0.52,144.6,57.2,96.2,0.8,2.2
530908,Icebox,NRG,1.46,253.0,93.2,162.8,2.2,0.8
530909,Haven,100 Thieves,1.01,194.4,70.0,129.8,2.2,2.2
530909,Haven,Cloud9,0.99,199.2,77.4,126.8,2.2,2.2
530909,Icebox,100 Thieves,1.0,211.4,66.8,142.4,3.0,2.2
530909,Icebox,Cloud9,1.01,213.8,76.2,149.0,2.2,3.0
530910,Bind,G2 Esports,1.09,199.0,77.2,125.8,2.0,2.2
530910,Bind,Sentinels,0.87,179.8,68.6,111.8,2.2,2.0
530910,Sunset,G2 Esports,1.02,214.0,72.0,135.4,1.6,2.8
530910,Sunset,Sentinels,1.03,216.4,75.4,144.4,2.8,1.6
530911,Corrode,Cloud9,0.6,145.6,54.6,99.6,0.2,2.8
530911,Corrode,NRG,1.43,242.4,85.4,153.8,2.8,0.2
530911,Haven,Cloud9,1.07,216.0,79.2,136.0,2.6,2.0
530911,Haven,NRG,0.96,201.8,68.6,138.2,2.0,2.6
530911,Lotus,Cloud9,0.79,181.2,65.2,118.6,2.0,2.6
530911,Lotus,NRG,1.2,222.8,80.0,141.0,2.6,2.0
530912,Corrode,NRG,1.08,205.0,78.0,130.2,2.8,1.4
530912,Corrode,Sentinels,0.82,166.8,67.6,112.0,1.4,2.8
530912,Icebox,NRG,1.03,210.8,76.0,142.0,2.6,2.2
530912,Icebox,Sentinels,0.98,205.2,72.6,137.2,2.2,2.6
530912,Lotus,NRG,1.28,223.8,81.2,141.6,1.8,1.6
530912,Lotus,Sentinels,0.73,167.8,63.6,104.4,1.6,1.8
530912,Sunset,NRG,0.89,184.0,66.2,121.6,2.0,2.6
530912,Sunset,Sentinels,1.15,214.0,77.2,135.2,2.6,2.0
530913,Ascent,G2 Esports,1.0,185.8,67.8,120.4,2.6,2.0
530913,Ascent,NRG,1.0,188.2,72.4,124.6,2.0,2.6
530913,Bind,G2 Esports,0.97,189.8,62.6,122.2,2.8,2.0
530913,Bind,NRG,1.05,199.0,71.0,127.8,2.0,2.8
530913,Lotus,G2 Esports,1.07,206.0,72.4,133.6,2.4,1.8
530913,Lotus,NRG,0.85,186.6,67.6,120.0,1.8,2.4
530924,Ascent,BBL Esports,1.16,222.8,80.0,147.2,2.6,1.4
530924,Ascent,FNATIC,0.86,174.4,64.0,118.0,1.4,2.6
530924,Corrode,BBL Esports,0.76,163.4,57.0,113.4,1.4,2.6
530924,Corrode,FNATIC,1.21,227.8,74.0,142.4,2.6,1.4
530924,Haven,BBL Esports,1.04,199.6,72.8,130.0,2.6,1.8
530924,Haven,FNATIC,0.92,189.4,64.6,125.8,1.8,2.6
530925,Ascent,GIANTX,1.14,220.6,71.8,145.0,1.8,2.0
530925,Ascent,Natus Vincere,0.87,191.2,66.2,119.2,2.0,1.8
530925,Bind,GIANTX,0.79,166.0,63.6,113.6,1.4,2.2
530925,Bind,Natus Vincere,1.27,226.8,86.6,152.8,2.2,1.4
530925,Haven,GIANTX,1.11,200.6,74.0,132.0,2.2,2.0
530925,Haven,Natus Vincere,0.86,171.8,57.8,114.6,2.0,2.2
530926,Bind,FNATIC,1.04,191.0,73.2,120.0,2.4,1.8
530926,Bind,Karmine Corp,0.93,174.6,66.8,110.4,1.8,2.4
530926,Corrode,FNATIC,1.09,210.4,73.8,141.0,2.6,2.6
530926,Corrode,Karmine Corp,0.91,187.0,64.6,123.8,2.6,2.6
530926,Haven,FNATIC,0.93,184.8,68.4,120.2,3.2,2.0
530926,Haven,Karmine Corp,0.98,198.4,68.4,126.8,2.0,3.2
530927,Bind,Natus Vincere,1.06,208.8,75.2,139.2,2.6,2.2
530927,Bind,Team Vitality,0.96,192.6,65.0,131.0,2.2,2.6
530927,Haven,Natus Vincere,1.11,206.0,80.0,131.4,2.8,1.2
530927,Haven,Team Vitality,0.85,172.2,65.0,119.2,1.2,2.8
530928,Ascent,BBL Esports,1.04,206.6,72.6,129.8,1.8,3.0
530928,Ascent,Team Heretics,1.01,202.4,70.2,136.2,3.0,1.8
530928,Icebox,BBL Esports,1.12,239.4,80.0,158.6,1.6,2.2
530928,Icebox,Team Heretics,0.84,203.4,71.4,133.0,2.2,1.6
530929,Ascent,GIANTX,0.94,185.6,70.8,125.6,3.0,2.2
530929,Ascent,Team Liquid,1.05,194.0,73.8,126.0,2.2,3.0
530929,Corrode,GIANTX,1.07,199.0,71.8,130.0,2.6,2.2
530929,Corrode,Team Liquid,0.93,179.0,64.2,120.8,2.2,2.6
530929,Sunset,GIANTX,0.78,173.8,59.0,116.0,1.8,1.6
530929,Sunset,Team Liquid,1.26,225.6,79.8,148.0,1.6,1.8
530930,Lotus,FNATIC,0.91,190.8,63.4,127.0,2.4,2.2
530930,Lotus,GIANTX,1.06,205.6,76.0,132.6,2.2,2.4
530930,Sunset,FNATIC,0.96,190.6,65.2,129.6,1.0,3.6
530930,Sunset,GIANTX,1.1,207.0,78.4,140.0,3.6,1.0
530931,Haven,Natus Vincere,1.11,214.2,75.0,137.0,1.8,2.2
530931,Haven,Team Heretics,0.81,186.8,69.0,126.0,2.2,1.8
530931,Icebox,Natus Vincere,1.38,248.0,81.6,163.8,1.6,1.6
530931,Icebox,Team Heretics,0.6,169.4,52.6,114.8,1.6,1.6
530932,Ascent,BBL Esports,0.85,187.4,62.8,120.0,2.0,2.6
530932,Ascent,Team Liquid,1.16,219.6,73.2,138.0,2.6,2.0
530932,Bind,BBL Esports,0.99,208.4,68.6,138.0,2.6,2.6
530932,Bind,Team Liquid,1.08,217.6,76.2,145.8,2.6,2.6
530932,Sunset,BBL Esports,0.99,210.0,74.0,137.6,2.2,2.4
530932,Sunset,Team Liquid,1.01,202.4,73.8,132.4,2.4,2.2
530933,Haven,GIANTX,1.33,221.8,83.2,148.4,2.6,0.8
530933,Haven,Natus Vincere,0.67,155.2,57.8,101.2,0.8,2.6
530933,Icebox,GIANTX,0.84,186.4,65.2,126.0,1.8,2.0
530933,Icebox,Natus Vincere,1.15,219.8,85.2,144.6,2.0,1.8
530933,Sunset,GIANTX,1.25,227.8,76.6,147.0,2.2,1.6
530933,Sunset,Natus Vincere,0.74,169.8,67.2,107.8,1.6,2.2
530934,Ascent,BBL Esports,0.54,132.0,40.2,92.4,0.8,2.2
530934,Ascent,GIANTX,1.51,252.4,85.4,164.0,2.2,0.8
530934,Bind,BBL Esports,0.69,144.2,49.4,102.2,0.6,3.2
530934,Bind,GIANTX,1.28,226.4,84.0,146.8,3.2,0.6
530934,Sunset,BBL Esports,0.79,165.0,59.0,108.4,1.4,2.8
530934,Sunset,GIANTX,1.15,213.8,77.0,138.4,2.8,1.4
530935,Bind,GIANTX,0.93,186.2,68.0,123.0,2.0,2.6
530935,Bind,Team Liquid,1.05,207.4,77.6,140.6,2.6,2.0
530935,Lotus,GIANTX,0.8,186.8,62.8,123.0,1.8,2.6
530935,Lotus,Team Liquid,1.23,240.6,86.2,156.0,2.6,1.8
530935,Sunset,GIANTX,0.9,198.0,66.2,137.0,2.4,2.2
530935,Sunset,Team Liquid,1.12,210.8,77.6,138.8,2.2,2.4
536176,Abyss,Precise Defeat,,,,,,
536176,Abyss,Pure Aim,,,,,,
536985,Corrode,Team Alpha,1.18,236.2,78.8,145.4,1.4,2.0
536985,Corrode,Team Omega,0.88,207.8,67.2,132.8,2.0,1.4
538583,Corrode,Team EMEA,1.07,227.6,77.0,152.0,3.2,0.8
538583,Corrode,Team France,0.91,196.0,61.0,128.0,0.8,3.2
542195,Bind,Paper Rex,1.23,225.4,80.0,152.6,2.4,2.0
542195,Bind,Xi Lai Gaming,0.76,173.8,58.4,113.2,2.0,2.4
542195,Sunset,Paper Rex,1.1,223.6,71.0,138.6,2.0,1.6
542195,Sunset,Xi Lai Gaming,0.88,193.2,68.8,130.0,1.6,2.0
542196,Corrode,GIANTX,0.71,141.8,52.6,91.2,1.6,2.2
542196,Corrode,Sentinels,1.26,206.6,81.0,121.6,2.2,1.6
542196,Haven,GIANTX,1.04,208.6,79.2,135.2,2.2,2.2
542196,Haven,Sentinels,0.86,182.4,66.4,125.2,2.2,2.2
542196,Sunset,GIANTX,1.29,232.6,84.6,149.8,2.2,1.2
542196,Sunset,Sentinels,0.73,162.0,62.2,104.8,1.2,2.2
542197,Ascent,GIANTX,1.15,213.4,77.6,138.2,2.0,2.8
542197,Ascent,Paper Rex,0.9,187.4,72.6,120.6,2.8,2.0
542197,Lotus,GIANTX,0.9,175.6,67.0,116.2,3.0,1.6
542197,Lotus,Paper Rex,1.09,200.4,76.8,131.2,1.6,3.0
542197,Sunset,GIANTX,0.79,168.0,56.0,116.2,1.8,2.0
542197,Sunset,Paper Rex,1.19,219.2,80.0,139.2,2.0,1.8
542198,Abyss,Sentinels,1.03,190.8,79.2,124.6,2.6,2.0
542198,Abyss,Xi Lai Gaming,0.91,166.6,72.4,112.2,2.0,2.6
542198,Haven,Sentinels,0.75,156.8,59.0,106.8,1.2,3.0
542198,Haven,Xi Lai Gaming,1.23,221.6,81.0,144.2,3.0,1.2
542198,Lotus,Sentinels,0.94,181.0,71.8,121.2,2.0,2.8
542198,Lotus,Xi Lai Gaming,1.06,202.4,80.2,127.8,2.8,2.0
542199,Ascent,GIANTX,1.14,207.8,75.6,131.6,2.2,2.4
542199,Ascent,Xi Lai Gaming,0.89,179.0,68.8,115.4,2.4,2.2
542199,Bind,GIANTX,0.96,193.0,64.8,128.6,3.0,2.2
542199,Bind,Xi Lai Gaming,1.03,211.0,74.6,137.6,2.2,3.0
542200,Corrode,Guangzhou Huadu Bilibili Gaming,0.89,172.0,60.2,111.6,2.0,2.4
542200,Corrode,MIBR,1.12,207.8,76.4,134.2,2.4,2.0
542200,Haven,Guangzhou Huadu Bilibili Gaming,0.54,136.2,59.0,92.0,1.0,2.0
542200,Haven,MIBR,1.37,220.2,88.0,149.6,2.0,1.0
542201,Abyss,FNATIC,1.17,220.6,84.0,143.0,3.0,0.8
542201,Abyss,Rex Regum Qeon,0.71,168.6,66.0,107.4,0.8,3.0
542201,Ascent,FNATIC,1.13,191.6,69.4,128.8,2.0,2.6
542201,Ascent,Rex Regum Qeon,0.88,182.2,65.6,121.4,2.6,2.0
542202,Abyss,FNATIC,1.15,198.2,74.0,139.0,2.2,1.6
542202,Abyss,MIBR,0.78,180.0,66.0,112.4,1.6,2.2
542202,Bind,FNATIC,0.8,173.8,60.2,118.0,1.6,2.0
542202,Bind,MIBR,1.18,223.0,82.2,139.6,2.0,1.6
542202,Haven,FNATIC,1.04,187.6,74.2,123.2,2.4,2.2
542202,Haven,MIBR,0.86,169.4,70.6,111.8,2.2,2.4
542203,Abyss,Guangzhou Huadu Bilibili Gaming,0.64,147.8,50.6,102.4,0.8,2.6
542203,Abyss,Rex Regum Qeon,1.43,229.2,83.2,147.2,2.6,0.8
542203,Lotus,Guangzhou Huadu Bilibili Gaming,0.91,188.4,68.4,122.0,2.0,2.2
542203,Lotus,Rex Regum Qeon,1.07,206.0,72.2,134.0,2.2,2.0
542203,Sunset,Guangzhou Huadu Bilibili Gaming,1.24,206.4,81.0,131.4,2.4,1.6
542203,Sunset,Rex Regum Qeon,0.74,160.2,60.0,105.2,1.6,2.4
542204,Abyss,MIBR,1.2,206.8,78.8,134.4,2.2,1.4
542204,Abyss,Rex Regum Qeon,0.79,165.8,57.6,113.4,1.4,2.2
542204,Corrode,MIBR,1.29,218.4,83.4,137.4,2.6,1.0
542204,Corrode,Rex Regum Qeon,0.68,138.8,60.0,92.4,1.0,2.6
542205,Abyss,KIWOOM DRX,1.06,185.6,81.0,126.6,2.2,2.0
542205,Abyss,Team Liquid,0.91,172.4,66.6,111.6,2.0,2.2
542205,Bind,KIWOOM DRX,1.09,198.4,75.6,128.4,2.8,1.8
542205,Bind,Team Liquid,0.86,163.8,53.0,106.8,1.8,2.8
542207,Abyss,EDward Gaming,0.96,195.6,70.8,128.8,3.2,3.2
542207,Abyss,NRG,1.05,216.2,69.0,146.6,3.2,3.2
542207,Corrode,EDward Gaming,1.01,200.6,73.4,133.4,3.0,1.8
542207,Corrode,NRG,1.06,210.2,73.2,141.4,1.8,3.0
542208,Corrode,KIWOOM DRX,0.98,195.8,73.4,126.8,3.2,1.6
542208,Corrode,NRG,1.0,195.4,71.8,124.0,1.6,3.2
542208,Haven,KIWOOM DRX,1.17,202.8,72.8,129.2,1.8,1.6
542208,Haven,NRG,0.83,178.0,64.6,112.6,1.6,1.8
542208,Lotus,KIWOOM DRX,0.91,189.8,67.6,127.8,1.8,3.0
542208,Lotus,NRG,1.12,205.4,77.6,132.0,3.0,1.8
542209,Abyss,EDward Gaming,0.7,150.2,53.4,96.2,1.4,2.4
542209,Abyss,Team Liquid,1.17,222.0,82.0,144.0,2.4,1.4
542209,Bind,EDward Gaming,0.95,190.8,67.2,124.0,3.0,2.6
542209,Bind,Team Liquid,1.03,201.4,68.4,130.4,2.6,3.0
542209,Sunset,EDward Gaming,1.32,227.2,80.2,142.0,2.0,1.2
542209,Sunset,Team Liquid,0.66,147.4,64.0,100.8,1.2,2.0
542210,Abyss,KIWOOM DRX,1.13,208.6,71.0,136.4,2.2,1.8
542210,Abyss,Team Liquid,0.83,178.0,64.0,118.2,1.8,2.2
542210,Corrode,KIWOOM DRX,1.02,193.6,76.0,130.6,2.8,1.4
542210,Corrode,Team Liquid,0.95,177.8,66.6,119.0,1.4,2.8
542211,Corrode,G2 Esports,0.83,165.0,61.6,106.0,1.6,3.0
542211,Corrode,Team Heretics,1.2,208.8,82.6,133.8,3.0,1.6
542211,Lotus,G2 Esports,0.94,196.4,67.8,127.0,1.8,2.8
542211,Lotus,Team Heretics,1.14,215.2,74.0,149.6,2.8,1.8
542212,Lotus,Dragon Ranger Gaming,0.99,206.8,75.6,134.2,2.8,2.8
542212,Lotus,T1,1.03,205.4,69.8,131.6,2.8,2.8
542212,Sunset,Dragon Ranger Gaming,1.0,200.4,72.8,131.8,3.2,2.8
542212,Sunset,T1,0.99,207.4,73.4,130.8,2.8,3.2
542213,Lotus,T1,0.88,183.0,64.4,114.2,2.0,2.6
542213,Lotus,Team Heretics,1.12,219.8,80.8,138.4,2.6,2.0
542213,Sunset,T1,1.02,201.2,71.8,130.8,2.8,2.0
542213,Sunset,Team Heretics,0.96,191.4,68.4,125.6,2.0,2.8
542214,Abyss,Dragon Ranger Gaming,0.88,188.4,74.0,125.8,2.2,1.8
542214,Abyss,G2 Esports,1.14,210.8,75.0,143.6,1.8,2.2
542214,Lotus,Dragon Ranger Gaming,0.8,177.8,70.0,113.2,2.2,1.8
542214,Lotus,G2 Esports,1.12,204.8,78.0,134.0,1.8,2.2
542215,Corrode,G2 Esports,1.24,216.8,78.8,134.8,3.0,1.2
542215,Corrode,T1,0.74,162.4,59.0,108.2,1.2,3.0
542215,Lotus,G2 Esports,1.12,210.2,78.0,137.8,2.2,2.2
542215,Lotus,T1,0.86,185.4,69.0,119.8,2.2,2.2
542264,Ascent,FNATIC,0.99,188.6,65.8,122.2,2.0,2.2
542264,Ascent,KIWOOM DRX,1.02,198.0,72.2,132.0,2.2,2.0
542264,Haven,FNATIC,1.06,196.0,71.0,136.2,2.4,2.4
542264,Haven,KIWOOM DRX,0.9,177.6,67.6,118.2,2.4,2.4
542264,Lotus,FNATIC,1.21,202.4,80.0,134.4,2.0,1.6
542264,Lotus,KIWOOM DRX,0.78,163.4,65.4,105.6,1.6,2.0
542265,Ascent,G2 Esports,0.98,204.0,68.6,135.8,2.6,2.2
542265,Ascent,Paper Rex,1.04,209.8,73.4,139.8,2.2,2.6
542265,Corrode,G2 Esports,1.0,203.0,70.8,132.0,3.4,2.2
542265,Corrode,Paper Rex,1.0,207.0,72.0,133.8,2.2,3.4
542265,Lotus,G2 Esports,0.96,196.6,71.0,128.0,3.0,1.8
542265,Lotus,Paper Rex,1.01,202.2,67.6,131.2,1.8,3.0
542266,Corrode,MIBR,1.07,201.8,78.6,131.4,2.2,3.0
542266,Corrode,Team Heretics,0.86,173.6,67.6,121.0,3.0,2.2
542266,Sunset,MIBR,1.27,232.0,84.0,153.2,3.0,0.8
542266,Sunset,Team Heretics,0.68,157.4,51.6,98.8,0.8,3.0
542267,Haven,GIANTX,0.51,124.4,61.2,85.4,1.4,1.4
542267,Haven,NRG,1.43,226.6,87.4,146.2,1.4,1.4
542267,Lotus,GIANTX,0.73,158.2,66.2,106.0,1.4,2.4
542267,Lotus,NRG,1.25,220.8,83.2,137.6,2.4,1.4
542268,Bind,FNATIC,0.97,191.2,69.6,130.2,2.6,2.0
542268,Bind,Paper Rex,1.03,193.0,71.4,133.4,2.0,2.6
542268,Haven,FNATIC,1.25,220.0,76.4,141.2,2.2,1.2
542268,Haven,Paper Rex,0.66,156.6,53.0,96.6,1.2,2.2
542268,Lotus,FNATIC,1.14,219.0,79.0,146.8,2.0,2.4
542268,Lotus,Paper Rex,0.9,193.6,76.4,134.2,2.4,2.0
542269,Abyss,MIBR,1.05,192.0,75.4,125.4,3.2,2.6
542269,Abyss,NRG,0.89,164.0,63.8,104.4,2.6,3.2
542269,Corrode,MIBR,0.91,178.6,68.6,109.8,3.6,2.4
542269,Corrode,NRG,1.06,192.4,74.6,133.4,2.4,3.6
542269,Haven,MIBR,1.39,227.8,84.4,140.2,3.0,0.4
542269,Haven,NRG,0.61,143.8,50.6,101.8,0.4,3.0
542270,Abyss,FNATIC,0.71,143.2,60.0,99.2,2.2,1.4
542270,Abyss,NRG,1.19,210.6,77.8,138.6,1.4,2.2
542270,Ascent,FNATIC,1.0,191.0,67.0,125.4,3.2,2.0
542270,Ascent,NRG,1.03,211.0,73.2,133.8,2.0,3.2
542272,Abyss,FNATIC,1.02,180.2,63.6,118.0,3.2,2.4
542272,Abyss,NRG,0.95,180.6,69.0,120.0,2.4,3.2
542272,Ascent,FNATIC,1.06,209.4,74.0,137.6,2.4,1.8
542272,Ascent,NRG,0.95,195.4,71.2,119.0,1.8,2.4
542272,Corrode,FNATIC,0.63,145.8,52.6,98.2,1.2,2.0
542272,Corrode,NRG,1.33,240.0,86.4,146.8,2.0,1.2
542272,Lotus,FNATIC,0.92,188.4,66.4,126.8,2.0,1.8
542272,Lotus,NRG,1.06,194.2,75.8,116.8,1.8,2.0
542272,Sunset,FNATIC,0.84,186.2,70.0,121.2,1.4,2.2
542272,Sunset,NRG,1.15,222.0,83.2,147.4,2.2,1.4
542273,Abyss,G2 Esports,0.92,191.4,70.6,125.0,1.8,2.8
542273,Abyss,KIWOOM DRX,1.05,206.6,73.2,127.2,2.8,1.8
542273,Bind,G2 Esports,0.77,162.4,64.0,100.8,1.4,2.6
542273,Bind,KIWOOM DRX,1.19,208.0,77.0,128.4,2.6,1.4
542273,Lotus,G2 Esports,1.21,218.8,75.0,139.4,2.8,1.2
542273,Lotus,KIWOOM DRX,0.8,160.8,58.0,103.2,1.2,2.8
542274,Ascent,GIANTX,0.75,157.6,66.0,102.0,1.2,2.2
542274,Ascent,Team Heretics,1.26,227.2,85.6,143.4,2.2,1.2
542274,Bind,GIANTX,1.02,209.0,70.0,133.2,2.6,1.8
542274,Bind,Team Heretics,0.99,197.8,70.0,125.2,1.8,2.6
542274,Lotus,GIANTX,1.34,230.8,78.8,146.6,2.2,1.0
542274,Lotus,Team Heretics,0.61,140.0,50.0,89.6,1.0,2.2
542276,Ascent,KIWOOM DRX,0.99,201.0,67.8,132.4,2.6,3.0
542276,Ascent,MIBR,0.99,193.0,68.6,126.6,3.0,2.6
542276,Bind,KIWOOM DRX,0.99,186.0,68.0,121.0,2.0,2.4
542276,Bind,MIBR,0.98,183.6,77.2,120.0,2.4,2.0
542276,Sunset,KIWOOM DRX,0.82,163.0,55.4,109.4,1.4,3.2
542276,Sunset,MIBR,1.14,209.0,76.6,140.2,3.2,1.4
542277,Ascent,Paper Rex,1.05,208.4,75.2,129.6,2.6,2.2
542277,Ascent,Team Heretics,0.98,189.0,69.4,126.4,2.2,2.6
542277,Bind,Paper Rex,0.94,205.2,70.2,132.0,2.0,2.4
542277,Bind,Team Heretics,1.04,197.2,71.8,123.0,2.4,2.0
542277,Lotus,Paper Rex,1.29,231.4,77.6,152.8,1.2,2.2
542277,Lotus,Team Heretics,0.8,184.6,65.8,127.6,2.2,1.2
542278,Ascent,KIWOOM DRX,1.06,205.6,70.6,135.2,3.0,2.6
542278,Ascent,Paper Rex,0.94,187.6,66.4,127.4,2.6,3.0
542278,Lotus,KIWOOM DRX,1.24,208.6,72.2,136.4,2.4,1.8
542278,Lotus,Paper Rex,0.73,157.0,60.0,106.2,1.8,2.4
542279,Bind,FNATIC,1.21,216.2,75.0,135.8,2.0,1.4
542279,Bind,KIWOOM DRX,0.73,154.0,54.2,95.8,1.4,2.0
542279,Corrode,FNATIC,1.38,227.0,79.8,152.6,2.2,1.0
542279,Corrode,KIWOOM DRX,0.56,142.2,53.8,91.2,1.0,2.2
542279,Haven,FNATIC,1.06,194.2,70.0,125.2,2.2,2.6
542279,Haven,KIWOOM DRX,0.93,182.4,68.4,117.2,2.6,2.2
542279,Sunset,FNATIC,0.88,166.6,63.0,111.6,1.8,2.4
542279,Sunset,KIWOOM DRX,1.06,199.2,71.6,131.2,2.4,1.8
594740,Haven,Karmine Corp,0.78,167.2,68.0,108.4,1.4,2.6
594740,Haven,Natus Vincere,1.22,224.6,80.0,153.0,2.6,1.4
594740,Split,Karmine Corp,0.97,185.8,70.2,124.6,2.4,2.4
594740,Split,Natus Vincere,0.95,188.8,70.2,120.6,2.4,2.4
594741,Abyss,FUT Esports,0.79,156.0,62.8,102.6,1.2,2.8
594741,Abyss,Gentle Mates,1.06,193.2,75.0,128.8,2.8,1.2
594741,Split,FUT Esports,0.79,177.6,67.4,114.0,2.0,1.8
594741,Split,Gentle Mates,1.2,226.2,71.6,144.0,1.8,2.0
594742,Abyss,BBL Esports,0.81,171.8,60.0,120.0,1.8,2.2
594742,Abyss,PCIFIC Esports,1.2,207.4,71.0,136.4,2.2,1.8
594742,Breeze,BBL Esports,1.05,210.2,74.0,144.8,2.4,2.2
594742,Breeze,PCIFIC Esports,0.91,184.8,67.2,125.8,2.2,2.4
594742,Pearl,BBL Esports,1.23,229.2,76.4,149.0,1.6,1.8
594742,Pearl,PCIFIC Esports,0.75,160.6,60.0,98.6,1.8,1.6
594743,Breeze,Team Vitality,1.31,236.8,82.6,145.0,2.2,1.0
594743,Breeze,ULF Esports,0.61,132.0,49.0,86.2,1.0,2.2
594743,Corrode,Team Vitality,1.48,252.6,91.6,179.6,2.0,0.8
594743,Corrode,ULF Esports,0.56,150.4,61.6,102.4,0.8,2.0
594744,Bind,Natus Vincere,1.14,220.2,80.0,147.0,2.6,2.0
594744,Bind,Team Heretics,0.88,183.2,63.6,121.2,2.0,2.6
594744,Haven,Natus Vincere,0.87,174.6,63.6,119.8,2.2,2.6
594744,Haven,Team Heretics,1.11,196.8,72.6,126.6,2.6,2.2
594744,Split,Natus Vincere,1.28,215.0,82.0,148.6,2.8,1.0
594744,Split,Team Heretics,0.73,146.2,54.8,101.8,1.0,2.8
594745,Bind,GIANTX,0.82,183.6,61.8,121.0,2.6,2.0
594745,Bind,Gentle Mates,1.11,223.6,80.0,134.2,2.0,2.6
594745,Pearl,GIANTX,0.87,172.0,72.2,110.8,2.4,2.2
594745,Pearl,Gentle Mates,1.11,188.2,77.4,128.4,2.2,2.4
594746,Breeze,BBL Esports,1.01,207.4,72.6,136.4,2.6,2.2
594746,Breeze,FNATIC,0.95,193.4,61.6,125.4,2.2,2.6
594746,Haven,BBL Esports,1.16,226.6,85.8,145.0,2.4,1.0
594746,Haven,FNATIC,0.75,178.2,58.8,116.0,1.0,2.4
594747,Breeze,Team Liquid,0.9,167.2,59.4,112.6,1.8,3.0
594747,Breeze,Team Vitality,0.99,188.8,72.6,121.4,3.0,1.8
594747,Corrode,Team Liquid,0.93,176.4,67.4,111.2,2.4,2.0
594747,Corrode,Team Vitality,1.04,186.6,67.6,122.8,2.0,2.4
594747,Pearl,Team Liquid,1.13,220.8,73.8,144.6,2.8,2.4
594747,Pearl,Team Vitality,0.83,178.8,60.2,116.4,2.4,2.8
594748,Abyss,Gentle Mates,1.17,219.6,76.0,139.8,2.8,1.2
594748,Abyss,Natus Vincere,0.75,166.4,59.0,107.0,1.2,2.8
594748,Bind,Gentle Mates,1.12,211.0,77.4,138.0,2.0,2.4
594748,Bind,Natus Vincere,0.9,183.2,73.8,126.6,2.4,2.0
594749,Abyss,BBL Esports,1.09,208.6,76.0,133.8,2.0,2.2
594749,Abyss,Team Vitality,0.83,180.6,66.6,121.0,2.2,2.0
594749,Haven,BBL Esports,1.09,209.0,76.2,137.2,3.0,1.6
594749,Haven,Team Vitality,0.87,189.8,65.4,127.2,1.4,2.8
594750,Abyss,BBL Esports,0.93,185.2,61.4,124.6,2.6,3.0
594750,Abyss,Gentle Mates,0.99,198.0,73.0,133.0,3.0,2.6
594750,Corrode,BBL Esports,1.17,203.8,73.6,132.0,1.8,2.0
594750,Corrode,Gentle Mates,0.81,161.8,57.8,111.2,2.0,1.8
594750,Haven,BBL Esports,0.98,201.0,73.4,131.0,2.2,2.6
594750,Haven,Gentle Mates,1.01,195.4,68.4,131.6,2.6,2.2
594750,Pearl,BBL Esports,0.99,199.4,73.2,123.6,3.6,2.4
594750,Pearl,Gentle Mates,0.98,200.6,71.2,130.8,2.4,3.6
594750,Split,BBL Esports,0.73,164.2,51.8,107.6,1.4,2.0
594750,Split,Gentle Mates,1.24,215.2,77.4,140.2,2.0,1.4
594751,Abyss,Karmine Corp,1.36,238.6,81.4,151.2,2.2,0.8
594751,Abyss,Team Liquid,0.6,152.0,60.0,104.2,0.8,2.2
594751,Breeze,Karmine Corp,0.79,182.4,71.2,115.0,1.4,3.2
594751,Breeze,Team Liquid,1.23,225.8,81.0,151.8,3.2,1.4
594751,Split,Karmine Corp,0.84,173.0,65.8,114.0,1.8,2.4
594751,Split,Team Liquid,1.1,205.0,80.8,138.8,2.4,1.8
594752,Abyss,FNATIC,1.34,228.6,87.8,151.4,2.6,0.6
594752,Abyss,FUT Esports,0.58,147.4,50.2,94.4,0.6,2.6
594752,Corrode,FNATIC,1.02,201.0,68.2,127.8,3.4,3.4
594752,Corrode,FUT Esports,1.0,198.6,73.2,128.6,3.4,3.4
594752,Split,FNATIC,1.15,210.2,78.6,145.2,2.8,3.2
594752,Split,FUT Esports,0.83,176.2,63.8,118.8,3.2,2.8
594753,Abyss,GIANTX,1.07,201.4,75.2,132.4,2.6,1.6
594753,Abyss,PCIFIC Esports,0.94,196.0,72.2,125.4,1.6,2.6
594753,Bind,GIANTX,0.92,190.8,65.8,126.0,2.8,2.4
594753,Bind,PCIFIC Esports,1.09,203.0,69.2,130.6,2.4,2.8
594753,Split,GIANTX,1.07,200.4,80.0,132.6,2.8,1.8
594753,Split,PCIFIC Esports,0.94,184.8,69.4,124.4,1.8,2.8
594754,Bind,Team Heretics,1.17,227.8,82.6,149.6,2.8,1.4
594754,Bind,ULF Esports,0.83,194.0,69.4,125.4,1.4,2.8
594754,Haven,Team Heretics,1.18,228.2,82.0,144.8,2.8,1.2
594754,Haven,ULF Esports,0.8,191.2,59.0,124.2,1.2,2.8
594755,Corrode,FNATIC,1.18,227.0,69.0,146.0,1.8,1.8
594755,Corrode,Team Liquid,0.75,175.6,64.6,114.4,1.8,1.8
594755,Split,FNATIC,1.11,208.0,74.4,137.0,2.2,2.2
594755,Split,Team Liquid,0.86,170.8,61.8,116.0,2.2,2.2
594756,Abyss,GIANTX,0.99,201.0,70.6,132.4,1.6,3.0
594756,Abyss,Team Heretics,0.99,211.0,71.4,133.0,3.0,1.6
594756,Haven,GIANTX,1.2,218.6,73.0,142.8,2.6,1.4
594756,Haven,Team Heretics,0.79,169.4,62.0,109.0,1.4,2.6
594757,Bind,FNATIC,0.99,196.6,70.8,130.0,3.8,2.6
594757,Bind,Natus Vincere,0.98,192.0,66.4,127.4,2.6,3.8
594757,Breeze,FNATIC,0.72,156.2,62.0,101.0,1.8,2.0
594757,Breeze,Natus Vincere,1.19,202.4,68.6,128.8,2.0,1.8
594757,Split,FNATIC,1.05,207.8,74.0,129.8,2.6,2.0
594757,Split,Natus Vincere,0.91,198.4,71.4,130.4,2.0,2.6
594758,Abyss,GIANTX,0.37,115.8,47.6,75.0,0.8,1.8
594758,Abyss,Team Vitality,1.59,238.2,94.0,168.0,1.8,0.8
594758,Breeze,GIANTX,0.96,183.2,68.4,122.4,2.0,2.8
594758,Breeze,Team Vitality,1.03,198.4,64.6,135.2,2.8,2.0
594759,Abyss,FNATIC,1.17,205.4,76.6,134.0,2.4,1.2
594759,Abyss,Team Vitality,0.8,168.0,66.8,110.6,1.2,2.4
594759,Bind,FNATIC,1.16,216.0,79.0,136.2,2.2,2.0
594759,Bind,Team Vitality,0.77,160.8,60.0,109.0,2.0,2.2
594760,Abyss,FNATIC,1.08,205.6,70.6,131.2,1.8,2.8
594760,Abyss,Gentle Mates,0.9,191.2,68.0,126.2,2.8,1.8
594760,Bind,FNATIC,0.89,192.4,70.0,130.0,2.4,2.8
594760,Bind,Gentle Mates,1.04,204.4,69.4,126.0,2.8,2.4
594760,Corrode,FNATIC,1.0,205.2,66.6,138.6,3.0,3.0
594760,Corrode,Gentle Mates,0.96,208.4,68.6,132.0,3.0,3.0
594760,Haven,FNATIC,0.89,177.8,70.2,123.8,2.0,3.2
594760,Haven,Gentle Mates,1.1,192.2,76.8,131.6,3.2,2.0
594760,Split,FNATIC,0.85,177.2,65.0,118.2,2.4,1.4
594760,Split,Gentle Mates,1.09,197.0,70.4,125.8,1.4,2.4
594761,Haven,FUT Esports,0.95,192.0,66.2,124.4,2.4,2.8
594761,Haven,Karmine Corp,1.06,212.4,78.6,133.6,2.8,2.4
594761,Pearl,FUT Esports,0.79,159.6,62.0,104.0,1.8,2.2
594761,Pearl,Karmine Corp,1.16,205.8,81.0,136.8,2.2,1.8
594761,Split,FUT Esports,1.13,207.8,74.4,136.4,2.0,2.2
594761,Split,Karmine Corp,0.8,175.4,58.8,112.0,2.2,2.0
594762,Abyss,PCIFIC Esports,0.9,192.8,71.4,128.8,1.2,2.8
594762,Abyss,ULF Esports,1.04,212.2,80.0,134.8,2.8,1.2
594762,Split,PCIFIC Esports,0.74,151.4,61.2,96.0,1.4,2.2
594762,Split,ULF Esports,1.14,207.8,76.6,132.6,2.2,1.4
594763,Abyss,Karmine Corp,1.49,247.6,86.8,161.2,2.0,1.0
594763,Abyss,Team Heretics,0.55,139.4,53.4,95.4,1.0,2.0
594763,Corrode,Karmine Corp,0.97,192.6,75.0,121.2,1.4,3.4
594763,Corrode,Team Heretics,1.03,197.8,78.6,129.2,3.4,1.4
594763,Haven,Karmine Corp,0.9,183.8,69.4,128.2,2.0,2.2
594763,Haven,Team Heretics,1.1,209.6,76.2,141.4,2.2,2.0
594764,Breeze,Team Liquid,1.18,209.4,78.8,144.8,2.2,1.4
594764,Breeze,ULF Esports,0.75,164.4,63.4,103.2,1.4,2.2
594764,Pearl,Team Liquid,1.13,208.0,82.4,130.6,3.6,1.6
594764,Pearl,ULF Esports,0.85,181.4,63.8,115.0,1.6,3.6
594764,Split,Team Liquid,1.02,210.8,75.0,138.2,1.8,2.4
594764,Split,ULF Esports,0.94,202.2,73.2,124.0,2.4,1.8
594765,Breeze,Natus Vincere,0.68,162.4,54.2,113.8,1.0,2.4
594765,Breeze,Team Heretics,1.29,228.2,88.0,156.8,2.4,1.0
594765,Haven,Natus Vincere,0.72,175.8,55.6,122.4,0.6,3.0
594765,Haven,Team Heretics,1.28,240.0,83.2,144.0,3.0,0.6
594766,Bind,GIANTX,0.98,194.6,69.2,128.2,3.0,3.0
594766,Bind,Team Liquid,1.07,206.2,74.0,138.8,3.0,3.0
594766,Breeze,GIANTX,0.69,147.8,54.2,97.8,0.8,2.6
594766,Breeze,Team Liquid,1.26,213.2,82.2,141.6,2.6,0.8
594766,Pearl,GIANTX,1.18,224.0,84.0,146.0,2.8,1.0
594766,Pearl,Team Liquid,0.82,180.2,71.6,123.4,1.0,2.8
594767,Abyss,Team Heretics,0.9,187.8,67.6,123.6,2.8,1.8
594767,Abyss,Team Liquid,1.03,206.8,76.6,139.8,1.8,2.8
594767,Bind,Team Heretics,0.66,149.8,57.8,100.6,1.6,1.6
594767,Bind,Team Liquid,1.3,231.8,94.0,159.4,1.6,1.6
594768,Bind,Team Liquid,1.27,237.6,89.0,147.2,2.2,1.0
594768,Bind,Team Vitality,0.71,166.0,60.2,116.6,1.0,2.2
594768,Breeze,Team Liquid,0.98,197.4,69.2,133.8,1.8,2.6
594768,Breeze,Team Vitality,1.02,207.6,75.4,136.6,2.6,1.8
594768,Corrode,Team Liquid,0.87,181.8,67.6,119.4,1.6,2.6
594768,Corrode,Team Vitality,1.11,204.2,80.8,130.4,2.6,1.6
594769,Abyss,FNATIC,1.03,201.6,69.6,134.4,3.8,3.0
594769,Abyss,Team Liquid,0.97,189.8,65.6,124.4,3.0,3.8
594769,Bind,FNATIC,0.9,182.0,65.2,120.8,2.6,2.0
594769,Bind,Team Liquid,1.11,213.8,78.4,138.8,2.0,2.6
594769,Corrode,FNATIC,0.82,185.2,66.4,115.8,1.8,2.0
594769,Corrode,Team Liquid,1.14,215.2,80.0,137.0,2.0,1.8
595630,Haven,Nongshim RedForce,1.22,215.8,84.4,134.4,2.2,1.4
595630,Haven,Team Secret,0.68,152.0,59.0,99.4,1.4,2.2
595630,Split,Nongshim RedForce,1.06,198.4,73.2,125.0,2.6,1.6
595630,Split,Team Secret,0.93,197.0,71.2,128.2,1.6,2.6
595631,Corrode,FULL SENSE,1.26,224.2,83.2,136.4,1.2,2.2
595631,Corrode,ZETA DIVISION,0.63,160.0,60.2,96.0,2.2,1.2
595631,Split,FULL SENSE,1.45,246.2,89.4,156.6,1.6,1.4
595631,Split,ZETA DIVISION,0.53,149.8,48.0,98.8,1.4,1.6
595632,Abyss,Global Esports,1.14,208.6,73.0,130.0,1.8,2.0
595632,Abyss,VARREL,0.76,172.8,64.0,116.2,2.0,1.8
595632,Split,Global Esports,1.27,233.0,85.0,154.0,1.8,2.2
595632,Split,VARREL,0.67,181.0,56.0,118.2,2.2,1.8
595633,Abyss,DetonatioN FocusMe,1.14,210.6,76.2,136.6,2.6,1.6
595633,Abyss,Gen.G,0.8,175.6,62.8,114.2,1.6,2.6
595633,Pearl,DetonatioN FocusMe,1.02,198.6,74.8,133.4,2.4,2.2
595633,Pearl,Gen.G,0.99,186.2,76.8,125.8,2.2,2.4
595634,Corrode,Nongshim RedForce,1.07,193.0,71.0,123.2,1.8,2.6
595634,Corrode,T1,0.9,180.4,70.2,116.2,2.6,1.8
595634,Haven,Nongshim RedForce,1.31,228.8,85.6,147.0,2.4,1.0
595634,Haven,T1,0.68,165.0,55.4,106.6,1.0,2.4
595634,Split,Nongshim RedForce,0.77,179.0,61.0,114.2,1.4,3.0
595634,Split,T1,1.2,228.4,85.4,146.2,3.0,1.4
595635,Breeze,FULL SENSE,0.9,188.6,67.8,119.2,2.0,2.6
595635,Breeze,KIWOOM DRX,1.03,208.8,70.4,137.8,2.6,2.0
595635,Pearl,FULL SENSE,1.17,217.8,80.0,142.2,2.0,2.2
595635,Pearl,KIWOOM DRX,0.81,165.6,64.6,105.0,2.2,2.0
595635,Split,FULL SENSE,1.07,201.4,78.2,128.0,2.0,2.2
595635,Split,KIWOOM DRX,0.83,185.6,67.6,114.4,2.2,2.0
595636,Bind,Global Esports,0.92,198.4,74.0,127.6,2.4,2.2
595636,Bind,Paper Rex,1.05,212.6,73.2,140.8,2.2,2.4
595636,Breeze,Global Esports,0.94,190.6,68.8,132.0,2.4,2.2
595636,Breeze,Paper Rex,1.04,216.6,75.6,145.8,2.2,2.4
595636,Split,Global Esports,1.18,220.4,85.4,142.0,1.8,1.8
595636,Split,Paper Rex,0.78,172.0,58.8,108.6,1.8,1.8
595637,Corrode,DetonatioN FocusMe,0.78,169.6,62.6,106.2,2.0,1.6
595637,Corrode,Rex Regum Qeon,1.18,215.2,78.8,138.0,1.6,2.0
595637,Haven,DetonatioN FocusMe,0.86,190.2,67.8,120.6,2.6,2.0
595637,Haven,Rex Regum Qeon,1.09,208.2,67.8,138.8,2.0,2.6
595638,Bind,FULL SENSE,0.55,141.2,53.2,89.8,1.2,1.8
595638,Bind,Nongshim RedForce,1.38,241.4,90.8,151.6,1.8,1.2
595638,Split,FULL SENSE,0.98,195.4,72.2,130.6,3.2,2.0
595638,Split,Nongshim RedForce,1.03,206.0,70.0,132.4,2.0,3.2
595639,Bind,Paper Rex,0.83,178.4,60.0,114.2,1.4,2.4
595639,Bind,Rex Regum Qeon,1.16,216.8,75.8,148.8,2.4,1.4
595639,Pearl,Paper Rex,0.73,153.2,55.4,107.8,1.4,2.2
595639,Pearl,Rex Regum Qeon,1.23,211.6,78.8,143.0,2.2,1.4
595640,Abyss,Nongshim RedForce,0.96,183.0,68.4,118.2,2.8,2.0
595640,Abyss,Rex Regum Qeon,1.0,181.0,75.0,118.4,2.0,2.8
595640,Bind,Nongshim RedForce,1.02,184.4,67.6,113.8,2.4,1.8
595640,Bind,Rex Regum Qeon,0.86,170.6,65.6,112.0,1.8,2.4
595640,Breeze,Nongshim RedForce,1.05,195.4,69.0,128.6,2.8,1.2
595640,Breeze,Rex Regum Qeon,0.94,187.8,77.0,124.6,1.2,2.8
595640,Corrode,Nongshim RedForce,0.92,193.8,63.2,122.2,2.4,2.8
595640,Corrode,Rex Regum Qeon,1.08,210.4,77.0,143.2,2.8,2.4
595640,Haven,Nongshim RedForce,1.15,225.4,83.2,145.6,1.8,1.8
595640,Haven,Rex Regum Qeon,0.87,182.2,67.8,121.2,1.8,1.8
595641,Bind,DetonatioN FocusMe,1.03,217.4,74.4,139.2,1.6,2.6
595641,Bind,Team Secret,0.99,196.4,71.4,124.4,2.6,1.6
595641,Split,DetonatioN FocusMe,1.24,233.2,84.0,153.8,2.4,0.6
595641,Split,Team Secret,0.74,171.6,69.2,112.2,0.6,2.4
595642,Abyss,Global Esports,1.05,210.6,71.8,136.8,2.4,2.0
595642,Abyss,ZETA DIVISION,0.9,202.0,68.4,126.6,2.0,2.4
595642,Haven,Global Esports,1.1,210.6,73.4,142.6,3.6,1.2
595642,Haven,ZETA DIVISION,0.91,191.2,77.0,121.4,1.2,3.6
595643,Bind,KIWOOM DRX,1.21,197.6,83.2,131.6,2.2,1.4
595643,Bind,VARREL,0.75,155.4,63.6,96.4,1.4,2.2
595643,Corrode,KIWOOM DRX,0.96,186.8,74.0,118.8,1.6,3.0
595643,Corrode,VARREL,1.04,196.6,75.0,128.0,3.0,1.6
595643,Split,KIWOOM DRX,1.1,221.4,74.0,140.0,2.6,2.0
595643,Split,VARREL,0.89,192.4,71.4,126.2,2.0,2.6
595644,Bind,Gen.G,0.95,195.0,64.6,127.6,1.6,2.6
595644,Bind,T1,1.0,210.4,70.2,133.4,2.6,1.6
595644,Breeze,Gen.G,1.17,220.6,71.0,141.2,2.0,2.0
595644,Breeze,T1,0.78,178.2,65.0,116.0,2.0,2.0
595644,Haven,Gen.G,0.9,172.6,64.6,113.2,2.0,2.4
595644,Haven,T1,1.05,175.4,71.0,111.6,2.4,2.0
595645,Breeze,DetonatioN FocusMe,0.59,141.0,45.4,102.6,1.2,2.0
595645,Breeze,Global Esports,1.39,238.2,87.8,160.0,2.0,1.2
595645,Pearl,DetonatioN FocusMe,1.13,216.8,77.2,145.4,2.0,2.4
595645,Pearl,Global Esports,0.87,172.8,69.8,118.0,2.4,2.0
595645,Split,DetonatioN FocusMe,0.96,184.2,65.6,118.8,1.8,2.4
595645,Split,Global Esports,1.03,197.2,73.2,128.2,2.4,1.8
595646,Bind,KIWOOM DRX,0.81,164.0,66.6,106.0,1.6,2.6
595646,Bind,T1,1.16,201.0,79.0,132.0,2.6,1.6
595646,Split,KIWOOM DRX,0.95,204.6,69.6,128.0,2.2,2.0
595646,Split,T1,1.06,212.2,71.4,138.6,2.0,2.2
595647,Haven,DetonatioN FocusMe,1.13,225.6,76.8,148.2,2.2,1.6
595647,Haven,FULL SENSE,0.86,201.8,63.2,134.0,1.6,2.2
595647,Pearl,DetonatioN FocusMe,0.77,182.8,65.0,117.8,1.2,2.8
595647,Pearl,FULL SENSE,1.18,225.6,81.0,154.6,2.8,1.2
595647,Split,DetonatioN FocusMe,1.13,222.0,81.0,143.2,1.6,2.8
595647,Split,FULL SENSE,0.87,177.4,64.4,118.6,2.8,1.6
595648,Bind,Paper Rex,0.95,186.4,68.4,120.6,1.8,2.4
595648,Bind,T1,1.05,202.8,79.2,129.6,2.4,1.8
595648,Breeze,Paper Rex,0.86,195.8,70.0,125.6,2.2,2.2
595648,Breeze,T1,1.11,218.2,73.6,147.8,2.2,2.2
595648,Pearl,Paper Rex,1.15,208.2,78.2,146.2,2.6,2.0
595648,Pearl,T1,0.85,172.0,69.6,111.0,2.0,2.6
595649,Pearl,DetonatioN FocusMe,0.89,181.2,73.0,120.0,2.2,1.8
595649,Pearl,T1,1.11,208.2,75.0,135.8,1.8,2.2
595649,Split,DetonatioN FocusMe,0.96,190.6,63.8,121.8,1.8,2.8
595649,Split,T1,1.0,209.8,68.8,128.2,2.8,1.8
595650,Abyss,Rex Regum Qeon,1.0,191.0,77.8,120.6,3.8,3.4
595650,Abyss,T1,0.98,207.0,75.8,135.0,3.4,3.8
595650,Breeze,Rex Regum Qeon,0.54,129.8,44.0,87.4,1.2,1.8
595650,Breeze,T1,1.42,242.4,89.4,159.6,1.8,1.2
595650,Pearl,Rex Regum Qeon,0.84,167.6,71.0,106.4,1.6,2.4
595650,Pearl,T1,1.06,196.4,78.0,127.4,2.4,1.6
595651,Abyss,Team Secret,0.86,180.6,73.4,119.4,1.6,3.0
595651,Abyss,ZETA DIVISION,1.01,190.4,75.8,126.6,3.0,1.6
595651,Bind,Team Secret,1.21,227.8,74.2,134.4,1.4,2.0
595651,Bind,ZETA DIVISION,0.73,180.2,66.2,120.2,2.0,1.4
595651,Split,Team Secret,0.7,169.6,70.4,109.6,1.4,2.0
595651,Split,ZETA DIVISION,1.27,229.4,80.8,142.4,2.0,1.4
595652,Breeze,Gen.G,1.08,196.4,75.0,131.6,2.4,2.2
595652,Breeze,VARREL,0.93,165.4,65.4,115.6,2.2,2.4
595652,Haven,Gen.G,1.05,210.4,72.8,134.0,1.6,2.8
595652,Haven,VARREL,0.93,193.2,66.6,127.8,2.8,1.6
595652,Pearl,Gen.G,0.95,199.8,73.6,133.8,4.4,3.2
595652,Pearl,VARREL,1.06,206.6,69.4,135.8,3.2,4.4
595653,Bind,KIWOOM DRX,0.81,177.2,61.0,118.8,1.8,2.2
595653,Bind,ZETA DIVISION,1.14,204.2,77.0,128.4,2.2,1.8
595653,Haven,KIWOOM DRX,1.24,230.8,84.0,140.2,2.6,1.4
595653,Haven,ZETA DIVISION,0.78,162.0,60.0,104.8,1.4,2.6
595653,Split,KIWOOM DRX,0.98,197.0,71.8,128.8,2.4,2.0
595653,Split,ZETA DIVISION,0.96,187.4,73.6,124.6,2.0,2.4
595654,Abyss,Gen.G,0.86,183.2,66.6,126.8,2.6,2.2
595654,Abyss,Global Esports,1.09,212.0,76.6,133.8,2.2,2.6
595654,Breeze,Gen.G,1.02,204.2,70.6,133.4,3.0,2.6
595654,Breeze,Global Esports,0.94,184.6,61.4,120.0,2.6,3.0
595654,Haven,Gen.G,0.97,202.6,75.0,131.6,1.8,3.0
595654,Haven,Global Esports,1.05,209.0,74.2,132.6,3.0,1.8
595655,Abyss,FULL SENSE,0.85,175.8,70.8,123.4,1.2,3.0
595655,Abyss,KIWOOM DRX,1.11,202.2,78.0,133.6,3.0,1.2
595655,Corrode,FULL SENSE,0.62,173.2,74.0,115.6,1.2,2.0
595655,Corrode,KIWOOM DRX,1.33,232.2,86.6,147.4,2.0,1.2
595656,Breeze,Global Esports,1.15,223.8,81.0,143.6,2.4,1.4
595656,Breeze,Paper Rex,0.82,188.2,67.2,126.4,1.4,2.4
595656,Corrode,Global Esports,0.95,196.0,69.0,132.6,2.0,2.6
595656,Corrode,Paper Rex,1.05,202.4,69.6,134.0,2.6,2.0
595656,Split,Global Esports,0.9,183.6,64.8,121.2,2.4,2.8
595656,Split,Paper Rex,1.06,202.4,72.2,127.6,2.8,2.4
595657,Breeze,KIWOOM DRX,0.88,162.8,62.8,105.4,1.6,3.0
595657,Breeze,Paper Rex,1.07,197.6,75.8,129.0,3.0,1.6
595657,Corrode,KIWOOM DRX,1.06,224.0,67.6,150.8,2.0,2.2
595657,Corrode,Paper Rex,0.96,203.8,64.8,139.2,2.2,2.0
595657,Haven,KIWOOM DRX,0.85,186.2,68.4,122.0,1.6,3.2
595657,Haven,Paper Rex,1.17,211.0,80.8,136.0,3.2,1.6
595658,Haven,DetonatioN FocusMe,0.91,183.2,61.8,121.0,2.0,2.8
595658,Haven,Paper Rex,1.08,211.8,75.0,143.6,2.8,2.0
595658,Split,DetonatioN FocusMe,0.52,128.6,45.4,81.8,0.6,2.4
595658,Split,Paper Rex,1.4,240.2,86.8,154.4,2.4,0.6
595659,Breeze,Paper Rex,1.14,219.6,78.4,151.0,2.8,1.8
595659,Breeze,Rex Regum Qeon,0.88,183.4,60.0,126.4,1.8,2.8
595659,Corrode,Paper Rex,0.8,180.6,67.8,116.4,2.4,2.2
595659,Corrode,Rex Regum Qeon,1.06,208.4,69.6,136.8,2.2,2.4
595659,Haven,Paper Rex,1.08,210.2,75.2,137.2,2.4,1.8
595659,Haven,Rex Regum Qeon,0.9,197.2,70.6,122.6,1.8,2.4
595659,Pearl,Paper Rex,1.06,221.0,71.4,144.2,2.0,2.6
595659,Pearl,Rex Regum Qeon,0.93,205.8,74.2,137.8,2.6,2.0
596398,Abyss,Cloud9,1.04,199.4,80.8,127.0,2.8,2.0
596398,Abyss,LOUD,0.93,182.6,71.8,114.2,2.0,2.8
596398,Haven,Cloud9,1.11,206.8,80.0,138.0,2.4,1.6
596398,Haven,LOUD,0.82,196.0,65.0,128.8,1.6,2.4
596399,Abyss,ENVY,0.83,173.2,67.4,110.8,2.2,2.2
596399,Abyss,Evil Geniuses,1.14,199.8,73.6,132.4,2.2,2.2
596399,Bind,ENVY,1.12,216.6,80.8,138.0,2.6,1.8
596399,Bind,Evil Geniuses,0.89,179.8,59.2,121.2,1.8,2.6
596399,Corrode,ENVY,1.03,195.4,71.4,125.0,2.0,2.6
596399,Corrode,Evil Geniuses,0.92,190.6,72.2,127.4,2.6,2.0
596400,Abyss,FURIA,1.19,215.6,80.0,135.6,2.2,1.4
596400,Abyss,KRÜ Esports,0.77,158.8,69.2,108.2,1.4,2.2
596400,Breeze,FURIA,1.06,197.8,73.2,127.6,2.6,1.6
596400,Breeze,KRÜ Esports,0.88,164.8,59.0,112.0,1.6,2.6
596400,Pearl,FURIA,1.01,201.2,73.8,130.6,2.6,2.0
596400,Pearl,KRÜ Esports,0.97,174.2,68.0,113.0,2.0,2.6
596401,Bind,100 Thieves,1.1,208.4,77.4,129.6,2.8,1.6
596401,Bind,LEVIATÁN,0.86,171.6,62.0,117.8,1.6,2.8
596401,Pearl,100 Thieves,0.98,191.6,67.2,119.8,2.2,2.4
596401,Pearl,LEVIATÁN,1.04,203.6,73.2,132.2,2.4,2.2
596401,Split,100 Thieves,1.01,206.2,75.4,134.2,2.6,1.8
596401,Split,LEVIATÁN,1.0,207.6,76.4,137.0,1.8,2.6
596402,Breeze,Cloud9,0.86,176.2,64.8,112.4,2.4,2.0
596402,Breeze,NRG,1.08,193.4,73.6,122.2,2.0,2.4
596402,Pearl,Cloud9,0.64,158.8,57.4,101.6,0.6,2.4
596402,Pearl,NRG,1.31,225.4,86.8,142.4,2.4,0.6
596403,Abyss,ENVY,0.75,172.6,58.0,108.6,1.6,2.4
596403,Abyss,MIBR,1.24,220.6,84.0,139.6,2.4,1.6
596403,Corrode,ENVY,0.85,194.4,66.0,134.4,2.2,2.6
596403,Corrode,MIBR,1.16,228.2,82.6,151.6,2.6,2.2
596404,Breeze,FURIA,1.01,189.6,73.4,121.8,2.6,2.2
596404,Breeze,Sentinels,0.96,184.6,66.0,127.2,2.2,2.6
596404,Split,FURIA,1.18,222.8,87.6,148.4,2.6,1.0
596404,Split,Sentinels,0.8,175.2,65.6,119.6,1.0,2.6
596405,Bind,100 Thieves,0.98,201.6,69.4,130.4,2.4,2.4
596405,Bind,G2 Esports,1.0,197.8,68.6,131.4,2.4,2.4
596405,Corrode,100 Thieves,1.36,225.2,85.2,144.8,2.4,0.8
596405,Corrode,G2 Esports,0.61,145.6,61.4,97.6,0.8,2.4
596405,Split,100 Thieves,0.93,212.0,75.2,142.4,2.2,2.0
596405,Split,G2 Esports,1.15,222.2,70.4,147.2,2.0,2.2
596406,Abyss,MIBR,0.83,158.4,60.0,101.8,1.4,2.4
596406,Abyss,NRG,1.1,181.6,71.4,117.2,2.4,1.4
596406,Breeze,MIBR,1.04,205.8,74.4,142.2,3.0,1.2
596406,Breeze,NRG,0.9,194.0,63.0,133.2,1.2,3.0
596406,Split,MIBR,0.98,183.6,78.6,116.4,3.0,1.8
596406,Split,NRG,1.01,188.2,74.2,123.8,1.8,3.0
596407,Abyss,FURIA,1.24,209.8,77.0,141.2,2.0,2.0
596407,Abyss,G2 Esports,0.76,174.2,64.0,113.8,2.0,2.0
596407,Bind,FURIA,0.76,161.2,62.2,102.4,2.2,1.6
596407,Bind,G2 Esports,1.17,216.4,81.0,138.8,1.6,2.2
596407,Split,FURIA,1.21,217.4,81.4,141.6,1.8,1.4
596407,Split,G2 Esports,0.81,180.4,70.2,118.8,1.4,1.8
596408,Abyss,FURIA,1.09,195.8,80.8,123.8,2.6,1.6
596408,Abyss,MIBR,0.86,180.6,67.4,122.6,1.6,2.6
596408,Bind,FURIA,0.89,173.4,63.6,113.4,1.4,2.8
596408,Bind,MIBR,1.07,194.8,75.2,125.4,2.8,1.4
596408,Breeze,FURIA,0.54,142.0,60.2,90.8,0.8,2.2
596408,Breeze,MIBR,1.44,237.0,86.6,153.2,2.2,0.8
596408,Haven,FURIA,1.07,185.4,69.2,122.8,2.6,2.2
596408,Haven,MIBR,0.88,185.6,70.0,122.6,2.2,2.6
596408,Split,FURIA,1.03,202.6,73.6,131.8,1.8,2.4
596408,Split,MIBR,0.95,199.6,76.0,131.2,2.4,1.8
596409,Bind,100 Thieves,1.18,213.8,75.8,142.0,1.4,2.4
596409,Bind,LOUD,0.82,177.2,66.2,116.6,2.4,1.4
596409,Breeze,100 Thieves,0.95,195.4,67.8,131.0,3.0,1.8
596409,Breeze,LOUD,1.05,199.2,72.6,133.0,1.8,3.0
596409,Pearl,100 Thieves,1.37,230.0,82.6,154.0,2.4,0.6
596409,Pearl,LOUD,0.63,138.6,64.0,89.0,0.6,2.4
596410,Abyss,Evil Geniuses,0.69,147.8,72.4,94.6,1.2,2.6
596410,Abyss,Sentinels,1.14,197.0,79.8,132.6,2.6,1.2
596410,Pearl,Evil Geniuses,0.97,177.4,67.6,121.2,2.6,2.2
596410,Pearl,Sentinels,0.99,194.2,75.4,129.8,2.2,2.6
596411,Abyss,ENVY,0.84,172.6,64.6,109.6,1.4,3.0
596411,Abyss,KRÜ Esports,1.1,209.2,81.6,129.2,3.0,1.4
596411,Breeze,ENVY,1.09,216.6,76.4,138.8,2.4,2.0
596411,Breeze,KRÜ Esports,0.82,180.8,70.2,112.4,2.0,2.4
596411,Pearl,ENVY,1.27,235.6,85.4,153.6,2.0,1.6
596411,Pearl,KRÜ Esports,0.75,169.8,60.2,110.0,1.6,2.0
596412,Pearl,Cloud9,1.26,215.2,77.6,134.4,2.0,1.2
596412,Pearl,LEVIATÁN,0.71,146.6,63.8,93.8,1.2,2.0
596412,Split,Cloud9,1.16,202.8,78.2,129.4,2.2,2.0
596412,Split,LEVIATÁN,0.77,168.2,60.8,108.6,2.0,2.2
596413,Corrode,100 Thieves,1.05,201.6,74.2,133.2,2.2,2.6
596413,Corrode,Sentinels,0.96,198.4,66.0,133.2,2.6,2.2
596413,Split,100 Thieves,1.05,206.2,74.6,132.8,3.0,3.0
596413,Split,Sentinels,0.95,203.8,74.8,135.0,3.0,3.0
596414,Breeze,Cloud9,0.85,177.8,63.8,113.2,1.4,2.8
596414,Breeze,ENVY,1.09,203.4,77.2,127.6,2.8,1.4
596414,Pearl,Cloud9,1.04,203.4,72.8,136.4,4.0,3.6
596414,Pearl,ENVY,1.0,197.4,67.8,133.8,3.6,4.0
596414,Split,Cloud9,1.1,207.0,78.2,136.0,2.0,2.8
596414,Split,ENVY,0.91,182.8,68.2,117.8,2.8,2.0
596415,Corrode,100 Thieves,0.92,180.2,75.0,115.8,1.4,3.4
596415,Corrode,NRG,1.08,198.8,71.8,127.6,3.4,1.4
596415,Haven,100 Thieves,0.86,168.2,72.8,104.2,1.8,2.6
596415,Haven,NRG,1.06,172.2,70.2,119.8,2.6,1.8
596416,Bind,Cloud9,0.88,180.2,68.4,116.0,1.8,2.6
596416,Bind,G2 Esports,1.13,206.8,78.2,135.8,2.6,1.8
596416,Corrode,Cloud9,0.94,185.8,66.2,117.0,2.2,2.6
596416,Corrode,G2 Esports,1.07,216.2,76.0,140.2,2.6,2.2
596417,Pearl,G2 Esports,1.34,242.6,82.6,162.6,2.2,1.0
596417,Pearl,NRG,0.71,182.6,67.4,121.4,1.0,2.2
596417,Split,G2 Esports,1.16,216.0,78.2,135.4,2.8,1.4
596417,Split,NRG,0.83,165.0,61.0,108.2,1.4,2.8
596418,Breeze,G2 Esports,1.15,214.6,78.8,144.6,2.2,1.6
596418,Breeze,MIBR,0.8,168.8,62.0,111.8,1.6,2.2
596418,Corrode,G2 Esports,1.12,221.8,74.0,142.6,2.6,1.4
596418,Corrode,MIBR,0.87,205.4,70.0,134.4,1.4,2.6
596418,Haven,G2 Esports,1.18,232.2,79.8,149.8,2.2,1.2
596418,Haven,MIBR,0.81,188.0,68.2,126.4,1.2,2.2
596419,Abyss,Evil Geniuses,0.94,184.2,66.0,117.2,2.8,2.4
596419,Abyss,LOUD,1.05,196.4,74.6,128.0,2.4,2.8
596419,Haven,Evil Geniuses,1.19,228.4,77.8,145.8,2.2,1.4
596419,Haven,LOUD,0.79,180.6,74.4,118.2,1.4,2.2
596420,Bind,KRÜ Esports,0.64,135.0,50.6,83.4,0.8,2.6
596420,Bind,LEVIATÁN,1.32,214.6,82.0,144.2,2.6,0.8
596420,Split,KRÜ Esports,0.93,183.6,67.8,125.4,1.6,3.0
596420,Split,LEVIATÁN,1.0,198.4,75.6,121.6,3.0,1.6
596421,Corrode,ENVY,0.74,160.8,66.8,100.8,1.6,2.0
596421,Corrode,Evil Geniuses,1.27,229.8,78.8,156.6,2.0,1.6
596421,Pearl,ENVY,0.89,184.2,67.2,119.8,2.4,3.6
596421,Pearl,Evil Geniuses,1.12,194.0,72.2,133.0,3.6,2.4
596422,Bind,LEVIATÁN,1.06,195.8,75.4,129.0,3.0,2.2
596422,Bind,Sentinels,0.86,173.2,64.0,111.8,2.2,3.0
596422,Corrode,LEVIATÁN,1.01,194.8,66.8,122.2,2.0,2.6
596422,Corrode,Sentinels,0.97,185.2,70.4,123.0,2.6,2.0
596423,Bind,100 Thieves,1.07,196.6,69.4,126.8,3.0,2.6
596423,Bind,Evil Geniuses,0.95,190.4,72.0,127.4,2.6,3.0
596423,Haven,100 Thieves,0.97,182.0,62.0,119.8,2.0,2.8
596423,Haven,Evil Geniuses,1.01,189.8,68.4,125.0,2.8,2.0
596424,Bind,Cloud9,1.18,208.8,71.0,131.0,2.4,1.2
596424,Bind,LEVIATÁN,0.75,159.4,61.2,105.0,1.2,2.4
596424,Breeze,Cloud9,1.15,207.6,77.0,136.4,2.0,2.0
596424,Breeze,LEVIATÁN,0.83,166.4,61.0,113.0,2.0,2.0
596425,Abyss,100 Thieves,1.39,225.8,89.2,146.4,1.8,1.2
596425,Abyss,Cloud9,0.57,146.4,62.8,96.8,1.2,1.8
596425,Pearl,100 Thieves,1.05,206.4,78.4,141.6,3.0,2.2
596425,Pearl,Cloud9,0.96,197.8,77.0,126.2,2.2,3.0
596425,Split,100 Thieves,0.96,188.4,75.2,124.2,2.2,2.6
596425,Split,Cloud9,1.06,218.0,81.6,138.6,2.6,2.2
596426,Abyss,100 Thieves,0.78,170.0,63.6,106.6,1.6,2.6
596426,Abyss,NRG,1.2,210.8,74.2,140.6,2.6,1.6
596426,Pearl,100 Thieves,0.58,149.4,61.2,92.2,1.2,2.0
596426,Pearl,NRG,1.31,226.2,90.2,148.0,2.0,1.2
596427,Abyss,MIBR,0.78,170.2,66.2,105.2,1.2,2.2
596427,Abyss,NRG,1.27,230.4,84.4,158.4,2.2,1.2
596427,Bind,MIBR,1.15,211.0,77.4,138.0,2.2,2.2
596427,Bind,NRG,0.81,175.6,59.2,114.2,2.2,2.2
596427,Corrode,MIBR,1.17,213.2,73.4,137.2,1.8,1.8
596427,Corrode,NRG,0.77,172.6,64.2,117.0,1.8,1.8
596427,Haven,MIBR,0.73,155.4,63.6,100.4,1.6,2.0
596427,Haven,NRG,1.25,207.6,81.0,137.0,2.0,1.6
596427,Split,MIBR,0.84,180.0,65.6,119.8,1.6,3.0
596427,Split,NRG,1.08,198.4,76.8,131.2,3.0,1.6
598921,Pearl,All Gamers,,217.6,,,,
598921,Pearl,Nova Esports,,191.4,,,,
598921,Split,All Gamers,,209.2,,,,
598921,Split,Nova Esports,,167.0,,,,
598922,Abyss,JD Mall JDG Esports,,199.6,,,,
598922,Abyss,Wuxi Titan Esports Club,,180.0,,,,
598922,Corrode,JD Mall JDG Esports,,226.2,,,,
598922,Corrode,Wuxi Titan Esports Club,,190.6,,,,
598922,Haven,JD Mall JDG Esports,,152.6,,,,
598922,Haven,Wuxi Titan Esports Club,,195.2,,,,
598923,Abyss,Trace Esports,,201.2,,,,
598923,Abyss,Wolves Esports,,164.4,,,,
598923,Bind,Trace Esports,,143.4,,,,
598923,Bind,Wolves Esports,,212.0,,,,
598923,Haven,Trace Esports,,189.2,,,,
598923,Haven,Wolves Esports,,187.0,,,,
598924,Haven,FunPlus Phoenix,,156.0,,,,
598924,Haven,TYLOO,,247.0,,,,
598924,Pearl,FunPlus Phoenix,,138.4,,,,
598924,Pearl,TYLOO,,235.2,,,,
598925,Abyss,All Gamers,1.33,214.2,82.6,144.8,1.8,1.2
598925,Abyss,Guangzhou Huadu Bilibili Gaming,0.63,128.4,60.2,85.6,1.2,1.8
598925,Split,All Gamers,1.13,210.4,78.4,136.4,3.2,1.4
598925,Split,Guangzhou Huadu Bilibili Gaming,0.9,177.6,65.4,119.4,1.4,3.2
598926,Abyss,Dragon Ranger Gaming,0.83,157.4,59.2,101.8,2.2,2.6
598926,Abyss,JD Mall JDG Esports,1.13,191.4,72.6,127.4,2.6,2.2
598926,Breeze,Dragon Ranger Gaming,1.0,190.6,76.0,127.2,2.4,1.8
598926,Breeze,JD Mall JDG Esports,0.98,175.4,71.4,115.0,1.8,2.4
598926,Corrode,Dragon Ranger Gaming,1.01,212.2,77.4,132.6,3.4,1.0
598926,Corrode,JD Mall JDG Esports,0.97,184.8,66.4,112.6,1.0,3.4
598927,Abyss,Wolves Esports,0.89,174.8,60.0,119.6,1.8,1.8
598927,Abyss,Xi Lai Gaming,1.12,208.4,72.6,141.2,1.8,1.8
598927,Breeze,Wolves Esports,0.78,148.8,56.8,109.6,1.0,2.4
598927,Breeze,Xi Lai Gaming,1.28,222.8,78.0,158.8,2.4,1.0
598928,Abyss,EDward Gaming,1.11,224.8,73.4,146.4,2.0,1.6
598928,Abyss,TYLOO,0.89,174.4,62.4,114.0,1.6,2.0
598928,Bind,EDward Gaming,1.08,213.2,72.2,140.6,2.4,2.8
598928,Bind,TYLOO,0.95,201.8,65.2,138.0,2.8,2.4
598929,Abyss,All Gamers,1.13,207.6,79.2,132.8,2.4,2.2
598929,Abyss,Dragon Ranger Gaming,0.83,171.2,57.4,119.2,2.2,2.4
598929,Bind,All Gamers,1.02,204.2,71.4,134.6,2.8,2.8
598929,Bind,Dragon Ranger Gaming,1.0,206.2,72.0,134.4,2.8,2.8
598929,Corrode,All Gamers,0.91,194.6,72.0,128.0,2.6,1.4
598929,Corrode,Dragon Ranger Gaming,1.08,214.8,69.0,135.2,1.4,2.6
598930,Pearl,EDward Gaming,0.82,188.8,58.0,126.0,1.6,2.2
598930,Pearl,Xi Lai Gaming,1.16,228.8,82.0,150.4,2.2,1.6
598930,Split,EDward Gaming,0.79,177.0,68.8,111.6,1.6,2.0
598930,Split,Xi Lai Gaming,1.17,219.4,79.0,144.6,2.0,1.6
598931,Abyss,All Gamers,0.88,180.0,64.2,117.4,1.4,2.4
598931,Abyss,Xi Lai Gaming,1.13,216.8,81.0,138.6,2.4,1.4
598931,Bind,All Gamers,0.85,179.6,62.0,122.2,1.4,2.6
598931,Bind,Xi Lai Gaming,1.13,218.0,75.0,134.8,2.6,1.4
598931,Haven,All Gamers,1.16,210.0,71.4,139.4,2.2,2.4
598931,Haven,Xi Lai Gaming,0.85,187.4,67.8,114.6,2.4,2.2
598931,Pearl,All Gamers,1.17,208.0,67.8,135.2,1.6,2.0
598931,Pearl,Xi Lai Gaming,0.8,168.2,65.6,104.2,2.0,1.6
598931,Split,All Gamers,1.01,205.0,71.8,129.2,3.2,1.6
598931,Split,Xi Lai Gaming,0.98,187.2,66.8,127.8,1.6,3.2
598932,Corrode,Nova Esports,0.71,163.8,54.2,105.8,1.0,2.4
598932,Corrode,TYLOO,1.23,227.0,78.6,140.0,2.4,1.0
598932,Split,Nova Esports,0.97,191.6,62.6,122.2,1.6,3.0
598932,Split,TYLOO,1.06,208.4,74.0,133.4,3.0,1.6
598933,Bind,Wolves Esports,1.15,220.4,82.0,134.6,2.8,1.2
598933,Bind,Wuxi Titan Esports Club,0.82,161.8,52.0,113.0,1.2,2.8
598933,Breeze,Wolves Esports,0.81,180.6,62.6,124.4,2.6,2.2
598933,Breeze,Wuxi Titan Esports Club,1.22,225.4,77.4,153.4,2.2,2.6
598933,Haven,Wolves Esports,0.87,177.4,65.6,121.0,1.8,2.4
598933,Haven,Wuxi Titan Esports Club,1.14,213.0,77.2,137.4,2.4,1.8
598934,Corrode,JD Mall JDG Esports,0.74,165.4,60.2,104.2,1.8,1.6
598934,Corrode,Trace Esports,1.23,215.6,78.6,141.2,1.6,1.8
598934,Pearl,JD Mall JDG Esports,1.39,233.6,87.8,147.6,2.4,0.8
598934,Pearl,Trace Esports,0.61,142.8,53.8,96.0,0.8,2.4
598934,Split,JD Mall JDG Esports,1.05,200.4,75.0,132.0,2.0,2.8
598934,Split,Trace Esports,0.96,194.0,73.4,128.6,2.8,2.0
598935,Bind,FunPlus Phoenix,0.95,196.2,71.2,128.4,3.6,2.8
598935,Bind,Guangzhou Huadu Bilibili Gaming,1.06,208.0,73.2,132.6,2.8,3.6
598935,Pearl,FunPlus Phoenix,0.96,195.6,71.8,132.4,2.2,2.2
598935,Pearl,Guangzhou Huadu Bilibili Gaming,1.09,205.8,77.2,139.6,2.2,2.2
598936,Breeze,TYLOO,1.1,211.8,76.2,143.4,3.0,1.4
598936,Breeze,Wuxi Titan Esports Club,0.89,185.0,64.0,125.6,1.4,3.0
598936,Corrode,TYLOO,1.01,192.4,72.4,113.4,2.6,2.2
598936,Corrode,Wuxi Titan Esports Club,0.93,207.2,74.2,131.4,2.2,2.6
598936,Split,TYLOO,1.09,207.0,70.2,132.2,2.4,2.0
598936,Split,Wuxi Titan Esports Club,0.91,194.8,67.4,125.4,2.0,2.4
598937,Abyss,Guangzhou Huadu Bilibili Gaming,1.01,178.4,73.2,116.2,1.8,2.6
598937,Abyss,Trace Esports,0.97,181.2,67.0,121.2,2.6,1.8
598937,Breeze,Guangzhou Huadu Bilibili Gaming,1.13,202.0,80.0,135.6,2.8,2.0
598937,Breeze,Trace Esports,0.91,184.6,68.6,120.4,2.0,2.8
598938,Corrode,Dragon Ranger Gaming,0.83,180.6,58.4,113.4,2.4,2.2
598938,Corrode,TYLOO,1.2,218.0,74.0,141.0,2.2,2.4
598938,Pearl,Dragon Ranger Gaming,1.18,218.4,76.0,148.6,2.4,1.4
598938,Pearl,TYLOO,0.85,198.6,67.6,131.4,1.4,2.4
598938,Split,Dragon Ranger Gaming,1.16,225.4,84.0,150.6,2.2,1.6
598938,Split,TYLOO,0.86,175.4,63.4,118.2,1.6,2.2
598939,Abyss,EDward Gaming,0.85,175.4,66.0,111.6,2.4,1.6
598939,Abyss,Guangzhou Huadu Bilibili Gaming,1.1,211.6,71.0,134.2,1.6,2.4
598939,Breeze,EDward Gaming,0.78,167.0,58.8,106.0,1.6,2.0
598939,Breeze,Guangzhou Huadu Bilibili Gaming,1.22,218.2,84.2,154.2,2.0,1.6
598939,Haven,EDward Gaming,1.03,208.2,64.6,135.4,1.8,2.6
598939,Haven,Guangzhou Huadu Bilibili Gaming,0.97,206.8,75.4,137.2,2.6,1.8
598940,Abyss,Dragon Ranger Gaming,0.67,152.8,57.2,95.0,0.8,2.2
598940,Abyss,Guangzhou Huadu Bilibili Gaming,1.3,240.8,92.0,146.2,2.2,0.8
598940,Split,Dragon Ranger Gaming,0.83,183.6,67.2,126.6,2.4,1.4
598940,Split,Guangzhou Huadu Bilibili Gaming,1.16,212.0,70.6,132.2,1.4,2.4
598941,Abyss,Guangzhou Huadu Bilibili Gaming,0.99,194.2,70.8,132.0,2.8,3.2
598941,Abyss,Xi Lai Gaming,1.01,205.8,73.8,130.6,3.2,2.8
598941,Bind,Guangzhou Huadu Bilibili Gaming,0.81,181.0,65.0,120.2,1.4,2.0
598941,Bind,Xi Lai Gaming,1.2,219.0,81.0,145.4,2.0,1.4
598941,Breeze,Guangzhou Huadu Bilibili Gaming,1.1,201.8,77.8,132.0,3.2,2.0
598941,Breeze,Xi Lai Gaming,0.88,185.6,65.6,123.8,2.0,3.2
598941,Pearl,Guangzhou Huadu Bilibili Gaming,1.0,198.0,71.6,137.0,2.2,2.6
598941,Pearl,Xi Lai Gaming,1.04,206.2,73.4,139.8,2.6,2.2
598941,Split,Guangzhou Huadu Bilibili Gaming,0.75,155.6,62.6,98.8,1.4,2.0
598941,Split,Xi Lai Gaming,1.23,237.0,83.6,146.6,2.0,1.4
598942,Abyss,Nova Esports,1.15,207.2,72.2,133.6,2.2,1.4
598942,Abyss,Wolves Esports,0.83,179.8,66.6,111.6,1.4,2.2
598942,Haven,Nova Esports,0.68,171.6,59.0,126.0,0.8,2.4
598942,Haven,Wolves Esports,1.39,247.8,87.4,163.0,2.4,0.8
598942,Pearl,Nova Esports,0.92,185.4,66.0,119.8,1.8,3.0
598942,Pearl,Wolves Esports,1.11,195.0,76.8,132.2,3.0,1.8
598943,Bind,FunPlus Phoenix,0.68,140.0,57.6,96.8,0.4,2.8
598943,Bind,JD Mall JDG Esports,1.3,230.8,90.2,140.6,2.8,0.4
598943,Haven,FunPlus Phoenix,,195.2,59.0,125.0,1.6,2.4
598943,Haven,JD Mall JDG Esports,,225.8,75.0,143.4,2.4,1.6
598943,Pearl,FunPlus Phoenix,1.31,223.0,81.0,149.0,1.8,1.8
598943,Pearl,JD Mall JDG Esports,0.73,162.8,59.0,113.8,1.8,1.8
598944,Abyss,Trace Esports,0.96,209.2,73.2,138.6,2.4,2.8
598944,Abyss,Wolves Esports,1.09,223.0,78.6,143.6,2.8,2.4
598944,Bind,Trace Esports,1.19,221.6,82.8,146.0,2.6,1.6
598944,Bind,Wolves Esports,0.83,186.8,66.6,119.2,1.6,2.6
598944,Split,Trace Esports,1.25,218.8,73.6,137.2,2.6,1.2
598944,Split,Wolves Esports,0.73,164.8,56.8,107.6,1.2,2.6
598945,Bind,JD Mall JDG Esports,0.68,128.6,50.2,88.2,0.4,3.2
598945,Bind,Wuxi Titan Esports Club,1.26,215.4,87.6,137.8,3.2,0.4
598945,Haven,JD Mall JDG Esports,1.11,204.2,81.0,134.4,2.4,2.2
598945,Haven,Wuxi Titan Esports Club,0.91,178.0,71.6,118.6,2.2,2.4
598945,Split,JD Mall JDG Esports,1.06,199.4,70.4,128.0,2.6,1.6
598945,Split,Wuxi Titan Esports Club,0.91,183.2,64.8,110.6,1.6,2.6
598946,Abyss,TYLOO,1.1,216.0,72.0,142.4,2.0,3.2
598946,Abyss,Trace Esports,0.89,198.2,68.8,139.0,3.2,2.0
598946,Haven,TYLOO,1.08,195.0,74.0,135.0,2.0,2.0
598946,Haven,Trace Esports,0.92,187.2,73.0,126.2,2.0,2.0
598947,Abyss,EDward Gaming,,187.0,,,,
598947,Abyss,JD Mall JDG Esports,,176.6,,,,
598947,Corrode,EDward Gaming,,238.4,,,,
598947,Corrode,JD Mall JDG Esports,,190.8,,,,
598947,Haven,EDward Gaming,,166.8,,,,
598947,Haven,JD Mall JDG Esports,,221.0,,,,
598948,Bind,EDward Gaming,0.63,145.6,41.4,101.2,0.6,2.6
598948,Bind,TYLOO,1.38,244.8,90.0,160.2,2.6,0.6
598948,Corrode,EDward Gaming,1.11,210.0,75.0,137.2,2.8,1.2
598948,Corrode,TYLOO,0.87,188.4,59.0,123.2,1.2,2.8
598948,Haven,EDward Gaming,1.14,220.8,76.2,143.2,2.8,1.6
598948,Haven,TYLOO,0.85,187.4,62.8,121.2,1.6,2.8
598949,Corrode,Dragon Ranger Gaming,0.83,182.0,58.8,121.4,1.4,2.4
598949,Corrode,EDward Gaming,1.15,217.6,75.6,134.8,2.4,1.4
598949,Pearl,Dragon Ranger Gaming,0.87,200.4,74.6,128.4,1.2,1.8
598949,Pearl,EDward Gaming,1.16,247.6,82.6,162.2,1.8,1.2
598949,Split,Dragon Ranger Gaming,1.08,218.6,72.6,141.4,2.4,2.4
598949,Split,EDward Gaming,0.91,193.6,60.2,125.8,2.4,2.4
598950,Abyss,EDward Gaming,1.09,207.8,69.8,143.0,2.4,2.2
598950,Abyss,Guangzhou Huadu Bilibili Gaming,0.93,188.2,69.0,123.4,2.2,2.4
598950,Haven,EDward Gaming,1.12,206.4,74.8,139.0,2.2,2.4
598950,Haven,Guangzhou Huadu Bilibili Gaming,0.88,179.2,68.0,117.4,2.4,2.2
598950,Pearl,EDward Gaming,0.95,188.0,72.0,122.8,2.0,2.4
598950,Pearl,Guangzhou Huadu Bilibili Gaming,1.01,196.8,74.4,130.0,2.4,2.0
598950,Split,EDward Gaming,1.18,225.2,77.6,140.2,2.8,1.0
598950,Split,Guangzhou Huadu Bilibili Gaming,0.82,167.6,59.2,112.6,1.0,2.8
625788,Haven,EDward Gaming,0.93,177.0,63.4,118.4,2.8,2.0
625788,Haven,Gentle Mates,1.02,177.6,61.8,114.4,2.0,2.8
625788,Pearl,EDward Gaming,0.78,159.8,60.0,105.2,2.0,2.0
625788,Pearl,Gentle Mates,1.21,214.0,80.0,135.8,2.0,2.0
625789,Breeze,T1,0.91,187.6,55.4,130.2,1.6,2.6
625789,Breeze,Team Liquid,1.08,204.2,69.6,138.0,2.6,1.6
625789,Split,T1,0.95,201.4,66.6,133.6,2.2,3.4
625789,Split,Team Liquid,1.04,210.2,76.6,134.0,3.4,2.2
625790,Corrode,G2 Esports,0.82,187.2,66.6,125.8,2.4,1.2
625790,Corrode,Paper Rex,1.23,241.2,77.8,160.8,1.2,2.4
625790,Split,G2 Esports,0.94,199.8,71.0,130.2,2.0,2.4
625790,Split,Paper Rex,1.05,207.2,68.4,144.8,2.4,2.0
625791,Abyss,NRG,0.95,187.0,72.2,123.4,1.6,2.8
625791,Abyss,Xi Lai Gaming,0.96,188.8,81.8,123.6,2.8,1.6
625791,Haven,NRG,1.44,223.2,90.6,137.0,2.2,0.8
625791,Haven,Xi Lai Gaming,0.51,143.0,52.2,94.0,0.8,2.2
626529,Haven,NRG,0.92,163.4,66.6,111.4,3.0,1.8
626529,Haven,Paper Rex,1.05,190.6,73.4,126.2,1.8,3.0
626529,Pearl,NRG,1.1,201.2,76.8,132.0,2.2,2.4
626529,Pearl,Paper Rex,0.84,168.8,63.6,109.8,2.4,2.2
626529,Split,NRG,0.81,166.0,64.4,110.6,2.2,2.2
626529,Split,Paper Rex,1.01,195.6,75.6,127.6,2.2,2.2
626530,Bind,Gentle Mates,1.28,226.0,82.8,143.2,1.2,2.0
626530,Bind,Team Liquid,0.67,168.2,64.0,110.0,2.0,1.2
626530,Pearl,Gentle Mates,1.09,204.4,80.8,130.6,2.2,2.6
626530,Pearl,Team Liquid,0.95,200.0,71.8,131.0,2.6,2.2
626532,Bind,EDward Gaming,0.6,133.4,55.6,88.6,0.8,2.0
626532,Bind,T1,1.41,249.4,85.8,157.6,2.0,0.8
626532,Haven,EDward Gaming,0.91,198.2,71.4,122.6,2.2,2.4
626532,Haven,T1,1.1,220.6,78.4,146.4,2.4,2.2
626533,Abyss,G2 Esports,1.1,215.4,71.2,142.4,1.8,2.4
626533,Abyss,Xi Lai Gaming,0.86,191.4,70.4,123.4,2.4,1.8
626533,Haven,G2 Esports,1.2,239.8,81.6,155.0,1.8,1.4
626533,Haven,Xi Lai Gaming,0.8,182.8,55.0,123.8,1.4,1.8
626534,Breeze,G2 Esports,1.09,208.8,71.6,142.4,1.8,2.0
626534,Breeze,T1,0.89,195.0,70.2,127.6,2.0,1.8
626534,Haven,G2 Esports,1.03,209.2,76.8,134.0,2.2,3.8
626534,Haven,T1,0.95,193.8,69.4,132.0,3.8,2.2
626535,Abyss,NRG,1.28,213.4,85.8,141.8,2.0,1.2
626535,Abyss,Team Liquid,0.51,134.2,63.4,89.6,1.2,2.0
626535,Breeze,NRG,1.03,213.6,77.6,139.4,3.4,1.4
626535,Breeze,Team Liquid,0.94,197.0,68.4,124.0,1.4,3.4
626537,Corrode,Gentle Mates,0.9,184.8,65.4,119.0,1.2,3.4
626537,Corrode,Nongshim RedForce,1.17,223.0,79.8,145.6,3.4,1.2
626537,Haven,Gentle Mates,1.04,202.2,74.2,136.8,2.0,2.6
626537,Haven,Nongshim RedForce,0.95,194.2,70.6,129.6,2.6,2.0
626538,Abyss,All Gamers,0.67,165.4,61.4,111.8,1.4,2.0
626538,Abyss,G2 Esports,1.32,228.2,78.6,146.2,2.0,1.4
626538,Split,All Gamers,0.79,175.0,67.2,111.4,1.6,2.2
626538,Split,G2 Esports,1.15,196.8,71.6,124.4,2.2,1.6
626539,Breeze,FURIA,0.73,159.0,59.0,106.6,1.2,2.2
626539,Breeze,Paper Rex,1.24,223.2,85.6,147.4,2.2,1.2
626539,Haven,FURIA,1.1,220.6,77.4,152.6,2.4,2.0
626539,Haven,Paper Rex,0.92,204.2,70.0,135.6,2.0,2.4
626539,Split,FURIA,0.76,183.2,61.0,122.2,2.0,2.0
626539,Split,Paper Rex,1.23,217.8,79.0,144.0,2.0,2.0
626540,Abyss,BBL Esports,1.17,208.0,80.0,133.8,2.4,1.4
626540,Abyss,NRG,0.73,167.0,58.8,108.4,1.4,2.4
626540,Pearl,BBL Esports,0.67,157.4,48.4,110.2,1.2,2.6
626540,Pearl,NRG,1.33,232.8,85.4,149.4,2.6,1.2
626540,Split,BBL Esports,0.97,199.2,68.8,126.8,2.8,3.6
626540,Split,NRG,1.04,205.8,72.0,138.4,3.6,2.8
626541,Abyss,G2 Esports,1.2,206.4,77.0,136.0,2.2,1.8
626541,Abyss,Nongshim RedForce,0.76,169.6,61.0,110.8,1.8,2.2
626541,Corrode,G2 Esports,0.76,183.2,57.0,122.0,1.4,2.6
626541,Corrode,Nongshim RedForce,1.2,220.0,77.0,140.6,2.6,1.4
626541,Split,G2 Esports,0.9,189.0,68.4,121.4,2.8,2.4
626541,Split,Nongshim RedForce,1.09,210.8,75.4,131.0,2.4,2.8
626542,Bind,NRG,1.01,195.4,69.2,130.4,2.6,2.2
626542,Bind,Paper Rex,0.97,186.6,67.6,120.8,2.2,2.6
626542,Pearl,NRG,1.04,204.4,76.2,139.2,3.0,2.4
626542,Pearl,Paper Rex,0.94,201.2,74.6,139.4,2.2,2.8
626543,Abyss,NRG,0.93,183.6,64.2,121.2,2.2,2.6
626543,Abyss,Nongshim RedForce,1.01,196.8,78.2,128.6,2.6,2.2
626543,Bind,NRG,0.89,187.6,72.8,125.0,1.8,2.6
626543,Bind,Nongshim RedForce,1.06,203.8,74.6,132.6,2.6,1.8
626544,Abyss,Nongshim RedForce,1.27,228.6,77.6,152.2,2.4,0.8
626544,Abyss,Paper Rex,0.71,156.4,57.4,102.2,0.8,2.4
626544,Corrode,Nongshim RedForce,1.01,205.0,73.4,132.4,2.4,2.4
626544,Corrode,Paper Rex,0.99,201.2,67.4,132.6,2.4,2.4
626544,Split,Nongshim RedForce,1.32,236.6,83.4,147.0,2.6,0.8
626544,Split,Paper Rex,0.66,160.2,49.4,106.0,0.8,2.6
626545,Bind,All Gamers,1.2,204.0,76.2,131.4,2.2,2.0
626545,Bind,Gentle Mates,0.77,159.4,62.0,103.0,2.0,2.2
626545,Pearl,All Gamers,0.8,185.6,57.6,126.0,1.2,2.4
626545,Pearl,Gentle Mates,1.2,224.6,81.0,147.4,2.4,1.2
626545,Split,All Gamers,1.22,212.2,79.8,137.6,1.2,2.2
626545,Split,Gentle Mates,0.74,162.8,61.4,108.6,2.2,1.2
626546,Abyss,BBL Esports,0.98,193.8,67.0,129.8,2.4,2.2
626546,Abyss,FURIA,1.01,193.8,72.6,129.4,2.4,2.6
626546,Breeze,BBL Esports,0.93,195.2,69.6,135.2,2.6,2.0
626546,Breeze,FURIA,1.03,210.6,67.0,133.4,2.0,2.6
626546,Haven,BBL Esports,1.09,204.4,69.0,129.8,1.4,2.6
626546,Haven,FURIA,0.88,190.8,64.0,121.0,2.6,1.4
626547,Corrode,All Gamers,1.03,199.4,76.6,128.6,2.6,2.0
626547,Corrode,Paper Rex,0.95,192.8,73.2,130.2,2.0,2.6
626547,Pearl,All Gamers,0.85,176.8,65.0,124.2,2.4,1.6
626547,Pearl,Paper Rex,1.17,208.8,79.0,139.0,1.6,2.4
626547,Split,All Gamers,0.63,165.4,55.4,109.4,0.8,2.6
626547,Split,Paper Rex,1.34,237.2,83.4,150.8,2.6,0.8
626548,Breeze,BBL Esports,0.92,189.6,66.4,128.8,2.0,2.2
626548,Breeze,G2 Esports,1.07,188.8,68.4,123.8,2.2,2.0
626548,Haven,BBL Esports,0.75,168.0,62.4,114.8,1.0,2.6
626548,Haven,G2 Esports,1.21,208.8,77.8,135.0,2.6,1.0
626549,Breeze,G2 Esports,0.9,177.8,62.0,121.4,2.4,2.0
626549,Breeze,Paper Rex,1.12,214.8,75.6,148.0,2.0,2.4
626549,Corrode,G2 Esports,0.64,146.4,54.2,96.0,0.8,2.6
626549,Corrode,Paper Rex,1.35,243.4,83.4,157.0,2.6,0.8
626549,Haven,G2 Esports,1.05,199.2,68.6,129.6,1.8,3.0
626549,Haven,Paper Rex,0.96,200.6,69.2,138.4,3.0,1.8
626550,Breeze,NRG,1.0,204.4,71.0,137.4,2.2,2.2
626550,Breeze,Paper Rex,1.0,204.4,70.2,137.4,2.2,2.2
626550,Corrode,NRG,0.86,192.2,67.4,124.8,1.6,2.2
626550,Corrode,Paper Rex,1.12,219.4,69.4,150.6,2.2,1.6
626550,Pearl,NRG,1.09,218.4,72.2,143.8,2.6,1.6
626550,Pearl,Paper Rex,0.89,203.2,62.8,135.8,1.6,2.6
626550,Split,NRG,0.83,166.2,57.0,106.4,1.8,2.2
626550,Split,Paper Rex,1.14,213.8,82.0,138.0,2.2,1.8
642914,Bind,All Gamers,0.94,200.8,73.2,134.0,1.6,2.6
642914,Bind,Wuxi Titan Esports Club,1.1,229.6,82.0,148.0,2.6,1.6
642914,Breeze,All Gamers,1.08,202.2,71.2,134.8,3.2,2.4
642914,Breeze,Wuxi Titan Esports Club,0.95,195.0,74.2,130.4,2.4,3.2
642914,Lotus,All Gamers,1.1,207.2,79.0,129.4,3.0,1.0
642914,Lotus,Wuxi Titan Esports Club,0.89,172.2,68.0,117.2,1.0,3.0
642915,Breeze,EDward Gaming,1.25,229.4,72.6,151.0,1.6,1.6
642915,Breeze,Nova Esports,0.72,163.8,62.6,99.6,1.6,1.6
642915,Fracture,EDward Gaming,1.39,242.8,88.0,155.0,2.2,0.8
642915,Fracture,Nova Esports,0.6,140.8,57.4,92.2,0.8,2.2
642916,Lotus,FunPlus Phoenix,0.8,177.8,61.0,117.0,1.8,2.4
642916,Lotus,JD Mall JDG Esports,1.15,214.0,80.8,140.8,2.4,1.8
642916,Pearl,FunPlus Phoenix,1.12,218.0,84.0,136.4,2.6,1.4
642916,Pearl,JD Mall JDG Esports,0.86,173.0,61.0,119.2,1.4,2.6
642916,Split,FunPlus Phoenix,0.76,157.8,64.0,101.8,0.8,3.2
642916,Split,JD Mall JDG Esports,1.25,232.2,82.0,153.2,3.2,0.8
642917,Bind,Dragon Ranger Gaming,0.97,204.4,69.2,132.8,2.6,2.2
642917,Bind,Xi Lai Gaming,1.08,210.0,74.2,141.4,2.2,2.6
642917,Lotus,Dragon Ranger Gaming,0.88,187.6,69.2,122.4,1.4,2.0
642917,Lotus,Xi Lai Gaming,1.16,232.0,86.8,146.8,2.0,1.4
642918,Bind,Trace Esports,1.14,218.8,80.8,143.0,2.8,1.4
642918,Bind,Wolves Esports,0.91,182.4,74.2,120.2,1.4,2.8
642918,Lotus,Trace Esports,1.14,204.2,78.2,129.6,2.2,2.2
642918,Lotus,Wolves Esports,0.84,173.2,64.6,122.6,2.2,2.2
642919,Bind,Guangzhou Huadu Bilibili Gaming,0.82,168.4,63.0,107.2,1.0,3.0
642919,Bind,TYLOO,1.19,219.8,84.0,142.2,3.0,1.0
642919,Breeze,Guangzhou Huadu Bilibili Gaming,0.95,195.4,70.2,130.8,2.2,2.0
642919,Breeze,TYLOO,1.1,225.8,76.2,151.2,2.0,2.2
642919,Pearl,Guangzhou Huadu Bilibili Gaming,1.23,252.8,83.2,164.4,2.2,1.0
642919,Pearl,TYLOO,0.83,190.8,67.2,127.4,1.0,2.2
642920,Breeze,Dragon Ranger Gaming,1.28,234.8,84.6,154.6,2.2,1.4
642920,Breeze,Nova Esports,0.73,179.6,63.4,123.4,1.4,2.2
642920,Haven,Dragon Ranger Gaming,1.24,227.2,86.0,145.2,1.8,2.2
642920,Haven,Nova Esports,0.76,182.2,70.0,124.0,2.2,1.8
642921,Pearl,All Gamers,0.84,166.4,66.4,107.8,2.0,1.8
642921,Pearl,FunPlus Phoenix,1.15,203.2,83.0,136.2,1.8,2.0
642921,Split,All Gamers,0.75,153.4,63.6,97.0,1.2,2.4
642921,Split,FunPlus Phoenix,1.19,203.2,82.0,123.0,2.4,1.2
642922,Fracture,TYLOO,1.23,231.6,82.2,152.8,2.0,1.6
642922,Fracture,Wuxi Titan Esports Club,0.83,178.0,60.0,115.2,1.6,2.0
642922,Split,TYLOO,1.04,209.0,72.8,139.2,1.8,3.8
642922,Split,Wuxi Titan Esports Club,0.98,205.8,75.2,134.8,3.8,1.8
642923,Fracture,EDward Gaming,1.18,219.0,76.2,141.2,2.0,2.4
642923,Fracture,Wolves Esports,0.87,186.6,69.2,123.0,2.4,2.0
642923,Lotus,EDward Gaming,1.01,207.2,75.0,140.2,2.2,2.4
642923,Lotus,Wolves Esports,1.0,189.4,75.0,122.6,2.4,2.2
642924,Bind,Trace Esports,0.92,184.6,78.4,120.2,1.0,3.6
642924,Bind,Xi Lai Gaming,1.1,201.8,78.2,129.6,3.6,1.0
642924,Breeze,Trace Esports,1.07,215.6,72.0,140.0,2.2,2.2
642924,Breeze,Xi Lai Gaming,0.91,190.2,68.2,129.8,2.2,2.2
642924,Lotus,Trace Esports,0.94,182.8,68.0,122.4,1.8,2.2
642924,Lotus,Xi Lai Gaming,1.05,222.0,78.0,143.0,2.2,1.8
642925,Fracture,Guangzhou Huadu Bilibili Gaming,1.22,223.0,79.0,137.6,1.4,2.4
642925,Fracture,JD Mall JDG Esports,0.86,188.6,69.4,126.8,2.4,1.4
642925,Haven,Guangzhou Huadu Bilibili Gaming,1.25,232.2,82.4,151.4,2.0,1.4
642925,Haven,JD Mall JDG Esports,0.73,179.4,60.0,119.6,1.4,2.0
642927,Bind,FunPlus Phoenix,0.83,185.8,64.4,121.0,1.8,1.8
642927,Bind,TYLOO,1.17,233.2,81.0,152.6,1.8,1.8
642927,Pearl,FunPlus Phoenix,,223.6,,203.6,2.0,2.8
642927,Pearl,TYLOO,,182.2,,123.0,2.8,2.0
642927,Split,FunPlus Phoenix,,205.4,,,,
642927,Split,TYLOO,,198.8,,,,
642928,Breeze,Guangzhou Huadu Bilibili Gaming,0.93,207.4,73.6,137.6,2.8,2.8
642928,Breeze,Wuxi Titan Esports Club,1.07,204.8,70.0,133.2,2.8,2.8
642928,Fracture,Guangzhou Huadu Bilibili Gaming,0.97,199.4,65.4,133.0,2.4,2.2
642928,Fracture,Wuxi Titan Esports Club,1.08,198.6,68.0,129.0,2.2,2.4
642929,Bind,Nova Esports,0.96,190.4,70.2,125.6,2.4,2.4
642929,Bind,Xi Lai Gaming,1.03,192.6,70.0,128.4,2.4,2.4
642929,Haven,Nova Esports,0.87,181.8,66.6,117.0,2.4,1.8
642929,Haven,Xi Lai Gaming,1.1,213.2,77.2,136.8,1.8,2.4
642930,Haven,EDward Gaming,1.05,201.8,78.6,136.0,2.8,2.4
642930,Haven,Trace Esports,0.96,190.2,66.0,126.8,2.4,2.8
642930,Lotus,EDward Gaming,1.16,226.2,80.0,145.0,1.8,1.6
642930,Lotus,Trace Esports,0.85,194.2,70.4,127.8,1.6,1.8
642931,Haven,All Gamers,1.08,213.4,73.2,135.4,3.2,1.4
642931,Haven,JD Mall JDG Esports,0.95,196.2,66.4,131.0,1.4,3.2
642931,Lotus,All Gamers,1.22,231.2,77.8,148.8,1.6,2.0
642931,Lotus,JD Mall JDG Esports,0.76,172.6,64.4,111.4,2.0,1.6
642932,Breeze,Dragon Ranger Gaming,1.38,241.2,81.6,153.6,2.2,0.6
642932,Breeze,Wolves Esports,0.59,143.4,54.2,94.4,0.6,2.2
642932,Lotus,Dragon Ranger Gaming,1.14,210.2,81.8,136.2,2.4,2.0
642932,Lotus,Wolves Esports,0.87,173.6,58.6,116.4,2.0,2.4
642932,Pearl,Dragon Ranger Gaming,0.73,163.6,60.0,106.6,2.0,1.8
642932,Pearl,Wolves Esports,1.3,222.0,77.8,148.2,1.8,2.0
642933,Lotus,Nova Esports,0.88,185.6,64.0,121.2,2.2,3.0
642933,Lotus,Trace Esports,1.14,218.0,76.2,143.4,3.0,2.2
642933,Split,Nova Esports,0.95,179.4,70.4,120.0,3.0,1.6
642933,Split,Trace Esports,1.06,207.4,77.4,132.8,1.6,3.0
642934,Fracture,FunPlus Phoenix,1.06,214.6,81.8,136.4,2.4,2.0
642934,Fracture,Guangzhou Huadu Bilibili Gaming,0.9,184.2,70.0,114.6,2.0,2.4
642934,Lotus,FunPlus Phoenix,0.9,204.2,71.4,133.0,1.2,3.0
642934,Lotus,Guangzhou Huadu Bilibili Gaming,1.13,217.0,79.8,145.4,3.0,1.2
642934,Pearl,FunPlus Phoenix,0.77,172.8,61.2,115.6,1.4,1.6
642934,Pearl,Guangzhou Huadu Bilibili Gaming,1.24,216.6,82.8,146.2,1.6,1.4
642935,Bind,All Gamers,0.86,163.6,62.2,109.8,1.2,2.4
642935,Bind,TYLOO,1.14,212.0,80.0,129.4,2.4,1.2
642935,Breeze,All Gamers,0.83,158.0,58.0,108.0,1.4,2.4
642935,Breeze,TYLOO,1.14,217.8,75.8,139.2,2.4,1.4
642935,Haven,All Gamers,1.17,208.6,76.4,129.8,2.6,1.8
642935,Haven,TYLOO,0.86,192.2,64.6,127.0,1.8,2.6
642936,Breeze,Dragon Ranger Gaming,0.8,173.4,56.6,110.8,1.2,2.4
642936,Breeze,EDward Gaming,1.18,231.2,81.0,146.6,2.4,1.2
642936,Lotus,Dragon Ranger Gaming,1.16,223.2,80.0,149.8,1.8,2.0
642936,Lotus,EDward Gaming,0.89,181.0,67.6,118.6,2.0,1.8
642936,Split,Dragon Ranger Gaming,0.96,197.4,72.0,129.2,2.6,1.8
642936,Split,EDward Gaming,1.06,215.2,73.8,139.4,1.8,2.6
642937,Fracture,JD Mall JDG Esports,1.1,208.2,74.0,127.6,2.8,2.4
642937,Fracture,Wuxi Titan Esports Club,0.95,204.2,69.4,130.2,2.4,2.8
642937,Haven,JD Mall JDG Esports,1.12,204.0,73.8,127.6,2.0,2.4
642937,Haven,Wuxi Titan Esports Club,0.87,169.4,67.4,111.8,2.4,2.0
642938,Bind,Wolves Esports,0.95,193.8,68.8,124.4,2.2,2.4
642938,Bind,Xi Lai Gaming,1.07,195.6,72.4,125.6,2.4,2.2
642938,Fracture,Wolves Esports,1.14,209.0,80.8,136.4,2.4,2.2
642938,Fracture,Xi Lai Gaming,0.89,186.0,68.0,121.2,2.2,2.4
642938,Lotus,Wolves Esports,1.01,204.2,75.0,129.4,1.8,2.2
642938,Lotus,Xi Lai Gaming,1.07,227.0,79.0,146.6,2.2,1.8
642939,Bind,JD Mall JDG Esports,1.16,224.4,83.0,142.4,3.4,3.0
642939,Bind,TYLOO,0.93,205.6,65.6,141.4,3.0,3.4
642939,Haven,JD Mall JDG Esports,1.17,218.0,78.0,144.0,2.6,1.6
642939,Haven,TYLOO,0.91,192.6,63.8,128.4,1.6,2.6
642940,Bind,Dragon Ranger Gaming,1.11,214.4,75.0,136.4,2.6,2.2
642940,Bind,Trace Esports,0.91,198.6,68.8,130.6,2.2,2.6
642940,Breeze,Dragon Ranger Gaming,1.19,226.8,75.0,149.6,2.8,1.8
642940,Breeze,Trace Esports,0.8,192.0,63.6,130.8,1.8,2.8
642940,Lotus,Dragon Ranger Gaming,0.74,175.0,55.6,113.6,1.6,2.0
642940,Lotus,Trace Esports,1.25,238.6,80.2,157.8,2.0,1.6
642941,Fracture,FunPlus Phoenix,0.53,126.0,53.2,81.2,0.8,2.2
642941,Fracture,Wuxi Titan Esports Club,1.45,240.8,90.6,149.2,2.2,0.8
642941,Split,FunPlus Phoenix,0.91,192.0,73.0,131.2,2.4,2.2
642941,Split,Wuxi Titan Esports Club,1.08,190.8,72.2,117.8,2.2,2.4
642942,Bind,All Gamers,1.12,228.8,81.0,145.2,2.4,1.6
642942,Bind,Guangzhou Huadu Bilibili Gaming,0.95,212.2,77.0,136.4,1.6,2.4
642942,Lotus,All Gamers,1.13,214.6,81.0,131.0,2.2,1.8
642942,Lotus,Guangzhou Huadu Bilibili Gaming,0.84,170.2,57.0,114.2,1.8,2.2
642942,Pearl,All Gamers,0.72,185.0,54.0,127.8,1.6,1.6
642942,Pearl,Guangzhou Huadu Bilibili Gaming,1.29,233.4,75.2,151.4,1.6,1.6
642943,Fracture,Nova Esports,1.15,224.8,77.0,144.2,2.8,1.4
642943,Fracture,Wolves Esports,0.9,180.8,64.6,122.0,1.4,2.8
642943,Lotus,Nova Esports,1.06,198.8,77.6,132.6,2.4,2.2
642943,Lotus,Wolves Esports,0.94,187.8,73.2,117.4,2.2,2.4
642944,Haven,EDward Gaming,1.01,200.4,72.8,130.4,2.0,2.4
642944,Haven,Xi Lai Gaming,1.05,211.8,75.6,152.0,2.4,2.0
642944,Lotus,EDward Gaming,1.17,218.2,78.2,143.0,2.2,2.0
642944,Lotus,Xi Lai Gaming,0.89,186.4,61.8,124.0,2.0,2.2
642944,Split,EDward Gaming,0.82,176.0,68.0,112.2,1.2,2.4
642944,Split,Xi Lai Gaming,1.2,239.6,80.2,150.6,2.4,1.2
642945,Bind,All Gamers,0.84,176.4,59.0,109.8,1.6,2.0
642945,Bind,Xi Lai Gaming,1.16,221.4,73.4,141.8,2.0,1.6
642945,Lotus,All Gamers,1.25,231.6,78.0,147.4,2.4,1.8
642945,Lotus,Xi Lai Gaming,0.78,176.8,68.4,116.0,1.8,2.4
642945,Split,All Gamers,0.88,192.8,68.6,116.6,1.2,3.0
642945,Split,Xi Lai Gaming,1.12,219.0,82.6,139.0,3.0,1.2
642946,Bind,EDward Gaming,1.03,193.4,69.2,129.4,3.4,1.8
642946,Bind,JD Mall JDG Esports,1.0,192.4,67.2,117.8,1.8,3.4
642946,Fracture,EDward Gaming,0.93,203.4,72.8,132.2,2.0,2.4
642946,Fracture,JD Mall JDG Esports,1.12,223.0,81.0,145.0,2.4,2.0
642946,Haven,EDward Gaming,1.15,208.6,71.4,131.0,2.2,2.0
642946,Haven,JD Mall JDG Esports,0.88,180.6,68.6,116.0,2.0,2.2
642947,Breeze,Dragon Ranger Gaming,0.77,167.2,63.0,108.4,1.6,2.4
642947,Breeze,TYLOO,1.25,231.4,85.0,153.6,2.4,1.6
642947,Haven,Dragon Ranger Gaming,0.94,189.4,69.0,123.2,2.0,2.6
642947,Haven,TYLOO,1.09,212.6,77.4,143.0,2.6,2.0
642948,Breeze,Trace Esports,1.03,203.8,68.6,129.6,2.2,2.0
642948,Breeze,Wuxi Titan Esports Club,0.93,204.0,66.6,132.4,2.0,2.2
642948,Fracture,Trace Esports,0.92,189.4,72.4,127.2,2.0,2.2
642948,Fracture,Wuxi Titan Esports Club,1.08,204.0,68.4,135.8,2.2,2.0
642948,Split,Trace Esports,1.03,189.2,72.8,123.6,2.0,2.4
642948,Split,Wuxi Titan Esports Club,0.99,187.0,74.6,124.4,2.4,2.0
644652,Bind,Gen.G,0.91,191.0,73.4,126.0,2.0,2.2
644652,Bind,Global Esports,1.1,205.0,77.0,137.0,2.2,2.0
644652,Split,Gen.G,0.63,158.6,63.8,101.4,1.8,1.6
644652,Split,Global Esports,1.36,234.6,81.0,147.8,1.6,1.8
644653,Haven,T1,1.06,204.6,75.8,134.4,2.0,2.8
644653,Haven,VARREL,0.95,182.4,63.4,119.2,2.8,2.0
644653,Pearl,T1,1.33,237.2,83.4,148.2,2.2,1.2
644653,Pearl,VARREL,0.62,159.2,54.2,101.4,1.2,2.2
644654,Fracture,Nongshim RedForce,0.97,197.4,67.8,127.0,2.2,3.4
644654,Fracture,Paper Rex,1.05,220.2,76.4,142.4,3.4,2.2
644654,Lotus,Nongshim RedForce,0.71,169.4,55.8,110.2,1.4,2.4
644654,Lotus,Paper Rex,1.27,228.8,82.0,144.4,2.4,1.4
644654,Split,Nongshim RedForce,0.94,189.2,68.0,122.0,1.8,2.8
644654,Split,Paper Rex,1.08,214.4,73.2,140.6,2.8,1.8
644655,Bind,DetonatioN FocusMe,0.88,199.8,66.6,129.4,1.6,2.6
644655,Bind,FULL SENSE,1.18,220.8,81.6,145.2,2.6,1.6
644655,Pearl,DetonatioN FocusMe,0.84,197.4,71.4,130.4,2.0,1.8
644655,Pearl,FULL SENSE,1.1,217.0,78.8,141.0,1.8,2.0
644656,Fracture,KIWOOM DRX,1.12,218.2,76.6,145.8,2.6,3.0
644656,Fracture,Team Secret,0.93,198.2,78.4,131.6,3.0,2.6
644656,Pearl,KIWOOM DRX,1.14,202.0,76.6,125.6,2.0,1.6
644656,Pearl,Team Secret,0.76,173.8,70.0,117.4,1.6,2.0
644657,Fracture,Rex Regum Qeon,1.31,227.0,82.0,149.2,2.2,1.6
644657,Fracture,ZETA DIVISION,0.67,161.4,60.8,107.6,1.6,2.2
644657,Haven,Rex Regum Qeon,1.07,198.0,75.8,129.0,2.4,2.4
644657,Haven,ZETA DIVISION,0.85,171.2,66.0,112.4,2.4,2.4
644657,Split,Rex Regum Qeon,0.82,168.4,61.0,100.8,1.4,2.6
644657,Split,ZETA DIVISION,1.14,207.6,78.0,137.2,2.6,1.4
644658,Lotus,DetonatioN FocusMe,0.76,179.4,64.0,116.8,1.4,2.4
644658,Lotus,T1,1.22,238.0,84.0,153.0,2.4,1.4
644658,Pearl,DetonatioN FocusMe,0.93,193.4,72.6,125.2,3.6,2.0
644658,Pearl,T1,1.05,201.0,69.2,130.6,2.0,3.6
644659,Fracture,KIWOOM DRX,1.02,198.6,74.2,130.0,3.2,2.4
644659,Fracture,Nongshim RedForce,1.03,201.6,77.2,138.0,2.4,3.2
644659,Haven,KIWOOM DRX,1.05,200.2,79.0,132.4,2.4,2.4
644659,Haven,Nongshim RedForce,0.95,183.6,66.8,124.8,2.4,2.4
644659,Lotus,KIWOOM DRX,0.96,190.6,72.2,119.2,2.0,2.6
644659,Lotus,Nongshim RedForce,1.01,204.2,74.0,127.2,2.6,2.0
644660,Lotus,Global Esports,1.08,196.2,71.0,128.0,2.2,2.2
644660,Lotus,Team Secret,0.9,179.0,71.0,120.6,2.2,2.2
644660,Split,Global Esports,1.15,209.8,82.0,144.6,2.2,2.0
644660,Split,Team Secret,0.84,166.8,66.2,112.2,2.0,2.2
644661,Bind,Rex Regum Qeon,0.98,191.4,70.8,121.2,2.2,2.6
644661,Bind,VARREL,0.97,193.4,68.4,126.0,2.6,2.2
644661,Split,Rex Regum Qeon,1.04,209.6,75.2,133.8,3.2,2.8
644661,Split,VARREL,0.98,198.6,67.4,131.0,2.8,3.2
644662,Fracture,FULL SENSE,1.2,221.4,76.6,146.6,2.2,1.6
644662,Fracture,ZETA DIVISION,0.83,180.4,71.6,121.6,1.6,2.2
644662,Split,FULL SENSE,1.12,209.4,76.0,139.0,2.6,1.4
644662,Split,ZETA DIVISION,0.88,188.4,71.0,121.4,1.4,2.6
644663,Fracture,Gen.G,0.7,169.4,70.2,111.8,1.2,2.0
644663,Fracture,Paper Rex,1.29,228.2,82.8,155.8,2.0,1.2
644663,Haven,Gen.G,1.14,224.6,76.8,147.0,3.0,3.4
644663,Haven,Paper Rex,0.89,200.0,69.0,132.6,3.4,3.0
644663,Lotus,Gen.G,1.21,237.6,85.4,151.8,1.6,1.6
644663,Lotus,Paper Rex,0.81,204.8,75.0,131.0,1.6,1.6
644665,Haven,FULL SENSE,1.35,236.6,84.4,164.6,1.6,2.0
644665,Haven,VARREL,0.7,154.2,55.6,104.4,2.0,1.6
644665,Lotus,FULL SENSE,0.92,195.4,65.4,132.4,2.4,2.8
644665,Lotus,VARREL,1.06,213.6,71.4,144.8,2.8,2.4
644666,Breeze,Paper Rex,1.35,237.2,87.0,157.8,2.4,1.0
644666,Breeze,Team Secret,0.63,153.6,54.2,101.8,1.0,2.4
644666,Split,Paper Rex,0.93,196.2,73.6,131.4,3.4,3.4
644666,Split,Team Secret,1.06,208.8,78.6,137.0,3.4,3.4
644667,Fracture,Global Esports,0.84,174.8,62.8,110.8,2.0,2.2
644667,Fracture,KIWOOM DRX,1.13,227.2,79.6,148.8,2.2,2.0
644667,Haven,Global Esports,0.99,188.8,73.6,123.4,2.6,1.8
644667,Haven,KIWOOM DRX,1.01,197.2,70.8,133.0,1.8,2.6
644668,Bind,DetonatioN FocusMe,0.96,205.4,69.6,129.4,2.0,2.6
644668,Bind,ZETA DIVISION,1.05,207.0,72.2,136.4,2.6,2.0
644668,Lotus,DetonatioN FocusMe,1.23,233.6,78.0,143.4,2.8,1.2
644668,Lotus,ZETA DIVISION,0.73,176.8,59.0,116.4,1.2,2.8
644668,Pearl,DetonatioN FocusMe,1.31,216.4,84.4,136.8,3.0,0.6
644668,Pearl,ZETA DIVISION,0.63,132.6,55.6,88.4,0.6,3.0
644669,Bind,Rex Regum Qeon,0.86,178.8,61.8,117.6,2.2,2.4
644669,Bind,T1,1.14,203.2,71.6,127.2,2.4,2.2
644669,Pearl,Rex Regum Qeon,0.83,162.2,63.8,102.2,1.6,2.6
644669,Pearl,T1,1.16,207.4,75.0,134.8,2.6,1.6
644670,Breeze,Gen.G,0.77,161.6,66.2,114.8,1.4,1.8
644670,Breeze,Nongshim RedForce,1.22,212.2,80.0,138.8,1.8,1.4
644670,Pearl,Gen.G,0.85,177.4,69.4,110.8,2.0,2.2
644670,Pearl,Nongshim RedForce,1.15,217.2,77.2,135.4,2.2,2.0
644671,Fracture,FULL SENSE,0.62,155.4,54.0,101.4,1.0,2.2
644671,Fracture,Rex Regum Qeon,1.35,217.8,90.2,138.0,2.2,1.0
644671,Haven,FULL SENSE,0.87,196.4,66.4,122.6,2.2,2.4
644671,Haven,Rex Regum Qeon,1.11,212.8,69.8,135.6,2.4,2.2
644671,Pearl,FULL SENSE,1.12,202.2,77.4,127.6,2.6,1.8
644671,Pearl,Rex Regum Qeon,0.9,183.8,62.8,126.8,1.8,2.6
644672,Pearl,Global Esports,0.81,191.4,62.8,120.8,1.6,2.6
644672,Pearl,Paper Rex,1.21,231.8,79.0,156.4,2.6,1.6
644672,Split,Global Esports,0.68,164.4,63.8,107.4,1.2,2.0
644672,Split,Paper Rex,1.32,236.2,86.4,148.8,2.0,1.2
644673,Haven,Gen.G,1.26,221.6,75.2,144.4,1.0,2.2
644673,Haven,KIWOOM DRX,0.76,164.4,62.6,106.8,2.2,1.0
644673,Lotus,Gen.G,0.91,192.0,69.4,126.6,3.4,4.0
644673,Lotus,KIWOOM DRX,1.09,220.2,74.4,149.8,3.8,3.2
644673,Pearl,Gen.G,0.95,189.0,72.2,117.0,2.8,1.8
644673,Pearl,KIWOOM DRX,1.01,193.8,64.4,126.4,1.8,2.8
644674,Fracture,DetonatioN FocusMe,1.11,222.0,78.2,137.0,2.4,2.0
644674,Fracture,VARREL,0.87,185.4,68.2,116.6,2.0,2.4
644674,Haven,DetonatioN FocusMe,0.89,170.2,67.0,107.6,2.2,2.4
644674,Haven,VARREL,1.06,192.4,75.0,126.6,2.4,2.2
644674,Lotus,DetonatioN FocusMe,1.1,203.4,71.8,136.6,1.8,3.0
644674,Lotus,VARREL,0.92,186.0,72.8,124.0,3.0,1.8
644675,Haven,T1,1.12,226.6,82.0,146.4,2.2,1.6
644675,Haven,ZETA DIVISION,0.92,209.0,68.2,136.4,1.6,2.2
644675,Lotus,T1,1.12,219.2,77.0,136.4,2.2,1.8
644675,Lotus,ZETA DIVISION,0.86,173.8,69.0,113.4,1.8,2.2
644676,Breeze,Nongshim RedForce,1.12,205.4,74.2,132.4,2.2,2.0
644676,Breeze,Team Secret,0.88,169.0,74.2,117.8,2.0,2.2
644676,Fracture,Nongshim RedForce,0.78,185.8,69.6,121.6,2.0,2.2
644676,Fracture,Team Secret,1.19,210.4,81.0,140.4,2.2,2.0
644676,Pearl,Nongshim RedForce,1.21,226.6,72.2,141.4,1.6,2.0
644676,Pearl,Team Secret,0.8,178.6,65.8,127.0,2.0,1.6
644677,Breeze,Gen.G,0.82,179.2,61.0,116.4,2.2,1.8
644677,Breeze,Team Secret,1.21,227.2,83.0,150.8,1.8,2.2
644677,Lotus,Gen.G,1.03,204.0,75.8,132.0,2.4,2.4
644677,Lotus,Team Secret,1.01,194.2,77.4,127.6,2.4,2.4
644677,Split,Gen.G,1.03,203.2,75.0,133.0,2.8,2.0
644677,Split,Team Secret,0.98,190.8,70.2,127.4,2.0,2.8
644678,Bind,VARREL,1.07,216.2,75.0,136.6,1.8,2.8
644678,Bind,ZETA DIVISION,0.93,196.4,70.6,130.2,2.8,1.8
644678,Breeze,VARREL,0.83,177.0,61.2,117.8,1.6,2.8
644678,Breeze,ZETA DIVISION,1.11,196.8,69.2,130.6,2.8,1.6
644678,Fracture,VARREL,0.88,197.2,67.4,125.4,2.8,1.6
644678,Fracture,ZETA DIVISION,1.1,213.6,70.2,141.6,1.6,2.8
644679,Bind,FULL SENSE,1.06,210.0,74.0,138.4,1.4,2.6
644679,Bind,T1,0.94,197.0,76.0,130.4,2.6,1.4
644679,Breeze,FULL SENSE,1.04,196.0,70.2,128.0,2.4,2.0
644679,Breeze,T1,0.95,196.4,67.4,135.0,2.0,2.4
644679,Pearl,FULL SENSE,0.76,158.6,57.8,110.6,1.8,1.8
644679,Pearl,T1,1.25,214.2,77.8,145.0,1.8,1.8
644680,Bind,Global Esports,0.93,192.6,67.8,124.0,2.6,2.2
644680,Bind,Nongshim RedForce,1.07,212.4,75.6,142.0,2.2,2.6
644680,Breeze,Global Esports,1.28,237.6,79.8,152.8,2.6,1.0
644680,Breeze,Nongshim RedForce,0.68,163.2,54.6,106.4,1.0,2.6
644680,Haven,Global Esports,1.21,228.6,81.6,152.2,3.0,2.2
644680,Haven,Nongshim RedForce,0.82,183.0,60.0,123.4,2.2,3.0
644681,Breeze,KIWOOM DRX,0.72,165.8,62.4,112.4,0.8,2.8
644681,Breeze,Paper Rex,1.31,234.6,84.4,158.0,2.8,0.8
644681,Lotus,KIWOOM DRX,0.77,180.6,57.8,120.4,1.0,2.6
644681,Lotus,Paper Rex,1.26,242.2,78.8,160.2,2.6,1.0
644682,Fracture,DetonatioN FocusMe,0.84,181.2,64.6,112.4,2.6,1.6
644682,Fracture,Rex Regum Qeon,1.14,218.0,82.8,150.6,1.6,2.6
644682,Haven,DetonatioN FocusMe,1.1,210.6,72.4,128.2,2.6,2.6
644682,Haven,Rex Regum Qeon,0.87,189.2,65.4,119.6,2.6,2.6
644682,Lotus,DetonatioN FocusMe,0.92,184.0,71.4,123.2,2.2,3.0
644682,Lotus,Rex Regum Qeon,1.08,202.0,73.2,135.0,3.0,2.2
644709,Bind,Eternal Fire,0.98,196.4,65.8,126.4,2.8,3.6
644709,Bind,FNATIC,1.02,202.4,73.8,129.8,3.6,2.8
644709,Breeze,Eternal Fire,0.94,180.0,67.8,119.0,2.6,2.6
644709,Breeze,FNATIC,1.0,175.6,63.2,116.0,2.6,2.6
644709,Lotus,Eternal Fire,0.59,143.2,52.2,93.4,0.8,2.2
644709,Lotus,FNATIC,1.36,242.4,82.6,157.4,2.2,0.8
644710,Haven,Karmine Corp,0.87,198.4,72.4,129.0,2.0,2.6
644710,Haven,Team Liquid,1.05,202.8,76.6,128.6,2.6,2.0
644710,Pearl,Karmine Corp,0.77,165.2,66.0,109.6,1.8,2.2
644710,Pearl,Team Liquid,1.15,200.6,77.0,126.2,2.2,1.8
644711,Haven,GIANTX,0.82,174.8,71.4,116.6,1.8,2.4
644711,Haven,Team Vitality,1.18,203.2,78.8,136.2,2.4,1.8
644711,Pearl,GIANTX,0.73,173.2,67.6,113.2,1.0,2.4
644711,Pearl,Team Vitality,1.31,224.0,81.4,146.0,2.2,0.8
644712,Bind,FUT Esports,1.2,202.0,77.2,131.4,2.6,1.6
644712,Bind,Gentle Mates,0.74,158.2,61.8,101.8,1.6,2.6
644712,Haven,FUT Esports,1.04,195.8,70.4,128.6,2.2,1.6
644712,Haven,Gentle Mates,0.96,191.4,64.0,130.4,1.6,2.2
644712,Pearl,FUT Esports,0.88,195.4,73.0,132.2,2.2,2.4
644712,Pearl,Gentle Mates,1.1,203.2,80.0,132.6,2.4,2.2
644713,Bind,Natus Vincere,1.14,215.6,74.6,141.8,2.6,1.8
644713,Bind,Team Heretics,0.83,171.0,68.4,112.6,1.8,2.6
644713,Lotus,Natus Vincere,1.14,214.6,71.0,138.8,1.4,3.0
644713,Lotus,Team Heretics,0.87,189.8,67.2,128.6,3.0,1.4
644713,Pearl,Natus Vincere,0.97,182.4,71.0,128.0,1.8,2.6
644713,Pearl,Team Heretics,1.08,191.6,72.8,130.0,2.6,1.8
644714,Breeze,BBL Esports,1.07,186.2,70.6,128.8,2.2,2.0
644714,Breeze,PCIFIC Esports,0.92,168.2,70.2,107.2,2.0,2.2
644714,Split,BBL Esports,0.94,190.8,69.2,124.0,2.8,2.0
644714,Split,PCIFIC Esports,0.99,181.2,69.4,122.4,2.0,2.8
644716,Haven,GIANTX,1.12,197.8,76.2,135.2,2.4,1.8
644716,Haven,PCIFIC Esports,0.86,187.0,73.4,127.2,1.8,2.4
644716,Pearl,GIANTX,1.03,196.8,77.8,128.0,3.2,2.0
644716,Pearl,PCIFIC Esports,0.95,189.4,63.2,125.4,2.0,3.2
644716,Split,GIANTX,1.03,187.8,68.6,128.0,2.2,2.4
644716,Split,PCIFIC Esports,1.0,195.2,68.8,125.4,2.4,2.2
644717,Pearl,BBL Esports,0.7,161.0,55.8,109.2,0.8,3.0
644717,Pearl,Eternal Fire,1.29,223.0,80.8,134.2,3.0,0.8
644717,Split,BBL Esports,0.9,192.2,63.4,119.4,1.8,2.8
644717,Split,Eternal Fire,1.03,204.6,73.0,135.8,2.8,1.8
644718,Breeze,FNATIC,1.07,219.4,76.6,144.0,2.8,1.8
644718,Breeze,Team Vitality,0.95,204.8,67.8,131.8,1.8,2.8
644718,Split,FNATIC,1.14,201.6,74.2,130.0,2.8,2.0
644718,Split,Team Vitality,0.83,184.2,66.8,116.4,2.0,2.8
644719,Bind,Team Heretics,0.81,160.0,58.8,104.0,1.6,2.6
644719,Bind,Team Liquid,1.16,205.6,74.2,132.6,2.6,1.6
644719,Pearl,Team Heretics,0.87,185.4,74.0,117.2,2.0,2.6
644719,Pearl,Team Liquid,1.16,226.4,80.8,151.2,2.6,2.0
644720,Bind,FUT Esports,1.15,209.2,71.8,130.8,1.8,2.6
644720,Bind,Natus Vincere,0.87,181.4,65.4,121.8,2.6,1.8
644720,Fracture,FUT Esports,0.89,185.2,65.6,122.0,2.4,2.0
644720,Fracture,Natus Vincere,1.07,210.0,74.4,135.6,2.0,2.4
644720,Split,FUT Esports,1.24,222.4,77.0,148.2,2.0,1.8
644720,Split,Natus Vincere,0.77,173.8,63.2,114.0,1.8,2.0
644721,Fracture,Gentle Mates,1.01,181.4,76.4,119.2,2.0,2.4
644721,Fracture,Karmine Corp,0.97,190.2,81.8,123.0,2.4,2.0
644721,Haven,Gentle Mates,0.9,191.6,75.6,130.2,2.2,2.2
644721,Haven,Karmine Corp,1.11,209.4,75.4,123.4,2.2,2.2
644721,Pearl,Gentle Mates,1.15,204.8,80.8,136.0,2.4,2.0
644721,Pearl,Karmine Corp,0.88,173.0,69.2,108.6,2.0,2.4
644722,Haven,BBL Esports,0.91,176.0,71.8,116.8,2.2,2.6
644722,Haven,GIANTX,1.05,182.2,80.8,126.2,2.6,2.2
644722,Lotus,BBL Esports,1.13,209.4,73.0,143.0,2.2,1.8
644722,Lotus,GIANTX,0.84,161.8,65.0,104.2,1.8,2.2
644722,Split,BBL Esports,0.86,177.6,61.0,121.2,2.2,2.2
644722,Split,GIANTX,1.13,206.2,73.6,142.0,2.2,2.2
644723,Lotus,Gentle Mates,1.06,202.0,81.8,131.2,2.8,1.4
644723,Lotus,Natus Vincere,0.93,184.6,73.2,125.2,1.4,2.8
644723,Pearl,Gentle Mates,1.02,189.6,72.2,119.8,2.4,2.2
644723,Pearl,Natus Vincere,0.95,190.0,66.0,127.4,2.2,2.4
644724,Bind,Eternal Fire,1.09,218.6,77.6,139.0,2.2,2.6
644724,Bind,Team Vitality,0.93,187.2,68.6,125.2,2.6,2.2
644724,Lotus,Eternal Fire,1.13,220.4,71.6,144.8,1.8,2.0
644724,Lotus,Team Vitality,0.83,183.2,68.2,125.8,2.0,1.8
644725,Fracture,Karmine Corp,0.86,181.4,69.0,118.0,1.6,2.4
644725,Fracture,Team Heretics,1.15,204.4,72.0,132.2,2.4,1.6
644725,Haven,Karmine Corp,1.22,227.6,82.0,149.0,2.6,1.2
644725,Haven,Team Heretics,0.83,184.6,68.2,123.6,1.2,2.6
644725,Lotus,Karmine Corp,0.53,131.2,57.2,79.6,0.6,2.4
644725,Lotus,Team Heretics,1.5,239.0,88.2,147.0,2.4,0.6
644726,Breeze,FUT Esports,1.05,201.6,70.2,136.0,2.6,1.8
644726,Breeze,Team Liquid,0.96,197.4,75.6,129.2,1.8,2.6
644726,Haven,FUT Esports,1.07,207.2,76.4,135.0,3.6,2.0
644726,Haven,Team Liquid,0.93,204.8,71.6,135.4,2.0,3.6
644727,Lotus,FNATIC,1.25,209.0,78.6,139.6,2.4,1.0
644727,Lotus,PCIFIC Esports,0.7,150.2,55.4,99.8,1.0,2.4
644727,Split,FNATIC,0.98,181.4,73.4,117.4,2.8,2.0
644727,Split,PCIFIC Esports,0.91,175.8,71.0,120.2,2.0,2.8
644728,Fracture,Eternal Fire,0.99,196.6,69.4,124.6,1.8,3.0
644728,Fracture,PCIFIC Esports,0.94,196.8,77.6,130.8,3.0,1.8
644728,Lotus,Eternal Fire,1.03,203.6,73.4,127.6,2.6,2.2
644728,Lotus,PCIFIC Esports,0.99,198.4,74.2,132.2,2.2,2.6
644728,Split,Eternal Fire,0.73,166.8,61.0,109.8,1.6,2.8
644728,Split,PCIFIC Esports,1.15,209.0,82.6,137.8,2.8,1.6
644729,Bind,Natus Vincere,0.99,191.0,74.4,123.8,1.6,2.8
644729,Bind,Team Liquid,1.04,198.0,74.6,128.2,2.8,1.6
644729,Lotus,Natus Vincere,0.8,172.6,60.0,113.8,2.4,1.6
644729,Lotus,Team Liquid,1.14,206.2,70.0,138.4,1.6,2.4
644729,Split,Natus Vincere,0.97,202.4,63.8,131.2,1.8,2.6
644729,Split,Team Liquid,0.99,201.4,68.2,130.4,2.6,1.8
644730,Bind,FNATIC,1.2,219.8,79.0,144.0,1.0,3.0
644730,Bind,GIANTX,0.8,183.6,71.0,122.2,3.0,1.0
644730,Breeze,FNATIC,1.13,211.0,72.8,133.4,2.6,1.8
644730,Breeze,GIANTX,0.9,181.8,62.0,120.4,1.8,2.6
644730,Haven,FNATIC,0.65,158.8,52.8,111.0,1.0,2.2
644730,Haven,GIANTX,1.28,224.2,83.8,142.0,2.2,1.0
644731,Bind,FUT Esports,1.09,190.4,72.2,121.8,1.4,2.8
644731,Bind,Karmine Corp,0.9,177.4,66.8,122.6,2.8,1.4
644731,Haven,FUT Esports,0.9,191.0,73.6,129.8,3.2,1.2
644731,Haven,Karmine Corp,1.15,215.6,71.8,142.8,1.2,3.2
644731,Lotus,FUT Esports,1.09,210.6,73.2,137.2,2.2,2.4
644731,Lotus,Karmine Corp,0.92,194.4,67.2,123.2,2.4,2.2
644732,Fracture,Gentle Mates,0.7,172.8,67.2,108.0,1.0,2.4
644732,Fracture,Team Heretics,1.24,217.0,82.0,139.2,2.4,1.0
644732,Lotus,Gentle Mates,0.94,181.4,66.2,121.6,1.8,2.8
644732,Lotus,Team Heretics,1.05,203.2,78.4,140.8,2.8,1.8
644733,Breeze,BBL Esports,1.12,208.2,73.2,131.0,2.0,1.6
644733,Breeze,Team Vitality,0.8,175.4,69.0,119.4,1.6,2.0
644733,Haven,BBL Esports,0.98,194.0,68.0,124.2,1.8,2.8
644733,Haven,Team Vitality,0.9,190.8,73.0,123.0,2.8,1.8
644733,Lotus,BBL Esports,0.86,160.4,57.0,108.6,1.4,2.8
644733,Lotus,Team Vitality,1.15,202.8,81.0,132.2,2.8,1.4
644734,Lotus,FUT Esports,0.93,208.8,75.2,136.8,2.8,2.0
644734,Lotus,Team Heretics,1.1,222.4,74.2,142.4,2.0,2.8
644734,Split,FUT Esports,0.51,130.6,50.8,87.8,1.2,1.8
644734,Split,Team Heretics,1.44,246.4,90.8,154.0,1.8,1.2
644735,Haven,PCIFIC Esports,0.78,157.4,56.4,106.2,1.6,2.8
644735,Haven,Team Vitality,1.14,207.2,71.0,134.8,2.8,1.6
644735,Split,PCIFIC Esports,0.5,147.4,50.8,100.0,0.8,1.8
644735,Split,Team Vitality,1.39,245.8,89.2,150.6,1.8,0.8
644736,Breeze,Karmine Corp,0.85,178.2,64.0,119.6,2.0,2.4
644736,Breeze,Natus Vincere,1.12,209.0,73.6,138.8,2.4,2.0
644736,Lotus,Karmine Corp,0.78,158.0,60.2,107.2,1.8,2.6
644736,Lotus,Natus Vincere,1.17,214.8,69.2,145.8,2.6,1.8
644737,Fracture,BBL Esports,0.78,171.4,51.2,113.4,1.4,2.2
644737,Fracture,FNATIC,1.22,222.2,76.6,147.0,2.2,1.4
644737,Haven,BBL Esports,0.54,135.2,43.6,91.6,1.2,2.0
644737,Haven,FNATIC,1.45,235.0,86.4,150.8,2.0,1.2
644738,Breeze,Eternal Fire,1.0,208.8,73.2,142.6,2.8,1.8
644738,Breeze,GIANTX,1.01,206.6,75.0,134.6,1.8,2.8
644738,Split,Eternal Fire,1.01,187.8,66.8,126.8,2.8,2.0
644738,Split,GIANTX,0.95,180.8,68.6,117.2,2.0,2.8
644739,Lotus,Gentle Mates,0.94,204.8,72.8,131.8,2.0,2.4
644739,Lotus,Team Liquid,1.02,201.2,76.4,133.6,2.4,2.0
644739,Split,Gentle Mates,0.78,165.8,63.0,106.8,1.6,2.6
644739,Split,Team Liquid,1.18,219.4,83.0,146.0,2.6,1.6
645474,Breeze,KRÜ Esports,1.11,216.2,68.2,137.0,2.6,1.8
645474,Breeze,Sentinels,0.84,190.2,61.8,126.0,1.8,2.6
645474,Lotus,KRÜ Esports,1.15,214.4,75.2,137.2,2.4,1.8
645474,Lotus,Sentinels,0.85,170.4,59.0,112.4,1.8,2.4
645475,Lotus,G2 Esports,0.92,196.8,71.4,133.6,1.8,2.4
645475,Lotus,MIBR,1.08,217.6,71.6,145.4,2.4,1.8
645475,Split,G2 Esports,0.95,194.0,68.4,127.8,3.4,2.6
645475,Split,MIBR,1.05,201.6,63.2,129.8,2.6,3.4
645476,Breeze,100 Thieves,1.32,234.0,84.4,148.4,2.0,1.4
645476,Breeze,Evil Geniuses,0.66,163.6,57.8,101.8,1.4,2.0
645476,Haven,100 Thieves,1.13,206.0,74.2,131.2,2.4,1.8
645476,Haven,Evil Geniuses,0.83,181.6,63.8,126.0,1.8,2.4
645477,Breeze,ENVY,0.78,171.0,58.0,112.2,1.6,2.6
645477,Breeze,LOUD,1.27,229.6,80.8,145.4,2.6,1.6
645477,Lotus,ENVY,1.04,209.0,75.4,137.0,2.8,1.6
645477,Lotus,LOUD,0.93,194.2,65.6,125.0,1.6,2.8
645477,Pearl,ENVY,0.88,184.0,69.2,121.4,1.8,3.0
645477,Pearl,LOUD,1.14,217.6,80.2,139.8,3.0,1.8
645478,Haven,Cloud9,0.77,159.4,62.4,106.6,1.4,2.2
645478,Haven,LEVIATÁN,1.22,207.2,75.4,136.0,2.2,1.4
645478,Pearl,Cloud9,0.79,177.6,61.0,114.8,1.6,2.2
645478,Pearl,LEVIATÁN,1.21,218.8,82.0,141.8,2.2,1.6
645479,Pearl,FURIA,1.06,203.4,73.0,128.4,2.0,2.0
645479,Pearl,NRG,0.83,184.0,61.0,127.2,2.0,2.0
645479,Split,FURIA,1.09,213.6,75.6,137.6,2.4,2.2
645479,Split,NRG,0.93,200.2,72.4,125.8,2.2,2.4
645480,Haven,Cloud9,0.95,195.6,67.4,129.8,1.4,3.0
645480,Haven,ENVY,1.07,205.2,68.2,131.2,3.0,1.4
645480,Pearl,Cloud9,0.81,164.6,59.2,111.8,1.4,2.2
645480,Pearl,ENVY,1.19,211.6,76.6,139.2,2.2,1.4
645480,Split,Cloud9,1.13,225.8,84.4,137.8,2.2,2.4
645480,Split,ENVY,0.87,189.4,70.2,130.2,2.6,2.4
645481,Haven,Evil Geniuses,1.0,202.6,69.4,134.4,2.6,2.6
645481,Haven,FURIA,0.94,197.0,67.6,126.8,2.6,2.6
645481,Lotus,Evil Geniuses,0.98,196.0,74.6,133.6,1.8,2.8
645481,Lotus,FURIA,1.03,204.2,73.2,136.6,2.8,1.8
645481,Pearl,Evil Geniuses,0.86,191.4,61.2,131.4,1.8,1.8
645481,Pearl,FURIA,1.11,229.6,77.8,143.4,1.8,1.8
645482,Bind,G2 Esports,0.98,187.2,60.8,123.2,1.4,3.8
645482,Bind,LEVIATÁN,1.02,193.2,67.8,126.4,3.8,1.4
645482,Breeze,G2 Esports,1.19,200.0,73.6,127.6,2.0,1.8
645482,Breeze,LEVIATÁN,0.71,168.0,66.2,110.8,1.8,2.0
645482,Split,G2 Esports,0.96,181.6,72.6,122.0,2.8,2.0
645482,Split,LEVIATÁN,1.0,202.0,76.0,131.0,2.0,2.8
645483,Haven,LOUD,0.85,181.8,60.2,123.2,2.0,2.6
645483,Haven,MIBR,1.14,197.8,77.4,130.2,2.6,2.0
645483,Split,LOUD,0.66,140.4,49.4,91.8,1.0,2.4
645483,Split,MIBR,1.28,216.8,86.8,137.2,2.4,1.0
645484,Lotus,KRÜ Esports,1.09,210.0,74.0,136.0,2.2,2.4
645484,Lotus,NRG,0.92,189.0,69.8,124.0,2.4,2.2
645484,Split,KRÜ Esports,1.17,217.6,80.0,138.2,3.0,1.2
645484,Split,NRG,0.83,168.2,60.0,113.8,1.2,3.0
645485,Haven,100 Thieves,0.91,176.4,65.6,114.4,2.0,2.6
645485,Haven,Sentinels,1.07,200.4,76.6,129.0,2.6,2.0
645485,Split,100 Thieves,1.0,204.2,74.4,132.4,3.8,3.4
645485,Split,Sentinels,1.03,209.2,73.4,137.0,3.4,3.8
645486,Bind,ENVY,0.81,190.2,63.8,121.4,1.4,2.0
645486,Bind,LEVIATÁN,1.26,234.0,79.8,152.4,2.0,1.4
645486,Fracture,ENVY,0.66,149.4,56.6,97.4,1.0,2.4
645486,Fracture,LEVIATÁN,1.36,233.4,90.4,147.4,2.4,1.0
645487,Haven,G2 Esports,1.14,224.8,78.2,144.4,2.8,1.6
645487,Haven,LOUD,0.84,187.6,68.4,123.6,1.6,2.8
645487,Pearl,G2 Esports,1.15,206.2,74.0,136.8,2.2,2.4
645487,Pearl,LOUD,0.85,181.8,64.2,116.0,2.4,2.2
645488,Haven,FURIA,0.89,187.8,71.4,125.2,2.0,2.6
645488,Haven,KRÜ Esports,1.09,200.2,67.8,131.4,2.6,2.0
645488,Lotus,FURIA,0.65,167.2,58.8,114.4,1.0,2.4
645488,Lotus,KRÜ Esports,1.39,235.6,85.6,148.2,2.4,1.0
645489,Breeze,100 Thieves,0.63,140.2,61.2,93.2,1.6,1.4
645489,Breeze,NRG,1.37,232.2,85.2,149.2,1.4,1.6
645489,Lotus,100 Thieves,0.92,189.6,73.8,125.4,1.4,3.2
645489,Lotus,NRG,1.08,208.4,77.6,137.0,3.2,1.4
645489,Pearl,100 Thieves,1.0,195.4,74.6,124.8,2.6,1.8
645489,Pearl,NRG,0.87,177.4,68.2,119.8,1.8,2.6
645490,Bind,Evil Geniuses,0.98,188.8,68.4,126.0,2.6,2.2
645490,Bind,Sentinels,1.02,207.6,65.0,131.2,2.2,2.6
645490,Haven,Evil Geniuses,0.81,167.0,62.0,116.0,1.6,2.4
645490,Haven,Sentinels,1.15,203.8,79.0,136.0,2.4,1.6
645491,Breeze,Cloud9,1.1,215.6,77.8,142.4,2.6,2.6
645491,Breeze,MIBR,0.93,188.6,66.0,129.0,2.6,2.6
645491,Split,Cloud9,1.03,209.4,76.2,141.4,2.8,2.4
645491,Split,MIBR,1.05,202.0,74.0,134.6,2.4,2.8
645492,Fracture,Evil Geniuses,0.84,173.0,68.4,113.0,1.4,2.8
645492,Fracture,NRG,1.13,210.4,69.4,134.0,2.8,1.4
645492,Pearl,Evil Geniuses,0.92,186.2,72.8,125.6,2.4,2.0
645492,Pearl,NRG,1.05,197.4,76.4,126.0,2.0,2.4
645493,Breeze,LEVIATÁN,0.98,197.2,73.0,129.0,2.6,2.0
645493,Breeze,MIBR,0.99,184.4,71.2,115.6,2.0,2.6
645493,Haven,LEVIATÁN,0.92,193.4,72.2,127.2,2.8,1.8
645493,Haven,MIBR,1.0,195.0,73.0,126.2,1.8,2.8
645494,Bind,100 Thieves,1.28,223.8,84.4,150.6,1.6,1.8
645494,Bind,KRÜ Esports,0.79,179.2,66.0,124.6,1.8,1.6
645494,Haven,100 Thieves,0.95,194.4,70.4,135.8,2.2,2.4
645494,Haven,KRÜ Esports,1.06,208.8,70.4,140.8,2.4,2.2
645494,Split,100 Thieves,1.11,218.2,75.8,137.8,2.2,1.6
645494,Split,KRÜ Esports,0.89,191.2,59.0,132.6,1.6,2.2
645495,Breeze,FURIA,0.82,168.0,62.0,108.4,1.4,2.6
645495,Breeze,Sentinels,1.13,211.2,81.0,143.2,2.6,1.4
645495,Haven,FURIA,1.16,214.6,77.0,145.4,2.0,2.0
645495,Haven,Sentinels,0.85,191.8,64.0,124.4,2.0,2.0
645495,Split,FURIA,1.28,223.2,84.6,138.0,2.2,1.2
645495,Split,Sentinels,0.69,168.0,59.0,114.4,1.2,2.2
645496,Breeze,Cloud9,1.02,204.4,71.8,137.2,2.2,2.6
645496,Breeze,LOUD,1.0,200.2,74.0,138.2,2.6,2.2
645496,Lotus,Cloud9,0.52,135.6,48.6,85.2,0.4,2.4
645496,Lotus,LOUD,1.41,237.0,87.2,155.4,2.4,0.4
645496,Split,Cloud9,1.15,221.4,81.0,140.6,2.2,2.0
645496,Split,LOUD,0.85,189.4,65.8,125.0,2.0,2.2
645497,Haven,ENVY,0.64,167.6,61.0,106.8,1.6,1.8
645497,Haven,G2 Esports,1.35,252.2,85.6,159.8,1.8,1.6
645497,Lotus,ENVY,0.77,170.0,58.0,110.2,1.6,2.2
645497,Lotus,G2 Esports,1.21,228.0,82.0,140.2,2.2,1.6
645498,Bind,Evil Geniuses,0.79,186.4,68.6,118.2,1.4,2.4
645498,Bind,KRÜ Esports,1.24,224.6,77.0,145.2,2.4,1.4
645498,Haven,Evil Geniuses,1.05,200.2,71.8,131.6,1.8,3.0
645498,Haven,KRÜ Esports,0.96,198.6,71.8,128.4,3.0,1.8
645498,Lotus,Evil Geniuses,0.9,177.6,64.4,118.0,2.4,2.4
645498,Lotus,KRÜ Esports,1.04,203.2,75.2,128.6,2.4,2.4
645499,Breeze,100 Thieves,1.13,211.8,73.8,144.4,2.0,1.8
645499,Breeze,FURIA,0.86,183.0,60.0,121.2,1.8,2.0
645499,Haven,100 Thieves,1.19,217.6,77.0,139.6,1.8,2.4
645499,Haven,FURIA,0.85,187.8,64.8,121.6,2.4,1.8
645499,Pearl,100 Thieves,0.92,192.6,68.2,120.0,2.4,2.0
645499,Pearl,FURIA,1.07,216.0,70.8,144.4,2.0,2.4
645500,Lotus,Cloud9,0.77,177.8,68.2,118.8,1.8,2.0
645500,Lotus,G2 Esports,1.16,219.6,79.8,143.2,2.0,1.8
645500,Split,Cloud9,0.87,186.8,72.8,122.2,2.0,2.4
645500,Split,G2 Esports,1.17,217.6,84.4,143.4,2.4,2.0
645501,Bind,ENVY,1.27,253.2,82.6,159.8,1.0,2.2
645501,Bind,MIBR,0.72,191.6,60.0,124.0,2.2,1.0
645501,Haven,ENVY,1.26,250.4,81.6,162.0,1.0,1.8
645501,Haven,MIBR,0.78,192.2,68.4,122.0,1.8,1.0
645502,Bind,LEVIATÁN,1.3,248.4,84.0,160.8,2.0,1.2
645502,Bind,LOUD,0.8,187.4,67.6,125.8,1.2,2.0
645502,Breeze,LEVIATÁN,0.86,184.6,64.0,122.4,2.4,2.8
645502,Breeze,LOUD,1.13,213.0,79.4,141.8,2.8,2.4
645502,Haven,LEVIATÁN,0.97,195.4,76.6,128.4,2.8,1.8
645502,Haven,LOUD,1.08,195.8,74.0,126.6,1.8,2.8
645503,Breeze,NRG,0.96,190.0,69.0,124.6,2.4,2.4
645503,Breeze,Sentinels,1.03,204.2,70.0,131.0,2.4,2.4
645503,Fracture,NRG,0.99,194.0,79.2,129.2,2.8,2.0
645503,Fracture,Sentinels,0.94,176.6,67.0,116.8,2.0,2.8
645503,Lotus,NRG,1.04,202.0,70.4,126.6,2.6,2.0
645503,Lotus,Sentinels,0.92,191.8,63.4,122.2,2.0,2.6
659474,Breeze,Wuxi Titan Esports Club,0.88,189.6,66.4,133.6,2.0,2.4
659474,Breeze,Xi Lai Gaming,1.13,218.8,74.6,146.2,2.4,2.0
659474,Lotus,Wuxi Titan Esports Club,0.93,192.2,66.0,130.8,1.4,2.6
659474,Lotus,Xi Lai Gaming,1.13,211.2,76.0,140.8,2.6,1.4
659475,Fracture,JD Mall JDG Esports,0.95,192.6,73.6,125.8,1.6,2.8
659475,Fracture,TYLOO,1.1,220.6,78.0,145.0,2.8,1.6
659475,Haven,JD Mall JDG Esports,1.31,236.0,84.0,152.8,2.2,0.8
659475,Haven,TYLOO,0.64,153.4,56.0,95.6,0.8,2.2
659475,Pearl,JD Mall JDG Esports,0.98,216.2,73.2,135.6,2.2,2.4
659475,Pearl,TYLOO,1.04,201.4,73.8,135.8,2.4,2.2
659476,Lotus,All Gamers,,224.8,,,,
659476,Lotus,Trace Esports,,170.6,,,,
659476,Split,All Gamers,,220.4,,,,
659476,Split,Trace Esports,,176.2,,,,
659477,Breeze,Dragon Ranger Gaming,0.82,173.0,68.0,108.2,2.0,2.0
659477,Breeze,EDward Gaming,1.18,215.0,76.0,133.6,2.0,2.0
659477,Lotus,Dragon Ranger Gaming,1.15,242.4,77.0,161.0,2.2,1.8
659477,Lotus,EDward Gaming,0.94,209.4,75.0,135.6,1.8,2.2
659477,Split,Dragon Ranger Gaming,0.88,170.4,65.0,111.6,1.8,2.2
659477,Split,EDward Gaming,1.14,209.8,74.0,129.4,2.2,1.8
659478,Lotus,JD Mall JDG Esports,0.47,158.6,52.2,100.2,1.0,1.6
659478,Lotus,Xi Lai Gaming,1.35,260.8,81.8,154.0,1.6,1.0
659478,Pearl,JD Mall JDG Esports,0.75,166.2,62.4,105.4,1.4,2.2
659478,Pearl,Xi Lai Gaming,1.28,247.4,85.4,161.4,2.2,1.4
659479,Fracture,All Gamers,0.91,185.2,66.0,118.8,2.2,1.8
659479,Fracture,EDward Gaming,1.07,218.4,77.0,142.6,1.8,2.2
659479,Lotus,All Gamers,0.87,175.6,65.0,111.0,1.0,2.8
659479,Lotus,EDward Gaming,1.11,212.6,76.8,137.2,2.8,1.0
659480,Breeze,EDward Gaming,1.18,217.6,75.4,156.2,2.4,1.8
659480,Breeze,Xi Lai Gaming,0.88,183.4,63.0,115.2,1.8,2.4
659480,Split,EDward Gaming,1.07,208.8,78.2,135.6,3.0,1.4
659480,Split,Xi Lai Gaming,0.91,182.0,69.2,116.2,1.4,3.0
659481,Breeze,EDward Gaming,1.34,221.0,80.0,152.2,2.4,1.2
659481,Breeze,Xi Lai Gaming,0.69,149.4,62.2,97.6,1.2,2.4
659481,Fracture,EDward Gaming,0.83,175.0,66.4,116.0,0.8,3.0
659481,Fracture,Xi Lai Gaming,1.22,227.6,83.2,141.8,3.0,0.8
659481,Haven,EDward Gaming,0.91,194.0,72.0,131.4,2.2,2.2
659481,Haven,Xi Lai Gaming,1.14,220.8,80.0,155.2,2.2,2.2
659481,Pearl,EDward Gaming,1.29,230.4,84.4,148.6,1.8,1.6
659481,Pearl,Xi Lai Gaming,0.72,165.6,62.4,108.4,1.6,1.8
659481,Split,EDward Gaming,1.13,222.0,77.8,147.4,3.2,2.4
659481,Split,Xi Lai Gaming,0.9,199.8,74.2,130.8,2.4,3.2
659482,Fracture,TYLOO,1.09,210.8,76.2,137.0,2.8,1.6
659482,Fracture,Wuxi Titan Esports Club,0.91,193.0,67.2,124.8,1.6,2.8
659482,Pearl,TYLOO,0.94,198.2,73.0,129.8,2.0,2.2
659482,Pearl,Wuxi Titan Esports Club,1.12,218.0,71.4,148.0,2.2,2.0
659482,Split,TYLOO,1.09,220.6,76.8,145.0,3.6,1.2
659482,Split,Wuxi Titan Esports Club,0.92,200.2,66.0,135.0,1.2,3.6
659483,Ascent,Dragon Ranger Gaming,1.22,219.4,80.0,147.4,2.0,2.0
659483,Ascent,Trace Esports,0.83,178.4,59.0,121.6,2.0,2.0
659483,Lotus,Dragon Ranger Gaming,1.3,231.2,83.0,145.6,1.8,2.0
659483,Lotus,Trace Esports,0.69,180.6,59.2,122.8,2.0,1.8
659484,Fracture,All Gamers,1.28,252.8,90.4,154.2,1.6,1.8
659484,Fracture,TYLOO,0.74,180.4,60.2,125.4,1.8,1.6
659484,Haven,All Gamers,0.98,197.2,71.4,125.8,2.6,2.0
659484,Haven,TYLOO,1.03,208.0,72.2,137.8,2.0,2.6
659484,Split,All Gamers,1.05,208.4,74.0,125.4,2.2,2.4
659484,Split,TYLOO,0.93,182.2,65.0,125.8,2.4,2.2
659485,Haven,Dragon Ranger Gaming,1.16,219.0,80.8,146.8,3.0,1.4
659485,Haven,JD Mall JDG Esports,0.91,197.0,71.8,126.4,1.4,3.0
659485,Lotus,Dragon Ranger Gaming,1.33,244.2,92.8,154.4,2.4,1.0
659485,Lotus,JD Mall JDG Esports,0.66,158.4,51.8,109.4,1.0,2.4
659486,Haven,All Gamers,0.81,169.8,65.2,113.0,1.4,2.4
659486,Haven,Dragon Ranger Gaming,1.24,229.6,84.2,146.8,2.4,1.4
659486,Lotus,All Gamers,0.93,193.2,71.2,125.4,2.0,2.2
659486,Lotus,Dragon Ranger Gaming,1.08,201.8,67.6,128.4,2.2,2.0
659486,Split,All Gamers,1.01,206.4,73.4,131.8,2.8,1.4
659486,Split,Dragon Ranger Gaming,0.98,198.6,69.4,134.2,1.4,2.8
659487,Breeze,Dragon Ranger Gaming,0.91,181.2,62.2,116.6,1.2,2.6
659487,Breeze,Xi Lai Gaming,1.12,210.8,75.8,154.4,2.6,1.2
659487,Haven,Dragon Ranger Gaming,1.14,214.4,79.2,133.0,2.8,1.8
659487,Haven,Xi Lai Gaming,0.89,190.8,74.0,122.4,1.8,2.8
659487,Lotus,Dragon Ranger Gaming,0.69,173.4,58.6,119.8,0.6,2.4
659487,Lotus,Xi Lai Gaming,1.4,250.0,85.2,160.6,2.4,0.6
659487,Split,Dragon Ranger Gaming,0.95,192.8,66.8,125.4,2.4,2.4
659487,Split,Xi Lai Gaming,1.01,206.0,72.0,127.0,2.4,2.4
660369,Breeze,FURIA,1.13,201.4,74.2,134.2,2.2,2.0
660369,Breeze,LEVIATÁN,0.87,173.2,65.8,112.4,2.0,2.2
660369,Pearl,FURIA,0.56,140.4,57.0,94.4,0.6,2.2
660369,Pearl,LEVIATÁN,1.47,260.4,91.4,168.0,2.2,0.6
660369,Split,FURIA,0.66,152.6,53.2,98.4,1.6,2.0
660369,Split,LEVIATÁN,1.35,233.8,82.2,148.0,2.0,1.6
660370,Lotus,100 Thieves,0.82,185.4,62.0,119.8,1.6,2.4
660370,Lotus,G2 Esports,1.16,223.8,82.0,146.6,2.4,1.6
660370,Pearl,100 Thieves,0.6,153.0,59.0,98.2,1.4,2.0
660370,Pearl,G2 Esports,1.44,250.0,83.4,167.6,2.0,1.4
660371,Ascent,LEVIATÁN,1.2,220.4,85.0,140.4,2.4,1.6
660371,Ascent,MIBR,0.79,152.0,63.0,101.2,1.6,2.4
660371,Fracture,LEVIATÁN,0.73,161.4,67.2,110.6,1.2,2.2
660371,Fracture,MIBR,1.32,226.2,82.0,151.0,2.2,1.2
660371,Split,LEVIATÁN,1.13,206.4,78.2,142.6,2.2,2.4
660371,Split,MIBR,0.86,177.8,65.2,118.4,2.4,2.2
660372,Breeze,G2 Esports,1.25,222.4,80.0,150.6,2.6,1.4
660372,Breeze,KRÜ Esports,0.79,187.6,71.0,121.2,1.4,2.6
660372,Lotus,G2 Esports,1.02,202.6,75.8,138.2,2.2,2.6
660372,Lotus,KRÜ Esports,0.96,190.6,70.8,123.8,2.6,2.2
660373,Ascent,G2 Esports,0.75,160.8,53.0,107.6,1.0,3.0
660373,Ascent,LEVIATÁN,1.24,224.8,82.0,150.0,3.0,1.0
660373,Pearl,G2 Esports,1.13,204.8,80.8,139.4,2.6,1.8
660373,Pearl,LEVIATÁN,0.82,179.4,68.2,115.8,1.8,2.6
660373,Split,G2 Esports,0.8,174.2,60.2,117.0,1.0,2.6
660373,Split,LEVIATÁN,1.26,222.4,85.6,145.0,2.6,1.0
660374,Ascent,G2 Esports,0.91,190.4,67.2,130.8,1.6,2.8
660374,Ascent,LEVIATÁN,1.12,217.4,77.2,142.8,2.8,1.6
660374,Fracture,G2 Esports,1.03,207.6,73.0,134.8,2.4,2.8
660374,Fracture,LEVIATÁN,0.98,205.4,73.8,141.2,2.8,2.4
660374,Haven,G2 Esports,0.86,179.8,64.2,116.8,2.0,2.8
660374,Haven,LEVIATÁN,1.14,213.0,72.0,137.4,2.8,2.0
660374,Pearl,G2 Esports,1.03,188.0,74.8,124.4,2.0,2.6
660374,Pearl,LEVIATÁN,0.96,190.6,74.8,126.0,2.6,2.0
660374,Split,G2 Esports,1.01,196.2,72.8,133.2,1.6,3.2
660374,Split,LEVIATÁN,0.98,203.2,76.8,132.2,3.2,1.6
660375,Haven,FURIA,0.93,200.4,69.6,139.4,2.6,1.6
660375,Haven,NRG,1.14,212.2,78.0,143.2,1.6,2.6
660375,Lotus,FURIA,0.62,141.2,53.0,94.2,1.2,2.2
660375,Lotus,NRG,1.39,230.8,84.4,141.8,2.2,1.2
660376,Breeze,100 Thieves,1.32,228.4,76.6,155.4,2.0,1.6
660376,Breeze,LOUD,0.72,158.0,59.0,104.0,1.6,2.0
660376,Split,100 Thieves,1.33,223.2,79.8,139.4,2.2,1.2
660376,Split,LOUD,0.62,134.6,49.4,83.0,1.2,2.2
660377,Breeze,KRÜ Esports,0.82,156.4,61.0,105.8,1.4,2.8
660377,Breeze,NRG,1.17,200.2,76.2,132.8,2.8,1.4
660377,Haven,KRÜ Esports,0.73,181.4,71.8,122.2,1.8,1.6
660377,Haven,NRG,1.32,221.6,78.6,138.4,1.6,1.8
660378,Breeze,100 Thieves,1.16,210.8,79.0,139.4,2.4,1.6
660378,Breeze,MIBR,0.84,186.2,63.0,124.6,1.6,2.4
660378,Fracture,100 Thieves,1.13,204.4,72.6,133.2,2.2,2.8
660378,Fracture,MIBR,0.89,185.2,63.2,127.4,2.6,2.0
660379,Breeze,100 Thieves,0.87,170.8,66.0,117.0,2.4,2.4
660379,Breeze,NRG,1.13,203.0,75.8,136.6,2.4,2.4
660379,Fracture,100 Thieves,0.84,183.0,62.0,116.2,1.4,3.0
660379,Fracture,NRG,1.1,213.2,74.6,131.8,3.0,1.4
660380,Ascent,G2 Esports,1.09,220.6,79.2,146.0,2.8,1.8
660380,Ascent,NRG,0.97,195.0,75.6,134.0,1.8,2.8
660380,Breeze,G2 Esports,0.73,180.4,65.2,115.6,0.8,3.0
660380,Breeze,NRG,1.21,228.2,84.2,146.8,3.0,0.8
660380,Haven,G2 Esports,0.92,202.8,67.0,135.8,2.6,2.0
660380,Haven,NRG,1.11,208.4,71.4,138.4,2.0,2.6
660380,Lotus,G2 Esports,1.14,203.6,76.0,137.2,2.8,1.4
660380,Lotus,NRG,0.85,168.4,64.8,107.8,1.4,2.8
660380,Pearl,G2 Esports,1.18,214.8,77.0,137.6,2.0,2.0
660380,Pearl,NRG,0.88,180.0,69.0,124.2,2.0,2.0
660381,Fracture,Eternal Fire,0.75,164.0,59.0,107.8,1.4,2.6
660381,Fracture,Team Heretics,1.26,231.2,91.0,149.8,2.6,1.4
660381,Lotus,Eternal Fire,1.27,222.6,83.0,141.0,2.0,1.6
660381,Lotus,Team Heretics,0.74,165.0,62.4,108.6,1.6,2.0
660381,Pearl,Eternal Fire,1.11,223.2,73.2,149.4,2.4,1.8
660381,Pearl,Team Heretics,0.97,210.0,75.4,139.4,1.8,2.4
660382,Ascent,Team Liquid,1.05,197.4,61.8,134.0,2.2,2.6
660382,Ascent,Team Vitality,0.97,197.2,67.6,135.2,2.6,2.2
660382,Lotus,Team Liquid,0.86,191.8,67.0,128.6,2.2,2.4
660382,Lotus,Team Vitality,1.08,208.6,78.6,134.8,2.4,2.2
660382,Pearl,Team Liquid,0.56,151.0,64.0,96.6,1.4,1.8
660382,Pearl,Team Vitality,1.42,240.0,86.6,158.2,1.8,1.4
660383,Ascent,Eternal Fire,0.82,182.8,70.8,120.6,1.0,2.4
660383,Ascent,FUT Esports,1.23,226.2,84.4,139.4,2.4,1.0
660383,Pearl,Eternal Fire,1.19,220.4,72.2,142.0,2.0,1.6
660383,Pearl,FUT Esports,0.83,193.6,69.0,121.8,1.6,2.0
660383,Split,Eternal Fire,0.99,199.8,72.6,132.2,1.8,3.0
660383,Split,FUT Esports,1.02,201.2,76.6,126.6,3.0,1.8
660384,Breeze,FNATIC,0.71,169.6,56.6,111.2,1.6,1.8
660384,Breeze,Team Vitality,1.3,233.8,79.6,155.4,1.8,1.6
660384,Haven,FNATIC,0.96,192.8,67.0,131.0,3.0,2.6
660384,Haven,Team Vitality,1.05,204.8,75.2,138.0,2.6,3.0
660385,Ascent,FUT Esports,1.06,202.0,79.0,134.8,2.6,1.6
660385,Ascent,Team Vitality,0.97,196.8,64.8,131.8,1.6,2.6
660385,Pearl,FUT Esports,1.01,208.2,71.4,136.6,3.2,3.2
660385,Pearl,Team Vitality,1.04,214.4,72.6,143.8,3.2,3.2
660385,Split,FUT Esports,0.94,186.0,69.8,119.0,2.0,3.2
660385,Split,Team Vitality,1.06,190.8,70.0,130.4,3.2,2.0
660386,Breeze,Team Heretics,0.97,197.0,70.4,130.8,2.4,2.2
660386,Breeze,Team Vitality,1.04,218.8,68.8,140.0,2.2,2.4
660386,Haven,Team Heretics,1.03,208.2,72.0,136.2,2.6,3.0
660386,Haven,Team Vitality,1.02,208.0,71.4,142.2,3.0,2.6
660386,Lotus,Team Heretics,1.03,201.0,69.8,131.4,2.8,2.8
660386,Lotus,Team Vitality,0.93,197.0,70.6,135.2,2.8,2.8
660386,Pearl,Team Heretics,0.77,178.4,62.0,113.6,1.0,3.0
660386,Pearl,Team Vitality,1.24,221.8,81.0,147.2,3.0,1.0
660386,Split,Team Heretics,1.01,178.0,75.8,115.4,3.0,1.8
660386,Split,Team Vitality,0.95,173.4,66.8,112.4,1.8,3.0
660387,Ascent,BBL Esports,1.0,191.4,74.6,128.4,2.4,2.8
660387,Ascent,Team Heretics,1.05,198.6,67.6,126.2,2.8,2.4
660387,Breeze,BBL Esports,0.76,175.2,62.6,115.8,0.8,2.6
660387,Breeze,Team Heretics,1.22,223.4,83.4,143.0,2.6,0.8
660388,Ascent,Gentle Mates,1.1,212.4,73.0,140.6,2.4,2.2
660388,Ascent,Team Liquid,0.88,174.4,63.6,116.4,2.2,2.4
660388,Fracture,Gentle Mates,1.52,253.8,82.6,158.2,1.8,1.2
660388,Fracture,Team Liquid,0.53,144.8,46.4,97.2,1.2,1.8
660388,Split,Gentle Mates,0.65,170.6,51.8,106.8,1.0,2.4
660388,Split,Team Liquid,1.29,234.0,81.0,147.6,2.4,1.0
660389,Ascent,FNATIC,0.96,196.4,67.2,123.6,2.2,3.4
660389,Ascent,Team Heretics,1.04,197.4,72.2,133.0,3.4,2.2
660389,Fracture,FNATIC,1.11,201.4,73.2,132.4,2.2,2.4
660389,Fracture,Team Heretics,0.9,178.4,68.6,118.8,2.4,2.2
660389,Lotus,FNATIC,0.64,156.4,58.6,106.2,1.4,1.6
660389,Lotus,Team Heretics,1.32,221.8,85.6,143.0,1.6,1.4
660390,Ascent,Eternal Fire,1.35,226.8,83.2,160.2,2.0,1.6
660390,Ascent,Gentle Mates,0.74,174.6,62.2,123.4,1.6,2.0
660390,Lotus,Eternal Fire,1.06,224.0,79.8,148.0,1.8,2.6
660390,Lotus,Gentle Mates,0.98,202.2,75.4,133.2,2.6,1.8
660391,Ascent,Eternal Fire,0.85,182.8,65.2,119.8,1.8,2.8
660391,Ascent,Team Heretics,1.16,223.8,77.8,146.6,2.8,1.8
660391,Fracture,Eternal Fire,0.95,198.6,70.6,133.0,3.2,1.4
660391,Fracture,Team Heretics,1.06,197.6,75.0,127.2,1.4,3.2
660391,Lotus,Eternal Fire,1.02,202.0,73.4,138.0,2.4,2.4
660391,Lotus,Team Heretics,0.98,194.0,75.8,130.4,2.4,2.4
660392,Ascent,FUT Esports,0.73,163.2,58.8,112.4,1.6,2.2
660392,Ascent,Team Heretics,1.31,232.2,82.0,149.8,2.2,1.6
660392,Breeze,FUT Esports,0.6,168.4,57.0,110.6,1.4,1.4
660392,Breeze,Team Heretics,1.36,242.8,80.0,149.8,1.4,1.4
660392,Haven,FUT Esports,1.11,209.4,75.0,133.6,2.2,3.4
660392,Haven,Team Heretics,0.91,203.8,73.0,130.2,3.4,2.2
660392,Lotus,FUT Esports,0.74,172.8,56.6,122.0,1.4,2.0
660392,Lotus,Team Heretics,1.3,234.2,85.6,154.0,2.0,1.4
666488,Breeze,Global Esports,0.99,202.4,69.2,137.6,2.4,2.4
666488,Breeze,Rex Regum Qeon,1.0,210.4,72.4,143.0,2.4,2.4
666488,Pearl,Global Esports,0.97,198.2,66.2,133.4,2.2,2.4
666488,Pearl,Rex Regum Qeon,1.01,195.0,71.2,130.4,2.4,2.2
666489,Fracture,FULL SENSE,1.15,201.8,77.0,122.6,2.0,2.0
666489,Fracture,KIWOOM DRX,0.84,178.4,64.0,127.0,2.0,2.0
666489,Lotus,FULL SENSE,1.1,219.2,71.8,132.2,2.2,2.2
666489,Lotus,KIWOOM DRX,0.88,184.6,63.0,122.8,2.2,2.2
666490,Breeze,Global Esports,1.06,208.4,71.8,135.2,2.2,2.2
666490,Breeze,Paper Rex,0.88,189.4,60.2,126.2,2.2,2.2
666490,Lotus,Global Esports,0.77,163.6,56.8,106.0,1.2,2.6
666490,Lotus,Paper Rex,1.26,215.4,82.0,145.2,2.6,1.2
666490,Pearl,Global Esports,1.29,235.8,80.0,157.6,1.4,2.2
666490,Pearl,Paper Rex,0.74,174.2,56.6,111.2,2.2,1.4
666491,Lotus,FULL SENSE,1.14,217.0,79.0,135.8,1.8,2.4
666491,Lotus,T1,0.81,180.8,64.8,113.2,2.4,1.8
666491,Pearl,FULL SENSE,1.07,207.4,79.8,132.0,2.6,1.8
666491,Pearl,T1,0.9,182.4,67.2,126.8,1.8,2.6
666492,Breeze,FULL SENSE,1.22,222.4,80.8,145.2,2.4,1.8
666492,Breeze,Global Esports,0.74,169.8,58.0,117.8,1.8,2.4
666492,Split,FULL SENSE,1.11,211.4,75.2,136.4,2.0,2.6
666492,Split,Global Esports,0.89,180.8,67.8,127.6,2.8,2.2
666493,Fracture,FULL SENSE,0.95,193.2,74.0,124.6,2.4,2.2
666493,Fracture,Paper Rex,1.06,214.2,74.8,147.6,2.2,2.4
666493,Lotus,FULL SENSE,0.88,184.4,69.0,127.6,1.6,2.8
666493,Lotus,Paper Rex,1.11,216.0,78.0,148.8,2.8,1.6
666493,Pearl,FULL SENSE,0.87,200.8,63.6,136.6,2.4,2.2
666493,Pearl,Paper Rex,1.18,222.2,80.8,152.6,2.2,2.4
666494,Ascent,DetonatioN FocusMe,1.01,207.4,69.8,130.2,2.4,2.0
666494,Ascent,Rex Regum Qeon,0.93,205.6,74.4,139.6,2.0,2.4
666494,Breeze,DetonatioN FocusMe,0.83,180.4,65.4,115.4,2.2,2.6
666494,Breeze,Rex Regum Qeon,1.12,201.8,76.0,129.2,2.6,2.2
666494,Lotus,DetonatioN FocusMe,0.76,160.8,62.8,104.0,1.8,2.4
666494,Lotus,Rex Regum Qeon,1.2,218.6,82.0,135.6,2.4,1.8
666495,Haven,KIWOOM DRX,1.13,207.8,79.8,132.6,2.0,2.4
666495,Haven,Nongshim RedForce,0.87,183.2,70.0,117.2,2.4,2.0
666495,Pearl,KIWOOM DRX,1.04,199.8,81.6,137.0,2.6,2.2
666495,Pearl,Nongshim RedForce,0.99,197.4,69.2,125.8,2.2,2.6
666495,Split,KIWOOM DRX,1.29,221.2,80.0,142.0,2.4,1.4
666495,Split,Nongshim RedForce,0.72,159.4,62.0,108.2,1.4,2.4
666496,Breeze,Rex Regum Qeon,0.77,160.2,56.8,108.2,1.4,2.2
666496,Breeze,T1,1.26,231.8,78.8,149.6,2.2,1.4
666496,Haven,Rex Regum Qeon,0.86,168.2,63.0,120.4,1.2,2.6
666496,Haven,T1,1.16,202.8,83.0,129.8,2.6,1.2
666496,Lotus,Rex Regum Qeon,1.08,202.0,77.6,128.8,2.2,2.4
666496,Lotus,T1,0.88,179.0,64.6,114.4,2.4,2.2
666497,Ascent,KIWOOM DRX,0.77,173.4,58.2,112.2,1.4,2.8
666497,Ascent,Paper Rex,1.23,229.8,78.2,152.2,2.8,1.4
666497,Breeze,KIWOOM DRX,1.18,209.6,77.8,140.0,1.8,1.8
666497,Breeze,Paper Rex,0.77,169.8,59.0,113.8,1.8,1.8
666497,Split,KIWOOM DRX,0.52,142.0,52.8,97.4,1.0,1.8
666497,Split,Paper Rex,1.43,234.2,86.0,148.8,1.8,1.0
666498,Ascent,Paper Rex,0.99,195.4,68.0,131.6,2.4,2.2
666498,Ascent,T1,1.04,204.0,70.6,131.8,2.2,2.4
666498,Breeze,Paper Rex,1.2,218.2,77.0,151.0,2.6,1.6
666498,Breeze,T1,0.79,164.8,60.2,104.8,1.6,2.6
666498,Split,Paper Rex,1.15,208.0,70.8,135.8,2.8,1.6
666498,Split,T1,0.83,170.6,62.8,116.4,1.6,2.8
666499,Ascent,Global Esports,0.95,202.4,74.2,128.0,2.6,2.2
666499,Ascent,Paper Rex,1.1,216.2,74.2,152.4,2.2,2.6
666499,Haven,Global Esports,0.84,180.2,67.6,115.2,1.8,2.0
666499,Haven,Paper Rex,1.13,219.2,72.6,147.6,2.0,1.8
666499,Lotus,Global Esports,0.77,190.0,64.6,116.6,1.4,2.0
666499,Lotus,Paper Rex,1.21,235.2,78.6,149.6,2.0,1.4
670464,Ascent,G2 Esports,0.84,183.8,63.6,127.6,1.6,1.8
670464,Ascent,Xi Lai Gaming,1.22,230.6,77.4,158.6,1.8,1.6
670464,Lotus,G2 Esports,1.27,229.2,85.0,158.6,1.6,2.4
670464,Lotus,Xi Lai Gaming,0.75,165.4,64.0,109.6,2.4,1.6
670464,Split,G2 Esports,0.95,179.6,68.2,120.4,1.6,2.8
670464,Split,Xi Lai Gaming,1.0,202.0,74.6,125.8,2.8,1.6
670465,Fracture,EDward Gaming,1.21,226.8,82.2,143.0,2.2,1.4
670465,Fracture,FUT Esports,0.8,175.6,62.4,116.8,1.4,2.2
670465,Haven,EDward Gaming,0.75,171.6,66.0,113.2,1.6,1.8
670465,Haven,FUT Esports,1.2,206.6,82.4,141.6,1.8,1.6
670465,Pearl,EDward Gaming,1.06,214.2,71.6,143.6,1.8,3.4
670465,Pearl,FUT Esports,1.0,204.4,74.0,134.0,3.4,1.8
670466,Ascent,LEVIATÁN,0.54,132.6,52.8,92.8,0.6,2.2
670466,Ascent,Paper Rex,1.5,250.0,90.2,162.2,2.2,0.6
670466,Lotus,LEVIATÁN,1.07,220.2,81.8,144.8,3.4,1.2
670466,Lotus,Paper Rex,0.99,202.4,75.6,138.8,1.2,3.4
670467,Breeze,Team Heretics,0.76,176.2,56.8,114.6,0.8,3.0
670467,Breeze,Team Vitality,1.21,213.8,73.8,143.0,3.0,0.8
670467,Lotus,Team Heretics,0.82,177.4,63.0,114.2,2.2,1.8
670467,Lotus,Team Vitality,1.18,218.2,75.0,142.4,1.8,2.2
670468,Breeze,EDward Gaming,0.97,188.6,67.0,129.2,2.0,2.6
670468,Breeze,Xi Lai Gaming,1.02,191.8,72.2,124.0,2.6,2.0
670468,Lotus,EDward Gaming,1.06,200.6,74.2,127.2,3.0,1.6
670468,Lotus,Xi Lai Gaming,0.94,189.0,72.2,118.4,1.6,3.0
670468,Split,EDward Gaming,1.33,202.2,82.6,134.6,2.2,1.0
670468,Split,Xi Lai Gaming,0.65,136.2,61.2,91.8,1.0,2.2
670469,Breeze,Paper Rex,1.31,236.4,86.4,164.2,2.2,1.0
670469,Breeze,Team Vitality,0.68,176.8,55.4,116.4,1.0,2.2
670469,Fracture,Paper Rex,1.3,227.2,83.0,162.6,2.2,1.6
670469,Fracture,Team Vitality,0.73,170.4,62.2,110.4,1.6,2.2
670469,Split,Paper Rex,0.82,184.0,62.2,120.2,1.8,2.0
670469,Split,Team Vitality,1.17,217.0,73.6,145.0,2.0,1.8
670470,Breeze,EDward Gaming,0.88,188.4,60.0,128.0,2.2,3.4
670470,Breeze,Paper Rex,1.13,216.4,80.8,144.0,3.4,2.2
670470,Fracture,EDward Gaming,0.95,194.0,64.0,128.2,2.6,2.6
670470,Fracture,Paper Rex,1.09,212.0,76.2,146.0,2.6,2.6
670470,Split,EDward Gaming,0.77,179.0,55.8,124.6,1.6,2.2
670470,Split,Paper Rex,1.3,237.4,85.2,153.8,2.2,1.6
670471,Ascent,LEVIATÁN,1.06,211.8,74.8,135.6,2.4,2.2
670471,Ascent,Paper Rex,1.01,193.8,69.6,132.8,2.2,2.4
670471,Breeze,LEVIATÁN,0.99,192.4,67.6,134.2,2.8,2.0
670471,Breeze,Paper Rex,0.98,190.2,67.4,125.0,2.0,2.8
670471,Fracture,LEVIATÁN,0.62,162.4,62.6,104.6,0.8,2.2
670471,Fracture,Paper Rex,1.41,242.0,88.0,160.0,2.2,0.8
670471,Lotus,LEVIATÁN,1.13,219.4,78.8,144.2,1.4,2.2
670471,Lotus,Paper Rex,0.89,183.2,69.0,127.2,2.2,1.4
670471,Split,LEVIATÁN,1.17,216.0,80.8,136.8,1.6,2.2
670471,Split,Paper Rex,0.79,175.0,62.0,119.2,2.2,1.6
670472,Ascent,FUT Esports,1.07,217.8,70.4,143.2,1.6,2.2
670472,Ascent,G2 Esports,0.89,196.8,69.4,126.2,2.2,1.6
670472,Lotus,FUT Esports,1.08,207.4,69.8,138.2,3.0,2.6
670472,Lotus,G2 Esports,0.98,206.0,76.4,138.4,2.6,3.0
670473,Ascent,LEVIATÁN,1.23,223.2,76.0,137.4,2.4,1.4
670473,Ascent,Team Heretics,0.76,165.6,64.0,107.8,1.4,2.4
670473,Lotus,LEVIATÁN,0.94,186.6,68.4,121.6,2.6,2.2
670473,Lotus,Team Heretics,1.06,204.8,77.6,135.0,2.2,2.6
670473,Split,LEVIATÁN,1.46,238.4,87.6,156.2,2.2,1.0
670473,Split,Team Heretics,0.54,122.6,41.4,85.6,1.0,2.2
670474,Ascent,FUT Esports,0.56,157.4,56.0,105.8,1.4,1.8
670474,Ascent,Team Vitality,1.4,254.4,88.0,160.6,1.6,1.2
670474,Lotus,FUT Esports,0.75,173.0,60.0,116.0,1.4,2.6
670474,Lotus,Team Vitality,1.23,223.0,89.0,148.6,2.6,1.4
670475,Haven,LEVIATÁN,1.29,223.6,83.0,150.6,2.6,1.4
670475,Haven,Xi Lai Gaming,0.8,163.2,72.0,108.2,1.4,2.6
670475,Lotus,LEVIATÁN,1.42,248.0,81.4,166.2,2.0,1.2
670475,Lotus,Xi Lai Gaming,0.52,139.4,50.2,90.8,1.2,2.0
670476,Lotus,LEVIATÁN,1.24,223.8,81.0,143.4,2.4,1.0
670476,Lotus,Team Vitality,0.69,166.2,66.0,104.6,1.0,2.4
670476,Split,LEVIATÁN,1.27,219.2,82.0,140.6,2.4,1.0
670476,Split,Team Vitality,0.7,165.0,51.8,108.6,1.0,2.4
670477,Haven,EDward Gaming,0.64,152.4,65.6,102.8,1.6,2.0
670477,Haven,LEVIATÁN,1.33,222.2,77.8,138.4,2.0,1.6
670477,Pearl,EDward Gaming,0.86,189.8,64.6,125.2,1.6,2.8
670477,Pearl,LEVIATÁN,1.18,227.0,75.2,154.6,2.8,1.6
670477,Split,EDward Gaming,0.88,186.4,72.4,123.0,2.0,2.8
670477,Split,LEVIATÁN,1.14,220.6,86.0,144.2,2.8,2.0
684610,Breeze,Dragon Ranger Gaming,0.76,170.4,57.6,116.6,1.2,2.0
684610,Breeze,Team Vitality,1.23,219.6,75.2,144.4,2.0,1.2
684610,Lotus,Dragon Ranger Gaming,0.67,151.0,47.8,99.0,0.8,2.8
684610,Lotus,Team Vitality,1.28,233.4,80.0,152.6,2.8,0.8
684611,Fracture,FULL SENSE,0.53,136.4,45.0,88.8,0.8,2.4
684611,Fracture,FUT Esports,1.45,246.6,87.6,159.8,2.4,0.8
684611,Haven,FULL SENSE,0.77,165.8,58.0,108.8,1.0,3.0
684611,Haven,FUT Esports,1.21,213.2,75.0,140.2,3.0,1.0
684612,Fracture,Global Esports,0.84,172.6,59.4,113.4,2.2,2.6
684612,Fracture,LEVIATÁN,1.15,200.2,72.6,132.0,2.6,2.2
684612,Pearl,Global Esports,1.13,214.4,83.2,134.6,1.4,2.0
684612,Pearl,LEVIATÁN,0.85,179.8,60.2,122.0,2.0,1.4
684612,Split,Global Esports,0.75,161.4,65.4,113.0,2.0,2.4
684612,Split,LEVIATÁN,1.19,206.2,77.2,132.4,2.4,2.0
684613,Lotus,NRG,1.04,207.8,70.0,137.0,2.0,2.6
684613,Lotus,Xi Lai Gaming,0.92,188.0,73.4,121.0,2.6,2.0
684613,Pearl,NRG,1.17,222.8,77.6,149.4,2.2,1.6
684613,Pearl,Xi Lai Gaming,0.84,179.4,68.0,117.0,1.6,2.2
684614,Fracture,FUT Esports,0.85,187.0,72.2,118.8,2.4,2.2
684614,Fracture,Team Vitality,1.11,219.4,74.8,142.4,2.2,2.4
684614,Haven,FUT Esports,1.19,220.0,78.6,149.0,2.2,1.2
684614,Haven,Team Vitality,0.84,184.4,70.6,127.8,1.2,2.2
684614,Pearl,FUT Esports,0.98,196.6,72.6,124.8,2.6,2.2
684614,Pearl,Team Vitality,1.03,205.2,71.6,131.8,2.2,2.6
684615,Ascent,LEVIATÁN,1.16,213.8,81.0,135.4,2.4,1.6
684615,Ascent,NRG,0.85,186.6,65.0,130.2,1.6,2.4
684615,Lotus,LEVIATÁN,0.76,157.8,57.8,110.6,1.8,1.8
684615,Lotus,NRG,1.26,209.2,77.8,139.4,1.8,1.8
684615,Pearl,LEVIATÁN,1.29,231.2,80.0,154.4,2.2,2.0
684615,Pearl,NRG,0.7,165.2,53.2,112.6,2.0,2.2
684616,Fracture,Dragon Ranger Gaming,0.9,191.2,71.0,130.0,2.0,2.4
684616,Fracture,Xi Lai Gaming,1.11,215.0,72.8,146.8,2.4,2.0
684616,Haven,Dragon Ranger Gaming,1.34,247.4,88.0,158.8,2.4,1.0
684616,Haven,Xi Lai Gaming,0.72,176.6,66.0,119.2,1.0,2.4
684616,Split,Dragon Ranger Gaming,0.99,194.8,71.8,127.2,2.6,2.2
684616,Split,Xi Lai Gaming,1.02,192.6,70.0,131.8,2.2,2.6
684617,Breeze,FULL SENSE,0.87,183.2,64.6,121.0,1.6,2.6
684617,Breeze,Global Esports,1.09,218.8,82.0,142.0,2.6,1.6
684617,Pearl,FULL SENSE,0.91,191.6,69.4,131.0,2.2,2.0
684617,Pearl,Global Esports,1.03,216.4,72.2,135.0,2.0,2.2
684617,Split,FULL SENSE,1.15,210.0,82.6,132.4,3.0,1.4
684617,Split,Global Esports,0.83,158.2,61.2,105.0,1.4,3.0
684618,Breeze,Global Esports,0.88,190.0,66.4,119.6,1.8,2.8
684618,Breeze,Xi Lai Gaming,1.1,218.2,74.8,147.4,2.8,1.8
684618,Haven,Global Esports,1.08,213.0,72.2,141.0,2.6,2.0
684618,Haven,Xi Lai Gaming,0.92,178.2,61.0,119.6,2.0,2.6
684618,Lotus,Global Esports,0.86,191.4,71.0,123.4,2.2,2.2
684618,Lotus,Xi Lai Gaming,1.11,199.8,72.0,132.4,2.2,2.2
684619,Fracture,FUT Esports,1.01,192.0,69.6,126.4,2.0,2.8
684619,Fracture,NRG,0.96,192.4,72.6,123.8,2.8,2.0
684619,Haven,FUT Esports,1.15,219.4,73.8,151.6,2.4,2.8
684619,Haven,NRG,0.88,183.4,69.2,122.4,2.8,2.4
684619,Lotus,FUT Esports,0.86,174.2,65.0,113.8,2.2,2.6
684619,Lotus,NRG,1.15,206.0,75.8,131.2,2.6,2.2
698884,Ascent,Gen.G,1.02,217.4,72.0,137.8,2.0,2.0
698884,Ascent,ZETA DIVISION,0.96,194.8,66.0,121.8,2.0,2.0
698884,Sunset,Gen.G,1.05,210.2,76.0,142.0,2.8,3.2
698884,Sunset,ZETA DIVISION,0.95,199.0,74.6,127.6,3.2,2.8
698885,Haven,Team Secret,1.09,211.8,79.8,145.2,2.6,1.8
698885,Haven,VARREL,0.91,184.4,63.4,122.0,1.8,2.6
698885,Split,Team Secret,0.77,180.2,66.4,124.0,1.4,2.4
698885,Split,VARREL,1.28,237.6,79.0,155.6,2.4,1.4
698885,Summit,Team Secret,0.97,194.6,71.6,131.6,2.8,2.2
698885,Summit,VARREL,1.01,193.8,71.0,130.4,2.0,2.6
698886,Ascent,FULL SENSE,1.07,191.4,67.6,124.8,2.6,1.6
698886,Ascent,Nongshim RedForce,0.96,189.8,61.0,125.4,1.6,2.6
698886,Haven,FULL SENSE,0.66,158.2,57.6,105.8,1.4,1.8
698886,Haven,Nongshim RedForce,1.33,221.0,77.6,141.4,1.8,1.4
698886,Split,FULL SENSE,1.17,210.2,81.0,135.2,3.4,1.4
698886,Split,Nongshim RedForce,0.84,174.0,70.2,108.4,1.4,3.4
698887,Split,DetonatioN FocusMe,1.07,202.6,69.2,139.8,2.6,2.2
698887,Split,KIWOOM DRX,0.96,197.6,71.8,127.8,2.2,2.6
698887,Summit,DetonatioN FocusMe,0.91,198.2,68.0,128.2,2.6,1.4
698887,Summit,KIWOOM DRX,1.08,210.4,81.0,137.4,1.4,2.6
698887,Sunset,DetonatioN FocusMe,0.87,187.8,67.6,125.8,2.0,1.8
698887,Sunset,KIWOOM DRX,1.15,204.8,71.8,132.6,1.8,2.0
698888,Summit,Global Esports,1.01,204.4,69.8,134.2,4.0,2.0
698888,Summit,Rex Regum Qeon,0.97,193.2,61.8,128.0,2.0,4.0
698888,Sunset,Global Esports,1.15,222.2,74.4,144.8,2.8,1.6
698888,Sunset,Rex Regum Qeon,0.87,183.6,60.2,123.8,1.6,2.8
698889,Ascent,Paper Rex,1.07,208.4,75.0,133.0,2.6,2.2
698889,Ascent,T1,0.98,197.6,71.0,133.2,2.2,2.6
698889,Breeze,Paper Rex,0.96,187.0,70.8,127.2,4.2,2.2
698889,Breeze,T1,1.01,191.8,67.8,126.4,2.2,4.2
698889,Sunset,Paper Rex,1.01,199.6,73.8,134.8,2.0,3.2
698889,Sunset,T1,1.03,197.2,71.6,132.8,3.2,2.0
698890,Ascent,Gen.G,0.88,175.4,70.0,117.8,1.8,2.2
698890,Ascent,Nongshim RedForce,1.15,219.2,81.0,143.4,2.2,1.8
698890,Haven,Gen.G,1.42,238.8,88.0,150.0,2.6,0.8
698890,Haven,Nongshim RedForce,0.61,148.6,55.4,100.2,0.8,2.6
698890,Split,Gen.G,1.05,202.0,75.2,139.0,2.6,2.2
698890,Split,Nongshim RedForce,0.97,192.6,75.2,125.6,2.2,2.6
698891,Haven,KIWOOM DRX,0.94,210.8,58.0,135.8,1.6,2.4
698891,Haven,Team Secret,1.07,211.4,70.0,140.4,2.4,1.6
698891,Sunset,KIWOOM DRX,0.74,169.4,70.6,116.0,1.0,2.4
698891,Sunset,Team Secret,1.31,240.0,84.4,159.2,2.4,1.0
698892,Ascent,FULL SENSE,0.8,181.6,66.0,126.8,2.4,1.6
698892,Ascent,Global Esports,1.23,225.6,74.0,153.8,1.6,2.4
698892,Summit,FULL SENSE,0.57,124.8,46.6,84.0,1.0,2.2
698892,Summit,Global Esports,1.39,224.6,83.8,145.4,2.2,1.0
698893,Haven,T1,0.95,203.4,73.2,132.8,2.4,2.2
698893,Haven,VARREL,1.09,210.8,71.4,134.8,2.2,2.4
698893,Split,T1,1.01,208.8,73.8,142.6,2.8,2.4
698893,Split,VARREL,1.03,202.2,69.0,129.2,2.4,2.8
698894,Breeze,Rex Regum Qeon,0.83,181.2,65.8,120.8,1.2,2.4
698894,Breeze,ZETA DIVISION,1.14,223.8,83.4,146.2,2.4,1.2
698894,Haven,Rex Regum Qeon,0.82,176.6,61.2,119.8,1.4,3.0
698894,Haven,ZETA DIVISION,1.19,215.6,73.8,135.4,3.0,1.4
698895,Ascent,DetonatioN FocusMe,0.99,204.8,69.6,133.4,3.6,2.8
698895,Ascent,Paper Rex,1.03,204.8,72.6,137.0,2.8,3.6
698895,Summit,DetonatioN FocusMe,0.93,193.6,69.6,121.6,1.8,2.8
698895,Summit,Paper Rex,1.04,208.0,80.0,140.4,2.8,1.8
698897,Ascent,Global Esports,1.14,215.6,73.8,140.2,2.8,1.0
698897,Ascent,Nongshim RedForce,0.82,183.8,65.2,119.4,1.0,2.8
698897,Breeze,Global Esports,0.82,169.6,56.0,116.6,2.2,1.8
698897,Breeze,Nongshim RedForce,1.19,220.2,75.0,145.2,1.8,2.2
698897,Sunset,Global Esports,0.85,182.4,59.0,118.8,1.4,2.6
698897,Sunset,Nongshim RedForce,1.18,228.4,75.0,154.6,2.6,1.4
698898,Ascent,T1,1.21,232.0,83.2,152.2,1.8,1.8
698898,Ascent,Team Secret,0.79,172.0,65.8,114.6,1.8,1.8
698898,Haven,T1,1.26,225.6,78.8,149.6,2.4,1.2
698898,Haven,Team Secret,0.73,159.6,47.6,110.4,1.2,2.4
698899,Breeze,KIWOOM DRX,0.82,171.2,64.2,117.6,1.4,2.4
698899,Breeze,Paper Rex,1.22,223.0,79.0,149.8,2.4,1.4
698899,Summit,KIWOOM DRX,0.48,132.8,50.0,83.4,1.2,1.6
698899,Summit,Paper Rex,1.5,244.8,87.4,164.6,1.6,1.2
698901,Haven,Gen.G,0.7,159.8,59.0,111.4,1.4,2.6
698901,Haven,Rex Regum Qeon,1.3,233.6,86.0,148.8,2.6,1.4
698901,Summit,Gen.G,1.0,208.6,74.0,131.8,2.8,2.0
698901,Summit,Rex Regum Qeon,1.02,201.6,75.8,133.4,2.0,2.8
698901,Sunset,Gen.G,1.26,224.6,82.2,147.8,2.4,1.2
698901,Sunset,Rex Regum Qeon,0.74,186.2,62.6,121.8,1.2,2.4
698902,Ascent,DetonatioN FocusMe,0.53,135.8,55.2,85.6,0.6,2.6
698902,Ascent,VARREL,1.41,230.2,87.6,139.6,2.6,0.6
698902,Haven,DetonatioN FocusMe,1.04,196.2,70.0,126.4,3.2,2.4
698902,Haven,VARREL,0.97,186.4,69.4,128.4,2.4,3.2
698902,Lotus,DetonatioN FocusMe,1.03,218.8,71.6,142.8,2.4,2.4
698902,Lotus,VARREL,0.98,205.2,69.2,134.6,2.4,2.4
698903,Haven,FULL SENSE,0.94,194.2,61.0,127.8,2.0,2.8
698903,Haven,ZETA DIVISION,1.03,209.4,67.6,140.0,2.8,2.0
698903,Split,FULL SENSE,1.17,234.2,79.2,157.0,3.2,2.0
698903,Split,ZETA DIVISION,0.84,190.6,64.6,122.0,2.0,3.2
698903,Sunset,FULL SENSE,0.89,205.2,73.2,135.6,2.6,2.0
698903,Sunset,ZETA DIVISION,1.1,211.8,70.4,142.4,2.0,2.6
698904,Ascent,Paper Rex,1.13,203.6,68.6,130.8,2.0,2.2
698904,Ascent,Team Secret,0.83,169.0,59.8,109.2,2.2,2.0
698904,Summit,Paper Rex,0.99,214.2,67.2,144.4,2.2,2.4
698904,Summit,Team Secret,0.98,200.8,76.0,126.4,2.4,2.2
698905,Breeze,Gen.G,0.84,194.0,68.4,127.0,2.2,2.0
698905,Breeze,Global Esports,1.11,222.0,79.8,144.0,2.0,2.2
698905,Summit,Gen.G,1.05,210.6,76.6,128.6,2.2,2.6
698905,Summit,Global Esports,0.96,213.8,73.4,144.0,2.6,2.2
698905,Sunset,Gen.G,1.0,194.8,71.4,121.4,3.2,2.0
698905,Sunset,Global Esports,0.97,180.4,66.0,118.6,2.0,3.2
698906,Ascent,DetonatioN FocusMe,0.87,74.2,91.0,44.2,0.6,0.6
698906,Ascent,T1,0.78,64.6,87.8,43.0,0.6,0.6
698906,Haven,DetonatioN FocusMe,0.96,188.8,71.8,128.2,2.0,2.8
698906,Haven,T1,1.1,209.6,70.2,135.4,2.8,2.0
698906,Sunset,DetonatioN FocusMe,1.24,233.8,79.0,155.0,2.2,1.4
698906,Sunset,T1,0.78,191.0,65.4,124.0,1.4,2.2
698907,Ascent,FULL SENSE,1.25,239.0,80.8,148.8,2.4,1.0
698907,Ascent,Rex Regum Qeon,0.7,165.4,56.6,110.4,1.0,2.4
698907,Summit,FULL SENSE,0.92,188.8,68.2,129.6,2.0,2.4
698907,Summit,Rex Regum Qeon,1.07,211.0,65.6,139.8,2.4,2.0
698907,Sunset,FULL SENSE,0.89,198.6,74.0,127.4,1.8,2.4
698907,Sunset,Rex Regum Qeon,1.09,218.8,72.0,141.6,2.4,1.8
698908,Haven,KIWOOM DRX,0.97,189.4,73.0,126.4,2.0,2.6
698908,Haven,VARREL,1.08,198.0,75.6,135.4,2.6,2.0
698908,Summit,KIWOOM DRX,1.16,203.6,84.0,129.2,2.2,1.4
698908,Summit,VARREL,0.75,170.8,74.6,116.6,1.4,2.2
698908,Sunset,KIWOOM DRX,0.89,181.2,66.6,118.2,2.4,1.8
698908,Sunset,VARREL,1.1,212.2,79.2,137.6,1.8,2.4
698909,Breeze,Nongshim RedForce,,,,,,
698909,Breeze,ZETA DIVISION,,,,,,
698909,Haven,Nongshim RedForce,,,,,,
698909,Haven,ZETA DIVISION,,,,,,
698909,Sunset,Nongshim RedForce,,,,,,
698909,Sunset,ZETA DIVISION,,,,,,
698910,TBD,DetonatioN FocusMe,,,,,,
698910,TBD,Team Secret,,,,,,
698911,TBD,FULL SENSE,,,,,,
698911,TBD,Gen.G,,,,,,
698912,TBD,KIWOOM DRX,,,,,,
698912,TBD,T1,,,,,,
698913,TBD,Global Esports,,,,,,
698913,TBD,ZETA DIVISION,,,,,,
698914,TBD,Paper Rex,,,,,,
698914,TBD,VARREL,,,,,,
698915,TBD,Nongshim RedForce,,,,,,
698915,TBD,Rex Regum Qeon,,,,,,
701025,Haven,Wolves Esports,1.11,190.0,77.6,127.2,2.8,1.8
701025,Haven,Wuxi Titan Esports Club,0.89,180.2,74.8,118.0,1.8,2.8
701025,Sunset,Wolves Esports,1.14,244.2,81.2,160.6,2.8,0.8
701025,Sunset,Wuxi Titan Esports Club,0.91,199.8,68.8,130.4,0.8,2.8
701026,Haven,Dragon Ranger Gaming,1.11,208.6,71.4,137.0,2.8,2.8
701026,Haven,Guangzhou Huadu Bilibili Gaming,0.92,181.4,67.2,122.6,2.8,2.8
701026,Lotus,Dragon Ranger Gaming,1.12,227.0,80.0,146.8,2.0,2.0
701026,Lotus,Guangzhou Huadu Bilibili Gaming,0.9,180.6,67.0,111.8,2.0,2.0
701027,Summit,FunPlus Phoenix,1.11,214.0,70.8,144.6,2.0,2.4
701027,Summit,Trace Esports,0.94,189.2,71.8,122.2,2.4,2.0
701027,Sunset,FunPlus Phoenix,1.24,235.4,83.8,151.6,2.0,1.2
701027,Sunset,Trace Esports,0.72,166.8,61.6,101.8,1.2,2.0
701028,Split,JD Mall JDG Esports,0.88,177.0,71.4,110.2,2.2,2.0
701028,Split,TYLOO,1.13,209.2,75.2,135.2,2.0,2.2
701028,Sunset,JD Mall JDG Esports,0.71,154.2,59.0,99.8,1.2,2.8
701028,Sunset,TYLOO,1.27,218.8,80.0,140.0,2.8,1.2
701029,Breeze,Dragon Ranger Gaming,1.05,213.6,76.0,142.6,3.0,3.0
701029,Breeze,Wuxi Titan Esports Club,0.99,195.4,71.4,135.6,3.0,3.0
701029,Haven,Dragon Ranger Gaming,1.01,192.4,70.2,123.6,3.0,1.8
701029,Haven,Wuxi Titan Esports Club,0.99,182.0,63.4,122.6,1.8,3.0
701029,Sunset,Dragon Ranger Gaming,1.2,229.2,82.0,148.8,2.2,1.2
701029,Sunset,Wuxi Titan Esports Club,0.79,170.8,61.2,108.4,1.2,2.2
701030,Lotus,Guangzhou Huadu Bilibili Gaming,1.23,229.6,81.2,140.0,2.4,1.2
701030,Lotus,Wolves Esports,0.77,167.0,59.0,111.8,1.2,2.4
701030,Split,Guangzhou Huadu Bilibili Gaming,0.66,169.0,60.2,102.0,2.0,1.4
701030,Split,Wolves Esports,1.37,247.6,86.8,158.2,1.4,2.0
701030,Summit,Guangzhou Huadu Bilibili Gaming,1.1,212.0,75.6,142.8,2.8,1.6
701030,Summit,Wolves Esports,0.95,181.6,66.4,119.8,1.6,2.8
701031,Lotus,FunPlus Phoenix,0.85,176.0,58.2,120.0,1.6,2.6
701031,Lotus,Nova Esports,1.14,216.8,79.8,134.8,2.6,1.6
701031,Sunset,FunPlus Phoenix,0.8,159.8,56.0,106.4,2.0,2.0
701031,Sunset,Nova Esports,1.19,226.0,80.0,142.0,2.0,2.0
701032,Breeze,TYLOO,1.4,234.0,89.0,151.8,2.0,1.2
701032,Breeze,Trace Esports,0.59,133.4,58.6,86.2,1.2,2.0
701032,Sunset,TYLOO,1.35,244.2,83.0,155.4,2.2,1.4
701032,Sunset,Trace Esports,0.62,145.2,51.2,96.8,1.4,2.2
701036,Ascent,All Gamers,1.21,222.2,85.6,145.6,3.0,0.4
701036,Ascent,Wolves Esports,0.78,167.6,61.2,110.0,0.4,3.0
701036,Lotus,All Gamers,0.96,227.6,73.4,141.2,2.4,2.4
701036,Lotus,Wolves Esports,1.07,208.4,76.8,138.8,2.4,2.4
701037,Ascent,Wuxi Titan Esports Club,0.89,183.8,67.0,122.8,1.4,2.6
701037,Ascent,Xi Lai Gaming,1.17,221.6,78.0,142.0,2.6,1.4
701037,Breeze,Wuxi Titan Esports Club,1.12,225.4,76.6,150.0,2.0,2.6
701037,Breeze,Xi Lai Gaming,0.9,194.0,66.2,138.6,2.6,2.0
701037,Summit,Wuxi Titan Esports Club,1.01,189.6,70.0,124.0,2.2,3.0
701037,Summit,Xi Lai Gaming,0.95,184.6,69.2,114.0,3.0,2.2
701038,Ascent,FunPlus Phoenix,,205.6,,143.0,2.4,2.0
701038,Ascent,JD Mall JDG Esports,,170.0,,113.0,2.0,2.4
701038,Breeze,FunPlus Phoenix,1.05,190.2,75.0,122.6,2.6,1.4
701038,Breeze,JD Mall JDG Esports,0.89,174.6,65.6,116.0,1.4,2.6
701039,Breeze,EDward Gaming,1.07,209.0,71.0,131.8,2.6,1.4
701039,Breeze,TYLOO,0.94,188.4,68.0,124.0,1.4,2.6
701039,Lotus,EDward Gaming,0.73,176.0,63.8,120.0,1.6,1.6
701039,Lotus,TYLOO,1.28,245.8,79.0,155.4,1.6,1.6
701039,Sunset,EDward Gaming,0.93,197.0,64.8,124.6,2.2,2.0
701039,Sunset,TYLOO,1.11,220.2,74.0,144.0,2.0,2.2
701040,Haven,All Gamers,1.17,216.4,78.4,152.4,2.6,2.0
701040,Haven,Guangzhou Huadu Bilibili Gaming,0.9,195.6,62.8,134.0,2.0,2.6
701040,Summit,All Gamers,0.84,180.4,66.6,111.0,2.4,2.0
701040,Summit,Guangzhou Huadu Bilibili Gaming,1.11,206.6,81.0,134.0,2.0,2.4
701040,Sunset,All Gamers,1.0,211.0,72.8,141.0,2.4,2.0
701040,Sunset,Guangzhou Huadu Bilibili Gaming,1.04,209.8,70.2,132.0,2.0,2.4
701041,Haven,Dragon Ranger Gaming,0.79,171.0,67.4,108.8,2.2,2.2
701041,Haven,Xi Lai Gaming,1.22,229.4,82.8,153.0,2.2,2.2
701041,Lotus,Dragon Ranger Gaming,0.89,188.6,66.0,129.0,1.6,2.4
701041,Lotus,Xi Lai Gaming,1.16,218.6,77.0,145.4,2.4,1.6
701042,Breeze,JD Mall JDG Esports,,200.4,,,,
701042,Breeze,Nova Esports,,209.6,,,,
701042,Lotus,JD Mall JDG Esports,1.04,200.6,71.2,135.2,2.2,2.0
701042,Lotus,Nova Esports,0.99,206.6,76.2,137.4,2.0,2.2
701042,Split,JD Mall JDG Esports,0.68,160.4,60.0,105.0,1.2,2.2
701042,Split,Nova Esports,1.34,239.8,84.6,151.2,2.2,1.2
701043,Ascent,FunPlus Phoenix,,187.0,,,,
701043,Ascent,TYLOO,,152.0,,,,
701043,Lotus,FunPlus Phoenix,,193.8,,,,
701043,Lotus,TYLOO,,194.8,,,,
701043,Split,FunPlus Phoenix,,164.4,,,,
701043,Split,TYLOO,,206.8,,,,
701044,Ascent,EDward Gaming,,216.2,,,,
701044,Ascent,Trace Esports,,197.6,,,,
701044,Breeze,EDward Gaming,,243.4,,,,
701044,Breeze,Trace Esports,,177.4,,,,
701045,Haven,Guangzhou Huadu Bilibili Gaming,,218.6,,,,
701045,Haven,Wuxi Titan Esports Club,,178.8,,,,
701045,Split,Guangzhou Huadu Bilibili Gaming,,198.8,,,,
701045,Split,Wuxi Titan Esports Club,,196.2,,,,
701045,Summit,Guangzhou Huadu Bilibili Gaming,,216.0,,,,
701045,Summit,Wuxi Titan Esports Club,,192.6,,,,
701046,Haven,All Gamers,,187.2,,,,
701046,Haven,Xi Lai Gaming,,229.2,,,,
701046,Summit,All Gamers,,189.8,,,,
701046,Summit,Xi Lai Gaming,,203.8,,,,
701047,Ascent,Nova Esports,,217.0,,,,
701047,Ascent,Trace Esports,,179.6,,,,
701047,Breeze,Nova Esports,,192.2,,,,
701047,Breeze,Trace Esports,,210.0,,,,
701047,Sunset,Nova Esports,,161.6,,,,
701047,Sunset,Trace Esports,,214.2,,,,
701048,Haven,Dragon Ranger Gaming,,210.4,,,,
701048,Haven,Wolves Esports,,195.6,,,,
701048,Lotus,Dragon Ranger Gaming,,206.2,,,,
701048,Lotus,Wolves Esports,,214.6,,,,
701048,Sunset,Dragon Ranger Gaming,,201.8,,,,
701048,Sunset,Wolves Esports,,219.4,,,,
701049,Breeze,EDward Gaming,,210.2,,,,
701049,Breeze,JD Mall JDG Esports,,191.2,,,,
701049,Haven,EDward Gaming,,230.4,,,,
701049,Haven,JD Mall JDG Esports,,191.2,,,,
701050,Split,All Gamers,,203.8,,,,
701050,Split,Wuxi Titan Esports Club,,182.4,,,,
701050,Summit,All Gamers,,249.2,,,,
701050,Summit,Wuxi Titan Esports Club,,169.0,,,,
701051,Ascent,Guangzhou Huadu Bilibili Gaming,,226.4,,,,
701051,Ascent,Xi Lai Gaming,,192.2,,,,
701051,Lotus,Guangzhou Huadu Bilibili Gaming,,241.8,,,,
701051,Lotus,Xi Lai Gaming,,155.2,,,,
701051,Summit,Guangzhou Huadu Bilibili Gaming,,189.2,,,,
701051,Summit,Xi Lai Gaming,,222.8,,,,
701052,Ascent,JD Mall JDG Esports,,218.4,61.0,144.0,1.2,3.2
701052,Ascent,Trace Esports,,206.2,68.4,137.6,3.0,1.2
701052,Lotus,JD Mall JDG Esports,,217.2,67.8,141.0,2.2,2.2
701052,Lotus,Trace Esports,,182.2,63.4,116.8,2.2,2.2
701053,Lotus,EDward Gaming,,179.0,69.6,118.4,1.4,3.2
701053,Lotus,Nova Esports,,215.0,75.8,140.4,3.2,1.4
701053,Sunset,EDward Gaming,,216.0,74.2,145.6,2.2,3.4
701053,Sunset,Nova Esports,,199.4,70.8,130.2,3.4,2.2
701054,Lotus,Wolves Esports,,243.2,85.2,159.2,1.6,1.6
701054,Lotus,Xi Lai Gaming,,166.8,66.4,105.4,1.6,1.6
701054,Split,Wolves Esports,,164.6,56.4,110.2,0.6,2.6
701054,Split,Xi Lai Gaming,,244.8,85.4,153.2,2.6,0.6
701054,Summit,Wolves Esports,,202.4,72.2,129.8,3.0,2.6
701054,Summit,Xi Lai Gaming,,205.6,74.2,134.2,2.6,3.0
701055,Haven,All Gamers,,225.2,83.0,150.4,2.6,1.4
701055,Haven,Dragon Ranger Gaming,,162.0,59.0,108.2,1.4,2.6
701055,Lotus,All Gamers,,219.6,75.4,141.0,3.0,2.2
701055,Lotus,Dragon Ranger Gaming,,215.6,75.4,137.2,2.2,3.0
701055,Split,All Gamers,,150.4,52.0,98.4,0.6,2.4
701055,Split,Dragon Ranger Gaming,,258.6,94.6,163.6,2.4,0.6
701056,Split,Nova Esports,,208.0,72.2,138.0,2.8,2.4
701056,Split,TYLOO,,220.2,73.0,146.2,2.4,2.8
701056,Summit,Nova Esports,,212.0,72.6,135.4,2.8,2.0
701056,Summit,TYLOO,,184.4,66.0,121.0,2.0,2.8
701057,Ascent,EDward Gaming,,217.6,71.8,138.2,2.2,2.2
701057,Ascent,FunPlus Phoenix,,198.4,63.6,133.6,2.2,2.2
701057,Breeze,EDward Gaming,,169.6,61.2,119.6,1.8,2.6
701057,Breeze,FunPlus Phoenix,,199.8,73.8,129.6,2.6,1.8
701057,Split,EDward Gaming,,224.2,75.8,149.4,2.4,1.2
701057,Split,FunPlus Phoenix,,172.8,62.4,110.6,1.2,2.4
701058,Breeze,Trace Esports,,221.8,82.4,146.0,2.6,1.8
701058,Breeze,Wuxi Titan Esports Club,,205.8,69.0,136.8,1.8,2.6
701058,Sunset,Trace Esports,,220.6,75.4,143.8,3.2,2.0
701058,Sunset,Wuxi Titan Esports Club,,196.6,67.4,125.6,2.0,3.2
701059,Haven,All Gamers,,205.8,76.8,128.8,2.2,2.0
701059,Haven,EDward Gaming,,220.6,74.4,149.0,2.0,2.2
701059,Sunset,All Gamers,,197.0,70.6,127.8,2.0,2.2
701059,Sunset,EDward Gaming,,205.4,67.4,127.8,2.2,2.0
701060,Ascent,Dragon Ranger Gaming,,,75.0,,3.4,1.4
701060,Ascent,JD Mall JDG Esports,,,60.2,,1.4,3.4
701060,Breeze,Dragon Ranger Gaming,,,73.0,,2.0,2.6
701060,Breeze,JD Mall JDG Esports,,,72.2,,2.6,2.0
701060,Split,Dragon Ranger Gaming,,,71.2,,3.6,2.4
701060,Split,JD Mall JDG Esports,,,71.4,,2.4,3.6
701061,Breeze,TYLOO,,,62.0,,2.2,2.0
701061,Breeze,Xi Lai Gaming,,,75.2,,2.0,2.2
701061,Lotus,TYLOO,,,73.4,,3.4,1.8
701061,Lotus,Xi Lai Gaming,,,72.2,,1.8,3.4
701062,Lotus,FunPlus Phoenix,,209.8,72.6,136.2,2.6,2.2
701062,Lotus,Wolves Esports,,202.2,68.6,133.4,2.2,2.6
701062,Sunset,FunPlus Phoenix,,214.6,74.8,136.0,2.6,2.0
701062,Sunset,Wolves Esports,,176.8,67.2,114.8,2.0,2.6
701063,Ascent,Guangzhou Huadu Bilibili Gaming,,,60.0,,1.6,2.4
701063,Ascent,Nova Esports,,,76.0,,2.4,1.6
701063,Breeze,Guangzhou Huadu Bilibili Gaming,,,65.8,,2.6,1.6
701063,Breeze,Nova Esports,,,72.4,,1.6,2.6
706349,Haven,FURIA,0.92,192.2,70.4,131.4,1.8,2.4
706349,Haven,LEVIATÁN,1.11,212.4,80.0,143.8,2.4,1.8
706349,Split,FURIA,0.87,184.6,69.4,123.2,1.6,2.6
706349,Split,LEVIATÁN,1.14,213.8,76.0,142.2,2.6,1.6
706349,Sunset,FURIA,1.28,248.6,91.6,162.0,1.8,1.0
706349,Sunset,LEVIATÁN,0.65,167.2,55.6,107.0,1.0,1.8
706350,Haven,Cloud9,1.09,188.2,75.8,121.8,2.6,2.2
706350,Haven,Sentinels,0.86,154.8,64.4,104.8,2.2,2.6
706350,Lotus,Cloud9,0.92,192.4,74.6,124.6,3.8,2.2
706350,Lotus,Sentinels,1.09,212.2,74.6,137.0,2.2,3.8
706350,Summit,Cloud9,0.65,155.4,65.0,109.2,1.4,2.2
706350,Summit,Sentinels,1.29,225.2,84.4,146.2,2.0,1.2
706351,Ascent,ENVY,0.77,177.2,71.8,117.4,1.4,1.8
706351,Ascent,Evil Geniuses,1.17,215.0,80.8,142.2,1.8,1.4
706351,Breeze,ENVY,0.85,190.2,72.6,123.2,1.4,3.0
706351,Breeze,Evil Geniuses,1.13,227.2,83.4,153.0,3.0,1.4
706352,Breeze,KRÜ Esports,0.94,199.2,70.2,133.0,3.6,2.8
706352,Breeze,LOUD,1.04,199.4,66.0,134.6,2.8,3.6
706352,Lotus,KRÜ Esports,1.1,199.2,75.4,137.6,2.0,2.4
706352,Lotus,LOUD,0.83,173.2,66.6,115.6,2.4,2.0
706352,Sunset,KRÜ Esports,0.57,148.6,52.6,94.2,1.4,1.8
706352,Sunset,LOUD,1.37,245.8,85.2,151.2,1.8,1.4
706353,Breeze,100 Thieves,1.23,225.6,77.6,161.2,2.0,1.4
706353,Breeze,G2 Esports,0.78,170.4,62.4,103.8,1.4,2.0
706353,Haven,100 Thieves,1.08,203.0,72.2,130.6,2.0,2.6
706353,Haven,G2 Esports,0.97,193.2,68.0,128.6,2.6,2.0
706353,Sunset,100 Thieves,0.92,198.0,70.6,131.0,2.2,3.8
706353,Sunset,G2 Esports,1.15,214.0,77.2,147.8,3.8,2.2
706354,Breeze,MIBR,1.01,195.0,79.0,131.4,2.2,2.6
706354,Breeze,NRG,1.04,203.4,77.6,138.0,2.6,2.2
706354,Summit,MIBR,0.68,155.8,60.0,98.6,1.2,2.2
706354,Summit,NRG,1.36,240.8,88.0,166.4,2.2,1.2
706354,Sunset,MIBR,1.16,201.0,76.4,135.6,2.8,1.6
706354,Sunset,NRG,0.86,178.2,63.8,123.0,1.6,2.8
706355,Split,Evil Geniuses,0.7,162.0,59.2,106.2,1.0,2.6
706355,Split,LEVIATÁN,1.29,223.0,83.4,141.6,2.6,1.0
706355,Sunset,Evil Geniuses,0.69,161.0,56.8,111.4,2.0,1.6
706355,Sunset,LEVIATÁN,1.28,229.4,83.2,145.0,1.6,2.0
706356,Haven,ENVY,0.71,168.6,62.4,108.6,1.6,1.8
706356,Haven,MIBR,1.33,236.6,83.2,151.4,1.8,1.6
706356,Sunset,ENVY,0.57,145.6,57.8,93.6,1.4,1.8
706356,Sunset,MIBR,1.45,250.2,82.6,165.0,1.8,1.4
706357,Breeze,FURIA,0.9,177.2,70.0,115.8,2.2,3.0
706357,Breeze,NRG,1.07,204.2,77.6,132.4,3.0,2.2
706357,Summit,FURIA,0.78,165.4,55.0,110.0,1.4,2.6
706357,Summit,NRG,1.23,212.6,81.0,132.0,2.6,1.4
706358,Ascent,100 Thieves,1.17,215.4,76.6,147.4,3.4,1.2
706358,Ascent,KRÜ Esports,0.84,183.8,65.2,123.2,1.2,3.4
706358,Split,100 Thieves,1.55,252.8,92.4,159.8,2.4,0.2
706358,Split,KRÜ Esports,0.4,114.6,39.8,78.4,0.2,2.4
706359,Breeze,Cloud9,0.47,142.2,45.8,93.8,0.8,2.0
706359,Breeze,G2 Esports,1.53,246.4,90.2,167.6,2.0,0.8
706359,Sunset,Cloud9,0.92,188.2,66.4,121.0,1.6,2.2
706359,Sunset,G2 Esports,1.07,200.8,74.8,128.2,2.2,1.6
706360,Breeze,LOUD,0.79,166.2,58.0,116.6,1.2,2.8
706360,Breeze,Sentinels,1.2,205.4,81.0,137.8,2.8,1.2
706360,Lotus,LOUD,0.85,174.6,73.6,118.0,1.6,2.2
706360,Lotus,Sentinels,1.13,209.0,80.0,141.6,2.2,1.6
706361,Split,ENVY,0.71,144.2,53.0,107.2,0.6,2.8
706361,Split,LEVIATÁN,1.31,231.4,84.4,148.0,2.8,0.6
706361,Summit,ENVY,0.8,152.8,61.8,104.2,1.8,2.4
706361,Summit,LEVIATÁN,1.15,208.6,78.2,134.6,2.4,1.8
706362,Breeze,FURIA,0.96,202.0,75.4,134.4,2.0,2.4
706362,Breeze,MIBR,1.06,208.8,75.4,142.6,2.4,2.0
706362,Haven,FURIA,0.88,191.8,69.4,131.4,2.0,3.2
706362,Haven,MIBR,1.13,212.0,80.0,140.6,3.2,2.0
706364,Breeze,G2 Esports,1.07,203.8,74.2,140.6,2.0,2.2
706364,Breeze,KRÜ Esports,0.94,186.4,70.4,126.2,2.2,2.0
706364,Lotus,G2 Esports,1.07,209.0,74.8,134.2,2.6,2.0
706364,Lotus,KRÜ Esports,0.89,186.4,70.4,121.8,2.0,2.6
706365,Ascent,100 Thieves,1.22,208.0,78.0,138.6,2.6,1.6
706365,Ascent,Sentinels,0.81,169.4,64.8,115.8,1.6,2.6
706365,Breeze,100 Thieves,1.21,216.0,82.0,141.6,2.0,1.6
706365,Breeze,Sentinels,0.77,177.2,56.6,123.4,1.6,2.0
706365,Sunset,100 Thieves,0.92,202.6,65.8,136.0,1.2,4.4
706365,Sunset,Sentinels,1.08,208.6,72.8,139.2,4.4,1.2
706366,Haven,Cloud9,1.11,215.8,75.0,144.4,2.2,2.0
706366,Haven,LOUD,0.92,194.0,70.6,132.8,2.0,2.2
706366,Summit,Cloud9,0.9,192.6,66.6,121.4,2.4,1.8
706366,Summit,LOUD,1.12,207.8,73.4,147.0,1.8,2.4
706366,Sunset,Cloud9,0.91,190.6,65.6,124.0,1.8,2.4
706366,Sunset,LOUD,1.1,228.4,71.2,156.6,2.4,1.8
706367,Ascent,Evil Geniuses,0.67,168.6,61.2,109.2,1.0,2.0
706367,Ascent,MIBR,1.35,250.2,86.6,169.4,2.0,1.0
706367,Haven,Evil Geniuses,1.03,213.6,75.4,143.0,3.6,1.6
706367,Haven,MIBR,0.99,208.4,67.2,140.4,1.6,3.6
706368,Ascent,ENVY,1.25,228.0,82.0,149.4,3.0,0.8
706368,Ascent,FURIA,0.77,163.4,64.2,109.8,0.8,3.0
706368,Haven,ENVY,0.93,179.6,64.6,122.4,2.8,3.6
706368,Haven,FURIA,1.07,208.4,78.4,138.2,3.6,2.8
706368,Sunset,ENVY,1.07,200.6,74.6,131.2,2.8,1.6
706368,Sunset,FURIA,0.88,180.2,64.6,120.2,1.6,2.8
706369,Haven,LEVIATÁN,1.06,199.8,75.2,132.6,3.0,3.0
706369,Haven,NRG,0.98,189.2,68.0,128.4,3.0,3.0
706369,Summit,LEVIATÁN,0.81,164.4,68.0,102.2,2.0,2.6
706369,Summit,NRG,1.15,180.2,77.6,122.4,2.6,2.0
706369,Sunset,LEVIATÁN,1.01,213.0,76.8,134.2,2.6,1.2
706369,Sunset,NRG,0.92,189.4,69.4,119.6,1.2,2.6
706370,TBD,Cloud9,,,,,,
706370,TBD,KRÜ Esports,,,,,,
706371,TBD,G2 Esports,,,,,,
706371,TBD,Sentinels,,,,,,
706372,TBD,Evil Geniuses,,,,,,
706372,TBD,FURIA,,,,,,
706373,TBD,ENVY,,,,,,
706373,TBD,NRG,,,,,,
706374,TBD,100 Thieves,,,,,,
706374,TBD,Cloud9,,,,,,
706375,TBD,G2 Esports,,,,,,
706375,TBD,LOUD,,,,,,
706376,TBD,KRÜ Esports,,,,,,
706376,TBD,Sentinels,,,,,,
706377,TBD,LEVIATÁN,,,,,,
706377,TBD,MIBR,,,,,,
706378,TBD,Evil Geniuses,,,,,,
706378,TBD,NRG,,,,,,
706379,TBD,100 Thieves,,,,,,
706379,TBD,LOUD,,,,,,
712803,Ascent,FUT Esports,0.94,202.6,67.2,138.8,2.2,2.2
712803,Ascent,Natus Vincere,1.11,221.8,77.4,143.2,2.2,2.2
712803,Split,FUT Esports,0.83,181.6,63.4,125.4,1.4,2.4
712803,Split,Natus Vincere,1.16,219.8,74.8,141.8,2.4,1.4
712804,Lotus,Eternal Fire,1.45,253.6,85.4,166.8,2.4,0.6
712804,Lotus,Team Liquid,0.57,153.0,55.8,106.6,0.6,2.4
712804,Split,Eternal Fire,1.15,217.4,74.6,148.4,2.4,1.4
712804,Split,Team Liquid,0.83,175.4,66.4,113.8,1.4,2.4
712805,Ascent,FNATIC,1.1,200.2,75.2,137.6,2.4,3.2
712805,Ascent,GIANTX,0.91,178.4,67.6,116.4,3.2,2.4
712805,Sunset,FNATIC,1.03,214.2,71.0,135.2,2.6,1.8
712805,Sunset,GIANTX,0.94,208.0,65.6,138.0,1.8,2.6
712806,Ascent,Gentle Mates,1.27,221.2,89.2,144.8,3.0,0.4
712806,Ascent,PCIFIC Esports,0.75,163.6,60.2,114.0,0.4,3.0
712806,Split,Gentle Mates,0.71,175.6,57.6,114.4,1.6,2.0
712806,Split,PCIFIC Esports,1.25,231.6,80.0,143.6,2.0,1.6
712806,Sunset,Gentle Mates,1.25,218.6,81.2,142.8,2.2,1.4
712806,Sunset,PCIFIC Esports,0.71,161.8,61.2,106.0,1.4,2.2
712807,Lotus,Eternal Fire,0.88,180.4,63.6,118.8,2.6,3.0
712807,Lotus,Karmine Corp,1.1,214.4,76.6,142.6,3.0,2.6
712807,Sunset,Eternal Fire,0.81,176.0,65.0,109.6,1.8,2.0
712807,Sunset,Karmine Corp,1.1,203.6,66.2,130.2,2.0,1.8
712808,Breeze,Natus Vincere,0.78,175.0,62.4,120.8,1.2,2.6
712808,Breeze,Team Vitality,1.18,211.2,77.8,140.2,2.6,1.2
712808,Split,Natus Vincere,0.83,192.4,65.4,126.6,2.2,2.2
712808,Split,Team Vitality,1.18,226.4,79.8,148.4,2.2,2.2
712808,Sunset,Natus Vincere,1.2,216.0,80.0,144.4,2.8,1.6
712808,Sunset,Team Vitality,0.79,174.4,61.8,122.4,1.6,2.8
712809,Haven,FUT Esports,1.09,211.2,70.0,137.8,3.2,2.0
712809,Haven,Gentle Mates,0.91,188.6,63.2,126.0,2.0,3.2
712809,Sunset,FUT Esports,1.07,212.6,69.2,142.0,2.2,2.2
712809,Sunset,Gentle Mates,0.94,195.8,67.2,130.2,2.2,2.2
712810,Ascent,Team Heretics,1.02,211.8,74.8,141.2,2.2,2.4
712810,Ascent,Team Liquid,1.08,229.8,74.8,157.6,2.4,2.2
712810,Breeze,Team Heretics,1.04,207.6,75.4,137.0,2.0,3.2
712810,Breeze,Team Liquid,1.03,203.6,73.0,141.6,3.2,2.0
712811,Ascent,GIANTX,0.74,161.2,61.4,112.0,1.4,2.0
712811,Ascent,Karmine Corp,1.25,219.4,81.0,148.4,2.0,1.4
712811,Haven,GIANTX,0.83,170.0,68.6,109.8,2.4,1.8
712811,Haven,Karmine Corp,1.12,201.6,79.0,137.8,1.8,2.4
712812,Haven,BBL Esports,0.93,183.0,69.2,127.4,2.0,2.8
712812,Haven,Team Vitality,1.09,212.6,75.8,141.0,2.8,2.0
712812,Split,BBL Esports,1.05,210.4,71.0,137.6,2.6,2.2
712812,Split,Team Vitality,0.97,198.2,65.8,129.2,2.2,2.6
712814,Ascent,FUT Esports,1.23,206.0,81.6,137.8,1.6,1.0
712814,Ascent,PCIFIC Esports,0.68,157.0,60.0,101.0,1.0,1.6
712814,Lotus,FUT Esports,1.0,200.8,74.6,138.2,3.2,2.0
712814,Lotus,PCIFIC Esports,1.01,205.2,68.6,134.2,2.0,3.2
712814,Split,FUT Esports,0.98,207.8,73.0,137.0,3.0,1.6
712814,Split,PCIFIC Esports,1.04,210.4,72.2,140.8,1.6,3.0
712815,Ascent,FNATIC,0.74,170.4,59.8,114.4,1.2,2.6
712815,Ascent,Karmine Corp,1.28,237.8,83.0,154.6,2.6,1.2
712815,Split,FNATIC,1.03,209.4,70.2,137.4,3.4,3.0
712815,Split,Karmine Corp,0.94,198.8,72.0,126.4,3.0,3.4
712815,Summit,FNATIC,1.03,197.2,68.0,126.8,2.4,3.6
712815,Summit,Karmine Corp,0.92,190.4,65.4,126.6,3.6,2.4
712816,Haven,Eternal Fire,0.53,140.6,50.8,93.2,0.8,1.8
712816,Haven,Team Heretics,1.51,252.4,90.8,167.0,1.8,0.8
712816,Lotus,Eternal Fire,0.87,182.6,65.4,119.8,2.0,2.6
712816,Lotus,Team Heretics,1.12,209.2,77.2,142.4,2.6,2.0
712817,Haven,Gentle Mates,1.2,218.0,84.0,142.6,2.8,1.2
712817,Haven,Natus Vincere,0.79,160.8,51.0,112.0,1.2,2.8
712817,Sunset,Gentle Mates,1.07,213.4,69.0,136.6,2.6,2.0
712817,Sunset,Natus Vincere,0.92,203.6,66.2,133.2,2.0,2.6
712818,Lotus,BBL Esports,1.23,214.8,75.0,136.0,2.4,1.6
712818,Lotus,FUT Esports,0.76,166.6,55.0,110.2,1.6,2.4
712818,Split,BBL Esports,0.91,193.4,74.0,122.8,3.0,1.0
712818,Split,FUT Esports,1.09,211.0,77.0,138.4,1.0,3.0
712818,Sunset,BBL Esports,0.85,178.2,70.0,116.0,3.2,1.6
712818,Sunset,FUT Esports,1.11,207.4,76.6,136.0,1.6,3.2
712819,Lotus,FNATIC,0.68,153.8,58.8,102.6,1.4,2.2
712819,Lotus,Team Liquid,1.31,236.6,79.8,151.6,2.2,1.4
712819,Summit,FNATIC,0.76,166.0,55.8,109.4,1.4,2.4
712819,Summit,Team Liquid,1.21,240.8,87.2,155.4,2.4,1.4
712820,Haven,PCIFIC Esports,0.71,157.0,58.8,111.0,1.4,2.4
712820,Haven,Team Vitality,1.32,224.0,86.2,151.8,2.4,1.4
712820,Sunset,PCIFIC Esports,0.87,198.0,60.0,138.2,1.2,2.8
712820,Sunset,Team Vitality,1.15,232.0,76.0,149.0,2.8,1.2
712821,Ascent,Eternal Fire,0.88,186.2,67.0,126.8,1.8,2.2
712821,Ascent,GIANTX,1.19,226.4,81.0,152.6,2.2,1.8
712821,Split,Eternal Fire,0.76,167.8,61.4,111.2,1.2,2.4
712821,Split,GIANTX,1.21,240.2,83.2,147.6,2.4,1.2
712822,Ascent,BBL Esports,1.12,201.4,67.4,134.8,2.6,1.8
712822,Ascent,Natus Vincere,0.89,165.8,65.8,110.4,1.8,2.6
712822,Haven,BBL Esports,0.93,191.4,68.6,127.2,3.4,1.4
712822,Haven,Natus Vincere,1.07,204.6,69.2,140.0,1.4,3.4
712822,Sunset,BBL Esports,1.26,233.6,80.0,157.4,1.8,1.4
712822,Sunset,Natus Vincere,0.72,174.0,63.8,106.0,1.4,1.8
712823,Lotus,Karmine Corp,1.37,235.4,77.4,155.6,2.0,1.0
712823,Lotus,Team Heretics,0.63,148.4,64.0,102.0,1.0,2.0
712823,Sunset,Karmine Corp,1.27,245.0,86.8,148.0,2.6,0.8
712823,Sunset,Team Heretics,0.7,169.4,55.2,110.6,0.8,2.6
712824,Breeze,GIANTX,0.81,169.2,65.4,107.4,1.0,2.8
712824,Breeze,Team Liquid,1.16,214.6,81.8,147.2,2.8,1.0
712824,Split,GIANTX,0.84,176.2,71.0,113.0,1.4,2.6
712824,Split,Team Liquid,1.08,211.6,78.0,136.0,2.6,1.4
712825,Ascent,Gentle Mates,0.89,176.8,64.8,119.6,1.6,2.8
712825,Ascent,Team Vitality,1.16,219.8,79.0,147.4,2.8,1.6
712825,Haven,Gentle Mates,0.99,199.2,72.2,132.2,3.0,3.0
712825,Haven,Team Vitality,0.96,200.6,70.8,137.6,3.0,3.0
712825,Split,Gentle Mates,0.9,187.6,72.0,127.0,1.6,2.6
712825,Split,Team Vitality,1.13,204.8,78.0,141.8,2.4,1.4
712826,Ascent,Natus Vincere,0.97,193.6,69.4,135.6,1.4,3.4
712826,Ascent,PCIFIC Esports,1.03,201.0,78.2,133.2,3.4,1.4
712826,Summit,Natus Vincere,1.12,209.0,72.2,141.8,3.2,2.0
712826,Summit,PCIFIC Esports,0.9,186.0,66.2,124.4,2.0,3.2
712827,Split,Eternal Fire,1.09,209.0,78.6,132.0,1.8,1.6
712827,Split,FNATIC,0.84,177.4,64.6,119.8,1.6,1.8
712827,Summit,Eternal Fire,0.99,199.0,65.2,128.8,3.6,2.4
712827,Summit,FNATIC,1.0,211.2,68.6,136.8,2.4,3.6
712828,Ascent,BBL Esports,1.27,218.6,76.8,145.6,2.6,1.0
712828,Ascent,Gentle Mates,0.74,163.2,63.4,104.4,1.0,2.6
712828,Lotus,BBL Esports,0.99,194.2,67.8,131.0,2.0,2.6
712828,Lotus,Gentle Mates,1.01,197.8,67.0,132.6,2.6,2.0
712828,Sunset,BBL Esports,1.02,166.0,80.2,109.0,2.2,1.2
712828,Sunset,Gentle Mates,0.83,153.2,75.8,102.2,1.2,2.2
712829,Ascent,GIANTX,0.93,188.0,67.0,124.6,2.4,2.2
712829,Ascent,Team Heretics,1.14,210.8,75.6,142.8,2.2,2.4
712829,Haven,GIANTX,0.76,150.6,60.0,100.0,2.0,1.8
712829,Haven,Team Heretics,1.14,185.8,82.0,121.6,1.8,2.0
712830,Haven,FUT Esports,1.0,182.8,68.4,124.2,3.0,2.2
712830,Haven,Team Vitality,0.91,181.4,70.0,122.0,2.2,3.0
712830,Lotus,FUT Esports,0.82,193.8,68.4,126.6,1.6,2.2
712830,Lotus,Team Vitality,1.2,233.2,82.2,160.6,2.2,1.6
712830,Split,FUT Esports,0.78,176.6,63.0,123.6,1.8,2.0
712830,Split,Team Vitality,1.26,227.4,83.0,141.8,2.0,1.8
712831,Haven,Karmine Corp,1.04,198.2,69.4,133.8,2.6,2.2
712831,Haven,Team Liquid,0.98,195.6,70.0,131.8,2.2,2.6
712831,Lotus,Karmine Corp,1.08,204.2,75.8,133.8,2.8,2.0
712831,Lotus,Team Liquid,0.94,201.2,72.6,134.6,2.0,2.8
712831,Summit,Karmine Corp,0.91,167.0,66.0,107.6,2.6,2.2
712831,Summit,Team Liquid,1.02,178.0,72.6,120.0,2.2,2.6
712832,TBD,BBL Esports,,,,,,
712832,TBD,PCIFIC Esports,,,,,,
712833,TBD,FNATIC,,,,,,
712833,TBD,Team Heretics,,,,,,
724619,TBD,A Team,,,,,,
724619,TBD,Trace Esports,,,,,,
724620,TBD,KeepBest Gaming,,,,,,
724620,TBD,Wuxi Titan Esports Club,,,,,,
724621,TBD,FunPlus Phoenix,,,,,,
724621,TBD,JD Mall JDG Esports,,,,,,
724622,TBD,Dragon Ranger Gaming,,,,,,
724622,TBD,Wolves Esports,,,,,,
724623,TBD,All Gamers,,,,,,
724623,TBD,TBD,,,,,,
724624,TBD,EDward Gaming,,,,,,
724624,TBD,TBD,,,,,,
724625,TBD,TBD,,,,,,
724626,TBD,TBD,,,,,,
724627,TBD,TBD,,,,,,
724628,TBD,TBD,,,,,,
724629,TBD,TBD,,,,,,
724630,TBD,TBD,,,,,,
724631,TBD,TBD,,,,,,
724632,TBD,TBD,,,,,,
724633,TBD,TBD,,,,,,
724634,TBD,TBD,,,,,,
724638,TBD,TBD,,,,,,
724639,TBD,TBD,,,,,,
724640,TBD,TBD,,,,,,
724641,TBD,TBD,,,,,,
724642,TBD,TBD,,,,,,
724643,TBD,TBD,,,,,,
724644,TBD,TBD,,,,,,
724645,TBD,TBD,,,,,,
724646,TBD,TBD,,,,,,
724647,TBD,TBD,,,,,,
724648,TBD,TBD,,,,,,
724649,TBD,TBD,,,,,,
724650,TBD,TBD,,,,,,
724651,TBD,TBD,,,,,,
